row,fold,target_probability,predicted_probability
1,3,0.026173,0.13228518345546592
2,4,0.080938,0.11084473316187754
3,4,0.926975,0.6610247682356625
4,3,0.281695,0.2984652523718342
6,3,0.999576,1.0312549602081849
7,1,0.477014,0.39948080495556226
8,1,0.14223,0.285866457384229
9,5,0.247161,0.261135825741307
10,5,0.242436,0.2614216134710504
11,1,0.014805,0.08953598553564185
12,2,0.456206,0.5280956582730802
13,4,0.408376,0.32065241844420156
14,5,0.049082,0.21156202607570646
15,3,0.781321,0.5674320119231675
16,4,0.092013,0.16520179288240316
17,4,0.044971,0.1970073990345848
18,4,0.432669,0.35515817120006943
19,2,0.328537,0.2699142876667396
20,4,0.630793,0.5171475886784201
21,3,0.990704,0.9009736229471708
22,3,0.683683,0.47369411797078015
23,2,0.609273,0.4099843069709374
24,5,0.159633,0.379230700224809
25,4,0.870034,0.5194667446859553
26,5,0.082014,0.05249667751431364
27,1,0.999999,1.3967905097905653
29,1,0.485548,0.4100580856707957
30,3,0.338173,0.2025902896289892
34,4,0.03701,0.07674052909965506
35,5,0.288167,0.37165650405596584
38,1,0.596583,0.6141691341594031
39,2,0.461048,0.36501976724434926
41,2,0.714903,0.43878977311479306
42,3,0.118683,0.22891906270386775
43,2,0.797754,0.3870973032688519
44,5,0.107043,0.1624575081207355
45,2,0.188124,0.21092964786873772
46,4,0.800842,0.6410375171778163
47,2,0.683085,0.5429627355370145
48,2,0.103997,0.4021229067715207
49,1,0.999998,1.3407767512319897
50,3,0.158357,0.2469131696467244
51,3,0.361806,0.27372617780904246
52,2,0.04434,0.17895113084636144
53,2,0.831441,0.5936564935190473
54,4,0.132472,0.14367654864284674
55,2,0.296767,0.5085533285395973
56,1,0.094147,0.21319502906188822
57,4,0.126066,0.3646477475700555
59,4,0.727835,0.6099466007003405
60,5,0.098221,0.2088703555121008
61,5,0.586481,0.26562140456320493
63,1,0.672414,0.593527119474098
64,2,0.045191,0.22766289806342005
65,3,0.657462,0.36430396395515363
66,5,0.507885,0.518959410432588
68,5,0.563194,0.5214126405945969
69,4,0.202465,0.29274009364488307
70,5,0.544765,0.5290469665222031
71,5,0.886461,0.6753968609134057
72,1,0.829837,0.562266128755137
73,3,0.844441,0.5062905786768959
74,2,0.035454,0.1418796196667126
75,3,0.198981,0.28752813322960336
76,4,0.456231,0.3941364407620207
77,3,0.427635,0.46699254853619204
78,1,0.479962,0.37547958940178316
79,2,0.275191,0.18839622492875424
80,2,0.144702,0.2245495682589742
82,2,0.206248,0.4319215881391073
83,2,0.333023,0.41349640374089175
85,1,0.75007,0.5846933700809969
86,2,0.43824,0.24602566518366648
87,4,0.207528,0.4073673396767155
88,3,0.201253,0.25410360210628996
89,1,0.999419,1.1631927091951877
90,4,0.629209,0.510394377553149
91,4,0.49532,0.28964114347631914
92,3,0.496354,0.3793735112351841
93,1,0.863108,0.5682286467556312
94,4,0.094416,0.14265941962761702
95,2,0.05376,0.07557933193021743
96,2,0.686478,0.43487563460559386
97,1,0.996473,0.9325159877687252
98,3,0.129209,0.34210816776345176
99,1,0.47466,0.5108060141098338
102,2,0.494361,0.5010925197395633
103,3,0.251268,0.33059522524038865
104,3,0.427074,0.19113524974878077
105,3,0.242504,0.32370659245830913
106,4,0.175388,0.3276467702438648
107,1,0.833045,0.5543233224486277
108,5,0.25112,0.1836417641916607
109,3,0.773087,0.6269722902931413
112,3,0.558015,0.4185471466938482
113,4,0.830664,0.4871836701991438
114,5,0.081548,0.1892509054477135
115,1,0.994808,0.950465339820848
116,3,0.398637,0.3074314622136705
118,3,0.99994,1.2336717929052459
119,4,0.29613,0.32632189993056604
120,1,0.272975,0.29870415951939455
121,5,0.994229,1.038819359793142
122,3,0.998697,1.0308224636876686
123,3,0.442879,0.31525721204878726
124,2,0.546582,0.49784707118853827
125,2,0.561924,0.44063450563446743
127,2,0.028005,0.14370732927704055
128,1,0.132159,0.24496701702454748
129,5,0.082198,0.26098039180100463
131,4,0.293725,0.4625223656045778
132,3,0.626254,0.5315430307131521
133,1,0.90327,0.6091524375704096
134,5,0.461521,0.20483471563526792
136,4,0.579058,0.4595694062537882
137,4,0.725557,0.597317475216913
138,1,0.999906,1.1673040591538557
139,4,0.414234,0.2270425149556478
140,1,0.080949,0.34107189687615536
141,5,0.972958,0.8099294039640494
142,2,0.634037,0.6434990701462764
144,2,0.084619,0.2245462355868746
146,2,0.138419,0.30061776633679865
147,1,0.166524,0.37651358368264387
148,1,0.069072,0.09146709246496904
149,5,0.272734,0.38585297278265973
150,4,0.449536,0.44040032155719
151,1,0.431634,0.4604869130912974
152,5,0.333488,0.297516354486961
156,2,0.058472,0.13554221279170847
158,4,0.621225,0.35549362790148953
159,1,0.181306,0.3101196169737268
160,1,0.959728,0.851771860391302
161,4,0.842745,0.7304712493262921
162,4,0.417643,0.529008502103854
163,2,0.78685,0.5338329035104673
164,4,0.084309,0.18479343103682974
165,5,1.0,1.5688914018813969
166,1,0.125329,0.288650161871318
167,3,0.426131,0.21090716199117127
168,4,0.774804,0.6330949198577218
169,4,0.350984,0.30422846091291655
171,2,0.333037,0.34533412153727444
172,5,0.24539,0.29819427797609377
173,3,0.469401,0.5341614225700048
174,2,0.253622,0.2918694181170601
176,3,0.289095,0.3665487822684794
178,5,0.861432,0.6892414516140182
179,1,0.236824,0.2015505049335723
181,5,0.365532,0.5019241669332357
182,1,0.162377,0.2710574760318017
183,5,0.349642,0.24759775760523345
184,3,0.543123,0.5332745959785403
185,5,0.06033,0.19552013354923792
187,2,0.568719,0.3954139609834382
188,4,0.231635,0.30933566350874353
189,2,0.072665,0.23020840215286142
190,3,0.769271,0.4918856864132841
191,4,0.998649,1.086421893571492
192,5,0.085199,0.19244110402199627
193,1,0.419849,0.5003613507375841
194,2,0.435112,0.22033677140049474
195,3,0.481412,0.47781030563382876
196,1,0.947966,0.7883936882776739
197,1,0.05567,0.06293099432057209
199,2,0.67124,0.4066806148569308
200,2,0.738991,0.5972204188870671
201,1,0.603084,0.46867469249466687
202,4,0.081891,0.2669888526465993
206,2,0.185042,0.29000784967077836
207,1,0.063949,0.12981516465253767
208,1,0.276322,0.272207340880558
209,5,0.356125,0.3888959026602531
210,5,0.216476,0.4134533679024704
211,2,0.102453,0.17481312032334068
212,5,0.93131,0.7715588924827925
213,3,0.572156,0.3876581995126984
214,2,0.790022,0.5399984285323597
215,5,0.702662,0.426390652184242
216,3,0.205268,0.38122219565489074
217,2,0.641056,0.4434708941568502
218,2,0.028265,0.07501474471389213
221,1,0.091491,0.34111335330112014
222,3,0.979933,0.9019472818973311
223,3,0.630866,0.4246651709169719
224,1,0.507009,0.4320353245132631
226,4,0.151813,0.23276787371698954
227,5,0.546616,0.3628411283012578
228,5,0.017357,0.07946209704708862
229,2,0.234831,0.17049366287996717
230,2,0.602328,0.6214891424498965
231,4,0.550653,0.6211397206883118
232,2,0.399466,0.4889114735346781
234,2,0.547464,0.45281697996947756
237,5,1.0,1.5468155965094952
238,2,0.118598,0.29860523185512083
239,1,0.80186,0.588164342007582
240,2,0.73783,0.42402242268674045
241,2,0.306071,0.4183034241382201
242,5,0.06877,0.17445709855837338
245,5,0.095913,0.20162979642741782
248,1,0.063396,0.23939329499406306
249,3,0.769437,0.4447566307554464
250,5,0.528958,0.5178915940686145
252,2,0.759806,0.6196854020541795
253,3,0.873684,0.674212287633436
254,4,0.393529,0.4845621027083183
255,4,0.224004,0.3973078201773688
257,2,0.058546,0.19000139779885705
258,1,0.475458,0.34739005817514157
260,5,0.42963,0.41399125878879683
261,2,0.227303,0.27617870620639984
262,3,0.081302,0.34634425363037236
265,1,0.361079,0.22407142341756642
266,3,0.416057,0.3604153637999657
267,5,0.138098,0.3004510829065861
268,1,0.061477,0.115218733608416
269,5,0.239708,0.24317579907041176
271,3,0.800145,0.6311572593225504
272,2,0.052408,0.14099822507848137
273,5,0.193961,0.18960171527139225
274,1,0.781376,0.5814577895046369
275,3,0.15593,0.2871456222972393
276,4,0.119526,0.20371600826110303
277,2,0.373009,0.4197368480957861
278,3,0.265576,0.4126736823282982
280,1,0.765161,0.5877456558384856
281,3,0.185085,0.21811467576562468
282,3,0.827397,0.6503525035594486
283,2,0.299901,0.4022731041315337
285,4,0.067713,0.0009491552255462277
286,4,0.998226,0.9811345168309362
287,1,0.992501,0.934449974918258
288,3,0.546532,0.4679130194926519
289,4,0.600062,0.30967913521673296
292,5,0.210602,0.299724444238897
293,4,0.719395,0.6242642269179763
294,5,0.237934,0.3343041562984904
295,4,0.422187,0.43251892608920767
296,3,0.112071,0.1294604922175578
297,5,0.13387,0.3011481499717355
298,5,0.571282,0.3904081217805711
299,1,0.687174,0.456890369789524
301,2,0.571932,0.5379251854309984
304,4,0.590511,0.47770779945998737
305,2,0.438762,0.41861534557443913
306,5,0.279364,0.5443150309079938
307,3,0.172864,0.21825300850539045
308,4,0.045359,0.027709053348312918
309,5,0.845219,0.763433905835524
310,5,0.113316,0.22624480462846147
311,5,0.996941,1.0360484083512405
312,2,0.028708,0.130567460044324
313,1,0.682273,0.5405334630602018
314,1,0.48219,0.332529905215979
315,1,0.174421,0.14937093430759146
316,2,0.828865,0.5979171344159963
317,3,0.078416,0.011141502927268565
319,3,0.311277,0.3067810855209959
320,2,0.062074,0.20923132428990504
321,3,0.074255,0.27754496739823753
322,1,0.177262,0.39473740794667334
323,4,0.137146,0.16333808098119978
324,2,0.734843,0.5090829540952138
325,1,0.098475,0.20278797000504736
326,5,0.566829,0.4807307189723685
327,1,0.318587,0.25861944775428386
328,3,0.253446,0.3373459041906133
330,3,0.996147,0.9383910620658222
332,1,0.83141,0.7102990023778339
333,2,0.660052,0.4738727336031282
334,3,0.252565,0.38429740885250946
335,2,0.120449,0.219923499303611
337,2,0.031943,0.27361644586630196
338,3,0.794181,0.5465320792824121
339,4,0.999991,1.3178675719044677
341,3,0.41264,0.47401983857893343
343,2,0.104666,0.23114693891870158
344,1,0.042834,0.0
346,1,0.113745,0.32010691531854607
347,4,0.029499,0.13749017875263608
348,3,0.476179,0.1060819822043561
350,4,0.022327,0.05737003596752693
352,2,1.0,1.47023563082253
354,4,0.584883,0.5754856407691775
355,1,0.232362,0.3411965527126445
356,1,0.602038,0.5081588529936883
357,2,0.066562,0.2189064321760973
360,2,0.270941,0.33968506198451043
362,2,0.544319,0.446420761775819
363,1,0.597395,0.23632382290424675
364,4,0.581364,0.556283693143051
365,3,0.9889,0.9741786057459465
366,1,0.221459,0.26873264325047297
368,2,0.998577,1.1330279465865254
371,5,0.111508,0.20128559395040718
373,5,0.279174,0.3082968064783656
374,2,0.742427,0.34693240219026406
375,3,0.753102,0.6191065967306765
376,4,0.999579,1.124502492028068
377,2,0.868633,0.6180960577371617
378,2,0.693744,0.5409454995743359
379,1,0.58082,0.4910068684587801
380,4,0.293958,0.4563204268408192
381,3,0.806834,0.8414121638155705
383,5,0.722558,0.5666344256792719
384,1,0.170891,0.32012182622714924
385,4,0.567625,0.6056915307579105
386,2,0.696055,0.6136565304066248
387,3,0.261631,0.4183415597300639
388,3,0.07943,0.14749671732944575
389,5,0.063804,0.10306876683589267
391,5,0.439359,0.3362357972230757
392,4,0.163689,0.3698918194130998
393,1,0.752175,0.6318201790663085
395,4,0.32401,0.3483181864815604
396,3,0.158737,0.31939135497628335
397,1,0.089111,0.16510694038003965
398,4,0.163294,0.18164178178767484
399,2,0.950926,0.7936110092526725
401,5,0.999998,1.4820888700363382
402,5,0.277566,0.20751843384985463
403,4,0.577073,0.5429202245477237
405,1,0.123841,0.27563727697851315
406,5,0.972044,0.782183558007632
408,1,0.353721,0.32560089444024465
409,1,0.657126,0.550051428217519
410,1,0.457523,0.40872733544181383
411,1,0.342443,0.25492885203734833
413,5,0.226571,0.20964106248706166
414,2,0.825443,0.5628570715404526
415,3,0.653786,0.3472628220589338
416,2,0.452143,0.3929788447995984
417,3,0.432911,0.4323393123459118
418,4,0.373072,0.3723226832799641
419,5,0.998954,0.9342008798564166
420,3,1.0,1.633841691430894
421,1,0.236146,0.33041739700703454
422,4,0.185771,0.33340845594564694
424,1,0.223622,0.2161579152207884
425,1,0.403448,0.32619821618840705
426,2,0.765746,0.5008640572203156
427,1,0.882934,0.6776972459320849
428,2,0.514483,0.5212655255018781
429,2,0.48171,0.4667597561967778
430,2,0.179297,0.2750766430221928
432,4,0.275783,0.4773280866741788
433,5,0.184948,0.21948535765752242
435,1,0.336443,0.5454405073893256
436,4,0.263517,0.30180977169845263
438,5,0.029735,0.019116574479496218
439,5,0.007869,0.0
440,2,0.304658,0.36068279665173875
442,3,0.273643,0.298171130012095
443,3,0.999946,1.1783644118356233
444,5,0.096787,0.1483093950048886
446,5,0.319497,0.44965581572762603
448,5,0.190734,0.3302728616648094
449,5,0.814482,0.6857719271603269
450,2,0.999018,0.9628923216267699
451,1,0.248146,0.25832000187791093
453,2,0.214318,0.4101155099097751
454,1,0.580885,0.4829977892514575
455,4,0.018756,0.05085064217188101
456,3,0.18272,0.22933246312563388
457,5,0.303395,0.2834855859044606
458,2,0.059444,0.21851362101599375
459,3,0.359251,0.4103807150498292
460,1,0.064399,0.35085493166825
461,3,0.189715,0.24769896056383173
464,1,0.300352,0.4045376435951209
465,1,0.270675,0.3571053656393642
466,4,0.214783,0.2818065238837753
468,1,0.064735,0.08697317075562089
469,4,0.472151,0.34139133301220315
470,2,0.048159,0.15474464554190037
471,1,0.278017,0.43464300963359176
472,4,0.712173,0.3641436242215418
473,3,0.725418,0.290974070480269
474,2,0.836762,0.5079785407203781
475,3,0.124073,0.23012668904162992
477,4,0.545082,0.4644090288784244
478,4,0.717476,0.5112329247705952
479,1,0.055504,0.09935611583222864
480,1,0.293876,0.3841385378777433
481,3,0.31523,0.39478562638806597
482,3,0.198227,0.39464378101975295
483,3,0.378405,0.5012249952766605
484,4,0.443158,0.45626028788938994
485,1,0.253146,0.13698267303842054
487,4,0.586402,0.44306370458024824
488,2,0.777099,0.6281888954760667
489,3,0.350151,0.4062726569435462
490,4,0.035451,0.08000059072617999
491,2,0.24941,0.3586317980090197
492,1,0.162318,0.2541630952524081
493,5,0.480027,0.39798534689707205
495,2,0.467052,0.29726902730126986
496,5,0.017523,0.04154150455561556
497,2,0.570545,0.3307776589821504
498,4,0.3748,0.3463359049958793
499,2,0.103414,0.2912068040005575
500,2,0.096301,0.15287538522213567
502,1,0.357427,0.2843956020421481
503,5,0.770281,0.43012633864654903
504,1,0.18782,0.3902492753403429
507,2,0.008014,0.04636217164535217
508,3,0.262,0.2366260173451955
509,4,0.434099,0.4347114471783314
510,3,0.061394,0.04966794139572012
512,3,0.998025,0.904210386922466
513,1,0.553613,0.5665575184744436
516,5,0.380334,0.41515243906582194
518,2,0.215121,0.3436359229736833
521,4,0.609401,0.3715523674946282
522,2,0.805559,0.43815137550996514
523,5,0.155104,0.32506154592601055
524,4,0.0128,0.0
527,3,0.545673,0.3498918559681128
528,2,0.262943,0.2758937535451678
529,2,0.217299,0.28845158965531603
530,5,0.226281,0.3312697939435673
531,1,0.748386,0.6506278445506977
532,4,0.112612,0.36164934648267477
533,2,0.10284,0.3213851423238227
534,1,0.031496,0.22173976755420477
536,2,0.359547,0.4123190570879983
538,4,0.781734,0.36053476103250154
539,4,0.061264,0.21123087610125843
540,3,0.663851,0.4948912410891067
541,1,0.17773,0.16120822811207952
542,3,0.102365,0.21345942241825772
543,4,0.670376,0.527279740546191
544,2,0.821824,0.5276330606152904
545,4,0.979302,0.815686613003199
546,5,0.229314,0.29860253111925245
547,1,0.860253,0.6395401374303336
549,3,0.321967,0.35776271592114994
550,1,0.1608,0.2550001081601321
551,1,0.475092,0.38959270846069644
552,2,0.307939,0.3888369717823981
553,2,0.049339,0.06054321056370632
554,4,0.05592,0.18527523844708899
555,4,0.511054,0.40383556681485444
556,4,0.07062,0.2565663198154959
557,5,0.264353,0.24904045917499165
559,3,0.344318,0.3320880880733125
560,4,0.740984,0.6292581968164301
561,2,0.015379,0.0
562,3,0.193647,0.17429982882458817
563,3,0.134046,0.25629130231959496
564,4,0.516341,0.38872271086499055
565,1,0.955853,0.7060275193660324
568,2,0.681446,0.6524021337201287
569,5,0.046128,0.13078713435366307
570,1,0.403256,0.5713703560725871
571,5,0.333524,0.3537897256633688
572,2,0.187288,0.3373029767172201
573,3,0.643689,0.46647077789471303
574,1,0.066465,0.2983631132935953
575,2,0.092332,0.1914848264934168
576,5,0.102511,0.436951015822208
577,5,0.743772,0.4755714044150578
578,1,0.357783,0.47945864463609156
579,1,0.11825,0.28610560830597576
580,2,0.178837,0.45435378905943025
583,1,0.51106,0.48057263789639487
584,5,0.996801,0.9424404942030353
585,3,0.301259,0.36411884312345144
586,1,0.102427,0.17768816863325346
588,1,0.139835,0.2768231211699016
589,3,0.440796,0.3758713881721209
590,1,0.19167,0.2823508307281649
592,1,0.644839,0.47242066460986465
593,4,0.583104,0.5565257775506612
594,2,0.192539,0.40332929307272586
596,4,0.652804,0.5129253172917151
597,5,0.295089,0.2973065353408579
599,4,0.53553,0.3043700698803522
600,1,0.703452,0.42335328045737053
601,3,0.367825,0.5137381182950355
602,1,0.210511,0.32774343906169884
603,2,0.104822,0.3633552893756671
605,5,0.421638,0.30388677835603933
606,5,0.593754,0.5065746830198645
607,5,0.716579,0.4657930517319291
608,3,0.997855,1.02305717850066
609,4,0.300516,0.4233019924565672
611,3,0.327954,0.4486472768220019
612,2,0.38229,0.36072139515518054
614,3,0.049266,0.22719470061836206
615,2,0.435525,0.3680456406241256
616,5,0.11219,0.1474544511823328
620,2,0.385032,0.3186340283027469
621,4,0.999615,1.0880761124807539
622,2,0.069395,0.26541376286523033
623,1,0.721174,0.5855197245942789
624,4,0.197736,0.42370695476138265
625,5,0.318998,0.38695899434959813
627,2,0.37099,0.3715548749055703
629,1,0.188569,0.2584816469792777
630,3,0.719991,0.4907240934576055
631,2,0.117784,0.131235582683774
632,4,0.630979,0.39697860188288353
633,4,0.994724,1.0964350923528083
638,4,0.731229,0.7023855837059886
639,3,0.205375,0.2616585137331781
640,5,0.071365,0.1892479832315487
641,3,0.261134,0.21630495228300348
642,5,0.042955,0.03504268406702116
643,5,0.335013,0.3101120474833788
645,1,0.575967,0.45326688777846574
647,1,0.05698,0.23840578707789933
648,1,0.659254,0.4482206458211549
649,3,0.998966,0.9997398480147717
650,2,0.353565,0.3768831008833211
651,2,0.057084,0.2231624016337156
652,3,0.564647,0.3229104781500001
653,2,0.683764,0.5408559129639021
654,2,0.798894,0.5538900705577214
655,2,0.141269,0.3548571171234349
656,1,0.855018,0.6230826530361246
659,1,0.109081,0.11465977867490168
660,1,0.578281,0.5116518616170191
661,4,0.585348,0.48726583290824205
662,4,0.527962,0.4714510731962468
663,3,0.452727,0.5125283542497892
665,1,0.449195,0.3608416161310548
666,4,0.101283,0.32040616266552985
667,3,0.172912,0.30815747949259287
668,1,0.728294,0.46763663423636287
670,2,0.46672,0.3141347714512623
671,3,0.660053,0.23836898711614188
672,4,0.726851,0.5780887507301249
673,3,0.896139,0.6745580587630717
674,1,0.999866,1.1505389776993367
675,3,0.086335,0.14559254504129066
676,4,0.070009,0.3841997590612142
677,3,0.217282,0.34537982597681116
678,3,0.201403,0.3345248761586198
679,2,0.999258,0.8596169992186906
680,1,0.661598,0.5286335062085703
681,4,0.056497,0.11283695080083761
682,3,0.296263,0.44685564839642955
683,1,0.379413,0.2901819183432629
684,1,0.032748,0.03639282092933438
685,2,0.998831,1.0141740700774255
686,5,0.618846,0.49119388313259865
687,3,0.827518,0.5567775001071695
688,5,0.973849,0.8771683345730868
689,3,0.468258,0.35155145425616097
690,1,0.316858,0.5216963245998335
691,1,0.446427,0.4751394276935733
692,3,0.01848,0.0
694,4,0.296283,0.3636335519319011
695,2,0.825966,0.5056474180584413
696,5,0.526362,0.3315955425060556
697,1,0.168018,0.2266388497334497
698,5,0.29969,0.4633461600793452
699,2,0.026725,0.0
701,4,0.400506,0.4111223185667913
702,1,0.548477,0.5748844981631666
704,4,0.342526,0.35336111855506647
705,3,0.290634,0.276078085438769
706,4,0.533331,0.5193379835950953
707,2,0.367079,0.523701083925765
708,3,0.164972,0.3796026992420294
710,3,0.024215,0.026428222977961324
713,5,0.139933,0.0
714,3,0.336264,0.2659648911658128
715,3,0.999207,0.9984340700717895
717,5,0.122015,0.208365236747188
719,3,0.34066,0.25466645100118546
720,2,0.561416,0.5436955077558847
721,2,0.788046,0.6964350110678146
725,3,0.019184,0.0
727,4,0.991673,0.7786991925971076
728,1,0.169888,0.289704858398245
729,2,0.834867,0.40873289813088803
730,3,0.201829,0.29746683227854
731,1,0.859767,0.6463907173582819
733,5,0.120493,0.2321353385397302
734,2,0.675887,0.5201058182094035
735,4,0.337853,0.27713436299430805
736,1,0.104991,0.27627678839848424
737,2,0.053396,0.12594463670377526
738,1,0.108353,0.31015440801393546
739,2,0.135,0.20476605118915575
741,1,0.999997,1.346896259007389
742,4,0.152355,0.30887920009353265
743,1,0.997691,0.9192132603528917
744,3,0.208068,0.46103240090538383
746,3,0.304902,0.3601135612103753
747,3,0.294906,0.32424336295725825
748,2,0.112814,0.28059999100547284
750,5,0.990429,0.907850060417601
751,5,0.026484,0.11131540548991553
752,1,0.45376,0.49057877028681296
755,4,0.384386,0.39714851451433836
756,4,0.068026,0.10579185283540277
757,5,0.385783,0.2079669290168366
758,3,0.176745,0.3674212963917136
759,5,0.668013,0.5089115929774626
760,1,0.999699,1.1819084478882793
761,4,0.072189,0.1564050068032345
762,4,0.102139,0.2303178684011832
763,2,0.011572,0.0
765,5,0.995499,0.9968782923502603
766,4,0.268351,0.3209759753075815
767,5,0.769764,0.4972001804091889
769,2,0.99998,1.0423622619961628
770,4,0.404849,0.49626656948972275
771,2,0.528145,0.5475108532096049
772,2,0.123869,0.26193372370547646
773,5,0.155592,0.2519530434518938
774,5,0.604083,0.43746231916568934
775,5,0.2003,0.3549297397794489
776,5,0.688534,0.50061091535066
777,2,0.227301,0.26758292681689594
779,1,0.99999,1.4604012915514475
781,2,0.717859,0.5262790281123629
782,2,0.414601,0.46556262647852736
783,1,0.189819,0.3131598492546236
784,4,0.984276,0.8594394409148622
785,3,0.281454,0.3342253575870464
786,3,0.267565,0.3233016542340442
787,5,0.344956,0.43565640362922614
788,5,0.512706,0.4723326579611729
789,1,0.303343,0.371546082271776
790,2,0.095587,0.2853688169386499
791,2,0.08196,0.20474729637497263
792,4,0.128188,0.27157271747308487
793,5,0.453057,0.43468143090931577
794,4,0.10651,0.26011132509677537
796,3,0.535181,0.5132541028017912
797,1,0.999996,1.2525198596060272
798,2,0.344738,0.4783620084316788
799,5,0.115898,0.2445999064702707
800,3,0.999997,1.38039001397656
801,4,0.111026,0.3166458113212952
802,2,0.599334,0.5476989978102283
803,3,0.536782,0.41392614822946283
804,2,0.183355,0.37762677234622033
805,4,0.838887,0.6915561682894873
806,2,0.764379,0.4206346794010627
807,3,0.999996,1.3445833966956475
808,5,0.282211,0.37973074144719254
809,1,0.202619,0.20329352540540796
810,1,0.38088,0.49921573271287695
811,1,0.303764,0.3349557015575839
812,2,0.03301,0.07705255032655767
813,3,0.103968,0.23988868105496464
814,3,0.123519,0.13678888037369202
817,4,0.028987,0.08745182377848709
818,4,0.245453,0.32774792913592243
819,1,0.057995,0.24730472139644893
820,5,0.263777,0.2651719191895545
821,5,0.074208,0.09315311220469646
822,1,0.999676,1.170105170564595
824,3,0.879133,0.6969534359420138
825,1,0.334367,0.5027306595687149
826,5,0.311147,0.4107684220212092
827,5,0.11826,0.31416113814815017
830,2,0.501093,0.30547030527183083
833,3,0.96718,0.7988785831485361
834,1,0.284326,0.5652356425998278
836,5,1.0,1.571711129356372
837,1,0.437838,0.4884999568639607
838,2,0.997429,0.9122334257613345
839,3,0.268738,0.29424543851098134
840,4,0.931172,0.7939745494823021
841,1,0.232781,0.3179869147994403
842,4,0.125995,0.17529422230230343
844,5,0.33349,0.5021677879416133
845,3,0.057495,0.25787296007575433
846,2,0.11708,0.06868825467986428
848,4,0.651629,0.3394815186499921
850,4,0.233731,0.37721532432998883
851,4,0.523069,0.42857124880905484
852,2,0.789879,0.5414844650962256
853,2,0.171768,0.2298461872072603
854,5,0.648775,0.5394293628789004
855,3,0.652249,0.3225796821991821
856,4,0.626653,0.3261986942947388
857,5,0.114488,0.26816182604457495
861,5,0.377987,0.5514291115804855
862,2,0.574914,0.42237637155958274
863,2,0.067744,0.1705885910657367
864,2,0.339424,0.5202785899516165
865,4,0.572413,0.38042043822998456
867,2,0.999901,0.9975209817348538
868,3,0.105566,0.21498190627570704
870,3,0.165938,0.28380621307183773
872,4,0.445214,0.3805165967368097
874,3,0.691974,0.26545344832226975
875,3,0.226104,0.31674085238223726
876,5,0.021071,0.0
877,4,0.119679,0.2658047681097915
879,3,0.035088,0.08027740647030035
880,3,0.813383,0.511277819819778
881,3,0.130436,0.3036082550799852
882,4,0.780637,0.5993890036548726
884,5,0.016809,0.0
885,3,0.318682,0.4811783686108452
886,3,0.545946,0.5006378169618999
887,2,0.068976,0.2612670949450556
888,1,0.729175,0.4289026917612486
889,2,0.71219,0.4723521985366629
890,4,0.140186,0.2890678856439092
891,3,0.09179,0.20066621261892592
892,4,0.952012,0.6932207137410691
894,5,0.83848,0.7229263887173212
895,5,0.836184,0.587249940298809
896,1,0.032657,0.17939666980937558
897,3,0.715827,0.4147613965892916
898,1,0.193955,0.32737729331688087
901,3,0.855519,0.62708831302186
903,3,0.706521,0.49385093994135065
906,4,0.272458,0.3413351493652461
908,2,0.369587,0.44267544845992446
909,4,0.088778,0.10242505115517014
911,1,0.139627,0.2461308677344271
912,4,0.295652,0.35141061611365787
913,4,0.769244,0.5849802490479099
914,2,0.112049,0.39569762377222856
916,4,0.591452,0.4648120333978506
917,5,0.04978,0.1363729849316211
919,5,0.263477,0.4372291089799043
920,5,0.078503,0.15919979537442042
921,3,0.094385,0.20163044486942205
922,1,0.755837,0.6185588091052353
923,3,0.380596,0.3406009842104002
924,3,0.077802,0.19727116606503659
925,2,0.182049,0.3306333182448623
926,2,0.674619,0.4542163274519884
927,5,0.164853,0.26688953106872293
928,1,0.125504,0.25306255543960643
929,1,0.292725,0.32529222353866044
930,4,0.196598,0.2596200075697437
931,5,0.756057,0.621638601880451
932,5,0.171805,0.3739978635083259
933,2,0.519779,0.3946765710214105
934,4,0.088813,0.160859954336327
936,4,0.439649,0.2727246599650671
937,3,0.104721,0.36642500453069193
938,1,0.990036,0.898946557842148
939,4,0.223387,0.31299739525096926
941,5,0.652986,0.48879396087428945
942,4,0.161555,0.329531230445116
943,1,0.110312,0.265127141324687
944,4,0.326603,0.2693174343929719
947,1,0.999411,1.073455791739065
948,1,0.365547,0.3605955691694
949,3,0.159916,0.2750042879113424
950,4,0.84834,0.5009415798052772
951,5,0.291173,0.370340106548951
952,1,0.091513,0.16971522530937855
953,5,0.283457,0.41956096663754233
954,1,0.55133,0.46413327091581036
955,1,0.329057,0.4107212821235593
956,5,0.117351,0.15426152304521346
959,3,0.39832,0.2733224039281502
960,3,0.751277,0.5710305470542433
961,4,0.610921,0.4366394014073541
962,4,0.53576,0.5865260969822967
964,2,0.630443,0.5092000695775956
965,4,0.598744,0.6296519989376312
968,3,0.049367,0.17300463459991355
969,4,0.999251,0.9615646751195823
970,2,0.201173,0.13616744038872824
971,2,0.572371,0.41276998496536843
972,1,0.105437,0.21004588664228763
973,3,0.986366,0.935237415618319
974,1,0.286578,0.3684265444174364
975,3,0.999649,1.1664705881432036
976,5,0.166898,0.3323316205024246
977,4,0.218096,0.21692027980279172
978,4,0.355385,0.550063531538744
979,4,0.136105,0.3021744702536526
980,4,0.541484,0.364905092047045
981,1,0.148965,0.3257776656109483
982,3,0.144028,0.2953623906022446
983,2,0.083975,0.167739592522545
984,5,0.999818,1.196527286414803
985,3,0.279499,0.3641932631503052
986,2,0.216604,0.20100307669684137
987,3,0.135606,0.44900554923580144
988,5,0.26442,0.28026273722530753
990,2,0.162637,0.20783964449773554
991,1,0.147994,0.22613449854359857
992,5,0.158529,0.2431005740713974
993,4,0.40588,0.3391212838601537
994,2,0.572331,0.5604124683651743
995,4,0.788497,0.49847693326384446
996,3,0.71334,0.3671285535504762
997,1,0.957162,0.8069653649989506
998,3,0.043703,0.1271718270488688
999,4,0.529523,0.5299007435783338
1000,5,0.992901,0.8988883672602463
1001,5,0.835228,0.6106229909271537
1003,3,0.104336,0.0
1004,1,0.061301,0.17678061287872535
1005,2,0.596776,0.5236997072606875
1006,1,0.12883,0.34915810493363375
1007,3,0.146473,0.283534792645832
1008,5,0.118121,0.24182650624374988
1009,2,0.166562,0.29485192770247665
1010,5,0.37729,0.42413506615653807
1013,2,0.127278,0.34366848352426066
1014,2,0.996154,1.0151326171233293
1015,2,0.650301,0.36016492581174864
1016,2,0.132513,0.2514640168498467
1017,1,0.835798,0.3999995994668766
1018,3,0.263177,0.45536294255687715
1019,1,0.867909,0.7243062123719046
1020,4,0.543457,0.5178575380492005
1021,2,0.244275,0.2916425192824025
1023,5,0.968831,0.780068286817897
1024,2,0.08834,0.3059198248465937
1025,4,0.81486,0.5874300945444333
1026,4,0.105227,0.21968002502651507
1027,5,0.992232,0.9861531978373376
1028,4,0.268754,0.22900277638393968
1029,3,0.942105,0.7388406819052393
1030,3,0.122863,0.21286985241806755
1031,4,0.053952,0.24237849227784475
1032,1,0.776086,0.54132546737285
1033,2,0.999987,1.0926420662698562
1034,3,0.247479,0.30618907323394273
1037,5,0.556777,0.32067625929897403
1038,5,0.55465,0.469814204961675
1039,2,0.554863,0.4441753302424379
1040,3,0.232018,0.4232803623087053
1041,4,0.627576,0.5577946331707849
1042,4,0.047219,0.16187609557963212
1043,3,0.033958,0.1012676458936651
1044,4,0.448011,0.36174128989783416
1045,5,0.773647,0.7119485455287644
1046,2,0.378047,0.2961370120084872
1047,1,0.998043,0.9764782268123211
1048,4,0.055518,0.35722032199874004
1049,1,0.38666,0.42078044338904974
1051,1,0.758895,0.5281351297462529
1052,3,0.706779,0.5063348146664813
1053,5,0.178868,0.21325231455409283
1054,3,0.19377,0.28068410475921235
1056,3,0.210728,0.30252002307489817
1057,1,0.600556,0.5652508681669868
1058,5,0.751216,0.5870831424616758
1059,5,0.107202,0.34069336695370656
1061,1,0.206063,0.3956839425591068
1063,5,0.901969,0.6705455453004645
1066,4,0.048559,0.20321638429235456
1067,4,0.283365,0.28024367449618015
1068,5,0.34316,0.2460828186402148
1069,3,0.531032,0.49888741719249385
1070,5,0.460736,0.5248669272853491
1072,3,0.176777,0.14531022206184063
1073,5,0.7341,0.3338910804245824
1074,2,0.189602,0.14960691234680185
1075,4,0.769381,0.5810212702012145
1076,1,0.190818,0.4281872379962063
1077,2,0.248434,0.10384820434962594
1078,1,0.12124,0.17925053236556404
1079,1,0.446202,0.5086796832364691
1080,3,0.108768,0.26115264023999185
1081,3,0.467084,0.5304180457493433
1082,2,0.192746,0.3267301219780093
1083,3,0.600986,0.4050887095194662
1084,1,0.461708,0.48049261108133734
1085,3,0.174961,0.27644392956587527
1086,2,0.261216,0.307500206099381
1087,4,0.138916,0.2211672535490825
1088,3,0.017307,0.23347826616278813
1089,1,0.409405,0.5187252557448648
1090,1,0.124854,0.39102006325323213
1091,1,0.256619,0.29450119196881674
1092,1,0.695282,0.5317057203333108
1093,1,0.270004,0.3395369157896053
1094,4,0.04791,0.1681962978167641
1095,1,0.361594,0.3479926692645583
1096,4,0.951417,0.7825479883583447
1097,3,0.829188,0.6788096907000416
1098,1,0.070238,0.12772987484161674
1099,1,0.583663,0.4405125930430737
1101,3,0.732248,0.6469048914092468
1102,4,0.579496,0.2976756573260336
1104,3,0.187858,0.33387490626798577
1105,1,0.151537,0.11891362934854427
1106,4,0.205339,0.39063797792614374
1107,1,0.382394,0.3627530266217885
1108,2,0.43897,0.4477482406856129
1109,1,0.999566,1.0114300138182877
1112,4,0.162939,0.2179188362692458
1113,1,0.561723,0.452201716335755
1114,2,1.0,1.332356876733273
1115,3,0.193828,0.2331167339406625
1117,2,0.064905,0.17807363436667756
1118,3,0.770916,0.5214819013120843
1119,5,0.156551,0.2489877577077966
1120,5,0.786345,0.3832146175947593
1122,3,0.895749,0.5744246336419301
1123,1,0.210919,0.31297660631778096
1124,3,0.447329,0.38276110459948387
1125,1,0.579597,0.4782382784119359
1126,1,0.903082,0.5549133526078887
1127,3,0.065185,0.16561422541577392
1129,4,0.761881,0.4876721654377194
1130,1,0.17201,0.33163158850285734
1131,5,0.037374,0.17482375747959503
1132,4,0.067756,0.16758104468437524
1134,2,0.675292,0.46146227382085364
1135,2,0.571049,0.44902159956873106
1137,3,0.953752,0.9203514320536428
1138,2,0.107516,0.33329903592668214
1139,5,0.276867,0.50634239811416
1140,4,0.126181,0.21708459141658465
1141,3,0.255744,0.2819147505392854
1142,1,0.295369,0.33699191738394707
1144,4,0.203194,0.40748126477885477
1146,2,0.167628,0.34381341310338753
1147,3,0.819735,0.5893558616161414
1148,2,0.128246,0.15150281903325913
1149,5,0.26385,0.4604264419291833
1150,2,0.609444,0.47151582519974083
1152,3,0.375171,0.3948184451433731
1153,4,0.087993,0.3020570462449972
1155,1,0.279731,0.29191661645397093
1156,5,0.832663,0.531209601048459
1157,5,0.814458,0.6093610678278316
1158,5,0.603489,0.5856301612111653
1159,5,0.208981,0.40421702871702403
1160,5,0.07092,0.2797640096499301
1161,4,0.218838,0.2808588176619399
1162,2,0.429175,0.3039879852063947
1163,5,0.528429,0.48952604937131916
1164,4,0.477411,0.5233114946600227
1166,5,0.469711,0.4989877541061653
1167,5,0.698313,0.592888336969497
1168,5,0.220875,0.2884941946989662
1169,2,0.516247,0.4015661200490898
1171,3,0.24214,0.377743933768325
1172,3,0.04207,0.14947984110034357
1174,4,0.803201,0.53935908742648
1177,2,0.491234,0.4618038883640965
1178,5,0.635843,0.49257019111946
1180,2,0.125036,0.32743681097051486
1181,4,0.172124,0.3876706503489281
1182,3,0.733119,0.4844697422528548
1183,5,0.279844,0.36104690654622107
1186,4,0.214017,0.3966851924171153
1187,3,0.070394,0.2872801301617174
1188,1,0.359644,0.49120369454880053
1189,3,0.033293,0.16259777758136656
1190,2,0.653851,0.4435365086276261
1191,2,0.80465,0.4642992980296684
1192,2,0.998048,1.0842836102598143
1193,2,0.10636,0.32625263894672496
1194,3,0.100339,0.22933227758571312
1197,4,0.010176,0.0
1200,2,0.49496,0.28762951723055524
1201,3,0.825947,0.39836955743832986
1202,4,0.810709,0.5297651917912948
1203,3,0.186714,0.2923637333247183
1205,3,0.167844,0.185029641231253
1206,4,0.739878,0.5880002411110796
1207,5,0.171758,0.21430757627288688
1208,4,0.432279,0.3983798904031232
1210,4,0.731007,0.5839204329787597
1211,5,0.025072,0.19754607650560946
1212,2,0.939912,0.7534693038389839
1213,1,0.68092,0.43496791213496755
1214,5,0.283206,0.29703612537261814
1215,2,0.702692,0.5336898273839306
1216,5,0.536893,0.2509847484614575
1217,2,0.174724,0.22531429568706499
1218,1,0.395958,0.587105108256034
1219,4,0.807409,0.5921477351766921
1220,2,0.437439,0.38067403682456374
1221,4,0.159008,0.24923385781818452
1222,4,0.077517,0.2162995384634736
1223,4,0.816375,0.6110114549695285
1224,1,0.197176,0.323945447290993
1225,4,0.055006,0.29638207773098685
1226,2,0.658011,0.599752279310175
1227,4,0.723757,0.45607229399045757
1228,4,0.396825,0.4476663013185995
1230,5,0.179753,0.24882604464628633
1231,3,0.010029,0.0
1233,3,0.010933,0.0
1234,2,0.999979,1.1641509140490145
1235,3,0.119809,0.3007740547424109
1236,2,0.083707,0.21733489179021936
1237,3,0.494724,0.5076910021707979
1238,2,0.118978,0.1545057929605651
1239,3,0.236931,0.24830683928263003
1241,4,0.309566,0.35998835498461385
1242,2,0.359041,0.3230865744899086
1243,1,0.543717,0.47291814847071056
1244,1,0.324076,0.41504137383650397
1245,4,0.080451,0.24682442645917682
1246,4,0.082369,0.18588223342138477
1247,4,0.135763,0.3275593839225625
1248,4,0.981913,0.7611542343077813
1250,1,0.765873,0.3115383398887335
1251,4,0.104978,0.11126208061620879
1252,4,0.309939,0.2677941429738273
1254,5,0.388338,0.4550099560002431
1255,2,0.069029,0.17686143381231223
1256,3,0.029446,0.08388787991642621
1257,1,0.808188,0.634332070710503
1258,1,0.56207,0.5415200350048252
1259,4,0.165703,0.316416677240603
1260,4,0.923837,0.6895277172208256
1261,4,0.248764,0.3695837267123229
1262,2,0.538517,0.4174859843367852
1263,1,0.110218,0.3394808108766693
1264,2,0.662364,0.599587589481859
1265,2,0.144778,0.07166794466815213
1266,4,0.229178,0.3430062439921842
1267,3,0.106212,0.11018699516945774
1268,3,0.647237,0.4818811440576523
1269,4,0.833254,0.5193314456056767
1270,3,0.202449,0.2815844006980681
1271,3,0.363735,0.4093442576352425
1272,2,0.056612,0.3061903398028848
1273,4,0.177487,0.2886146619004525
1275,4,0.208424,0.2934433269238183
1277,3,0.86621,0.7499192261165213
1278,2,0.330756,0.313230138734897
1279,3,0.190259,0.3304083968228796
1283,2,0.318001,0.31412301729904557
1284,2,0.637248,0.3968602449087737
1285,2,0.776726,0.5732865650657626
1286,2,0.559419,0.3719222114943828
1287,3,0.438165,0.4038928845794589
1288,1,1.0,1.5406970710157009
1291,4,0.372831,0.3712301594546891
1293,5,0.582757,0.5583274355411022
1294,5,0.441591,0.40582044827437513
1295,2,0.245773,0.46420122183741996
1296,1,0.326962,0.14708948984322012
1297,5,0.180512,0.32968940482716413
1299,5,0.379348,0.3661199624321583
1300,3,0.435993,0.45972743280013395
1301,2,0.84635,0.5882528836011844
1302,1,0.205672,0.38784724788360136
1303,5,0.225173,0.4339556205705272
1304,1,0.503433,0.4796657820820541
1305,2,0.213045,0.38335851942466603
1306,3,0.233209,0.28448927574398686
1307,4,0.996856,0.9573873611040726
1308,1,0.044698,0.15531118690975315
1309,4,0.753108,0.5234974355227472
1311,5,0.996919,1.1653702851478558
1312,2,0.402253,0.3452477140001471
1313,2,0.996998,0.8908599114907404
1314,3,0.60379,0.5621112361442007
1315,3,0.768411,0.5772434519205311
1316,1,0.582206,0.30908543840749514
1318,1,0.23214,0.35499880414047535
1319,3,0.764853,0.5485515083796568
1320,5,0.175487,0.27335607415598917
1321,3,0.995524,0.8772869953910274
1322,1,0.853154,0.7502594089336805
1324,4,0.873992,0.6684253837531019
1325,5,0.581848,0.5758519859977884
1326,1,0.141893,0.18291253780316413
1327,4,0.154432,0.2807546212729709
1328,3,0.395646,0.4752266266325643
1329,1,0.212867,0.3272736089169249
1330,3,0.191998,0.15581477872916666
1333,4,0.512383,0.4451122885549552
1334,1,0.424209,0.49309495989665597
1336,5,0.703117,0.5540017571040148
1337,4,0.020607,0.14077289089765754
1338,3,0.68843,0.629889453728121
1339,3,0.048483,0.14341346613591138
1340,2,0.190838,0.2230932006151252
1341,1,0.482708,0.2055989148216346
1343,5,0.140195,0.2975900518904287
1344,1,0.05425,0.22915776729075804
1345,3,0.084722,0.14783554736336907
1347,4,0.366929,0.4232708090334845
1348,2,0.012019,0.0
1349,2,0.444268,0.45347027973220777
1352,2,0.999834,1.037820711297044
1353,3,0.101723,0.24247631533006286
1354,1,0.428485,0.3600498619331753
1355,2,0.999999,1.275588472482907
1356,1,0.581373,0.3631575986015554
1357,4,0.816607,0.7482688493774431
1358,4,0.963118,0.8292106137343808
1359,2,0.058451,0.3405719964966776
1362,4,0.032331,0.18164419527728606
1363,5,0.106178,0.2519933648734023
1364,4,0.874149,0.5265377613755178
1366,5,0.479044,0.4556412240199843
1367,4,0.624935,0.548860266588556
1368,3,0.074043,0.22360209543107853
1369,2,0.333084,0.3130046345690972
1370,2,0.176416,0.42691888804419953
1372,3,0.546654,0.5245985038242058
1373,5,0.163503,0.4296898593172944
1375,2,0.279068,0.2648969569410285
1376,2,0.799166,0.5524256332833083
1378,5,0.466567,0.42787376994597187
1379,1,0.461495,0.5412972802875305
1380,2,0.307425,0.37625956372213465
1383,1,0.476471,0.40308826246135243
1384,5,0.807433,0.6866572845224143
1385,1,0.111881,0.2741958062726446
1387,3,0.717808,0.48318473181133437
1389,4,0.009709,0.0
1390,1,0.157775,0.33853520130231834
1391,3,0.461494,0.5132244826137417
1392,4,0.568019,0.569858327447761
1393,3,0.035188,0.057306565389156294
1394,3,0.189853,0.2654518238655571
1396,5,0.06087,0.234391494599316
1397,4,0.253539,0.40241348725844756
1398,3,0.068198,0.06758836665749751
1399,5,0.262079,0.3454354066787474
1400,5,0.129607,0.26597716893013235
1403,4,0.208909,0.36618793595000815
1404,4,0.011883,0.0
1405,4,0.34909,0.3360996426535753
1406,4,0.833217,0.4204716693437805
1407,5,0.617496,0.5377771753969162
1408,3,0.437853,0.24861826612378352
1409,1,0.826305,0.39053821948322764
1412,2,0.981618,0.8677990133209923
1413,1,0.118051,0.07495291429080908
1414,3,0.34864,0.24656610160465758
1415,4,0.115178,0.30957505850072603
1416,5,0.714207,0.636586508039717
1417,2,0.446022,0.4934562912275478
1418,5,0.15504,0.1678887047203042
1420,5,0.999994,1.3244678955423277
1422,4,0.397176,0.3453028434854505
1423,3,0.349234,0.31171715210653606
1424,3,0.250498,0.20329984852475036
1426,5,0.082751,0.08258368383549869
1427,4,0.768774,0.4074355736287392
1428,5,0.110746,0.3475381178219633
1429,5,0.621476,0.5034905709940966
1431,4,0.362277,0.35895565662956347
1432,1,0.414312,0.4513166549706854
1433,5,0.050573,0.1515456731727967
1434,1,0.231999,0.34979954901267096
1436,2,0.092643,0.18266411446672914
1437,5,0.671535,0.522956767548671
1438,2,0.310866,0.43148686502689704
1439,4,0.208254,0.41391673432506004
1440,5,0.732999,0.2714148999399291
1441,4,0.533353,0.44970560735804366
1442,3,0.119944,0.1931125613902941
1443,2,0.025567,0.04583274971298901
1444,2,0.536467,0.5091759914244206
1445,5,0.473487,0.4998671914854068
1447,4,0.220489,0.12232633081090405
1449,4,0.201475,0.3113802425036575
1450,5,0.791877,0.6721138984734725
1451,2,0.329769,0.408729064098907
1452,3,0.398629,0.35747704832110466
1453,3,0.832647,0.6717542846878115
1454,1,0.219082,0.2017974033726218
1457,3,0.107862,0.1637450414116821
1458,2,0.200919,0.3329656515705118
1459,3,0.514161,0.48105665435949185
1460,4,0.476084,0.46860493487276017
1462,1,0.366289,0.4496901571103059
1463,2,0.999341,0.959850668716861
1464,4,0.005807,0.0
1465,3,0.998597,1.017028805134766
1466,5,0.249525,0.43245937984037147
1467,4,0.245514,0.3157193018756391
1468,4,0.435336,0.5761474278397729
1469,1,0.013643,0.0
1471,5,0.237359,0.2863835145513658
1472,2,0.12876,0.3584497672653503
1474,5,0.115414,0.20797766333627915
1475,3,0.018784,0.06220448529074968
1476,4,0.56391,0.41361746848737363
1477,3,0.018947,0.01116531288339817
1478,2,0.448305,0.45535404018845255
1479,1,0.85247,0.580895869790852
1480,1,0.209804,0.2857711682233713
1481,1,0.123843,0.2594872096620454
1482,5,0.158084,0.27131049162882137
1483,5,0.451416,0.47594118160459725
1484,4,0.808323,0.47528320946931185
1485,2,0.208366,0.3369382640324766
1486,4,0.091506,0.36234620580508037
1487,3,0.329616,0.3619966510535643
1488,1,0.1703,0.26088929635933
1489,4,0.189585,0.3052660655546453
1490,5,0.853167,0.5592788629841542
1491,2,0.274169,0.4179891353853897
1493,1,0.036427,0.0
1494,2,0.140694,0.1737022445619989
1495,3,0.237245,0.4476665535461367
1496,5,0.509717,0.5274519978232842
1497,5,0.033944,0.13196292055842307
1498,1,0.096328,0.2833337900409768
1499,2,0.111078,0.26026512662615403
1501,2,0.008691,0.0
1502,2,0.867127,0.6383642259604883
1503,3,0.206543,0.20023803992136996
1504,4,0.149545,0.20551067359685551
1505,3,0.33953,0.41493543492528145
1506,2,0.992295,0.8797339924863886
1507,4,0.114494,0.30246697788338023
1508,2,0.192748,0.35182698791743416
1509,1,0.443001,0.3961165226455468
1510,5,0.19555,0.18462728703510245
1511,3,0.112221,0.2887258081562931
1512,3,0.828036,0.5686019915417103
1513,1,0.549731,0.4817989475860457
1514,4,0.55374,0.6047698542292561
1515,4,0.6766,0.2889440370737647
1516,2,0.58356,0.4757570297017075
1517,4,0.783984,0.57669682224416
1518,4,0.694764,0.4819457124650966
1519,1,0.120582,0.39188780051351146
1520,1,0.631741,0.5611096563438956
1521,1,0.096062,0.29016565695609475
1522,1,1.0,1.5570330134910502
1523,4,0.502641,0.3357443217252113
1526,5,0.427098,0.5550061764025597
1528,1,0.506528,0.3012154036414393
1529,5,0.75978,0.5758931259829613
1530,4,0.684884,0.6151800550193375
1531,3,0.063709,0.16543447012490242
1533,2,0.652254,0.3457604601685162
1534,5,0.672275,0.39988525741918224
1535,5,0.232406,0.2708326990852563
1536,1,0.772105,0.4601230692221283
1538,5,0.367956,0.4293600543153337
1541,2,0.937636,0.6573207325560402
1543,5,0.210446,0.17650569596374732
1544,2,0.697101,0.33339841489565103
1545,3,0.027569,0.09000421703102274
1546,1,0.259358,0.285539533205634
1547,3,0.220651,0.33530298823838245
1548,2,0.246764,0.44314976326122923
1549,2,0.060352,0.0
1551,2,0.782244,0.5552777529279382
1552,5,0.425336,0.31720109804673846
1553,3,0.337499,0.3073307164355834
1554,1,0.793842,0.49262994466747734
1555,2,0.491947,0.4918687200812702
1556,2,0.5205,0.4318526370127569
1557,3,0.430337,0.5979138122371529
1558,3,0.41886,0.4179214469013479
1559,1,0.279948,0.2280800933077362
1563,5,0.062304,0.20456683260802308
1564,5,0.465119,0.3237895640209315
1565,5,0.400949,0.4170170725105147
1566,4,0.07478,0.19783178282380778
1567,5,0.087453,0.048391539027277386
1568,2,0.464916,0.42966229178153986
1569,1,0.514016,0.45361419046479645
1570,4,0.99995,1.145318016402217
1572,3,0.441827,0.5271182557957361
1574,1,0.181948,0.2868695477090849
1575,2,0.999914,1.1024977317571527
1576,5,0.127723,0.3020316145364239
1577,2,0.234306,0.3714221755299102
1579,5,0.508103,0.4645264423425414
1580,4,0.192656,0.26814839554063485
1581,2,0.217658,0.34370421642540216
1582,1,0.083945,0.2752628871605096
1586,2,0.556397,0.49377305733338284
1587,4,0.181502,0.3962766965457096
1588,5,0.378016,0.28524221433884606
1590,3,0.357209,0.4761606367804536
1591,5,0.05745,0.22246458318038098
1592,1,0.047238,0.04698008270381787
1593,3,0.151221,0.357529288718305
1594,3,0.050752,0.0
1595,2,0.799872,0.6768470017782136
1596,3,0.096431,0.26218425497717773
1598,5,0.09711,0.18878939174612178
1600,4,0.016253,0.01744559148271413
1601,3,0.068528,0.1731590166961346
1602,4,0.672571,0.5030165467671812
1603,4,0.427801,0.5118990903996472
1604,5,0.639257,0.5874193373184103
1605,3,0.439455,0.3039931630856544
1607,2,0.560179,0.413984802382911
1609,3,0.413668,0.42009116546781394
1610,5,0.726223,0.5893556108154058
1611,2,0.328479,0.23852725069944578
1612,2,0.292874,0.43187586575118525
1613,2,0.052566,0.15057980773100693
1614,4,0.130849,0.2583378988009486
1616,5,0.999874,1.186355763055543
1617,4,0.343291,0.2698482916682464
1618,4,0.122622,0.1414043558372547
1620,3,0.049667,0.0
1622,1,0.129583,0.3015311224123579
1623,1,0.280595,0.4656899073113985
1624,3,0.03551,0.09679840677049822
1625,2,0.01353,0.0919169177053929
1626,2,0.535257,0.28289377107199964
1627,2,0.840035,0.4434983605476962
1628,1,0.788705,0.6674494691133901
1629,5,0.820868,0.6387073300964119
1631,1,0.999243,1.077556939381578
1632,1,0.546633,0.573303538328147
1633,1,0.077843,0.27388851483990856
1634,5,0.094222,0.1974413634800233
1636,1,0.540127,0.40355841184027896
1637,2,0.402584,0.5075045687488238
1638,3,0.114146,0.10357965922520723
1639,5,0.132283,0.38474717566041333
1640,4,0.996325,1.0117010399376247
1643,5,0.110559,0.3912305058969945
1644,3,0.170479,0.33893549902994247
1645,5,0.287187,0.3432777499784637
1646,5,0.092866,0.3629293133321511
1647,4,0.193299,0.3206516293580104
1648,3,0.251443,0.39073331912430315
1649,3,0.928071,0.8027020884845693
1650,2,0.998516,1.042682607468055
1652,3,0.991353,0.9979594122436872
1653,4,0.032692,0.20042740226515204
1654,1,0.615966,0.4590684434348408
1655,1,0.539015,0.4582746091905165
1656,2,0.085831,0.10724543210409221
1657,2,0.995114,0.9355614194854978
1658,3,0.279916,0.4316821893287288
1659,3,0.389941,0.27875415763574374
1660,1,0.054237,0.1621082808169217
1662,1,0.048192,0.09666468311356208
1663,5,0.52413,0.3747166828325209
1664,4,0.118474,0.14236541788746288
1665,3,0.845947,0.5586849110388331
1666,4,0.592883,0.43275614842714466
1668,1,0.520797,0.3032613532606655
1670,2,0.333371,0.44695561572977094
1671,1,0.142339,0.2779180824870724
1672,3,0.033868,0.12958546364986162
1673,2,0.708557,0.519593551282368
1675,4,0.990883,0.8552731845536978
1676,1,0.496325,0.23367904378832172
1677,4,0.212863,0.4630313204820989
1678,4,0.38053,0.3447541839005232
1679,2,0.461622,0.4092436208912901
1680,1,0.317826,0.24250217310482247
1682,2,0.17455,0.3051523839816158
1683,3,0.714027,0.4641560807377625
1684,2,0.610846,0.3338510087312163
1687,3,0.999773,1.2157507332308888
1688,4,0.990665,0.8974060199188847
1689,5,0.48438,0.4843258661437147
1691,4,0.483283,0.4560303552267627
1692,1,0.263869,0.5025185906660687
1693,4,0.42703,0.5606800999038578
1694,2,0.507312,0.4082562218977805
1695,3,0.401411,0.5545858816566706
1696,3,0.443633,0.4136296301119181
1697,4,0.68193,0.5766265984735622
1698,2,0.840488,0.5233324236164554
1699,1,0.882648,0.5501233597111375
1701,1,0.608951,0.4110455244443393
1702,1,0.554437,0.5440282365121253
1703,4,0.415363,0.4776052713448875
1704,5,0.098957,0.16133960217780946
1706,4,0.240089,0.34656063810945104
1707,5,0.285286,0.3790029101177817
1708,4,0.553706,0.5290447208088997
1709,4,0.266096,0.35744030380512504
1710,1,0.228734,0.4296574872697898
1711,4,0.184593,0.281727263696299
1713,3,0.6158,0.41962648546989756
1714,2,0.41122,0.45027774262567455
1715,4,0.765457,0.5946786938848632
1717,2,0.390941,0.27273757316961156
1719,2,0.086091,0.2346715592288653
1721,2,0.99995,1.1753655262203409
1722,4,0.689777,0.4200086274129416
1723,5,0.359064,0.32629157150700755
1724,4,0.692921,0.33618285373714724
1725,5,0.544377,0.40638703383428176
1726,4,0.323587,0.2723718372389983
1727,2,0.724424,0.5360340566527882
1728,1,0.470021,0.5164679131958555
1729,5,0.131269,0.30893896259560905
1732,4,0.676274,0.49640009084825937
1733,2,0.158287,0.32627681014397303
1734,5,0.027403,0.0
1735,2,0.999553,1.1229649498696586
1736,3,0.869717,0.6875974968099443
1737,3,0.245581,0.3493907212761094
1738,4,0.804501,0.5718942674646328
1739,5,0.996018,0.9134488497020272
1740,4,0.409113,0.23160742777204932
1741,2,0.835815,0.4641634739408247
1742,1,0.934322,0.812208101616136
1743,4,0.580086,0.5243385787204428
1745,5,0.767035,0.48684751827499684
1746,1,0.24309,0.39066575627597105
1747,5,0.999728,1.1592761924421242
1748,3,0.022164,0.052913215778686684
1749,1,0.999805,1.1493410317292816
1750,2,0.243418,0.3844785163951055
1751,4,0.467409,0.4862971913021986
1752,3,0.994372,0.8822349149314581
1754,2,0.84824,0.6343017649891458
1756,4,0.017504,0.1295398585045563
1757,5,0.356597,0.5100048411826118
1758,3,0.705389,0.6108520395677619
1760,3,0.265648,0.27776684019455966
1761,2,0.544641,0.4679573957494018
1762,2,0.2988,0.5246937253734156
1763,4,0.461023,0.547832009173326
1764,1,0.283096,0.3373009976938039
1765,2,0.092987,0.36949540186327823
1766,4,0.999781,1.0557149570349478
1767,2,0.069207,0.09146904325005079
1768,3,0.604842,0.5751234358280055
1769,1,0.370531,0.3808232039643125
1770,5,0.155171,0.26579001632619403
1771,1,0.078661,0.28275799662525025
1772,4,0.359052,0.20561093895765972
1775,4,0.984537,0.9988909916316424
1776,1,0.999546,1.1474521816425773
1777,4,0.0269,0.0614081049689979
1778,4,0.289974,0.2755781951145533
1779,2,0.124169,0.21382505978036076
1780,5,0.404946,0.4631539381187868
1781,5,0.343027,0.4761006724423653
1783,5,0.118946,0.36297056760828006
1784,2,0.609217,0.41111046365855275
1785,2,0.449984,0.4017741910031168
1786,2,0.425422,0.30483771097330264
1787,5,0.010233,0.0
1788,5,0.780348,0.6494620595991023
1790,4,0.066807,0.1789620320907901
1792,4,0.848796,0.4937921278431973
1793,1,0.900392,0.602496995763958
1795,1,0.753528,0.5797430386242162
1796,1,0.166532,0.30298136941207804
1797,2,0.974174,0.9349771641682731
1798,1,0.453642,0.40724311551207404
1799,5,0.142619,0.3188281210090639
1800,5,0.999999,1.4950814997626023
1801,4,0.161837,0.24430652790911006
1802,1,0.033066,0.009869227054104257
1805,4,0.284158,0.313969086822408
1806,4,0.711035,0.5447160761057156
1808,2,0.346545,0.42398652123880565
1809,3,0.258087,0.2927224578501746
1812,2,0.138152,0.2495646020447003
1813,1,0.590475,0.4224667978451599
1814,1,0.425223,0.38521609504301224
1815,3,0.97925,0.8228453831762477
1816,3,0.390002,0.4558709749303543
1817,5,0.468621,0.45505222738069373
1818,4,0.865213,0.7046835864017779
1819,4,0.347911,0.42435801317438276
1821,5,0.320929,0.3841938914635491
1822,4,0.591184,0.4223979884695266
1823,3,0.814928,0.4521443564196375
1824,4,0.780387,0.6533693737379287
1826,3,0.002646,0.0
1827,1,0.243336,0.30924351195377486
1828,3,0.1248,0.4374467742532003
1829,4,0.357655,0.31315938131256227
1830,4,0.247759,0.3536356783294512
1831,3,0.183188,0.3975694164994823
1836,2,0.067675,0.24991577410677057
1837,5,0.304355,0.365873001221764
1839,1,0.350622,0.38841319720715706
1840,3,0.462575,0.49725721576485304
1841,4,0.442949,0.3182431079824804
1842,1,0.010838,0.10060841238079082
1843,5,0.170336,0.18883983043950603
1844,1,0.999956,1.1286970604092579
1845,5,0.13975,0.2303311522534655
1846,5,0.592717,0.4380596225614808
1848,4,0.083613,0.22641869028560754
1849,3,0.99812,1.0298791503198257
1850,2,0.191173,0.3364113398245491
1851,1,0.288282,0.26084142509972685
1852,3,0.269502,0.381823027703691
1853,1,0.626616,0.5131716751994826
1855,2,0.99813,0.8931863983971872
1856,2,0.622515,0.7074712970179485
1857,4,0.188126,0.15754196862044784
1859,1,0.290069,0.5442076388323862
1862,1,0.030441,0.03551001939464399
1863,1,0.16546,0.3690591866445728
1864,4,0.674302,0.5830278881338344
1865,2,0.530017,0.29795005705985395
1866,1,0.531242,0.4761219916271958
1867,1,0.26083,0.30040797696919475
1868,2,0.439091,0.5276286565043591
1869,2,0.546884,0.42217076100513007
1872,4,0.288969,0.44967882053898617
1873,5,0.367987,0.42279799153291653
1874,5,0.99798,1.0109593877655452
1875,4,0.356836,0.4205702904238111
1876,5,0.691044,0.5664708477290114
1877,2,0.151198,0.1989162429706323
1879,3,0.998111,0.9224901052825676
1880,1,0.98688,1.0045165886326242
1881,1,0.219035,0.5192392112733223
1882,1,0.314367,0.27165145576494226
1883,1,0.045474,0.018825307183914564
1884,5,0.996448,0.9211299208026043
1885,1,0.644246,0.635271706688741
1886,2,0.143328,0.0
1887,5,0.616376,0.4903398265571025
1888,2,0.15698,0.12368882692325334
1889,1,0.293824,0.34414937545290436
1891,2,0.524783,0.5542773542359017
1892,2,0.249812,0.33298397125862156
1893,1,0.221115,0.19148867142021195
1894,4,0.459896,0.4286046889027584
1896,3,0.985066,0.9129697109867774
1897,3,0.170104,0.2315912288116308
1898,2,0.730228,0.6272319944801626
1900,2,0.477369,0.13694341336329163
1901,4,0.277853,0.3131633099364405
1902,4,0.610547,0.6039516510886068
1903,5,0.787475,0.5177913217509766
1904,4,0.993674,0.9043143075036684
1906,3,0.567146,0.434547025815386
1907,5,0.167478,0.18174629501012723
1908,1,0.128104,0.21626839278907112
1909,2,0.233179,0.20662899088809294
1910,3,0.531909,0.5177296812513842
1911,2,0.034208,0.14711889267194456
1912,4,0.19588,0.2558537872234926
1914,4,0.696811,0.5547249122953377
1915,2,0.430889,0.498507960740596
1916,2,0.119158,0.300161835351813
1917,4,0.107464,0.16447048895558808
1919,1,0.03932,0.09845505747526923
1920,2,0.755294,0.4364755708104224
1921,5,0.999994,1.2599184730320476
1922,3,0.406416,0.46063309735483277
1923,2,0.981644,0.7535286934578884
1924,3,0.678698,0.6868479501034791
1925,2,0.147694,0.3000845936375788
1926,4,0.612264,0.5675642222970891
1928,5,0.45539,0.34217466895562065
1930,5,0.791088,0.5350295314456641
1932,2,0.217698,0.5040828517963512
1933,4,0.041882,0.16332335537078752
1935,1,0.368649,0.41570288577981745
1936,2,0.20336,0.3725288571833902
1937,2,0.093576,0.28665821383135565
1940,5,0.142466,0.3219168207403649
1942,2,0.275582,0.3226087485311431
1943,4,0.699646,0.5577763273620534
1945,5,0.846625,0.5690410609088619
1946,2,0.11315,0.28056182001694885
1947,5,0.999708,1.139922045229175
1948,5,0.810712,0.8447504526786218
1949,1,0.026346,0.0
1950,5,0.534754,0.4129088592166618
1951,2,0.331068,0.43155247179958
1952,4,0.456129,0.46366975192114207
1953,2,0.283272,0.32415896000496536
1954,2,0.767296,0.4732472961445803
1956,1,0.058738,0.13135042019765958
1957,5,0.748412,0.6455822382448785
1958,2,0.289352,0.29622928007920535
1959,2,0.364251,0.3648436341089942
1960,1,0.672789,0.5159022667849842
1964,2,0.182023,0.32193320885544685
1965,4,0.427115,0.48452764640377155
1966,4,0.354388,0.2812772716409966
1967,4,0.049141,0.10238244948171082
1968,2,0.30445,0.4171868490737727
1970,1,0.081448,0.1647308762246923
1973,4,0.099225,0.11095856931998799
1976,5,0.999275,0.9586991044001923
1978,4,0.427939,0.36409137014565546
1979,4,0.849733,0.6035740214112402
1980,1,0.600116,0.5076977160230455
1981,5,0.23199,0.29195503008158574
1982,5,0.227744,0.40395933405863726
1983,4,0.10824,0.22514180446935464
1984,5,0.612839,0.5481035131773302
1985,1,0.174,0.28388520523539573
1986,1,0.482296,0.39062334250676256
1988,5,0.716543,0.47293516862700546
1991,3,0.263237,0.3640781431587151
1996,5,0.619576,0.42571714644983366
1997,4,0.631717,0.6040176758330489
1998,2,0.074404,0.25862241066730335
1999,3,0.434749,0.4736289093759547
2000,1,0.762571,0.7738710194205174
2001,4,0.800102,0.5309305655964222
2002,5,0.377137,0.45821042389661937
2003,2,0.226199,0.11716726692099766
2004,1,0.412848,0.49934450767169575
2005,2,0.174194,0.24606934337597713
2006,1,0.998223,0.8988710129887301
2007,2,0.609293,0.4247595565706235
2009,4,0.255561,0.3020588555870462
2010,2,0.133652,0.1390244861426504
2011,3,0.999899,1.1754305823464823
2012,4,0.150539,0.2869774514567372
2013,3,0.519272,0.2816469620989856
2014,4,0.73675,0.6030185274685608
2015,3,0.253701,0.41982389052621744
2017,3,0.181013,0.21576377394324062
2019,4,0.857266,0.6203991814419395
2021,1,0.574986,0.47971634565374655
2024,3,0.20234,0.3409310158523341
2025,2,0.111011,0.28460031476416
2026,3,0.97458,0.734685364125067
2027,1,0.021558,0.11069934263366227
2028,5,0.256242,0.35374638103467887
2031,5,0.024828,0.059181947618749065
2032,5,0.133876,0.31513292283489125
2034,3,0.442066,0.5943157051365823
2035,3,0.998826,0.8543392940094019
2037,5,0.142161,0.3395927538405893
2038,2,0.646016,0.5659752411212253
2040,2,0.202455,0.1641511555085144
2041,5,0.997592,0.950553161258159
2042,4,0.782768,0.6112816369607763
2043,5,0.039336,0.14503445561264577
2045,1,0.109477,0.013921134669875601
2046,3,0.394213,0.3725215545667464
2047,2,0.189975,0.18622845315649023
2049,1,0.891345,0.6328760387288156
2051,3,0.64441,0.4016945826048862
2053,3,0.698077,0.4397451237548605
2054,4,0.132776,0.15098936204197982
2055,1,0.825808,0.7085621283455608
2056,5,0.007378,0.07033121558717492
2057,3,0.198257,0.26286600991333997
2058,2,0.41754,0.39801386697333224
2059,5,0.607234,0.40777896065309843
2061,3,0.194463,0.2369936149874941
2062,5,0.483237,0.5716271257043675
2063,2,0.44857,0.43794483299719067
2064,2,0.620888,0.4408512619124855
2065,1,0.032938,0.012401001337820627
2066,3,0.995252,0.88668374296542
2068,2,0.475872,0.31456889034996743
2069,3,0.845863,0.6392849587151307
2071,3,0.407453,0.33313917125227716
2073,5,0.281026,0.35137651241880863
2074,4,0.42845,0.43920836207814445
2075,1,0.319591,0.34046812205272425
2076,3,0.027434,0.12761865127686373
2077,5,0.009544,0.0
2079,5,0.779094,0.5870898775330288
2080,4,0.049485,0.07070266987260909
2083,4,0.608517,0.5899589964204018
2084,1,0.581372,0.38993725880896085
2085,3,0.113158,0.23539583009319628
2089,1,0.239359,0.28956008185725846
2090,1,0.084196,0.14245506455479467
2091,5,0.596868,0.4645845342456201
2092,2,0.530783,0.48787544060401367
2094,4,0.423777,0.42781983757078773
2095,2,0.074035,0.30832650037564674
2096,4,0.998662,1.0609304371993022
2101,2,0.715195,0.5500251482977605
2102,2,0.280361,0.4052883570993735
2103,3,0.018622,0.0
2104,4,0.810427,0.5238815689986341
2105,4,0.056835,0.21347734361680717
2106,5,0.600174,0.4668844069764092
2107,4,0.047414,0.25383691580003875
2108,1,0.12673,0.2093955861179025
2110,1,0.275508,0.2979650640933711
2111,2,0.829335,0.5633517529657119
2112,5,0.673913,0.5145536913330542
2115,5,0.088397,0.15372538990788281
2116,4,0.337725,0.40574926314188486
2117,4,0.123805,0.2264721400988644
2119,3,0.417746,0.3640532077412197
2120,5,0.0458,0.17601342838202283
2121,5,0.839234,0.3755822315223015
2122,3,0.344853,0.33751671010133877
2123,1,0.461286,0.2961716753288588
2126,4,0.305651,0.3050122986571504
2128,1,0.432067,0.3614036966565983
2129,5,0.998963,0.9832712120613224
2130,4,0.444154,0.5526359896395548
2131,5,0.337553,0.2042642009017477
2134,2,0.043509,0.1694785300402447
2135,5,0.605641,0.44997082966799407
2137,4,0.695478,0.38120538306846985
2138,3,0.408803,0.47373679713393385
2139,3,0.636586,0.492548663445252
2140,1,0.055991,0.3027415597751701
2141,3,0.346637,0.39605771634778564
2142,3,0.048836,0.15783512818979006
2143,4,0.247745,0.3163089978437349
2144,4,0.148913,0.4229833017624992
2145,3,0.47814,0.3544505167030557
2146,3,0.517717,0.3315157295355766
2147,4,0.326701,0.4134897861440875
2148,2,0.166913,0.22186733843703454
2149,4,0.99144,1.0101605579803064
2152,3,0.436636,0.3122345885813503
2153,1,0.812944,0.5179276404015805
2156,3,0.592267,0.3964049523205923
2157,4,0.839875,0.6028901520845545
2158,5,0.126062,0.28311993316375866
2160,4,0.407276,0.3198749507857374
2161,2,0.463351,0.41874768156750886
2162,4,0.101921,0.27951475872923925
2164,5,0.998099,1.0653661230394165
2165,1,0.686832,0.5664740971156911
2166,1,0.410137,0.3809043102737708
2168,5,0.161309,0.38077866023781937
2169,4,0.919149,0.691811448482234
2171,1,0.185234,0.3063357684532804
2172,2,0.801217,0.4834334378519242
2173,1,0.380794,0.4523511913277396
2174,4,0.374227,0.3913771988891716
2175,2,0.435644,0.45203533131002355
2176,2,0.968782,0.7828531640493046
2177,1,0.038003,0.1207425110696666
2179,4,0.578849,0.45990095735536957
2180,4,0.738176,0.5467246233834405
2181,1,0.994957,1.0861134687019693
2183,1,0.125909,0.253096188516824
2185,5,0.140792,0.25201701146758393
2186,1,0.067853,0.1592366937166832
2187,3,0.956964,0.7945617973701149
2188,2,0.738384,0.5517162710421161
2189,2,0.518406,0.525933890019672
2190,4,0.058729,0.24233950801621632
2191,4,0.83743,0.5964484496505604
2192,4,0.29305,0.3654176462530188
2193,1,0.219755,0.16859293184415713
2194,3,0.977342,0.8792573101614635
2196,3,0.269047,0.33053562652009516
2197,1,0.221663,0.20519187665739985
2199,1,0.174282,0.19783825831073032
2200,1,0.476857,0.5112650044241234
2201,3,0.347923,0.3442633648767887
2202,3,0.067406,0.27376778141963304
2203,2,0.367557,0.46636757219408487
2204,5,0.854557,0.6648098838633341
2206,1,0.076883,0.19886190735986298
2207,2,0.635704,0.5490537084045468
2208,3,0.464147,0.5249326711235862
2209,5,0.211407,0.20122896161438708
2210,1,0.999586,1.2257527455130164
2211,3,0.091738,0.1341948972027069
2212,5,0.397955,0.4143733707871452
2213,1,0.065367,0.20506032920857592
2214,1,0.158788,0.3522696895674732
2216,2,0.779914,0.5666591241916874
2217,5,0.243197,0.389179762050893
2218,2,0.071977,0.21827532156588297
2219,3,0.381169,0.44947149192823377
2220,5,0.336968,0.4512788626818597
2221,4,0.306888,0.3590160367903398
2222,5,0.738428,0.5357026893443889
2223,2,0.998033,1.0223625873426878
2224,1,0.999986,1.351120238865788
2225,5,0.900873,0.6538781846634044
2226,4,0.173794,0.3280146323631451
2227,3,0.035961,0.15986496391672933
2228,2,0.245389,0.4357104757211273
2229,3,0.116288,0.31445666034971775
2230,5,0.647747,0.4773960662216831
2231,1,0.090938,0.1513766855539675
2232,2,0.30505,0.3302199204639302
2233,1,0.665437,0.37103745735931226
2234,1,0.061812,0.2561417610694575
2235,5,0.454122,0.35563894243531535
2236,3,0.207994,0.37240846193130545
2237,2,0.376675,0.25753417049715116
2238,3,0.278817,0.3334234072423021
2241,1,0.722304,0.5544831191773094
2242,2,0.106103,0.3708297079726723
2243,5,0.463016,0.29153964328678345
2245,3,0.063768,0.379413410078129
2246,3,0.291152,0.45262992328137
2247,3,0.210005,0.3187019092101444
2249,5,0.404114,0.38328645609818096
2252,5,0.91172,0.6987818993135949
2253,5,0.011034,0.0
2254,2,0.4575,0.44164410653273384
2256,1,0.861487,0.6686872045917477
2257,4,0.184126,0.27644484331372254
2259,5,0.213053,0.3946723339360626
2260,4,0.370735,0.33284061769946516
2263,3,0.309239,0.3043786689550857
2264,4,0.325123,0.41566589826106304
2265,3,0.476329,0.35182182092837555
2266,2,0.362162,0.36765121692312
2267,4,0.176878,0.2862620697053042
2268,3,0.032114,0.10547088908655222
2269,5,0.065399,0.0335549489596233
2270,2,0.033752,0.3187641571527764
2271,3,0.99999,1.3453734122513674
2272,4,0.737033,0.6178871877007369
2273,5,0.235406,0.13572034069302202
2275,1,0.523935,0.4361575746954691
2276,2,0.275042,0.3591945590558772
2277,3,0.999955,1.1474210435420513
2278,5,0.323995,0.4810061201561522
2279,5,0.766605,0.26648383251797214
2281,1,0.435221,0.4500676698794891
2282,1,0.478324,0.27493571758426494
2283,2,0.087268,0.283312489360035
2285,3,0.025857,0.04868737843760895
2286,1,0.104854,0.2981928181898862
2287,5,0.383534,0.23841560125728317
2288,1,0.999251,1.0868922053329542
2289,2,0.357231,0.42458559929446527
2290,3,0.462384,0.5196608777508992
2292,5,0.289336,0.3610956871641814
2293,1,0.530735,0.5758915856532817
2295,4,0.998665,0.9595800747833234
2296,4,0.268297,0.4454602517830283
2298,4,0.999977,1.1043441120532305
2299,4,0.664465,0.5398954709455431
2300,5,0.262323,0.255544697138551
2301,1,0.999852,1.1703139705150012
2302,1,0.999317,1.0762343586214367
2303,5,0.301801,0.40564681441815875
2304,3,0.264577,0.3360828707773881
2305,2,0.554815,0.4752699093055729
2307,3,0.96952,0.8870182904849868
2309,5,0.200779,0.45177516020187325
2311,4,0.787507,0.6825651920410529
2312,4,0.483316,0.2559725791725955
2313,1,0.294693,0.2968600943605254
2314,3,0.595275,0.5505829998821119
2315,1,0.233834,0.4337404465665626
2316,1,0.170808,0.18113523310923588
2318,1,0.626657,0.4035072694849968
2319,1,0.352871,0.3259245033450506
2323,2,0.64681,0.5423675783163314
2324,1,0.993067,0.9998846055451567
2325,3,0.18229,0.3002481272829693
2327,1,0.183111,0.3385145932950947
2328,5,0.961669,0.7633128736321066
2330,3,0.558943,0.5000893228008269
2331,5,0.022006,0.007372646718795672
2332,2,0.22593,0.2402419265687297
2333,2,0.286312,0.4452454679493346
2335,5,0.323823,0.30214171469762524
2336,4,0.999731,1.1594961117347873
2337,5,0.00112,0.0
2340,3,0.051506,0.20069481887488355
2341,5,0.050063,0.04409958451672458
2343,2,0.11989,0.38084956377608903
2344,4,0.440521,0.4162825166332312
2345,2,0.615024,0.5047308926653717
2347,3,0.78673,0.5769333781695896
2349,3,0.308899,0.3519343711875801
2350,2,0.421779,0.41837394422356344
2351,2,0.787465,0.39685841776633535
2352,5,0.51961,0.4498463149676196
2353,2,0.002654,0.0
2354,2,0.203933,0.4673899207783855
2355,4,0.453947,0.4276245998473053
2356,1,0.02238,0.2644618602104954
2357,4,0.214636,0.42779248142039894
2358,5,0.436453,0.495442356689313
2359,3,0.130139,0.3435627643561377
2360,2,0.99878,1.073039510501149
2364,5,0.461827,0.38405468114528035
2365,1,0.184496,0.15657911035355482
2366,5,0.011852,0.0
2367,2,0.301098,0.41749343318578874
2368,5,0.231941,0.29500691107987226
2369,2,0.517709,0.4925885568859286
2370,1,0.080862,0.29209279407910493
2371,2,0.095961,0.24897628304059585
2372,4,0.662164,0.562246564042824
2373,5,0.836215,0.6330178288829906
2374,1,0.297883,0.2669024824796282
2375,4,0.042158,0.24039428391888967
2376,2,0.832868,0.39897696290642315
2377,1,0.167237,0.35493948320532664
2378,5,0.201242,0.22706484003679567
2379,1,0.693831,0.6634806404643416
2380,2,0.998244,1.0287445495839194
2381,3,0.805491,0.4432471518935891
2383,2,0.999184,1.033221180062263
2384,5,0.522312,0.37912898527131433
2385,4,0.335092,0.3156945472335143
2386,1,0.561677,0.43675925661541815
2388,5,0.725069,0.34707128840516266
2389,5,0.308909,0.3478616952408019
2390,4,0.278107,0.30969332502962593
2392,2,0.216156,0.35165110759016405
2394,5,0.449063,0.4246612006502762
2396,5,0.690758,0.5849879505832748
2397,4,0.353275,0.37135131722869347
2398,4,0.549574,0.5189812644779501
2399,5,0.20777,0.23238775667891573
2400,5,0.660023,0.5607231276762046
2402,4,0.999999,1.4743106057292505
2403,4,0.038905,0.15605893208636912
2404,2,0.248664,0.2902974897871712
2405,5,0.467174,0.3009334405018055
2406,2,0.028378,0.04055922845682303
2407,4,0.096683,0.17344325954501796
2408,4,0.150014,0.2798868479038418
2409,1,0.290022,0.42602241137078933
2410,5,0.047952,0.13166233539780375
2411,3,0.159949,0.3331176227648807
2412,3,0.999997,1.3167219906464336
2413,5,0.108641,0.2931840250266221
2414,1,0.087807,0.07356685808991087
2415,4,0.153594,0.3072753782223315
2417,1,0.259496,0.2210761605055413
2418,5,0.447464,0.2980461474724619
2424,5,0.745419,0.36681095787561124
2425,2,0.992429,0.800383022934378
2426,3,0.314678,0.339775844553051
2427,5,0.53221,0.3848146098423342
2428,2,0.374538,0.39301037179948106
2429,5,0.675224,0.45973747072907295
2430,3,0.531913,0.4709310369424817
2431,3,0.253988,0.30910989199147554
2432,4,0.693393,0.47673585479612995
2433,5,0.362362,0.36995302625775905
2435,3,0.425205,0.3164640269855515
2436,5,0.730927,0.4945199751196413
2437,5,0.99998,1.3614322010166529
2438,4,0.826625,0.6532585394788966
2439,2,0.150185,0.23491293736530305
2441,4,0.177483,0.21559245692244272
2442,2,0.116202,0.2121920423785974
2443,3,0.133834,0.1451762832053562
2444,5,0.194104,0.2630141259621751
2445,5,0.167871,0.3733956036350616
2446,3,0.297401,0.34302068083177195
2450,3,0.894386,0.7225125613298662
2452,4,0.18093,0.23910660549194473
2454,4,0.651047,0.3402349736761786
2455,4,0.989684,1.0018896761445575
2457,5,0.234338,0.31931989079049544
2458,4,0.271646,0.42915762390092094
2459,2,0.164262,0.25038590281148937
2460,2,0.630238,0.5688475373815577
2462,5,0.097102,0.22684658913586303
2464,3,0.858182,0.6224123146613156
2465,5,0.232044,0.4735158826291871
2466,4,0.02254,0.02131440333881479
2467,2,0.159591,0.30507752340956706
2468,1,0.098325,0.23622280527032946
2469,5,0.050248,0.1610058524922207
2473,4,0.999038,1.028978422571262
2474,1,0.078959,0.1332868404138045
2475,4,0.061477,0.31342203747973496
2476,3,0.052002,0.1512230791862581
2479,3,0.996521,0.9327915386250978
2480,3,0.163276,0.2337858090933377
2481,4,0.902335,0.7294943996372645
2482,1,0.295357,0.46279557693238227
2483,5,0.975652,0.7993630209729292
2484,1,0.439155,0.3475199839446733
2485,1,0.124617,0.13279806518573006
2486,4,0.189942,0.36688547744417116
2487,4,0.53171,0.48625856320007416
2488,4,0.723557,0.5411174428114468
2489,3,0.994508,0.9737582933388598
2491,4,0.900535,0.6157827644167891
2492,3,0.301415,0.4611673281914035
2493,1,0.439563,0.549836709143138
2494,1,0.115968,0.3375885429372716
2495,5,0.296743,0.3344303027778194
2496,4,0.535266,0.4128150730940394
2497,2,0.125945,0.43567454737602807
2498,4,0.800635,0.5022888333451941
2499,1,0.557547,0.5587234911204991
2500,4,0.277715,0.32911506243843264
2502,5,0.029097,0.08724947026316299
2503,4,0.083475,0.1584968077894472
2504,3,0.306393,0.27061299016200074
2505,1,0.999843,1.1788087047253513
2507,4,0.610925,0.4569183267267721
2508,4,0.302131,0.522450365493564
2509,5,0.999999,1.5371282202765446
2512,4,0.741936,0.3263595338345241
2513,3,0.995181,0.9815279870448015
2514,5,0.319552,0.2990969544760337
2515,3,0.192277,0.23829365302877253
2516,1,0.627175,0.5524798661183936
2517,1,0.023438,0.0976601440015577
2519,5,0.339029,0.2577715368152803
2520,2,0.386074,0.48839034182478697
2523,1,0.24752,0.36758881860345155
2524,3,0.272264,0.4005496629764758
2525,1,0.358647,0.3447085559613421
2528,3,0.183032,0.12296176259303832
2529,1,0.586258,0.5093436067166018
2530,3,0.083759,0.21110211756902533
2531,2,0.622777,0.5455951753283471
2532,2,0.031644,0.16156695632808743
2533,3,0.042731,0.14463778064451666
2536,4,0.987161,0.8814742846433833
2537,4,0.180878,0.397883497372221
2538,2,0.515325,0.47860840509704083
2539,2,0.437337,0.4645418704858777
2540,5,0.011003,0.008317599703751788
2541,3,0.406387,0.35476328092634046
2542,2,0.074227,0.2488897629165552
2543,2,0.055894,0.38152074291521154
2544,2,0.100129,0.20497701738792717
2545,3,0.999715,1.06113624563764
2546,5,0.987982,0.8378739486306056
2549,1,0.936167,0.720680850936553
2550,1,0.594726,0.5239785969497972
2551,2,0.125827,0.15570064553284252
2552,5,0.956346,0.8245698872952585
2553,4,0.214835,0.31041050644462026
2555,4,0.744032,0.49668882711662893
2556,5,0.265783,0.5161817688116488
2557,3,0.430594,0.32925734273640245
2558,3,0.763443,0.3267703144090227
2559,2,0.989705,0.8304624954372444
2560,4,0.029466,0.06704100286350345
2563,2,0.263325,0.41949083376793656
2564,4,0.36432,0.33054787113135625
2565,3,0.753502,0.6097538400804396
2566,4,0.367478,0.42786301937821786
2568,3,0.740922,0.3722192979784423
2569,1,0.993468,0.9791806552667992
2570,4,0.901799,0.6636330858615862
2571,1,0.998264,0.8947518387411328
2573,5,0.073549,0.2322597324352933
2574,2,0.819351,0.5319498747179204
2575,4,0.102636,0.2806615243238033
2576,1,0.494532,0.47830292455713275
2577,1,0.084726,0.17331423456741382
2578,3,0.090584,0.25804154153935077
2579,1,0.284034,0.36852782518237354
2580,1,0.356192,0.4269918832926323
2581,5,0.447761,0.5415917006316924
2583,5,0.578996,0.5288508767079435
2585,5,0.538684,0.3905185382687803
2586,1,0.062108,0.2131495852580776
2587,4,0.999469,1.0977234474949034
2588,3,0.98513,0.850437143248171
2589,4,0.291445,0.27905312920705905
2590,1,0.234017,0.27290425218670317
2593,1,0.995637,1.0534196978590409
2594,4,0.670028,0.5606156909813705
2596,1,0.541187,0.4397699874107465
2598,3,0.243679,0.3143642306822767
2599,5,0.143434,0.23005585022268027
2600,1,0.138918,0.3227332135180126
2603,5,0.22585,0.3157558802637487
2604,5,0.232902,0.24437646332429408
2605,5,0.323208,0.37657360372065674
2606,5,0.432969,0.26408325055200943
2608,5,0.158962,0.2828480815840697
2609,4,0.070466,0.05650492925377626
2610,2,0.447921,0.4726708152174864
2611,1,0.138541,0.3778560330786454
2612,5,1.0,1.6097520520389197
2613,2,0.030542,0.15103317197654575
2614,2,0.848866,0.7466143080318866
2616,1,0.862403,0.7160807304495393
2617,2,0.153074,0.2867432139489725
2618,3,0.454855,0.5348979648118058
2620,5,0.160874,0.2651667550128963
2621,4,0.127048,0.2956818964647473
2622,1,0.999957,1.0612652280342183
2623,4,0.19034,0.20124655876968595
2624,4,0.097982,0.283455474739171
2627,2,0.353687,0.2862576806479189
2628,4,0.305956,0.417338613997381
2629,3,0.148672,0.19210142278181017
2630,3,0.539172,0.36641902689656336
2631,2,0.147996,0.22550626225988354
2632,1,0.175955,0.2581313003320748
2633,3,0.024572,0.1432991707676461
2634,2,0.077416,0.23767696773093713
2635,4,0.056901,0.1792988800087264
2636,3,0.070554,0.07266797099454042
2638,1,0.125922,0.2515474110389603
2640,5,0.464309,0.3859648800390101
2641,4,0.196141,0.31603732610834623
2643,2,0.311969,0.3216134795719521
2644,3,0.652414,0.47200359916404966
2645,4,0.091957,0.14329957415063055
2646,3,0.498294,0.5051189746498801
2647,4,1.0,1.3788122489850771
2648,1,0.98864,0.8101066341255561
2649,4,0.32232,0.28982500651959886
2650,5,0.740527,0.6309050423613746
2651,2,0.730709,0.5146677303596636
2653,1,0.412912,0.6139990894061487
2655,4,0.989653,0.8970048677515536
2658,5,0.308141,0.3562170078950755
2659,3,0.007766,0.0
2660,2,0.225954,0.5425512587078635
2661,1,0.607583,0.5081312898766598
2662,4,0.640901,0.4960215040709243
2664,4,0.792082,0.5686052586188354
2665,1,0.022056,0.010598642790586477
2666,2,0.164179,0.2251339832134139
2668,5,0.103093,0.24594282217214314
2669,5,0.999426,1.0903339973768444
2672,1,0.936153,0.6979819827721934
2674,4,0.993619,0.9663344054475376
2675,5,0.565646,0.4251513516047845
2676,3,0.653577,0.38744743323709097
2677,1,0.393569,0.5234843753893724
2678,4,0.529623,0.33104934915607365
2679,2,0.152098,0.11216912995604111
2681,5,0.210827,0.39913462504489794
2682,4,0.045217,0.2045722529512508
2684,2,0.449279,0.38527448977543916
2685,5,0.999844,1.0407406529734002
2686,4,0.068497,0.05774545576353396
2689,2,0.533345,0.3689010341025205
2691,4,0.994508,1.0225177448510758
2692,4,0.066539,0.26903825956426497
2693,1,0.117401,0.11558312838783114
2694,3,0.424746,0.44839060071352865
2695,4,0.078328,0.030088917997318332
2696,3,0.051809,0.13612092384414703
2697,5,0.99572,1.0444233512056131
2698,1,0.377408,0.47345509791643337
2699,2,0.587594,0.2476920229292034
2700,1,0.093203,0.1514647140719601
2703,1,0.365513,0.2968799724815462
2704,5,0.001238,0.0
2705,4,0.145825,0.32131065037639406
2706,5,0.367912,0.36806952371321106
2707,2,0.995367,0.912782523728167
2709,5,0.110512,0.1279110230136682
2710,3,0.697079,0.5880415140317978
2711,3,0.536418,0.3725223396513304
2713,2,0.449286,0.29760134203954114
2714,4,0.648872,0.47751387298279974
2716,4,0.828109,0.5255404267329666
2717,1,0.56115,0.3448944701344995
2718,1,0.799044,0.7180860979068793
2719,2,0.096611,0.1844857442427979
2720,3,0.251006,0.30219559212278013
2721,3,0.217933,0.35684898086115285
2722,2,0.302861,0.32716316302622955
2723,5,0.191169,0.25470821472406596
2724,5,0.074342,0.22164091455863086
2725,1,0.475539,0.31187046347110847
2726,3,0.531557,0.5595961448738074
2727,3,0.821283,0.5834019496448692
2728,3,0.279362,0.29888200076199994
2729,1,0.331092,0.3133604667841924
2730,5,0.068234,0.10489281393124161
2732,4,0.811438,0.46086286053046804
2733,5,0.463595,0.3363425223601278
2734,5,0.498031,0.36686470478159505
2738,1,0.818751,0.5886347895903185
2741,3,0.178196,0.23379688864599762
2743,2,0.134328,0.2907875136193314
2744,2,0.196246,0.32367389174689065
2745,1,0.306365,0.3587766707811445
2746,3,0.977861,0.7995921937117594
2747,2,0.018932,0.0
2748,3,0.011829,0.062386119696354936
2749,4,0.666125,0.4502711107417442
2750,4,0.032297,0.08425263921186743
2751,4,0.600286,0.3953439270355689
2753,2,1.0,1.4955575199982807
2754,3,0.255713,0.32262233641622784
2755,4,0.196759,0.3528044981910483
2756,3,0.317563,0.4322884995235969
2757,2,0.240451,0.332880149913006
2760,1,0.072599,0.13706818977672203
2761,3,0.808179,0.5360063305876385
2762,5,0.367238,0.20156827927110332
2764,5,0.860542,0.5149657689598517
2765,5,0.170249,0.35473813287592393
2767,3,0.829448,0.5089261892348963
2768,5,0.968146,0.8500998066142196
2770,4,0.272967,0.2739034628532425
2771,5,0.086314,0.29867648301952665
2772,5,0.656558,0.6487122371808545
2773,1,0.634628,0.5931151169161741
2777,3,0.880011,0.7389475045353762
2778,4,0.168037,0.2848270231716362
2779,3,0.5509,0.3748822041456834
2781,3,0.708157,0.3924892399992176
2782,2,0.706669,0.5694113948158694
2783,3,0.993315,1.0239648025162904
2786,2,0.179827,0.2839847526835876
2787,3,0.800057,0.5939783497627695
2788,1,0.106165,0.16728473793343285
2789,3,0.292832,0.4290942496951462
2790,3,0.803297,0.5069571235899586
2791,2,0.418645,0.4441906846897301
2792,4,0.55866,0.5267021901071343
2793,2,0.801716,0.6189673940070752
2794,5,0.39289,0.2345496179360409
2795,1,0.617392,0.5399314246059348
2796,2,0.190049,0.28685961956577
2797,2,0.072663,0.2651961200200943
2799,4,0.26242,0.3731558339887273
2800,1,0.395457,0.26280686373970596
2802,1,0.594765,0.5421734213971772
2803,1,0.277165,0.24436124724113273
2804,1,0.226079,0.2760553788580811
2805,1,0.427876,0.3703573190620362
2809,2,0.415618,0.2805280346031812
2810,2,0.634309,0.6197184721399309
2812,4,0.589222,0.467762981951839
2813,1,0.038517,0.08747805364863731
2814,5,0.668139,0.5844897570902785
2816,1,0.999288,1.0998184584449422
2817,5,0.222939,0.1668117194992335
2819,5,0.184511,0.4487144985903046
2820,2,0.17795,0.3699194786349162
2821,4,0.086876,0.17243347818050264
2822,3,0.388242,0.4746809517230189
2824,2,0.989986,1.0006671932191242
2826,3,0.277786,0.37312327218376484
2827,3,0.350325,0.36532086003530234
2829,2,0.238854,0.19087997576658167
2830,2,0.057135,0.15034494075116667
2831,4,0.708329,0.534734172523682
2833,4,0.105009,0.24237719566262103
2834,3,0.998242,1.0229695572607898
2836,5,0.996049,1.0316831162257811
2837,1,0.176306,0.21109256207703223
2839,2,0.58932,0.4203384746823922
2840,4,0.526424,0.5077700712763313
2841,2,0.999162,1.0046938002897488
2843,4,0.089052,0.24161889358303454
2844,4,0.214087,0.2098223166582624
2845,1,0.847141,0.6288507842126461
2846,2,0.815259,0.7297199826451658
2847,4,0.12022,0.24921088016200485
2848,5,0.805049,0.5247853673088796
2850,2,0.363508,0.45114827064844915
2851,3,0.387545,0.5920582829268557
2852,2,0.041235,0.1560272056560681
2853,5,0.337241,0.3044771928836843
2854,1,0.512376,0.40988665205949887
2855,4,0.637364,0.48823156659418376
2856,3,0.999487,1.0378285550427577
2857,4,0.317073,0.47849167815635546
2860,5,0.218903,0.3306887143074971
2861,5,0.154098,0.3064697461043811
2862,3,0.789055,0.545952924473116
2863,3,0.02864,0.12356478828771483
2864,4,0.673063,0.518942443154272
2866,5,0.327234,0.36395815790075536
2867,5,0.302885,0.32109481225830283
2868,4,0.078376,0.14377853932771112
2870,2,0.108333,0.2937655412852731
2871,1,0.066425,0.12819229768416046
2872,4,0.761611,0.7907634112863144
2873,3,0.177932,0.39369755852917776
2874,3,0.304114,0.2829957076919274
2875,5,0.497078,0.34322251277062166
2876,2,0.294086,0.3910669541929209
2877,2,0.955963,0.8006655880109119
2878,5,0.103275,0.06435297676361806
2880,4,0.513199,0.35656626868262603
2881,1,0.689711,0.331629337554119
2882,4,0.150313,0.27562970885349786
2885,4,0.049793,0.21642447159517905
2887,3,0.204439,0.3863649413903828
2888,4,0.751354,0.5890493972887526
2889,5,0.679999,0.5112286751649167
2890,2,0.275374,0.4064662874364559
2891,5,0.999381,1.090584362109296
2892,5,0.667378,0.5178537500884779
2893,3,0.058917,0.23170879431051486
2894,2,0.338587,0.4015371985859809
2895,5,0.762136,0.4985380175406107
2896,5,0.42167,0.360970135004558
2897,5,0.998956,1.1127690729912887
2898,5,0.094387,0.24486966792648515
2899,3,0.196036,0.2581290474800233
2900,3,0.180116,0.20649387863126595
2902,2,0.336941,0.405732613893057
2903,1,0.492071,0.5579016047641163
2904,4,0.202175,0.2919727013855587
2905,1,0.272909,0.4731792218116287
2906,3,0.576273,0.526031582663282
2907,2,0.868357,0.698561180731319
2908,1,0.006726,0.0
2909,3,0.489464,0.477025623670329
2910,5,0.470876,0.5474147592733664
2911,1,0.165821,0.309251346457754
2912,1,0.732107,0.6038518872468875
2913,4,0.327776,0.27754657685958983
2915,1,0.9992,1.152526160701495
2916,3,0.56071,0.43614542522426225
2917,3,0.70658,0.29895265414072786
2920,4,0.631326,0.6014949786013376
2921,2,0.373853,0.4427038837223878
2922,5,0.155307,0.23070137561382284
2923,4,0.163942,0.26380699940757235
2924,5,0.551001,0.40822212857314943
2926,2,0.156828,0.42935560435325676
2927,2,0.202795,0.34233614010140456
2929,5,0.878704,0.7713479903387896
2930,1,0.289047,0.47926953930926014
2932,5,0.434216,0.4081666196522397
2933,1,0.426729,0.29537127654685297
2934,4,0.998591,0.9987857969009961
2935,2,0.532681,0.23630317609357704
2936,5,0.070748,0.20168127519235587
2938,3,0.099451,0.0
2939,4,0.2263,0.2186354924365277
2940,4,0.996173,0.9718396218033112
2941,4,0.157107,0.29643065816183667
2942,4,0.579115,0.38603012945851467
2943,2,0.196815,0.3871579932241314
2944,1,0.260382,0.2970554489224764
2945,1,0.185647,0.31203344783635206
2947,1,0.049697,0.1436906497832668
2948,4,0.529456,0.5522989236458878
2949,5,0.89142,0.5935919145331652
2950,5,0.536988,0.4938175700302613
2951,3,0.035197,0.1651749351095625
2954,5,0.252479,0.3274536615115667
2956,1,0.99308,1.0232922289159703
2957,1,0.322647,0.38399872795753487
2958,4,0.216227,0.3075099462946038
2959,3,0.395001,0.4627846921448748
2960,4,0.139567,0.28072456978900995
2961,2,0.341726,0.4479673766288596
2962,2,0.759325,0.41614540022618346
2963,3,0.046751,0.15630313214680935
2964,3,0.555487,0.5664028444224034
2966,1,0.198257,0.2577357724404771
2967,3,0.551862,0.5126728194954351
2968,4,0.519897,0.40473020296748197
2969,1,0.082009,0.09335347863117649
2970,3,0.109924,0.19812580611831038
2971,1,0.394829,0.3995454416178662
2972,5,0.282014,0.4301330093802451
2974,1,0.327928,0.2887086135363548
2975,4,0.795994,0.6687575515724186
2976,2,0.999995,1.2791087841591926
2977,3,0.613152,0.6129549772053984
2978,1,0.060833,0.18667329500635713
2979,2,0.314099,0.31977990426476277
2980,2,0.077864,0.2408184790290483
2981,4,0.153259,0.35885099157106115
2982,4,0.259382,0.16056916052571507
2984,2,0.745073,0.5251236585922282
2985,5,0.114268,0.10059089376887853
2986,1,0.374069,0.39388820213815057
2987,5,0.999916,1.1524926937184443
2988,1,0.023835,0.12100408814093883
2990,2,0.42015,0.5007696579401907
2991,2,0.247532,0.2810949374324706
2992,1,0.998264,1.0398160184897716
2996,3,0.037318,0.07951581436566135
2998,5,0.110114,0.20290760919864895
3001,5,0.646279,0.6661161291508301
3003,4,0.999725,1.1307772184144056
3005,2,0.073726,0.20447038886477792
3006,2,0.996838,0.9571523283864299
3007,5,0.596083,0.46959849288651356
3008,4,0.207555,0.3325247972302299
3009,2,0.312914,0.39771453848779115
3011,3,0.592521,0.30111735997820177
3012,2,0.575432,0.3230040302670752
3013,5,0.849022,0.6263941272221718
3014,5,0.427906,0.46180978317038
3015,1,0.999346,1.1736270459765668
3017,3,0.453245,0.4957513555701153
3018,4,0.453373,0.5320242238500277
3020,4,0.41371,0.3949920251435093
3021,2,0.106479,0.02191584301234506
3022,5,0.296288,0.29358347579242017
3023,5,0.092403,0.17415766460435994
3024,4,0.665657,0.5413067105443656
3025,1,0.239968,0.23017962190904537
3027,1,0.8571,0.6016369673597601
3028,4,0.220041,0.47482415345903234
3029,3,0.990046,0.9455500381635815
3030,4,0.1722,0.3467892281202422
3031,3,0.284717,0.4383698432414599
3032,2,0.493552,0.4489506624592612
3033,1,0.024781,0.11651278032069295
3034,3,0.997988,0.9905803342981592
3035,1,0.355932,0.31928952781075215
3036,2,0.292602,0.35580980322194183
3037,2,0.257567,0.2842587095210648
3038,3,0.815173,0.6565194141250017
3039,1,0.238973,0.36815644056844965
3040,1,0.998981,1.0408154187091503
3041,4,0.77981,0.7105275311208237
3042,5,0.171656,0.2351023391405895
3043,1,0.820814,0.7402263304710488
3044,2,0.065166,0.29661844156971984
3046,4,0.414461,0.28202161714589546
3047,1,0.449503,0.3454011723659672
3048,1,0.153476,0.23492796750566647
3052,1,0.381009,0.39026987974150384
3053,3,1.0,1.5733015882040648
3054,2,0.613704,0.47270305304329596
3057,3,0.27384,0.5354196779621313
3058,2,0.158467,0.38636199797327325
3059,3,0.823474,0.4091157164316597
3061,3,0.193469,0.4307003022915602
3062,2,0.083676,0.20951927189868846
3063,1,0.048934,0.12263945125052061
3064,2,0.377528,0.34301968147954043
3066,4,0.273286,0.16642685118906003
3067,2,0.242757,0.4502871712136544
3068,1,0.575054,0.45656491954510003
3069,5,0.064448,0.15549701808346483
3070,5,0.931765,0.6786336678057981
3071,3,0.0266,0.0878622209740747
3072,4,0.361196,0.5196490659393722
3073,1,0.082843,0.15337767838642552
3074,2,0.625968,0.36278649207237235
3075,4,0.292708,0.4597850537887031
3076,5,0.177678,0.22089991391338748
3079,2,0.770206,0.4737087194508033
3080,2,0.97068,0.7477817384524242
3081,2,0.707451,0.4584864920858445
3082,4,0.524841,0.46748825412302597
3083,1,0.243787,0.26286360304894635
3084,3,0.05532,0.07064173231628784
3085,5,0.024257,0.0041851232562375995
3086,1,0.24802,0.2719238555561292
3087,5,0.27171,0.2539875075355138
3088,5,0.436978,0.3995891554539855
3090,5,0.716463,0.5816121348228771
3091,2,0.526295,0.4796974648035954
3092,1,0.43901,0.5244941836845434
3093,5,0.835594,0.6215778902167036
3095,1,0.265562,0.28011218288047735
3096,1,0.532942,0.4511791379815704
3097,3,0.510676,0.45522269827585204
3098,3,0.647088,0.3871968386680619
3099,4,0.396117,0.38433041350534336
3101,1,0.298051,0.5237176559887429
3102,2,0.838695,0.604527249644685
3104,4,0.140673,0.30988206668423757
3105,3,0.099654,0.060210136728951646
3106,4,0.301142,0.4718381274267735
3108,3,0.719999,0.3601656697764791
3109,4,0.421718,0.5329382413415321
3110,4,0.352139,0.44651969744459874
3111,4,0.513738,0.4530089978667283
3112,2,0.999596,1.1119895071841848
3113,1,0.429601,0.47127327748010817
3114,3,0.767594,0.60342462367621
3115,4,0.995766,1.0509230123391018
3116,5,0.170818,0.46338983644532694
3117,3,0.263244,0.29766936491631835
3118,3,0.144374,0.3662121138559122
3121,2,0.441555,0.4714432192220521
3122,2,0.103957,0.25816750754951634
3124,5,0.998926,1.0032983748119042
3126,5,0.370751,0.353220356189873
3128,3,0.027004,0.2747346005651191
3129,1,0.288364,0.4736840371702226
3130,5,0.427832,0.5316110774892606
3131,1,0.725796,0.47460449057394183
3132,3,0.167978,0.25553739177948354
3133,1,0.290888,0.32496681310350317
3134,2,0.11875,0.3066479770653416
3137,1,0.999984,1.3112920988460757
3138,4,0.468359,0.42567059899261095
3141,1,0.194465,0.3349813397722781
3143,1,0.971627,0.745624216679623
3145,1,0.999998,1.3700201397435743
3146,2,0.730131,0.6595747842889197
3147,4,0.084362,0.2170431010620333
3148,4,0.297998,0.3015973537862533
3150,5,0.14475,0.44564018583809895
3151,4,0.055169,0.21413259659205472
3153,3,0.904122,0.7511973360286172
3154,4,0.702079,0.5943002474039971
3157,4,0.984246,0.8643530449141879
3158,3,0.585459,0.41995829434807996
3161,2,0.183637,0.06051394982734032
3162,2,0.458935,0.4304505279837085
3163,1,0.400929,0.41343403332703377
3164,2,0.294808,0.5074859369783107
3165,3,0.102033,0.3703320018838486
3166,3,0.132821,0.15145485014870824
3167,4,0.267615,0.2960155559863423
3168,1,0.749073,0.552817291343022
3170,5,0.066682,0.24777405923729112
3171,1,0.233062,0.38895715811354203
3172,4,0.087305,0.14925826307802464
3173,5,0.511407,0.4190366839998892
3177,3,0.786133,0.7306392682982339
3179,1,0.417467,0.424213422687648
3182,3,0.435515,0.39697950996170484
3184,3,0.087387,0.24411177497351266
3185,1,0.778716,0.5493572740793934
3186,5,0.616591,0.5247959496769561
3187,1,0.166314,0.22872121273947818
3189,4,0.653531,0.6075910210165474
3190,4,0.122433,0.19888770055106875
3191,2,0.294165,0.37375996975796183
3193,3,0.166939,0.22722986128643435
3194,1,0.486947,0.39156332322013476
3195,4,0.670174,0.4604072457435236
3196,4,0.101513,0.19057387214617577
3197,5,0.08288,0.2543705755490394
3198,3,0.358674,0.33165882050445683
3199,5,0.996613,0.9470503524237102
3200,1,0.307258,0.29769308672935774
3201,1,0.660102,0.45261855847832233
3202,2,0.196705,0.3277060314278313
3203,3,0.285996,0.32893289297002115
3205,3,0.192241,0.2648814992632951
3206,5,0.600822,0.418700967905078
3207,2,0.504554,0.3788419374462779
3208,5,0.675034,0.4027600855517413
3209,4,0.38584,0.4467989551981739
3210,2,1.0,1.67719788699435
3211,5,0.104973,0.24994378342288842
3212,5,0.345242,0.46334604781323335
3214,4,0.06849,0.21509831944785868
3215,3,0.57537,0.24671754341738225
3216,2,0.356006,0.496307234274628
3217,5,0.48792,0.47593549714557165
3219,1,0.6027,0.3119963975504908
3220,5,0.998037,0.9712957967082207
3221,3,0.316553,0.27321317884976826
3223,4,0.037418,0.05157076397551297
3224,5,0.64028,0.3932802888290663
3227,1,0.159435,0.2033606252231637
3228,4,0.157526,0.2753616060750598
3230,1,0.347385,0.455123015291004
3231,4,0.464883,0.5165874585163865
3232,5,0.327737,0.4244898143583679
3234,5,0.019275,0.0
3235,3,0.365909,0.4413665275624845
3236,2,0.993627,0.8540351085805211
3238,1,0.424439,0.4275741063076477
3239,3,0.200619,0.36027130382630707
3240,2,0.163595,0.1311360075798249
3241,3,0.246055,0.44291942302350684
3243,2,0.142114,0.21279581522913563
3244,5,0.012021,0.0
3246,4,0.06512,0.06708393849556282
3247,5,0.442375,0.4411514699793454
3248,4,0.310647,0.2529247968766145
3249,2,0.581921,0.38288458531685865
3250,5,0.514552,0.5287279358545313
3254,3,0.428319,0.4255982770760769
3256,3,0.106352,0.18077554408469
3257,5,0.424528,0.385667249298539
3258,4,0.823703,0.5382086312604316
3259,1,0.21447,0.2037234565302099
3260,1,0.739587,0.48994701071030144
3261,5,0.415969,0.5233465247664266
3262,4,0.128094,0.2604627892688268
3263,4,0.334698,0.18210668899390076
3264,5,0.228157,0.41396770792664533
3265,1,0.232711,0.24556940513700812
3266,2,0.333625,0.24294749597621296
3267,3,0.380346,0.39100996248945824
3268,5,0.187969,0.30754286656909813
3269,2,0.211934,0.36243602132864133
3271,1,0.074856,0.33099588749995873
3272,2,0.459092,0.4846555732586683
3274,2,0.195305,0.38183458439286466
3275,4,0.201904,0.40028302834149476
3276,5,0.100421,0.2402753901046668
3277,1,0.99734,0.9758408024650329
3278,3,0.68052,0.5158893832865077
3280,5,0.663842,0.6262451668665193
3281,1,0.692941,0.5961861013129879
3282,3,0.4708,0.33259983880924404
3283,2,0.114866,0.2793579245725797
3284,2,0.119041,0.10653896787370659
3285,5,0.785737,0.6172111053281769
3286,5,0.512136,0.5172912784230753
3287,1,0.037016,0.25154642285718015
3288,5,0.623108,0.40938246826778885
3289,5,0.761874,0.6734079969693689
3290,1,0.159632,0.2984516108971732
3291,4,0.776446,0.43014870324078824
3293,5,0.993666,1.0825375690717898
3295,3,0.999797,1.087973696952858
3297,5,0.250036,0.39455558010011244
3298,5,0.388434,0.3624129949856397
3299,5,0.102044,0.2693929832054457
3300,5,0.422443,0.4179701480997904
3301,5,0.775486,0.5848780051731677
3303,1,0.460704,0.3753994577720262
3304,4,0.627105,0.7412020417185978
3305,1,0.256765,0.3794903800809853
3306,4,0.102377,0.29435974316874414
3308,4,0.210769,0.26848704465882856
3309,4,0.00463,0.0
3310,5,0.023546,0.0057857417400689615
3311,4,0.159627,0.3293049087132925
3313,5,0.021156,0.0
3314,4,0.139587,0.39143067666901205
3315,2,0.244565,0.3533086489863642
3316,4,0.093458,0.13490665055895373
3317,3,0.489172,0.3921359077631793
3318,1,0.113523,0.23608143123572103
3321,5,0.291347,0.44329445848725296
3323,1,0.509935,0.47622270317068377
3324,5,0.806783,0.5605127527787016
3325,5,0.779529,0.6967300319914911
3326,2,0.180936,0.19418272362810643
3327,3,0.509386,0.38201231974167815
3328,1,0.630197,0.3320429110130422
3329,5,0.206093,0.3076685691160046
3331,4,0.045031,0.2938144523160269
3332,5,0.495719,0.5058452477518743
3333,1,0.165789,0.32617107531612266
3334,5,0.969097,0.8504204707537081
3336,5,0.999204,1.0378903593832791
3338,2,0.020329,0.09948525654280471
3339,3,0.473612,0.3635639027391236
3340,5,0.317347,0.3754060876278791
3341,3,0.31894,0.36562319133887
3343,3,0.180801,0.25606086780947723
3344,5,0.277405,0.2568961546246563
3345,4,0.044672,0.10328343311478688
3346,1,0.171588,0.3833778636131699
3347,1,0.074904,0.3639321451599473
3348,4,0.608006,0.6202233059396212
3349,3,0.483356,0.49974267576671094
3350,2,0.595706,0.35815870147842943
3351,5,0.999775,1.1016705858227565
3352,2,0.471423,0.43644795410344916
3353,1,0.195522,0.2560189826014698
3354,2,0.620544,0.42544204935692437
3355,4,0.862358,0.5944943305987712
3356,3,0.045348,0.16375237945930515
3357,1,0.999643,1.1572661822119559
3359,4,0.279942,0.41030562700990203
3360,1,0.842456,0.6806771798585316
3361,5,0.645646,0.47345778335339644
3362,5,0.463347,0.4832378995468442
3363,3,0.267661,0.41319701641412365
3364,4,0.479758,0.6135715925071317
3365,2,0.144518,0.28774002479980093
3366,4,0.125191,0.2564426937378177
3367,5,0.494155,0.530429011344338
3368,1,0.718394,0.44985815912952454
3369,4,0.558759,0.4452649614106438
3370,5,0.135753,0.1761394099157601
3371,4,0.953198,0.7450026963704793
3373,5,0.125851,0.22629479421493098
3374,5,0.090621,0.25203933759581254
3375,3,0.162426,0.42295183176037876
3376,3,0.998907,0.998264654066241
3377,3,0.099391,0.19964911794054135
3378,1,0.112634,0.282959370856367
3379,5,0.297923,0.5017885155042063
3380,4,0.350146,0.4702258851122179
3381,2,0.427672,0.6190905611781153
3382,2,0.896916,0.5632567784593212
3383,2,0.310804,0.39214525323908145
3384,2,0.656349,0.4246440330663737
3386,5,0.988308,0.8843509844322622
3388,4,0.447583,0.16585110048485946
3389,1,0.806901,0.7203256507072253
3390,1,0.998423,1.103765955650001
3391,4,0.329622,0.3689583476620584
3392,2,0.517146,0.464618093285196
3393,4,0.99364,0.9744758503282973
3394,2,0.464689,0.38064296804709163
3395,5,0.148655,0.206869391696123
3396,3,0.985543,0.7950838778206285
3397,3,0.140285,0.15552973412481425
3398,2,0.644029,0.22092892403739364
3399,4,0.242217,0.2922166158789825
3400,3,0.031347,0.0
3401,5,0.042552,0.05079351454135367
3402,5,0.392918,0.38389412709309045
3406,3,0.115051,0.19048375907720363
3407,2,0.170433,0.3562361973237623
3408,5,0.297018,0.3942720719154001
3409,2,0.733675,0.49074717632708287
3410,5,0.22917,0.2718684727448053
3412,1,0.070944,0.19508533606248749
3413,4,0.080497,0.08308653395469667
3414,3,0.19734,0.43174038816756344
3415,5,0.840011,0.6039399598404572
3417,1,0.428623,0.3239676019190156
3419,1,0.215919,0.3292960973558534
3420,3,0.839414,0.3227689411372501
3421,4,0.270534,0.20136983491551508
3422,1,0.031909,0.10203815341918793
3425,2,0.965302,0.7512240217613992
3426,4,0.257881,0.3052306715509483
3427,5,0.355237,0.20363818087496183
3428,4,0.096989,0.15118590580423769
3430,2,0.185436,0.2777977823000407
3431,2,0.89901,0.6674040251605726
3432,5,0.44904,0.428334798472057
3433,1,0.101104,0.28410903598550424
3434,1,0.153115,0.4604265616932745
3436,3,0.506035,0.3344603441430759
3438,1,0.197068,0.4195789163675662
3439,2,0.8179,0.7753804091555279
3440,4,0.657938,0.4295605991291558
3441,4,0.238579,0.26205670142546156
3442,1,0.184119,0.46260839118136304
3443,5,0.028821,0.14976616948002752
3444,4,0.071959,0.15268882152098684
3445,1,0.502277,0.4372157957978469
3446,3,0.154858,0.37295951593206705
3447,1,0.331722,0.3193541500420476
3448,2,0.346209,0.32169244410148445
3449,3,0.519483,0.36320304298840866
3450,5,0.545237,0.32601643380880935
3451,1,0.220035,0.2790965337094015
3452,2,0.784277,0.5279962778990113
3453,5,0.018908,0.04960477981790967
3454,1,0.800935,0.4200281440283405
3456,5,0.156296,0.3172547415912903
3457,1,0.39574,0.46997889056586867
3459,1,0.814324,0.5404278625117206
3461,2,0.008408,0.0
3463,4,0.008982,0.04187187022791444
3464,5,0.557838,0.47713257961337613
3465,2,0.6145,0.5181459105404795
3466,2,0.103743,0.23904758535013587
3468,1,0.571369,0.3967951921785439
3469,1,0.805862,0.6415532935719644
3471,5,0.7161,0.6056639707982944
3473,4,0.265089,0.5135287469528671
3474,1,0.251814,0.25527258142581183
3475,1,0.995318,0.9701164234975663
3476,4,0.157919,0.2802509407691959
3477,3,0.406581,0.4545427608790532
3479,5,0.999998,1.3623456779303154
3481,2,0.413678,0.5164998769662185
3486,4,0.708017,0.47208372911328433
3487,1,0.810464,0.5008776929973593
3489,4,0.635789,0.4324323686578071
3490,1,0.626991,0.6313880422639546
3492,1,0.815464,0.5452117064811267
3493,1,0.591109,0.5125176178108599
3494,4,0.189011,0.28417069265683265
3495,3,0.017666,0.08488126648522903
3496,3,0.191305,0.3048556611599975
3497,2,0.293794,0.4398358834490937
3498,2,0.385486,0.3662577090447944
3499,4,0.00709,0.0
3500,5,0.516506,0.48341453541620727
3501,3,0.999999,1.3459106779083267
3503,3,0.369802,0.46414674142858936
3504,3,0.775599,0.39600917478847275
3505,1,0.187693,0.2523505138554036
3506,4,0.859805,0.5538482029346802
3507,1,0.568807,0.46801346950530703
3508,1,0.66666,0.4819870677009904
3510,5,0.169838,0.21108675052973935
3511,5,0.126805,0.3535573889377879
3512,2,0.812691,0.49943573383199885
3513,4,0.019688,0.15245307255380275
3514,1,0.593703,0.4411372099099135
3515,2,0.562596,0.5107976076020085
3516,2,0.086524,0.17790452004156593
3517,4,0.202506,0.2710980540571427
3518,3,0.02493,0.07958543571153004
3520,5,0.313267,0.19558236565308434
3521,2,0.952756,0.7391740004231331
3522,4,0.4593,0.329861107094977
3523,5,0.197878,0.20918591428894842
3524,5,0.07831,0.09209021541759499
3525,4,0.206647,0.2525772852459639
3526,1,0.396237,0.41836069192698394
3527,5,0.254133,0.321037543601547
3528,4,0.275514,0.3077000676777523
3529,3,0.583877,0.45039351444137393
3531,1,0.101606,0.2594681581777555
3532,2,0.506073,0.5696993408616593
3533,4,0.032971,0.0
3536,2,0.358079,0.4228966245795477
3537,2,0.99935,0.9602249085338964
3538,3,0.320415,0.3169260059200425
3539,2,0.304095,0.41282673753757976
3540,2,0.56156,0.4850476249437665
3541,1,0.489452,0.5275922235712319
3543,2,0.220726,0.19174714262949666
3544,3,0.698323,0.5823319716369252
3545,3,0.131079,0.42229055692847417
3546,1,0.060602,0.11200088871938274
3547,2,0.052998,0.2147015687205788
3548,5,0.082916,0.28337473229014337
3549,5,0.861734,0.6766589356696762
3551,3,0.996413,0.9932347873020275
3552,3,0.1378,0.2835394101550919
3554,5,0.328524,0.5106373158068738
3556,2,0.558256,0.595669498036092
3557,3,0.999928,1.0951901354016937
3558,5,0.152831,0.28351442760958995
3559,4,0.788841,0.5647133503466518
3560,3,0.346851,0.37238832689932944
3561,1,0.999576,0.9172227985357773
3562,5,0.886121,0.4735855957401687
3563,1,0.126738,0.2870235979671361
3565,4,0.626291,0.3440479611521225
3566,3,0.947521,0.8482704529216687
3567,4,0.240862,0.2690625480640396
3568,3,0.837182,0.6112604607780101
3569,2,0.739963,0.6150490261325796
3570,4,0.64385,0.4132899397802146
3571,5,0.042739,0.0
3572,1,0.355288,0.44381694652879466
3573,5,0.178299,0.41328779889513084
3574,2,0.419965,0.40827958560861105
3575,5,0.066653,0.1730028815595727
3576,5,0.069872,0.2352778591782536
3577,4,0.065586,0.1629828125879486
3578,1,0.062372,0.16566399405442572
3579,1,0.07638,0.19218619157511974
3580,1,0.239578,0.24361809631664094
3581,3,0.76163,0.4238238205082932
3582,4,0.587273,0.5811090433435749
3583,3,0.794547,0.44411346444491134
3584,4,0.629553,0.4648529916423116
3585,5,0.361141,0.3191919432046642
3586,3,0.27409,0.3218220676671454
3587,4,0.305558,0.34409354153555505
3588,4,0.827479,0.5693325847172859
3589,2,0.145992,0.19593861377697297
3590,4,0.999997,1.376847908314868
3591,4,0.347644,0.3889411496533739
3592,3,0.089521,0.18003733706414995
3594,3,0.574961,0.5034995682173644
3596,2,0.176834,0.17829939364716313
3597,3,0.103034,0.3338092380940083
3599,1,0.34401,0.28143273837124577
3600,5,0.792542,0.59014945456792
3601,3,0.028955,0.06846474910260819
3604,3,0.817364,0.5427645440785551
3605,2,0.86613,0.5993147833561108
3606,1,0.737985,0.625214983923026
3608,1,0.10903,0.1112031079928455
3609,2,0.028808,0.052898678930400844
3610,5,0.595435,0.5090270458616063
3611,4,0.031221,0.18268868001646443
3612,5,0.074607,0.15945085077306803
3614,4,0.390165,0.3768014782145206
3616,5,0.477471,0.39037491984685585
3617,1,0.038687,0.12342383408581409
3618,2,0.13173,0.2717263752440724
3619,1,0.091713,0.36005167078474043
3620,1,0.255091,0.3021799267521831
3621,1,0.987378,0.8861014072541427
3622,4,0.349867,0.33671873205433234
3623,2,0.547713,0.492586194168825
3625,4,0.038587,0.16123553342722496
3626,3,0.000897,0.0
3627,3,0.0636,0.07439888877969442
3630,3,0.299939,0.333673439077783
3633,1,0.157312,0.15011316413989234
3635,4,0.161407,0.3221613833404583
3636,2,0.732605,0.44036321987931615
3637,1,0.66962,0.5304006148659253
3638,1,0.239705,0.4876949048453635
3639,5,0.445696,0.4047507511803622
3640,1,0.672469,0.6327571342677061
3641,2,0.744186,0.417136162221159
3642,1,0.815214,0.5459613091974178
3643,4,0.641604,0.3542659232353082
3644,4,0.845482,0.8158096587059127
3645,1,0.093934,0.2036244047732758
3646,4,0.357256,0.4317966363249123
3647,4,0.82631,0.579701486105731
3648,1,0.60109,0.47318122687499425
3649,3,0.239279,0.3874823876871335
3650,5,0.469883,0.5038721250619691
3651,3,0.174387,0.1781574497330977
3652,5,0.390342,0.3619136187106281
3653,2,0.35519,0.1592938541235896
3655,1,0.686647,0.5760601836588202
3656,2,0.285338,0.37232756945527706
3660,5,0.561296,0.5630217386757601
3661,2,0.038688,0.1625618802692005
3662,4,0.878583,0.7791311701256713
3663,4,0.104306,0.03114680592313529
3664,1,0.204729,0.25734946763621724
3667,5,0.904885,0.6539679044538933
3668,1,0.393308,0.4731606209499154
3669,5,0.31477,0.17510075257051244
3670,5,0.791695,0.6604575689262833
3672,5,0.575846,0.42712837802329384
3673,5,0.2398,0.3240298728045038
3674,2,0.961071,0.8322981248658371
3675,3,0.24587,0.366277792447212
3676,5,0.042894,0.0
3677,5,0.439096,0.22952218633726862
3678,4,0.16627,0.22215361231577518
3679,4,0.994732,0.9675806731298702
3680,3,0.136777,0.35726543962832513
3681,3,0.178713,0.24724525200807346
3682,5,0.067234,0.23628285812801364
3684,1,0.116374,0.2503472356519795
3686,5,0.01161,0.0
3688,1,0.811012,0.7198311813576164
3690,3,0.63807,0.651180842327868
3691,4,0.243323,0.18876194482310277
3693,3,0.46413,0.4686091829953091
3694,1,0.247429,0.4655606661750482
3695,5,0.321847,0.3315932897974382
3696,4,0.082807,0.33823109313343297
3697,5,0.270083,0.44265703745336327
3698,5,0.108815,0.26843743334094106
3699,2,0.178602,0.3409849197617762
3700,4,0.046488,0.21587132599937306
3701,2,0.382112,0.4562758275665115
3704,5,0.976766,0.765709677379876
3705,1,0.306221,0.2724763237194544
3706,5,0.145049,0.20251084095751476
3707,3,0.990537,0.9102288925546729
3708,2,0.02676,0.10500503089624136
3709,2,1.0,1.409518671891525
3710,4,0.179033,0.3233060783203375
3711,2,0.052719,0.0
3712,1,0.186886,0.36535453024607345
3713,1,0.245228,0.3181762907947896
3714,2,0.518169,0.4426051287425998
3715,1,0.278657,0.333431440753292
3717,5,0.590792,0.25643338432029783
3718,1,0.267798,0.30265436672588975
3719,1,0.02692,0.0846074200384182
3720,1,0.840507,0.5206218391106626
3721,4,0.137724,0.2281677495643595
3722,2,0.665299,0.5529137287392055
3723,3,0.73469,0.5986290986248058
3724,3,0.072333,0.11522890195916602
3725,5,0.269357,0.3208288817031915
3726,4,0.085137,0.11947353140286626
3727,3,0.735785,0.5995628691768435
3728,1,0.844191,0.5551241524107008
3729,1,0.190759,0.3204981616181765
3730,5,0.425641,0.26298330773986034
3732,2,0.190174,0.26311806992649095
3733,4,0.034755,0.12427976933041801
3734,2,0.077813,0.21783586301917068
3735,2,0.793939,0.659063873687463
3737,1,0.166737,0.37856572480062955
3739,2,0.368186,0.3900564256326622
3740,3,0.307195,0.3965449920720469
3741,5,0.073524,0.17103306014784941
3742,1,0.190344,0.31790807188294756
3743,2,0.571403,0.5720517650809899
3744,5,0.158469,0.40513721487175863
3746,5,0.783335,0.3507459585349173
3748,2,0.016331,0.0
3749,5,0.492751,0.427956648497376
3750,4,0.068745,0.1430913816381899
3751,2,0.992251,0.8705919469167372
3752,3,0.14967,0.33503654069560646
3753,4,0.174183,0.2555525804420909
3754,5,0.030015,0.18156912115982587
3755,3,0.113295,0.09157918146274563
3757,2,0.518231,0.36947850775152896
3758,3,1.0,1.4411071862620122
3759,2,0.091345,0.050261451994102035
3760,3,0.093559,0.2372969754209958
3761,2,0.693627,0.36447016415593997
3762,3,0.705595,0.3593503974616647
3763,1,0.3855,0.2872491117479281
3764,5,0.063441,0.1703914802668886
3767,1,0.420241,0.43674846835816505
3768,2,0.236177,0.35086913682346893
3769,2,0.227646,0.4001720064743811
3770,1,0.596844,0.5491950945705275
3771,1,0.522562,0.5271751336647079
3772,5,0.01341,0.0
3773,5,0.482343,0.5579409724862522
3775,5,0.081562,0.2520855371224826
3776,2,0.291376,0.36228461722498073
3777,5,0.605281,0.48825453911959704
3778,4,0.764544,0.48099643933184516
3779,1,0.695664,0.553629404414496
3780,4,0.29489,0.5246386084597682
3781,3,0.461953,0.379224106616116
3783,5,0.395641,0.26578965120616027
3784,1,0.26016,0.40467457166187615
3785,3,0.126143,0.38366018284193626
3786,2,0.329085,0.35345859663511936
3787,2,0.301797,0.34718391086710104
3788,2,0.070074,0.2067365622536786
3789,5,0.022579,0.0
3791,5,0.083315,0.13394152799444065
3792,2,0.850089,0.6807662895666571
3793,5,0.7888,0.7107491407796658
3794,3,0.022228,0.11214056071540063
3795,1,0.035844,0.1760084096298977
3796,2,0.124713,0.34452829597451584
3797,5,0.437574,0.46701376756471
3798,1,0.994964,0.9959990908188143
3799,3,0.436444,0.34099412109488375
3800,3,0.591448,0.5744953816365119
3801,4,0.995841,0.998713328662288
3802,3,0.125444,0.20287805716141968
3803,1,0.697089,0.5335842919190329
3805,3,0.213949,0.017717130744350662
3806,2,0.426876,0.4758166328042208
3808,3,0.739687,0.43504508947796666
3811,1,0.135789,0.19954593196887455
3812,1,0.035806,0.09985687327866871
3813,3,0.301623,0.3266140182348548
3814,2,0.185382,0.38183250280186526
3816,1,0.876799,0.48489040098212643
3817,5,0.107381,0.2829648540906174
3818,5,0.550488,0.3289204375116832
3819,5,0.398839,0.35943540271816854
3820,1,0.306717,0.38203132792695654
3821,3,0.08079,0.24644511408627529
3822,1,0.683495,0.4461245803437498
3823,2,0.670774,0.660641423614783
3825,1,0.666309,0.42104428341225164
3826,1,0.50361,0.41062545337980405
3828,2,0.413832,0.39269447758039067
3829,5,0.037402,0.02617760243643985
3830,1,0.034141,0.18826614333517774
3831,1,0.393764,0.3336702125086138
3832,3,0.337825,0.416982091602654
3833,4,0.865636,0.707912043514312
3835,4,0.869366,0.5177875624952802
3836,4,0.693941,0.6405852667672634
3837,5,0.040795,0.02834526078613786
3838,4,0.214796,0.28496739669801796
3839,1,0.125544,0.19615322024934556
3841,3,0.173499,0.306315607182843
3842,2,0.219818,0.23319723869746264
3843,2,0.022525,0.07262681458288023
3844,1,0.150534,0.2570531668163834
3845,1,0.080026,0.2899580262187521
3846,3,0.133441,0.1635923478603924
3847,1,0.545758,0.5730268442275598
3848,2,0.724144,0.5637731395121895
3849,2,0.075459,0.11304275721309731
3850,3,0.372845,0.36744701828813575
3851,2,0.636379,0.352381796952732
3852,3,0.451484,0.3930789166693181
3853,3,0.288263,0.5488887827675094
3854,1,0.378939,0.3679808232022894
3856,2,0.22482,0.3223532137603031
3857,3,0.247176,0.2620055363204953
3858,3,0.046917,0.0
3859,5,0.572364,0.35328405332598395
3860,5,0.016804,0.11349250221715673
3861,3,0.37734,0.4544159055443163
3863,4,0.752287,0.46478482255874964
3864,3,0.015173,0.0
3865,3,0.301187,0.2771180809333907
3866,4,0.97509,0.8041685093643907
3867,2,0.449226,0.5275915585780251
3868,3,0.994464,0.9907848271192754
3869,5,0.195514,0.3872239619145318
3871,1,0.466634,0.4092743226979825
3872,4,0.993327,0.9183699505858134
3873,2,0.12848,0.16037054463690092
3874,2,0.448632,0.5452962111945927
3875,4,0.49993,0.49486525934016584
3876,1,0.087018,0.08789458001622402
3879,1,0.437383,0.3389242090940258
3880,1,0.166507,0.2552126787356732
3881,2,0.825318,0.6562111503185364
3882,4,0.042547,0.07304664282633272
3883,4,0.187731,0.2219869526410002
3884,5,0.134859,0.2682796296993252
3885,2,0.999589,1.0656409018536679
3886,2,0.478383,0.44935699141814783
3887,5,0.843021,0.6225132747482398
3888,2,0.997327,0.9324161493122332
3889,4,0.560561,0.42422027327436346
3890,3,0.60822,0.3506817609939647
3891,4,0.356658,0.5057602550015378
3893,2,0.995638,0.9970939257753186
3894,5,0.999968,1.274942225892047
3895,1,0.147809,0.27449549468302453
3896,3,0.504183,0.5212259574290672
3897,1,0.081581,0.07474637804171336
3898,2,0.983174,0.8800851361735806
3899,2,0.016489,0.14876055001316646
3900,4,0.135021,0.26981024674899295
3901,1,0.230803,0.3824712382291349
3902,1,0.554399,0.4790827838240572
3903,2,0.365933,0.23553891370052993
3905,4,0.842293,0.4804483679456108
3908,2,0.70707,0.4760560406817128
3909,2,0.767516,0.5249210094881722
3910,4,0.32524,0.3762125514110573
3911,2,0.336674,0.38295518692950714
3912,5,0.325862,0.191227837008788
3914,5,0.226787,0.3233564857332738
3915,3,0.961118,0.8174425024588284
3916,5,0.469752,0.5055655209234814
3917,1,0.073793,0.2545646260951521
3918,4,0.413027,0.24427775292855644
3920,3,0.115172,0.19725210471983745
3921,4,0.188804,0.27805005717686276
3922,4,0.235046,0.27679997130690304
3923,4,0.312463,0.18760189871821512
3925,2,0.165032,0.26893168409785895
3926,1,0.366393,0.36924141333638716
3927,4,0.071313,0.16212589300782138
3929,1,0.237399,0.29182386949056704
3930,4,0.320922,0.3088049504366792
3931,3,0.061235,0.15181324458525797
3934,5,0.347161,0.3839330008198308
3935,2,0.336199,0.40980532595554653
3936,3,0.120529,0.25830851106005936
3937,4,0.152597,0.3162104537756263
3938,1,0.075312,0.23025925647807116
3939,3,0.570149,0.5496371228997122
3940,3,0.310045,0.3349211367173266
3942,1,0.084539,0.12215403416777165
3943,3,0.071353,0.22929894978784798
3944,2,0.676185,0.4583520804290341
3945,2,0.554497,0.5188342094173535
3946,4,0.559211,0.5241849571650122
3948,2,0.771435,0.5385978131187399
3949,4,0.152729,0.396580958958474
3950,5,0.272773,0.30669317735281465
3951,5,0.218522,0.4184674316886357
3952,3,0.563209,0.5386892246115818
3954,3,0.252245,0.5566051606954916
3956,1,0.830102,0.5042748844159679
3958,1,0.588925,0.5289394218132979
3959,3,0.362689,0.46855085358316056
3960,2,0.126469,0.20298834292131546
3961,5,0.086687,0.17327665748327037
3964,5,0.999906,1.1795224950400311
3965,3,0.073496,0.23955836228962513
3966,4,0.083875,0.008167028018002453
3967,4,0.531562,0.416414929981973
3968,4,0.816004,0.7109917204977161
3969,2,0.438595,0.449706431421637
3970,2,0.326858,0.1816145242225119
3971,3,0.839411,0.716315755029058
3972,1,0.307618,0.3086831642436273
3973,2,0.07389,0.0864705954278206
3974,1,0.071189,0.09560266980253884
3975,3,0.247688,0.28467707464289443
3976,3,0.096859,0.10338227974903769
3979,3,0.428165,0.4844377709967367
3980,4,0.053398,0.1174896385892073
3982,5,0.131975,0.25200162676600313
3983,5,0.604652,0.35682356725644243
3985,3,0.080869,0.3331038849428249
3986,4,0.456115,0.49624972912904664
3987,4,0.983572,0.9833797173288275
3988,3,0.392489,0.5497226909699843
3991,2,0.665058,0.43794631763446784
3992,4,0.473514,0.34469021275218836
3993,3,0.166146,0.29419669951762933
3994,3,0.038399,0.23231093427982585
3995,5,0.364714,0.38614818292337166
3996,3,0.1395,0.10323923649134698
3999,1,0.636837,0.47899965181294163
4000,1,0.286674,0.2125572687406644
4001,3,0.173454,0.25936861258105604
4002,5,0.041872,0.0
4003,3,0.562038,0.5881819466727568
4004,1,0.999998,1.3904623000347607
4005,5,0.375211,0.2448591614051133
4006,1,0.273932,0.23716154196604522
4007,5,0.29244,0.37931396981318083
4008,1,0.998809,1.019602711452035
4009,3,0.725314,0.3464943037240371
4011,1,0.200159,0.21512758172631113
4012,2,0.21371,0.2946298349620961
4014,3,0.565064,0.41511432914164326
4015,1,0.479248,0.37340696742423435
4016,4,0.784437,0.6453545613956239
4017,1,0.85054,0.5882664409738576
4018,3,0.176974,0.29534351092482153
4019,1,0.21458,0.3378621779083647
4021,5,0.398529,0.4031126203141881
4022,4,0.051869,0.25271277934706354
4023,4,0.447134,0.4429941431642345
4024,1,0.176142,0.3534772014135411
4025,2,0.483152,0.45728983085169045
4026,4,0.06445,0.24364672980493107
4028,3,0.522293,0.45819544237554966
4029,4,0.12239,0.21408900400579378
4031,5,0.053834,0.003332714244829671
4032,4,0.213238,0.15364164581300177
4033,5,0.224728,0.29085296021844953
4034,4,0.996031,0.9313783484000064
4035,5,0.233722,0.3041819760007507
4037,3,0.77323,0.34945041576412716
4038,1,0.215708,0.3087301506423772
4039,5,0.120844,0.1839802586199339
4040,5,0.22924,0.3246671525860298
4041,2,0.069574,0.1191527589633477
4042,2,0.195382,0.3279346063869347
4044,3,0.101623,0.11455749211877003
4046,1,0.317886,0.4074565027729329
4047,4,0.237708,0.3558464809439094
4048,1,0.090951,0.207238472495516
4049,2,0.198514,0.1709698861189437
4050,2,0.138696,0.21840211279184138
4051,3,0.153464,0.04885457348514205
4052,2,0.006719,0.0
4053,5,0.125782,0.07378928192669665
4054,1,0.261244,0.38074631009718735
4058,1,0.19911,0.36611503962880226
4059,5,0.539723,0.3425176621156587
4060,4,0.999004,1.046195334137422
4061,1,0.203637,0.2664510743281194
4062,5,0.765479,0.44015584896818877
4063,2,0.750012,0.7016202822241586
4064,1,0.013673,0.0
4065,3,0.303377,0.16160580699958027
4066,2,0.069352,0.2480621852023001
4067,4,0.602457,0.4347845372229668
4072,2,0.84516,0.5595046456865529
4073,1,0.013915,0.002990512121041067
4074,5,0.708817,0.5675805621464209
4075,3,0.58711,0.2916542019805544
4077,3,0.359327,0.413297300651449
4078,3,0.064871,0.25868184624548085
4079,4,0.797562,0.6416662063889438
4080,4,0.014656,0.0
4081,3,0.514877,0.43513258944812044
4083,4,0.998366,1.0554320426347479
4084,2,0.094432,0.3202492226169774
4085,3,0.087814,0.25350289420963684
4086,1,0.847206,0.6403329784439478
4087,5,0.896492,0.6822761269642231
4088,4,0.290098,0.4421875947899129
4089,1,0.599442,0.35846603126241583
4092,3,0.601311,0.32853419202515355
4093,4,0.68393,0.5805321009864112
4094,5,0.508816,0.30730368514098955
4095,4,0.129857,0.27513987165890774
4097,5,0.306325,0.17122014020397902
4098,2,0.335161,0.5907080472318973
4099,5,0.257263,0.18767392932964472
4100,3,0.363583,0.3489810629090455
4101,2,0.996001,0.9525182343091637
4103,1,0.192626,0.2933457258548475
4104,5,0.546783,0.5532510131063368
4105,5,0.848667,0.577272167885752
4106,5,0.104834,0.2553159436959932
4107,1,0.293466,0.3674784972326074
4108,5,0.235408,0.2702869355283455
4109,2,0.122924,0.31166181515307534
4110,1,0.19,0.3363111350238338
4111,4,0.193437,0.37041704153114635
4112,1,0.390221,0.38717997171688245
4113,5,0.594875,0.5869386221368245
4114,5,0.651531,0.49352210991585144
4116,2,0.190623,0.30004477839975985
4117,3,0.210142,0.26688643353120406
4118,2,0.156879,0.3304407265674806
4121,3,0.506928,0.4349472583164487
4123,2,0.554078,0.4321008830964602
4124,3,0.307961,0.44077824637817903
4125,2,0.351974,0.21118948921157427
4126,4,0.991216,0.8613704685122595
4127,2,0.372477,0.3572132522451212
4128,5,0.017141,0.06553685872422021
4129,5,0.369005,0.46093603883400636
4130,4,0.101306,0.3396737245368122
4131,5,0.400015,0.4277435043001853
4132,4,0.133771,0.1951727038171704
4133,2,0.358574,0.31684489764398854
4134,3,0.586687,0.30506366096455356
4135,1,0.383034,0.4456151567587946
4139,5,0.125782,0.33349312850394897
4140,3,0.414694,0.48396104532453066
4141,5,0.086187,0.25385790098119115
4142,5,0.227003,0.37168374053499215
4143,5,0.100106,0.2904284110360291
4144,5,0.791853,0.5522345534679409
4145,4,0.596381,0.5330632550556715
4146,2,0.345814,0.3230028896848052
4149,3,0.525292,0.4885916149505522
4150,4,0.3301,0.5989737557818329
4152,2,0.064075,0.21686179253138957
4153,1,0.868426,0.7870773653062313
4154,1,0.146914,0.3175642105371036
4155,5,0.197693,0.37071493211780066
4156,4,0.457625,0.3253137239053979
4157,5,0.188378,0.33138331249723435
4158,4,0.408944,0.426959622981516
4159,3,0.880918,0.4561490845036069
4160,5,0.625771,0.5436504770499961
4161,5,0.194683,0.3595648107804389
4162,5,0.302505,0.4119227408869446
4163,5,0.29574,0.3004162581535002
4164,1,0.051551,0.1797939124165528
4166,5,0.402936,0.3846023452880303
4167,5,0.153743,0.31854882316234
4169,4,0.047658,0.12330934173305436
4170,5,0.053815,0.14933843138797803
4171,3,0.425414,0.5073345510531398
4173,5,0.02054,0.14677878222216023
4174,2,0.796889,0.5042523461762325
4175,4,0.544076,0.5832339363528259
4176,2,0.121046,0.20380017236781098
4177,4,0.075238,0.24143772153337278
4178,2,0.915886,0.7545172370449142
4179,5,0.633191,0.5517630984238042
4180,3,0.05962,0.17722749129362514
4181,4,0.618909,0.5118015357036897
4183,5,0.722934,0.4502774198255615
4184,5,0.39833,0.23217914319238592
4185,4,0.277849,0.32143182379882007
4188,5,0.966327,0.7724136179907739
4189,2,0.78728,0.6207201811058222
4190,1,0.159057,0.27462059279284506
4194,3,0.112458,0.21043631897053883
4195,5,0.078985,0.17738487619414767
4196,3,0.303996,0.3347686643942163
4197,4,0.078928,0.2227340306599651
4198,4,0.28989,0.4565719229491211
4199,4,0.549548,0.4360182437349589
4200,3,0.997027,1.0780837570274067
4201,4,0.240808,0.32195474310311056
4202,2,0.237872,0.44648422467454735
4203,3,0.811414,0.47661412956896054
4204,5,0.156934,0.37356228109705986
4206,3,0.886752,0.722644012368794
4207,2,0.785061,0.4852434010654637
4208,3,0.038095,0.06940228530521725
4210,2,0.964834,0.8094440501248704
4212,2,0.995874,0.9408561953788982
4213,1,0.387602,0.4336194891047731
4214,2,0.397736,0.3740687162982402
4215,1,0.999378,1.0862590819614908
4216,2,0.166727,0.2442463533876049
4217,1,0.692517,0.44739067299937907
4218,2,0.734504,0.47112894482443185
4219,1,0.056641,0.0
4220,3,0.093875,0.24990329865097555
4221,1,0.370219,0.3827942001249462
4222,4,0.216831,0.2081950933282897
4223,5,0.839865,0.7533573767449293
4224,2,0.303517,0.29767415723054014
4226,2,0.366018,0.3017372820936349
4227,1,0.05823,0.12748867548509385
4228,5,0.529958,0.4719896644925057
4229,3,0.351711,0.47608058949986287
4230,4,0.115629,0.23305094017835476
4231,5,0.579846,0.5464520364719316
4232,3,0.138732,0.28252501545311337
4233,4,0.221887,0.18059154373508546
4234,3,0.234942,0.21968506154077516
4236,5,0.038376,0.08235088360770548
4237,4,0.148747,0.19373328421630884
4238,5,0.129201,0.374273992042272
4239,3,0.299048,0.3952451914291229
4241,5,0.249998,0.34086338743610123
4243,5,0.566181,0.4324370411440921
4245,4,0.090206,0.15777822794577595
4246,4,0.978463,0.7715874214835625
4247,4,0.053156,0.21704826427128995
4248,2,0.086007,0.24388785799912524
4249,2,0.76739,0.6742092718899432
4250,2,0.248787,0.32879357904427076
4251,1,0.419267,0.495938050849775
4252,2,0.090176,0.21302158846330269
4253,2,0.990337,0.959418003795771
4254,2,0.586255,0.4560973343200177
4256,2,0.869686,0.458202229371387
4257,2,0.747105,0.4918630731619653
4258,4,0.705728,0.48140297610244853
4259,2,0.01301,0.023139190783137198
4260,5,0.81803,0.5196908409447311
4261,1,0.038103,0.19704441417590599
4262,3,0.029844,0.001087191036143631
4263,2,0.306127,0.3285725756699267
4264,2,0.577969,0.4720973843078316
4267,1,0.307753,0.40228398454112557
4268,4,0.963376,0.7932511209591488
4269,1,0.217886,0.20226527345984974
4270,4,0.26941,0.3854167914630045
4271,4,0.182977,0.4664301103867564
4272,5,0.450605,0.28404199781861766
4273,1,0.657848,0.5166547766707363
4274,1,0.189755,0.32863373935267615
4275,1,0.136918,0.35839082506599124
4276,2,0.27127,0.2633330256082281
4277,4,0.03693,0.07824818068580408
4278,1,0.884543,0.5704830779674104
4279,4,0.697137,0.4738959646014259
4280,3,0.827222,0.633465963353934
4281,5,0.309956,0.34850120150674485
4283,2,0.717398,0.5259384855150873
4285,2,0.208541,0.3414728930926868
4286,3,0.250081,0.2956233147077998
4287,3,0.557799,0.4244481871093232
4288,5,0.574357,0.508900859619574
4289,2,0.34996,0.26237974924466856
4290,3,0.409973,0.44903349772632123
4292,1,0.388664,0.3904042826920111
4293,1,0.772167,0.6134642899461177
4294,5,0.230279,0.29437350013054564
4296,5,0.148747,0.28556664112103924
4297,3,0.211371,0.39947104231796415
4298,1,0.788247,0.4857563669891029
4300,1,0.999996,1.3413224961189525
4302,1,0.735514,0.5793342932063605
4303,3,0.017618,0.10539819555171742
4304,5,0.078493,0.3985545189107402
4305,2,0.101873,0.3258279399328686
4306,5,0.082861,0.18894525073961332
4307,1,0.383033,0.24797626863573294
4308,1,0.026769,0.0
4309,4,0.146008,0.47601529739015425
4310,3,0.232901,0.2925272971901478
4311,4,0.010988,0.07542993113525331
4312,2,0.174177,0.41531906240790434
4313,4,0.086661,0.1774428546577166
4314,3,0.948411,0.7177073718160905
4315,4,0.123788,0.2641793409711475
4316,2,0.497032,0.5097558690289478
4317,3,0.092574,0.20513737902576137
4319,1,0.077832,0.18002670283446717
4320,4,0.999995,1.4039558145482445
4322,2,0.446787,0.48095212192401227
4323,4,0.951815,0.8169866827148016
4324,2,0.09612,0.09810070387598202
4325,1,0.871905,0.5990370788288267
4326,5,0.419453,0.49252212877724477
4327,5,0.524364,0.5961318918879294
4328,5,0.524222,0.44650376596974517
4329,3,0.672972,0.5969063899002252
4330,2,0.042438,0.0941374063366534
4331,1,0.279842,0.38828881474539845
4332,2,0.984146,0.8610846992014801
4333,5,0.016017,0.0
4334,1,0.959424,0.7264278678846415
4335,5,0.998924,0.9964962625762204
4336,2,0.028737,0.2123150367217717
4337,1,0.707347,0.5221888549585059
4338,5,0.999818,1.0492773451384325
4339,1,0.325018,0.49433938098604496
4340,4,0.39508,0.5325714731082407
4341,3,0.372893,0.3148624240168153
4342,3,0.481603,0.30868185111657304
4344,2,0.954866,0.7235663064198458
4345,4,0.99655,1.036147614158046
4346,1,0.63714,0.4612509380498728
4348,5,0.110992,0.35933946786078813
4349,2,0.003748,0.0
4350,1,0.83608,0.6455150038749593
4351,1,0.483131,0.43348991441255735
4352,4,0.108656,0.1964923400943715
4353,5,0.109914,0.2852288887750019
4354,3,0.53338,0.3813208311866636
4355,1,0.125118,0.312447246905873
4356,4,0.195386,0.13614345240792886
4357,5,0.657275,0.42171872399677746
4358,3,0.844151,0.7293546094968866
4359,5,0.306171,0.2141978084850916
4360,1,0.099793,0.304544728863438
4361,5,0.242415,0.3299573145141035
4362,4,0.363094,0.48273625362695066
4363,4,0.191445,0.30558596042989794
4364,2,0.998325,0.8970579751337384
4365,5,0.066447,0.15674154730987055
4366,5,0.008816,0.07008918628712013
4367,3,0.057095,0.2156999321747805
4368,3,0.993012,1.0126002578612068
4369,2,0.017564,0.11812499859157038
4372,3,0.519112,0.4820126365639646
4373,1,0.999024,1.0395051199059022
4374,5,0.131882,0.27816945292046963
4375,4,0.605406,0.5879573344396186
4377,2,0.030897,0.13465816494836458
4378,5,0.961843,0.7642162847096747
4379,3,0.59853,0.3470166535069968
4380,1,0.655851,0.4261150591199846
4381,1,0.03172,0.19951506295206511
4382,2,0.065433,0.1653626340200134
4383,4,0.999978,1.1419559042707539
4384,1,0.716266,0.4350170115462232
4385,4,0.426821,0.4330736305853236
4386,1,0.365444,0.4807858397353003
4387,5,0.226818,0.38935120857136435
4389,4,0.492407,0.35412507240842156
4390,3,0.461568,0.3579882793164231
4391,2,0.337115,0.5289873761823157
4392,1,0.503673,0.48033086668776914
4395,4,0.311895,0.4728449159082415
4396,4,0.085878,0.22763164367882277
4397,1,0.408324,0.5072611965386189
4400,3,0.040921,0.15142010539474482
4401,2,0.999924,0.9765437416203755
4403,3,0.120361,0.28176520866836474
4405,2,0.121292,0.2621788651516724
4406,4,0.565208,0.4583191241434554
4407,1,0.849201,0.6833199324717922
4408,3,0.097603,0.0
4409,5,0.99553,0.8387359252910729
4411,1,0.345989,0.40270336948081376
4412,4,0.930806,0.7092824882565556
4413,3,0.195571,0.19604256726697294
4415,2,0.796263,0.6805678039011557
4416,5,0.085745,0.24482080086985603
4417,3,0.059136,0.0
4418,3,0.301019,0.24062788146881525
4419,5,0.238986,0.3617445106515217
4421,3,0.057574,0.1639668697156012
4422,5,0.443738,0.5700224476478745
4423,1,0.776694,0.40525341195637454
4424,3,0.048299,0.1465551321301748
4425,3,0.994951,1.0493701100015704
4426,1,0.514568,0.3963778525246653
4427,3,0.999651,1.1080874979764452
4428,3,0.803715,0.691878235604127
4429,1,0.220544,0.18845168113900423
4430,2,0.610904,0.5270485571399641
4431,5,0.997578,1.0218573455051416
4432,4,0.196652,0.3014136947767371
4434,1,0.999987,1.2366485223194514
4436,5,0.424747,0.5727602002479677
4437,3,0.999609,1.0557652466495542
4438,5,0.999995,1.4984988435912125
4439,2,0.093003,0.3146523916129836
4440,1,0.333197,0.5209583792751502
4445,5,0.999944,1.0468426292535633
4447,5,0.888122,0.688691348919813
4448,2,0.555809,0.4691888332064439
4449,1,0.237857,0.42926951127281365
4450,4,0.057155,0.0
4452,3,0.120173,0.32593264099844355
4453,1,0.896853,0.7333233132156401
4455,5,0.254428,0.3028078849333488
4456,1,0.189819,0.23790744734006922
4458,1,0.030774,0.13313723595727522
4459,3,0.275326,0.4154343866983986
4460,3,0.21704,0.3247876069525567
4461,4,0.764209,0.5460837357432424
4462,1,0.996017,0.9055180514725428
4463,2,0.312364,0.3842930022631183
4464,2,0.788799,0.6236146180247737
4465,1,0.57287,0.4360917099342737
4467,4,0.519627,0.4794134029993931
4468,4,0.210354,0.4182595943903239
4469,2,0.803244,0.5261301401291258
4470,4,0.660357,0.5764728432621813
4471,5,0.15563,0.17843947741918098
4472,1,0.862499,0.7120735068148789
4473,4,0.113152,0.24882150852444926
4474,2,0.232808,0.3490213878221764
4475,1,0.111162,0.3227668585564265
4476,5,0.811497,0.6979108927496023
4477,1,0.100798,0.3626841814420204
4478,2,0.054056,0.27703102112907696
4479,2,0.472791,0.4532693313035251
4480,3,0.63583,0.6738808008081894
4481,3,0.078036,0.21403946030774942
4482,2,0.460703,0.4520643216359112
4483,3,0.999999,1.394876697962336
4484,3,0.274699,0.18277044957209312
4485,3,0.457223,0.28224924157374404
4487,4,0.028242,0.23383709293821855
4488,2,0.071371,0.0925238116838154
4490,4,0.140682,0.2523590039430625
4491,1,0.2782,0.2472899822024973
4492,5,0.011274,0.02042258334498026
4493,3,0.520582,0.35188184839111597
4495,1,0.133019,0.33511422165801397
4498,4,0.202092,0.3071769063619798
4499,3,0.092178,0.2842967333128824
4500,5,0.207217,0.27722936315365754
4501,4,0.101941,0.24076579040136029
4502,1,0.702492,0.2849435127769331
4504,3,0.259283,0.39022794276345485
4506,5,0.144563,0.22491785342099524
4508,3,0.715501,0.54070664953547
4509,3,0.538842,0.5963547125781792
4510,5,0.19124,0.3764225113665497
4512,3,0.12544,0.17977361241367013
4513,3,0.547624,0.5866574459557498
4514,3,0.995675,0.9105703350847982
4516,2,0.805786,0.7073201384489285
4517,4,0.723755,0.46877803116878525
4518,4,0.014919,0.13505719273609512
4519,1,0.122903,0.2598275818841896
4520,3,0.642995,0.44137247493046416
4521,4,0.06339,0.23030912667348236
4522,5,0.597628,0.5156215110041281
4523,3,0.041377,0.05371828697360842
4524,4,0.258824,0.3339598581906487
4525,1,0.640152,0.4650567370874519
4526,5,0.845034,0.4689424452880599
4527,2,0.610035,0.6459590897666684
4529,4,0.099658,0.3053675143303961
4530,2,0.231756,0.4545485178729078
4531,5,0.028539,0.20644393589944887
4532,4,0.375729,0.33448052057976696
4533,5,0.760207,0.4091095601653848
4534,3,0.650555,0.5188355423995094
4535,5,0.270545,0.42686871874092885
4536,1,0.724635,0.6458775146043378
4537,1,0.8302,0.6560639385808067
4538,3,0.35275,0.3116694602761588
4539,3,0.027514,0.0
4540,2,0.706566,0.44847979022526563
4541,1,0.120782,0.4139619641402857
4543,1,0.854577,0.6757012906087276
4544,4,0.014225,0.0
4545,1,0.528906,0.23075723649965205
4546,3,0.370817,0.4574341431151939
4547,5,0.026335,0.02205942204234068
4548,3,0.746006,0.5717109462596192
4549,4,0.311668,0.458075051034302
4550,5,0.244332,0.31918921084707536
4552,1,0.066799,0.18050787939170107
4553,5,0.059054,0.13585059429280633
4554,2,0.136777,0.08021606339774556
4555,3,0.353129,0.40406953791025957
4557,2,0.631647,0.5843862224059442
4558,2,0.020139,0.08480177118993376
4559,3,0.052236,0.04349515285067457
4560,3,0.980325,0.8535719222165118
4561,1,0.104328,0.25671353989249823
4562,2,0.197365,0.30939458469923015
4563,2,0.996026,0.840105498253204
4564,2,0.325666,0.31035916785545503
4565,2,0.040159,0.12679607778070168
4566,4,0.401061,0.42624993122717886
4567,3,0.106324,0.1237489872277121
4568,2,0.95577,0.7775691954974329
4569,5,0.15011,0.23744023360856895
4571,4,0.421676,0.44463591208926306
4572,1,0.760259,0.6942812879863094
4574,1,0.046503,0.1261302385768126
4575,1,0.350854,0.5026798000233602
4576,4,0.843306,0.657919676632455
4578,1,0.397196,0.48518635443407754
4579,3,0.814498,0.800588617485767
4580,1,0.814551,0.5942137833266721
4581,2,0.039629,0.09216779725073909
4582,4,0.451064,0.49788781101041457
4583,2,0.2455,0.3722851140241744
4584,5,0.186159,0.42349205861557565
4585,5,0.748778,0.4416655112122487
4586,1,0.338227,0.2647886322544507
4587,5,0.292591,0.37933465738372474
4588,5,0.554231,0.5757127250240753
4590,4,0.759956,0.5134288187846585
4591,3,0.70697,0.610315305810361
4592,1,0.276328,0.25632284600504934
4593,2,0.03977,0.1351714262722119
4594,3,0.545714,0.42724019969959864
4595,4,0.291642,0.3250503895712298
4596,4,0.793833,0.4574469818697923
4597,2,0.051976,0.12662595206000254
4599,5,0.309649,0.3983888373519471
4600,3,0.991182,0.7758708268289716
4601,3,0.127899,0.3622393365195014
4602,2,0.500459,0.35163021337036926
4603,1,0.175677,0.23439082837214925
4604,5,0.144144,0.24069697647406751
4605,2,0.240625,0.3831492434128285
4606,1,0.149539,0.2077371820425829
4607,4,0.492111,0.4730010086080929
4608,5,0.651708,0.452694416214031
4609,5,0.384036,0.4040162831662085
4611,1,0.285386,0.4726245923931587
4612,2,0.049144,0.06773618699379108
4614,5,0.533129,0.22329655579120314
4615,2,0.783405,0.455075416845192
4616,5,1.0,1.5632702751604595
4617,5,0.012747,0.0
4618,1,0.799648,0.6394819212875219
4619,1,0.455265,0.55442179950476
4620,2,0.773124,0.47672501588218325
4621,4,0.120615,0.2460446858139731
4622,4,0.70348,0.2917745417136891
4623,3,0.782909,0.6344262380348794
4624,2,0.757172,0.6224975949722664
4625,2,0.201787,0.21602284727869278
4626,5,0.195404,0.34865088591121823
4627,5,0.278428,0.3027580050535471
4628,4,0.998091,1.0534533126906591
4629,5,0.229165,0.3568874428371724
4630,2,0.588501,0.42949260338059664
4631,3,0.145801,0.3105793636434907
4632,2,0.068781,0.1423166615802116
4633,2,0.384164,0.19188561291001877
4634,4,0.446252,0.3590498221445527
4636,4,0.155149,0.2174683824884056
4637,4,0.113598,0.15917358973940338
4641,5,0.996971,0.8676048717133724
4643,5,0.71739,0.5174512492568777
4644,2,0.274948,0.1694556671955243
4645,5,0.254768,0.45326406622352355
4646,5,0.82034,0.6638855161077226
4647,3,0.144637,0.2204267126825478
4649,2,0.265968,0.21087107993646764
4650,1,0.297387,0.38054298202624104
4652,5,0.986933,0.9496119887150067
4653,3,0.180554,0.21887244520886162
4654,3,0.817836,0.5375906816128359
4656,4,0.42545,0.404925605244183
4657,4,0.220813,0.37156647469908205
4658,5,0.796566,0.43251180520684185
4659,3,0.999994,1.3158001890949251
4660,2,0.999982,1.2048050964745882
4661,3,0.14847,0.3398261831287887
4662,2,0.851319,0.5625930332477335
4663,4,0.173128,0.31388435024331846
4664,4,0.492609,0.38665032151871526
4665,2,0.129795,0.3517432095814196
4666,5,0.402822,0.37097648364056135
4667,4,0.444344,0.40621165632147455
4669,2,0.630271,0.5081993487997842
4670,2,0.426019,0.40791974919115426
4671,3,0.395096,0.36343176554634415
4672,1,0.994534,0.9250194957572226
4673,5,0.468134,0.48319639897683003
4674,3,0.264777,0.38648887979380886
4675,4,0.123265,0.3193239282260941
4676,3,0.271878,0.19674964203367099
4677,2,0.498722,0.48496336915266425
4678,2,0.934378,0.7592591121404498
4679,2,0.222796,0.2827615435521962
4680,1,0.36469,0.427846894893165
4682,4,1.0,1.8554529146697016
4684,2,0.715065,0.4900635131911377
4685,2,0.397618,0.4999181530100866
4686,1,0.547926,0.356090661929988
4688,3,0.248784,0.31560030483979795
4689,5,0.321237,0.349681028548111
4691,3,0.387039,0.2764553573970928
4693,2,0.347037,0.44806954856557984
4695,3,0.874787,0.7121907860110785
4696,3,0.278429,0.14595749303588962
4698,3,0.726819,0.6258787214235815
4699,5,0.468844,0.4620503834752979
4700,2,0.181072,0.35788892837232383
4701,5,0.34087,0.4819833776852601
4702,5,0.006578,0.0
4704,4,0.143431,0.3730579954714174
4707,5,0.633022,0.3933308947133449
4708,4,0.333476,0.2158379908760456
4709,1,0.884984,0.6673913413504202
4710,2,0.135825,0.27401586472070016
4711,2,0.04238,0.10001577583477356
4712,1,0.833527,0.4440847956227575
4714,3,0.059506,0.13487907429903323
4715,2,0.234396,0.2695054209389339
4716,4,0.209726,0.05669705494910354
4717,4,0.337858,0.4174546952578774
4718,3,0.477993,0.3723954210633481
4719,5,0.544402,0.4882209813886379
4720,2,0.539077,0.5082346600507713
4722,2,0.05763,0.19449050539400373
4723,4,0.044699,0.3224021058006693
4724,1,0.301554,0.345584500839508
4725,3,0.055907,0.0
4726,2,0.219632,0.37501427823504463
4727,5,0.596177,0.4983753679953111
4728,4,0.623705,0.5029931620749507
4729,1,0.278765,0.3132325719258884
4730,5,0.183959,0.3475748411379913
4732,2,0.109128,0.260132443879716
4733,3,0.508224,0.43470274712783086
4734,5,0.342863,0.5108561426312083
4735,2,0.058093,0.07709606418368165
4736,2,0.314489,0.45713256557534526
4738,1,0.239257,0.45993158355646235
4739,4,0.078948,0.20653764866540603
4741,4,0.99995,1.2033629540667021
4742,3,0.591231,0.4183515201556574
4743,5,0.397036,0.42794971220295613
4745,2,0.049525,0.01934337564656219
4746,3,0.996928,1.0722662312103073
4747,5,0.992609,0.902498851076169
4749,5,0.719047,0.6363110889576272
4750,5,0.408245,0.3874979618764444
4751,4,0.315027,0.3598435547800153
4752,4,0.770548,0.5179952325271555
4753,3,0.773154,0.5038261335838476
4754,3,0.294853,0.30960817516884964
4755,5,0.822689,0.6163902848974694
4756,4,0.551418,0.5387996008528866
4757,4,0.314647,0.33075469194405077
4758,2,0.886366,0.6270069664223883
4759,1,0.187115,0.43265160543379294
4760,3,0.412829,0.514308537331602
4761,2,0.66035,0.5114493877178268
4762,3,0.999999,1.3804352106449163
4764,2,0.308177,0.1914278164598483
4765,2,0.048954,0.0275063580282483
4766,5,0.065485,0.09007035772868077
4767,3,0.088466,0.25536103490395945
4768,2,0.592255,0.42789287966342404
4770,4,0.363632,0.5439236921208652
4771,5,0.592137,0.5226972291846482
4772,4,0.203117,0.1911033059747564
4773,5,0.598953,0.2843619226130435
4774,5,0.086045,0.24043511689202932
4775,1,0.294435,0.2789504326405165
4776,2,0.276725,0.23498648792555898
4777,3,0.191574,0.23719973497801372
4778,3,0.013754,0.04669860524591746
4780,3,0.183912,0.35575241625752874
4782,5,0.857506,0.7213231558631163
4783,5,0.055814,0.06974898623323783
4784,1,0.394893,0.42621063495563594
4786,5,0.282752,0.2746514973793839
4787,3,0.757144,0.3832456047337323
4788,3,0.188384,0.35604070030906765
4789,2,0.101812,0.3787452269403472
4790,1,0.598724,0.5077421019621755
4791,2,0.102457,0.24707585538022503
4792,3,0.464685,0.4971400161803853
4793,4,0.260305,0.29222015575459787
4794,4,0.995423,0.9904787558952246
4795,4,0.999008,1.1103232838774593
4796,5,0.234369,0.33571541039701575
4797,5,0.298156,0.440810448699648
4798,4,0.354051,0.3698843304289237
4799,1,0.343899,0.34805198657085074
4800,3,0.371364,0.43608776015733136
4801,1,0.864481,0.6379375490771623
4802,4,0.445841,0.34365086199726425
4803,4,0.257469,0.3319722442506119
4805,2,0.065487,0.018941775510539716
4806,3,0.286467,0.37573525501492705
4807,1,0.117965,0.31714329215621856
4808,3,0.998877,1.069310503481889
4811,4,0.854789,0.636371618450688
4812,3,0.07401,0.0
4813,5,0.188654,0.36765794686516956
4814,2,0.019669,0.12986874231755807
4815,5,0.209408,0.11994743149228648
4816,1,0.178919,0.15059046365461437
4818,3,0.636699,0.5238022327851274
4819,1,0.462241,0.36117928685181944
4820,1,0.488668,0.5063357904802608
4821,2,0.71889,0.5566932695626139
4822,2,0.301326,0.033695002444408484
4823,1,0.068524,0.30171030186029546
4824,4,0.997438,1.0360525212324028
4825,5,0.87119,0.8133393436938221
4827,4,0.061961,0.14507926271415572
4828,2,0.361035,0.5880403771245231
4829,3,0.529586,0.4735576531121355
4830,5,0.024004,0.1595758882965136
4831,3,0.20299,0.348093216561663
4832,4,0.34445,0.47029241045433395
4833,4,0.621095,0.43581826411670765
4834,4,0.268557,0.3596066579444621
4835,2,0.439819,0.49418994495860225
4836,4,0.910513,0.812075619982187
4837,4,0.981373,0.853823926397526
4840,3,0.359103,0.44300022342452866
4841,2,0.51033,0.6380740972854075
4842,1,0.876398,0.6443277808655015
4844,3,0.277377,0.41789813292487055
4845,4,0.266476,0.3496557274508588
4846,3,0.087861,0.20342415491875945
4849,1,0.823826,0.7017191956476565
4850,1,0.997304,1.072210179599623
4851,4,0.098176,0.4298180804408962
4852,5,0.824914,0.5591183895502618
4853,2,0.999974,1.1487920648260272
4854,4,0.363089,0.37117929459750265
4855,5,0.501085,0.4032178329954467
4856,4,0.355816,0.43384265962283486
4857,5,0.712449,0.5296688018573744
4858,3,0.180725,0.33389475838180716
4860,2,0.092196,0.2488219489306277
4861,5,0.516249,0.3571975515575694
4862,5,1.0,1.9313452233361876
4863,5,0.979135,0.7920672254903134
4864,5,0.391523,0.4704876147568562
4865,5,0.281346,0.4686013738152796
4866,1,0.424779,0.4017340548317593
4867,2,0.999814,1.0522253271698898
4868,2,0.721471,0.594268173406429
4870,5,0.996136,0.9707887669259403
4871,2,0.249433,0.3618575238135434
4872,4,0.207671,0.3344691658893594
4873,2,0.078241,0.1586179650864698
4874,2,0.409059,0.17201288556438996
4875,4,0.367467,0.37162607309452417
4876,2,0.999438,0.9648992648054783
4877,4,0.996877,0.8968423003255721
4878,4,0.468963,0.6267858286033107
4879,2,0.434848,0.4709449013772318
4880,5,0.034345,0.017540235183083785
4881,1,0.24847,0.26338155786253226
4882,3,0.592667,0.3485152145317583
4883,3,0.679623,0.13071796573409727
4884,4,0.056441,0.17907148532491873
4885,3,0.282966,0.3896748637640799
4886,5,0.443961,0.5397163993770334
4887,5,0.437374,0.5104122747380895
4888,5,0.135809,0.35340311327101714
4889,3,0.798616,0.6764086151552264
4890,3,0.687336,0.44689141008899486
4891,3,0.799611,0.5429984286592532
4893,5,0.434264,0.46864624727177906
4894,4,0.835396,0.5951896327130695
4895,3,0.997987,1.0863700689156512
4896,5,0.12658,0.30366165904769366
4898,3,0.382286,0.5217371561126236
4899,5,0.105972,0.2950905411472649
4900,1,0.279764,0.3012521453520851
4901,1,0.846105,0.539597145948739
4902,2,0.490385,0.5173263515311162
4903,2,0.408403,0.5369125446571639
4905,4,0.696538,0.38739395165145196
4906,3,0.937535,0.7806209914312487
4908,1,0.295826,0.4941025508504531
4909,3,0.406284,0.35463486754911633
4910,3,0.775689,0.4504393547513516
4911,3,0.115769,0.0744953278311396
4912,5,0.203589,0.2934870178408194
4913,4,0.108176,0.34281919415420986
4914,2,0.163705,0.3160390961775939
4915,3,0.787333,0.682264315627707
4917,4,0.505269,0.4052309058627529
4919,1,0.994001,0.8735825326310778
4920,1,0.042892,0.23982552546582242
4921,3,0.02256,0.0
4922,2,0.124938,0.2598701551870484
4923,2,0.052966,0.2528098082941843
4924,1,0.128174,0.14371469836046696
4925,5,0.176387,0.2818141551533109
4926,2,0.139275,0.21026075871084446
4927,3,0.021611,0.14988908931937384
4928,5,0.30303,0.4066076493509461
4929,4,0.198305,0.30603801724759605
4930,4,0.069673,0.25484677500927666
4931,1,0.491423,0.39438602587665605
4932,3,0.472858,0.34100831150559274
4933,2,0.029793,0.17848497112348674
4934,1,0.346098,0.4305264644542862
4935,3,0.610576,0.5510699635031905
4936,3,0.421872,0.43670114863653364
4937,1,0.205924,0.2697336689369015
4938,4,0.388827,0.3472410535987136
4940,2,0.765465,0.4669718065449448
4941,5,0.485003,0.35580777033550715
4942,4,0.46612,0.3905428407945748
4943,1,0.03664,0.19444293636456228
4944,4,0.464201,0.4569289338454319
4945,5,0.064565,0.21394563010431622
4946,2,0.144466,0.295329674073458
4947,3,0.123283,0.2744644433940741
4948,5,0.097545,0.24322691212645436
4949,2,0.264386,0.3516497022254185
4950,3,0.448813,0.33186406091399734
4951,4,0.468055,0.4944363191076757
4953,2,0.228835,0.2927316406765328
4955,2,0.113676,0.23752335385319137
4957,5,0.109354,0.24329869566589243
4959,1,0.820226,0.5948080658844094
4960,4,0.440628,0.4573963829723207
4961,3,0.170463,0.23432483153599376
4962,1,0.185652,0.43045581112040066
4963,2,0.023077,0.012938365150279518
4964,2,0.141232,0.40408159834528923
4965,2,0.143867,0.14794002793007865
4966,2,0.121082,0.30665139939017066
4967,2,0.070976,0.26049199243649196
4968,1,0.016644,0.0
4969,4,0.181312,0.22541231574449405
4970,5,0.348497,0.31030796645598907
4971,5,0.22231,0.38809858596651775
4973,1,0.462921,0.4679015103742603
4974,1,0.244694,0.2958305666337303
4975,1,0.500081,0.5056520139967162
4976,3,0.148885,0.4204710029798046
4977,4,0.999928,1.2714231668638731
4979,4,0.696625,0.5740803568773788
4980,5,0.180028,0.3063219442657353
4981,3,0.061322,0.07051341098015834
4982,2,0.106482,0.4060883054893286
4983,2,0.19517,0.32936701988848227
4984,1,0.036088,0.17306652018014995
4985,4,0.050911,0.20123146765342215
4986,1,0.2214,0.3326726466688975
4988,5,1.0,1.6691267644904904
4989,3,0.441568,0.5275048062567155
4990,3,0.057427,0.30423900428821615
4991,5,0.421232,0.5034151109468091
4992,3,0.748332,0.5713671971823548
4993,3,0.996604,0.9932728649601614
4994,5,0.552268,0.5726056744450253
4995,1,0.086176,0.2095216479122473
4996,4,0.995321,0.8629586561223586
4997,2,0.027881,0.05469004615613898
4998,2,0.111243,0.21810290084290132
4999,4,0.586591,0.5522795686442465
5000,4,0.999896,1.2126111869957874
5001,5,0.242577,0.32266584472073573
5002,4,0.999928,1.143528412459431
5003,2,0.890172,0.6949993056463917
5004,4,0.12218,0.1468027940864745
5006,2,0.249058,0.3701597927276155
5007,2,0.999878,1.1108675704406883
5008,4,0.190398,0.28218632706039326
5009,4,0.8121,0.421595537335551
5010,5,0.999923,1.1884893830928613
5011,1,0.959107,0.7996115897650806
5012,5,0.053432,0.23329185923584284
5013,5,0.988823,0.9415557545255248
5016,1,0.095441,0.38905115996966216
5017,5,0.130897,0.22498394371613398
5019,1,0.176772,0.3702929196592917
5020,3,0.188785,0.26584755502429047
5022,2,0.12595,0.40781456845885344
5023,5,0.367675,0.48205066199711527
5024,2,0.772997,0.5347378969479852
5026,3,0.198727,0.3507161675914899
5029,1,0.296754,0.2384046059543235
5030,3,0.546111,0.4235357856432375
5031,1,0.388761,0.4040117167469664
5035,5,0.246885,0.45095302210171245
5036,5,0.080518,0.1358293606134109
5038,2,0.827026,0.6730489705184015
5039,1,0.802134,0.6110718019049313
5040,5,0.909041,0.8070857215025934
5041,4,0.24511,0.36074090132355174
5043,5,0.22669,0.33189595533832045
5044,1,0.553703,0.4185792372604159
5046,3,0.240248,0.2966522246078886
5047,2,0.265455,0.3230494370242703
5048,1,0.883758,0.6991430487853016
5049,2,0.28121,0.4545337878967444
5050,3,0.647565,0.531310492124342
5051,4,0.607773,0.5216964271522235
5053,1,0.705477,0.5996043187962563
5054,2,0.272225,0.37444003116377267
5056,2,0.999851,0.9936297507866249
5057,2,0.255277,0.25841583201965046
5058,3,0.73472,0.6103193740693852
5059,2,0.04229,0.1595038732099105
5060,2,0.533849,0.2634283917143744
5063,2,0.114589,0.2735295107207742
5064,4,0.026986,0.0
5065,3,0.459233,0.35480433288363483
5066,2,0.119555,0.2246174576908573
5067,3,0.277743,0.2703224677709042
5068,4,0.133827,0.1519144633322171
5069,1,0.158191,0.3249085196436327
5070,5,0.12371,0.3439741878177504
5071,4,0.998787,1.009210249486386
5072,2,0.132189,0.32234519392527006
5073,5,0.194854,0.29066734175204545
5074,2,0.830717,0.5081686286457482
5075,5,0.084484,0.21784987412270673
5076,1,0.099378,0.30542933396971605
5077,4,0.099626,0.24741614731152997
5078,1,0.440532,0.3825576110428833
5079,3,0.566483,0.40285318524636476
5080,2,0.289519,0.16696168270638595
5081,3,0.338455,0.40973482170493153
5082,4,0.097254,0.27762847724664413
5083,3,0.070402,0.21637769658273437
5084,5,0.597291,0.3888262889427818
5085,2,0.072406,0.10473322359164278
5086,4,0.178279,0.26360149648010794
5087,1,0.35526,0.27046161572118216
5088,3,0.162639,0.22659325083009585
5090,4,0.206065,0.21145006844325748
5091,3,0.593056,0.5038860228451729
5092,3,0.534092,0.4311637751811757
5093,1,0.294187,0.5162371063110586
5094,4,0.562749,0.4267092542734783
5095,1,0.840016,0.5624746013080053
5096,5,0.814563,0.6639496119882304
5097,3,0.515123,0.44945580049735734
5099,1,0.103003,0.28093889102494507
5100,2,0.062303,0.10943945456742149
5101,1,0.301669,0.35734375012044123
5102,5,0.845481,0.7174472119562111
5103,2,0.112154,0.14361124105559414
5104,1,0.083674,0.21752636162755773
5105,4,0.328858,0.5641852690585785
5106,3,0.420057,0.4021179715664367
5108,2,0.02614,0.0871671005021088
5109,1,0.15825,0.17142891738343535
5110,5,0.614329,0.3217572617618941
5111,1,0.046106,0.0
5112,5,0.999998,1.393901755267545
5114,2,0.135869,0.35818980242280396
5116,4,0.272021,0.49004435568611593
5118,3,0.109093,0.17308524434378764
5119,3,0.302774,0.47185287441581547
5120,4,0.264765,0.37444108269936527
5122,4,0.829399,0.6837961766331979
5123,3,0.076714,0.14465313296822374
5124,2,0.284756,0.24948461679596257
5125,3,0.742254,0.544663782828794
5126,3,0.089919,0.1738789668257131
5127,4,0.182524,0.14444190564950316
5128,3,0.544924,0.3143869028758124
5129,1,0.726039,0.5373285517368207
5130,3,0.243925,0.35641950892928664
5131,5,0.338011,0.43641464452463213
5132,1,0.657409,0.4787570420626
5133,4,0.978359,0.8357902228003644
5134,1,0.593957,0.3233155561473309
5135,1,0.985852,0.9222310822419442
5136,5,0.5456,0.4633365907266938
5137,1,0.390245,0.36473161921897224
5138,3,0.715464,0.5853467842051905
5140,5,0.360617,0.4662643829673188
5141,3,0.855524,0.5104908042043979
5142,4,0.870364,0.6508996867436635
5143,4,0.998033,0.9571553112394959
5144,2,0.368593,0.5374863072208912
5145,2,0.267986,0.37496583957907664
5146,5,0.099309,0.2837025761180468
5147,3,0.997213,0.9015319842691665
5148,5,0.303804,0.30363325063831825
5149,2,0.480892,0.48702839889256505
5151,1,0.285333,0.32672463605390806
5152,4,0.8394,0.4643148555502066
5153,5,0.221836,0.4130392127182657
5154,4,0.557977,0.4972330899707249
5155,5,0.470061,0.44988418258628293
5156,1,0.443148,0.42843432386863145
5157,1,0.433321,0.4564819481969383
5158,3,0.307065,0.4923462638576667
5159,2,0.385354,0.3975737280583523
5160,1,0.0016,0.0
5161,4,0.978485,0.8014609387876525
5162,1,0.220672,0.18801827354701484
5164,1,0.322449,0.3302523845898608
5165,3,0.170696,0.2904705804473985
5166,2,0.334401,0.3338549824915622
5167,3,0.543486,0.48582663033387113
5168,1,0.05425,0.09158733255417834
5169,1,0.551565,0.5217045199899091
5170,3,0.547516,0.40118878020061016
5171,3,0.313647,0.498573896376767
5172,2,0.387561,0.1931158498625733
5173,5,0.604605,0.5147656105007762
5174,4,0.440909,0.34427633505505656
5175,4,0.694982,0.4192739057215011
5176,3,0.676534,0.5399123062934178
5177,2,0.757307,0.5964938454814169
5178,5,0.498126,0.3472618925555695
5180,2,0.250359,0.42430400070355356
5181,5,0.084544,0.18458906473009828
5182,1,0.395596,0.4287993090791682
5183,1,0.25866,0.356407960120108
5184,2,0.136728,0.3269780282213264
5185,4,0.451668,0.48307587648176165
5186,1,0.830832,0.5649756924504057
5187,5,0.32268,0.28444074584386586
5189,3,0.03171,0.013947872118828974
5191,4,0.022107,0.16091810672978007
5192,3,0.999529,1.056508624309605
5194,2,0.137254,0.32809900112343715
5195,5,0.572948,0.3709901898482539
5196,2,0.245771,0.4437609017940995
5197,1,0.574215,0.4047230152796807
5198,2,0.355409,0.2666865431137684
5199,1,0.076971,0.2383582762036943
5200,2,0.338683,0.3175536855898698
5201,3,0.196815,0.308449915303588
5202,3,0.160018,0.34554740364542563
5203,3,0.809188,0.6090659595619085
5204,3,0.845954,0.7272759785848436
5205,1,0.231359,0.43703473744204796
5206,4,0.71823,0.5525646803243573
5207,2,0.448163,0.38008368783923874
5208,4,0.048747,0.2192485244777531
5212,5,0.156452,0.3225467957611125
5214,3,0.256258,0.3769899704204407
5215,5,0.575172,0.389051316131638
5216,5,0.021871,0.1279533021046786
5217,3,0.162915,0.3936247169641812
5218,5,0.131053,0.06572276468477356
5219,1,0.294865,0.39851090755749946
5221,4,0.728939,0.6112729977252349
5222,5,0.34822,0.47497573419463257
5223,3,0.542604,0.43594543417769493
5224,2,0.849891,0.5298934579436413
5225,2,0.997976,1.0252116280250632
5226,3,0.002825,0.0
5227,5,0.999232,1.1615598351011014
5229,2,0.14207,0.20825460597985493
5230,4,0.848682,0.7431408573670977
5232,1,0.597962,0.5785765795198801
5234,3,0.99999,1.31099652069336
5236,3,0.245448,0.436893508415445
5237,4,0.759298,0.6228873276746612
5238,4,0.097727,0.24137922748615726
5240,1,0.179598,0.21409135013685798
5241,1,0.078382,0.19681619289107705
5242,2,0.39237,0.3613008659407255
5243,4,0.027047,0.17990401186110988
5244,5,0.803173,0.45307299154289427
5245,3,0.244107,0.33181462911383064
5246,1,0.493604,0.4765368374592767
5247,3,0.10261,0.29370590446944056
5248,4,0.146304,0.29758734811817633
5249,1,0.796627,0.47306041473921456
5250,5,0.356472,0.39434790591367747
5251,2,0.636917,0.437133863287476
5252,5,0.639891,0.6068311457196109
5253,3,0.260826,0.2698350570531759
5255,2,0.104517,0.04764018593736741
5256,1,0.991497,0.9238015488033582
5257,4,0.370555,0.35708240610942144
5258,3,0.308222,0.4464359019675801
5259,5,0.387338,0.27757813692020106
5260,2,0.47033,0.3857865576354419
5261,3,0.473663,0.47514429222256266
5262,5,0.490834,0.4464164897722898
5263,3,0.510837,0.42779378580630406
5264,2,0.207589,0.2803487860046241
5265,4,0.197765,0.2628856953600355
5266,2,0.799009,0.6410925000876941
5267,4,0.665608,0.7125998116798762
5269,2,0.049046,0.0
5270,3,0.572114,0.48401530212254723
5271,2,0.025968,0.10450754937235734
5274,5,0.841884,0.549126156972508
5276,2,0.425894,0.31835028799360493
5277,2,0.081196,0.2152177283168335
5278,2,0.480851,0.5453296270116266
5281,2,0.255221,0.4066135947138129
5283,5,0.526651,0.5048228657290434
5284,3,0.32592,0.47819271023076315
5286,4,0.357965,0.3807818901740889
5287,4,0.53819,0.45092241992308046
5289,1,0.701258,0.3377307286787961
5291,1,0.856574,0.7977012330033297
5292,2,0.500448,0.5457568371442083
5293,3,0.721713,0.49145853561618746
5294,4,0.074887,0.14082509000891485
5295,2,0.181775,0.21805707146393688
5296,1,0.087859,0.301467210385137
5297,2,0.958097,0.8072407436472336
5298,5,0.142758,0.3210670807914527
5300,3,0.180047,0.2744979056425654
5301,4,0.090255,0.0122358798209376
5302,5,0.362872,0.5067824820459531
5304,4,0.417114,0.43306243087816043
5305,1,0.180208,0.3810947312595615
5306,4,0.515294,0.24612834096434805
5308,2,0.025983,0.06186244311076927
5309,1,0.031588,0.11539348056988974
5311,1,0.722811,0.46043305117463235
5312,4,0.065315,0.11271060888700862
5313,4,0.158659,0.32835054927652196
5317,1,0.982591,0.8821161400338098
5319,4,0.039746,0.22272703202737024
5321,2,0.36211,0.4636050524922959
5322,3,0.030614,0.07413162547696889
5323,1,0.228598,0.16617324239291975
5325,1,0.99877,1.0683416787431241
5326,5,0.057692,0.1896032279210662
5329,2,0.890897,0.5967177631032748
5330,2,0.594674,0.5448635267705881
5331,4,0.985614,0.7896866873727821
5332,2,0.120686,0.0
5333,4,0.493735,0.44603079672896095
5334,2,0.999716,1.0293760357276103
5335,3,0.017783,0.11271765005166245
5336,2,0.665598,0.472158511083629
5339,3,0.639244,0.3141039700950008
5340,3,0.362951,0.4903147709097906
5342,3,0.642027,0.41857039791399675
5343,5,0.03347,0.05241297204145323
5344,1,0.802102,0.39169112356793023
5345,1,0.39326,0.20508205563100276
5346,1,0.996165,0.9404170428059007
5347,3,0.741973,0.523336518554134
5348,5,0.244105,0.2880636341230424
5349,1,0.766567,0.5881246318550729
5352,3,0.105944,0.203395577627606
5353,3,0.023552,0.052681092026883924
5355,3,0.062272,0.06675424440438948
5356,5,0.073301,0.3189735854428959
5357,1,0.316651,0.315290452129051
5358,2,0.293106,0.5041192149286985
5359,4,0.229519,0.3168967766384316
5360,3,0.090222,0.2225447578427549
5361,3,0.606734,0.5393222816686992
5362,5,0.327744,0.29992069887274986
5363,3,0.655083,0.593499686164851
5365,5,0.267421,0.31149771704319457
5366,2,0.763668,0.5635824031383356
5367,1,0.9988,1.0596754804723791
5368,4,0.369489,0.4039928646373236
5369,2,0.705277,0.38552096378393147
5370,2,0.32359,0.45197624965785654
5371,3,0.392976,0.42635692334335423
5372,4,0.284772,0.38202433619316845
5373,1,0.720062,0.39055832225275683
5374,5,0.074501,0.27126850195850016
5375,3,0.526141,0.5588297916179488
5376,2,0.999993,1.1491862020026944
5377,3,0.220224,0.07042765140899365
5378,2,0.66616,0.4682031052548781
5379,4,0.937889,0.7467080769993762
5380,3,0.620771,0.5159987204877076
5381,3,0.07249,0.04005934461674393
5383,5,0.564293,0.2785786175254484
5384,2,0.343554,0.3778910536436596
5385,1,0.519597,0.37673664746639185
5386,5,0.206872,0.24869481766147883
5387,2,0.682924,0.3716356298042476
5388,2,0.43605,0.4178825774860773
5390,1,0.995078,0.9841085125323688
5391,1,0.752354,0.5458292605948198
5392,4,0.527438,0.3913517413956598
5393,3,0.767579,0.456259819786449
5394,2,0.22122,0.347865664932011
5395,3,0.325343,0.4545349190227527
5397,4,0.064362,0.11564950985570144
5398,1,0.484923,0.5598926321723001
5399,5,0.156379,0.20645400341227943
5400,1,0.524859,0.34592858269890325
5402,2,0.242458,0.20626734445830744
5404,3,0.467007,0.4757907824242239
5406,2,0.744494,0.3773104550892136
5407,5,0.766498,0.5612039162238782
5408,5,0.490785,0.5580761560318017
5409,3,0.522931,0.5513689415268939
5411,5,0.410718,0.45414860924818407
5412,3,0.152347,0.13105816019235816
5413,5,0.589719,0.46931409941998775
5414,4,0.871386,0.5613561938499323
5415,2,0.193727,0.30630914074898574
5417,1,0.228599,0.33263299441210503
5418,5,0.210049,0.2205524201959641
5420,5,0.368034,0.3175396837575386
5422,4,0.99999,1.308524617902791
5423,5,0.952861,0.7566751332570446
5424,4,0.836283,0.5938980856439446
5426,2,0.432931,0.47021693196817743
5427,5,0.827139,0.4389166750036223
5428,2,0.408651,0.40517790051460767
5429,1,0.32145,0.5192148254893065
5430,1,0.727844,0.4309811040154666
5431,1,0.014494,0.0
5432,3,0.553581,0.5384686391437958
5433,2,0.828573,0.5961775239824119
5434,5,0.901485,0.5289465100384502
5435,2,0.684155,0.5211933275580958
5437,4,0.255444,0.23623308397761486
5438,1,0.221965,0.11862531798178938
5439,3,0.131348,0.3063596926552262
5440,3,0.725918,0.5184959455919587
5441,4,0.329096,0.4771287003845853
5442,1,0.999432,1.0617479247344677
5443,5,0.123446,0.37642567395355897
5444,1,0.055681,0.20469058275770932
5447,1,0.3266,0.25436703234446434
5448,1,0.047069,0.15227076112665788
5449,3,0.107709,0.38402503903452
5450,4,0.220139,0.4494646114314067
5453,5,0.307748,0.4198124783764091
5454,3,0.471998,0.36949081908536363
5455,3,0.568151,0.5213682912200206
5456,4,0.818726,0.6905728841381791
5457,2,0.425208,0.3814196700195149
5458,1,0.251702,0.24819763972064895
5460,5,0.059392,0.32412217158672046
5461,2,0.218438,0.3041298427852177
5462,5,0.865586,0.6551829137804417
5463,4,0.086675,0.1240686868924114
5464,1,0.315325,0.29358653805949114
5467,5,0.036924,0.14071721303530021
5468,1,0.017871,0.10682949504533323
5469,2,0.248286,0.35760915024782003
5470,5,0.351195,0.35387471599072556
5471,1,0.745386,0.640718447645283
5472,5,0.729859,0.5097923162882732
5473,3,0.799441,0.5149279801319397
5474,3,0.017317,0.017008141846010905
5475,5,0.043013,0.154863731085636
5476,1,0.292322,0.37308436481152185
5477,2,0.310035,0.4075363620585072
5478,5,0.441987,0.42449347434388074
5479,1,0.146961,0.2360868399106919
5481,2,0.999864,1.118736407888154
5482,1,0.109809,0.07104662149893365
5484,3,0.339565,0.4435854548678649
5485,1,0.400353,0.44596349377927896
5486,4,0.335668,0.3989725932131176
5487,4,0.854164,0.6757084692258472
5489,1,0.064468,0.14549916996667417
5491,1,0.373273,0.2902251539330257
5493,4,0.105297,0.23333431567756863
5494,2,0.289975,0.4361452018228974
5495,2,0.413754,0.46914764147577376
5496,5,0.177827,0.20731085438623284
5497,2,0.842916,0.42384878364489026
5498,3,0.125497,0.1969563620484209
5499,2,0.999933,1.0653234227565211
5500,2,0.994311,0.9411372979575963
5501,2,0.998419,0.9511556904042557
5502,3,0.432082,0.32077832583859345
5503,5,0.85776,0.7289178372149419
5505,5,0.180346,0.3361074469965727
5506,5,0.114738,0.1899229434917494
5507,3,0.26912,0.35257793128361015
5509,2,0.610133,0.3391817513261153
5510,3,0.878323,0.7707843668599297
5511,5,0.1182,0.32899227118557883
5512,5,0.194341,0.46105447355545837
5513,4,0.090755,0.2788052904234892
5514,4,0.187383,0.3260412095949904
5515,5,0.563096,0.378293669440556
5516,4,0.839047,0.7214341111617228
5517,4,0.879921,0.7769150398555789
5518,3,0.838846,0.6843103089488308
5520,5,0.596807,0.4307426673209499
5521,1,0.847434,0.3732763804396434
5522,2,0.689422,0.3801802795640857
5523,3,0.762054,0.6164081506568602
5525,2,0.498996,0.39399961001761064
5526,1,0.165947,0.22376779448089057
5527,5,0.202778,0.26093612637283203
5528,4,0.024681,0.000631705159486573
5529,5,0.999999,1.52368947011391
5530,1,0.984987,0.8170971607132762
5531,5,0.637746,0.603747398915545
5532,3,0.265346,0.33452497340901144
5535,3,0.138919,0.18154029826181553
5536,1,0.469451,0.3349199509573182
5538,3,0.278839,0.4378630329498859
5539,4,0.209732,0.3762599319766976
5540,2,0.346255,0.2624176234176657
5542,5,0.180627,0.23010698652191702
5543,4,0.999515,1.114010717219872
5544,4,0.093379,0.33650736539809395
5546,4,0.45851,0.6169460814208196
5548,5,0.777036,0.36897605957408725
5549,3,0.256054,0.3881295664753055
5550,3,0.350897,0.39039310305043484
5551,5,0.949021,0.7737324847586347
5552,1,0.068424,0.2542334784384813
5554,4,0.015169,0.0956741500500693
5555,3,0.780554,0.6730930267685102
5557,1,0.22058,0.3771894612206599
5558,4,0.365652,0.4742664311319038
5559,4,0.176324,0.4029643495934136
5560,1,0.997091,0.9233377407009196
5561,2,0.186474,0.3074264603192724
5562,4,0.621388,0.524103721985854
5563,3,0.999986,1.339594645697815
5564,1,0.102826,0.13252529195548918
5566,1,0.998748,0.9796429911923994
5568,5,0.773001,0.5566075164089989
5569,3,0.283997,0.3790064204282599
5570,5,0.028961,0.0
5571,4,0.787954,0.37274768910628014
5574,2,0.406121,0.47244575408524064
5575,3,0.880093,0.6360834491008001
5576,2,0.55584,0.35867793010942123
5577,4,0.100443,0.3744647113694802
5579,3,0.140102,0.27153294234147685
5580,4,0.045353,0.1448449595637616
5581,5,0.779683,0.3841703146951797
5582,4,0.113017,0.26015921679316345
5584,3,0.238807,0.2353477433756538
5585,2,0.296904,0.34612523230702597
5586,3,0.18627,0.3911335316881948
5587,1,0.027701,0.1277017111509215
5588,5,0.982156,0.8811269700738947
5589,3,0.3417,0.4086160520106725
5592,3,0.11018,0.2426253444117085
5593,1,0.493265,0.2373953863060328
5594,3,0.556272,0.5408954055247388
5595,2,0.220153,0.38127315918915994
5596,1,0.119034,0.24302469146848485
5597,3,0.045068,0.19168624220361152
5598,2,0.153284,0.16832077606340545
5599,2,0.217621,0.3218246139046203
5602,5,0.401006,0.4851938327902467
5603,4,0.639822,0.18185523577821225
5604,5,0.208018,0.3844532860488332
5605,5,0.38926,0.449553787478789
5607,3,0.687733,0.6392278656454693
5608,4,0.611897,0.6241532780032524
5609,3,0.640032,0.45899028528544183
5610,3,0.423508,0.45383221137937396
5611,3,0.812907,0.657151154000749
5613,1,0.310405,0.25929464197623914
5614,5,0.402166,0.5419514359674877
5615,2,0.660321,0.48024034837135915
5616,2,0.039894,0.18801526211924774
5617,3,0.628941,0.44225193657587125
5619,3,0.462848,0.2961959588537134
5620,3,0.556018,0.6080672105940084
5622,1,0.503155,0.4135092211796895
5623,4,0.102198,0.20242505437574426
5624,5,0.443301,0.3248842878407935
5625,5,0.539911,0.13633831546130426
5628,3,0.144945,0.3181532964504422
5629,2,0.531199,0.44035872863401354
5630,3,0.657941,0.5745390224760774
5631,3,0.038398,0.20959667735754617
5632,3,0.259475,0.269523759175149
5634,2,0.39737,0.18320261630674878
5636,3,0.111975,0.27882793269247874
5637,2,0.474347,0.23851628959543222
5638,2,0.618101,0.3891134050445264
5640,2,0.474876,0.46193020767629545
5642,1,0.212562,0.29885134380484635
5643,2,0.998596,0.9332087525328192
5644,5,0.997204,0.9378467900199621
5647,5,0.184927,0.4399596795922968
5648,3,0.844638,0.6096868915663454
5649,2,0.294977,0.4210367195614133
5650,1,0.350945,0.4592259338070953
5651,1,0.661176,0.5297110893097046
5652,5,0.489586,0.5072947732202424
5653,3,0.323183,0.4862861718228252
5654,5,0.21496,0.47016760722966516
5655,1,0.231708,0.2649627890556725
5659,4,0.813428,0.46663091480379715
5661,1,0.996101,0.8537922069842381
5662,4,0.361495,0.36638395760971876
5664,3,0.235602,0.2293135468322502
5665,3,0.687357,0.4744562643384115
5666,3,0.999983,1.1737954763703544
5667,3,0.774193,0.5819213352530358
5668,2,0.534552,0.3896616363339718
5670,2,0.80349,0.6737520174673414
5671,3,0.339226,0.4491218174945121
5672,4,0.391241,0.48009747905562145
5673,3,0.416794,0.30241700753473977
5674,1,0.095842,0.01518567142611954
5676,1,0.269423,0.270477274656018
5677,4,0.0759,0.33867290890748125
5678,4,0.462019,0.4710842059405249
5679,2,0.773156,0.6398041930674776
5680,2,0.097402,0.2175903209540342
5681,5,0.662726,0.4458790834955191
5682,1,0.728637,0.43986290067701456
5683,2,0.293954,0.40231913904261396
5684,3,0.267913,0.3677122342806254
5686,2,0.902822,0.4820295318930571
5687,3,0.779114,0.5662193264398707
5688,1,0.837284,0.5033680806253824
5690,4,0.371214,0.38995861239257695
5691,2,0.422344,0.27402619256299
5693,3,0.734751,0.5430579611740134
5695,4,0.44657,0.5267709512463576
5698,5,0.99981,1.1600332843539505
5699,4,0.999169,1.006014042723186
5700,5,0.138105,0.3355388498191293
5701,2,0.072914,0.20166469092565187
5702,1,0.401079,0.4804570911853147
5705,3,0.143038,0.2724899025418115
5706,3,0.67154,0.5661671914691335
5707,1,0.041459,0.019861427879146465
5708,5,0.197298,0.35213676272124905
5709,1,0.430098,0.4087498389983268
5710,2,0.035782,0.07788040331441781
5711,1,0.2033,0.2625322217486426
5712,1,0.415624,0.3017797585799706
5713,5,0.297368,0.3740049579039635
5714,1,0.090998,0.16813888370007135
5715,1,0.831323,0.4958770317186204
5716,2,0.813611,0.38768318713254857
5718,4,0.330037,0.44437970019660766
5719,4,0.180175,0.372241608772252
5721,3,0.293047,0.3336992240970338
5723,1,0.393554,0.4149369465382472
5724,1,0.669088,0.39074644275781717
5725,1,0.994777,1.0513199413654148
5726,2,0.147366,0.198177299598154
5727,3,0.055711,0.15387919680862477
5728,5,0.03669,0.0
5729,1,0.826902,0.6259407507682844
5730,2,0.737022,0.5789499303191753
5731,5,0.061948,0.33463038294824754
5732,1,0.329554,0.3563321528502019
5733,1,0.355704,0.23295668498585975
5734,4,0.154743,0.17292046577505812
5736,1,0.394312,0.4223753496654794
5737,5,0.793234,0.6111173911264145
5738,5,0.454455,0.33973163491886255
5739,3,0.416559,0.42887836490474096
5740,2,0.134228,0.39781234432699203
5741,3,0.305141,0.36534463422228236
5743,1,0.573521,0.39071739350920887
5744,1,0.581522,0.4155341819112621
5745,5,0.404154,0.3886036021479073
5746,1,0.666253,0.5950723960867855
5747,3,0.790793,0.6393676119935386
5748,5,0.019351,0.0
5749,2,0.146183,0.2183683349638846
5752,5,0.634764,0.4318566964475192
5753,2,0.254534,0.26884279413675677
5754,3,0.878941,0.6699475329667803
5755,2,0.155564,0.2677044061341813
5757,1,0.408431,0.44099516137601336
5758,1,0.897275,0.6824297473477972
5759,5,0.226449,0.23063555256328172
5760,5,0.715574,0.5095485262427807
5761,4,0.212958,0.388455323428774
5763,2,0.766704,0.4587758663443573
5764,3,0.168906,0.23957635624022702
5765,2,0.898919,0.5157051761727103
5766,4,0.322077,0.2290456554518291
5767,3,0.627346,0.5585545325560216
5769,3,0.085479,0.2971988025512928
5770,1,0.095502,0.20883790086964088
5771,1,0.617212,0.5144733806331531
5773,5,0.813625,0.8009250019987699
5774,2,0.03148,0.06553914112868725
5775,4,0.334556,0.37234962974419694
5776,3,0.187113,0.26597983761489774
5777,5,0.682617,0.4840848787001905
5778,5,0.128186,0.4123269953636881
5779,2,0.303757,0.30882456060420727
5780,3,0.220678,0.35398206812084276
5781,5,0.672442,0.5484400250902979
5783,3,0.101965,0.22082601123264867
5784,1,0.231648,0.32107999901809886
5786,2,0.376504,0.39300243946348673
5788,2,0.766123,0.5310968345306348
5789,3,0.835603,0.5739040701590912
5790,4,0.998964,0.9816538461097184
5791,1,0.549949,0.30324500555315187
5794,3,0.999997,1.3242930476804573
5796,4,0.771705,0.708925086462413
5798,1,0.043239,0.03281757167025445
5800,3,0.231753,0.2549994787712656
5801,1,0.308561,0.3523622136479022
5802,2,0.24385,0.33200824803099155
5803,3,0.436683,0.3912978858012235
5804,3,0.050843,0.22353822776413487
5805,1,0.205431,0.3451019076906623
5807,4,0.431588,0.3649966389258953
5808,4,0.999834,1.2188561143624963
5810,4,0.740445,0.5035464041045573
5811,4,0.216525,0.40105126545014647
5813,3,0.415053,0.34247395303303896
5814,5,0.510067,0.3918620391130858
5815,2,0.169738,0.08338821680086628
5816,3,0.481912,0.3939998855527422
5817,5,0.072755,0.28168033857477875
5818,4,0.46587,0.28226473621813797
5819,3,0.787847,0.44971967596719237
5820,3,0.986829,0.8855534903201864
5823,5,0.19979,0.2630240790581054
5824,1,0.148984,0.2008035063521045
5825,3,0.996639,0.977539298940429
5827,3,0.987741,0.9321303355830068
5828,5,0.21027,0.19991493155401804
5829,1,0.375277,0.41255803806498154
5835,5,0.828011,0.5396423111699665
5836,4,0.55983,0.2667937613911205
5839,1,0.414206,0.3149647051267487
5840,5,0.045951,0.1940855035255265
5841,2,0.029343,0.1563962893493117
5842,3,0.09843,0.36467042463402544
5843,3,0.05873,0.016899051893509542
5844,1,0.883427,0.5751058601879306
5845,5,0.519812,0.5407586331278684
5846,4,0.99999,1.2116702185596
5848,3,0.053249,0.18893182243427448
5849,1,0.210059,0.4637301056126578
5850,1,0.642782,0.49961047233540556
5852,1,0.038457,0.033800704659168346
5853,1,0.332706,0.336774954196613
5854,4,0.663072,0.6816827992970893
5855,3,0.996245,0.9226262264144256
5856,2,0.872413,0.6713618504622152
5857,4,0.834784,0.6195811639712315
5858,3,0.26573,0.3264909239736876
5864,2,0.843963,0.5771571976204681
5865,3,0.08133,0.31049754586888034
5866,5,0.999973,1.2999125303768544
5867,5,0.833284,0.468539138827868
5868,3,0.207261,0.40099955178982044
5869,5,0.843246,0.5490946505895773
5870,1,0.259649,0.41987580688143245
5871,1,0.017445,0.0
5872,5,0.334512,0.12565305828517725
5873,1,0.914086,0.7184415585537427
5874,5,0.998421,1.1343655600694342
5876,1,0.071345,0.17988797077723395
5877,5,0.452237,0.3974913778879695
5878,1,0.494589,0.33547169399387566
5879,3,0.182136,0.3475437982298247
5881,2,0.638735,0.35431055706215797
5882,2,0.999982,1.0590423762465253
5883,3,0.822969,0.4596924570163332
5885,3,0.17154,0.21491993447040234
5886,5,0.081958,0.17481354784211012
5887,4,0.565656,0.2785627327838293
5888,4,0.766271,0.6572452280941766
5889,5,0.188745,0.17621607286013952
5891,5,0.077142,0.15278673112265323
5892,1,0.656751,0.535711799215379
5893,1,0.358193,0.34914720732557103
5894,3,0.725231,0.5061521827620984
5896,2,0.180275,0.378668430809737
5897,4,0.484653,0.5239808616963331
5898,3,0.466824,0.4883566197158837
5899,1,0.414878,0.7640345653780471
5900,4,0.531198,0.45344346790028656
5902,5,0.542356,0.42937289456429667
5903,5,0.525344,0.2920210503716283
5904,3,0.394969,0.4662760933547558
5905,4,0.78351,0.5349380654024282
5906,3,0.235793,0.3257871570339667
5907,2,0.281392,0.3855090986546639
5908,1,0.419198,0.13819265355597982
5909,4,0.154724,0.2329661083144949
5910,3,0.508937,0.3993419718716543
5912,4,0.00167,0.0
5913,5,0.26763,0.5849294233185034
5916,5,0.32902,0.2055836127314001
5917,5,0.213805,0.2946351051194185
5918,5,0.685597,0.6009318809065115
5919,3,0.336945,0.30138681110888055
5920,3,0.015833,0.07966743119957548
5922,4,0.321671,0.2941794678195753
5923,3,0.456679,0.444089162073243
5924,5,0.070038,0.25185747698662786
5925,5,0.443911,0.5032874176740818
5927,3,0.426796,0.10993637913729748
5929,5,0.136698,0.2827228795434813
5930,3,0.173678,0.24107894520843884
5931,1,0.203336,0.21114716555966206
5932,1,0.701384,0.5613041801661633
5934,2,0.631829,0.30444810353633645
5937,5,1.0,1.510690724736509
5938,5,0.164167,0.23520589521841961
5939,4,0.283725,0.19826214649058527
5942,3,0.830065,0.6183446393732779
5943,3,0.286097,0.3819723730024211
5944,3,0.021664,0.1746978555362034
5945,3,0.570254,0.4592304509153971
5946,3,0.632027,0.33527310015081246
5947,1,0.125064,0.2948101171465024
5948,4,0.12956,0.17478826884990195
5949,4,0.064332,0.10258712221078153
5950,5,0.121935,0.1900064186389533
5952,1,0.131632,0.04334766827666142
5953,5,0.052232,0.2191056140363766
5954,2,0.41266,0.4825927425019162
5955,2,0.154873,0.11526689493481601
5956,2,0.572767,0.5884949202055938
5957,4,0.206852,0.2666476377216741
5958,5,0.51286,0.386159248883722
5959,3,0.759727,0.38630605616403924
5960,3,0.10676,0.21673927009272098
5961,2,0.813597,0.630763719403403
5962,1,0.211256,0.2604503130527747
5963,1,0.102987,0.3021042471108117
5964,2,0.999723,1.0828803952791783
5965,3,0.997998,0.9302850771008762
5966,4,0.519371,0.375733798021063
5967,2,0.587459,0.5105402095561721
5968,3,0.786395,0.5628078629366391
5969,3,0.097464,0.3418303676232468
5970,1,0.067613,0.16973033711271118
5971,5,0.298877,0.37924508903207416
5972,4,0.257746,0.32723733457760024
5973,5,0.999372,1.0253029071152042
5974,4,0.378139,0.4134025116474805
5975,5,0.116834,0.16443606338921118
5976,3,0.30978,0.4580579184931868
5977,3,0.448696,0.5143896157442778
5978,2,0.375556,0.3654671902538165
5979,4,0.302466,0.27782860714612045
5980,1,0.71829,0.4734666359641426
5981,4,0.010201,0.0
5982,1,0.216431,0.25407553517723813
5984,4,0.042526,0.10597685191498474
5985,1,0.197035,0.48660077587267986
5986,2,0.272851,0.3565176827709002
5988,1,0.169042,0.27488993471617507
5989,4,0.030837,0.18765460214307972
5990,3,0.289031,0.2934664757569928
5991,2,0.027916,0.10055505334174158
5993,5,0.863258,0.6973007747869302
5997,4,0.999996,1.3329949162693322
5999,3,0.106797,0.367128050365819
6001,5,0.999997,1.3919236567178659
6002,3,0.999997,1.2417821790985775
6004,4,0.999883,1.0522859881758166
6005,2,0.609458,0.3765010670135561
6006,4,0.587214,0.4351135058108272
6007,5,0.449759,0.4929978061252413
6010,2,0.057268,0.15825302082273646
6011,4,0.243559,0.2624817440517374
6013,1,0.104044,0.23605037684152996
6015,2,0.693703,0.5892011605546285
6016,2,0.301144,0.4267136186547038
6017,3,0.09276,0.3045808088286191
6018,1,0.230282,0.450699525809437
6019,5,0.069203,0.06969834332894254
6020,1,0.199361,0.17093403945000685
6021,1,0.191889,0.24700555891698434
6022,1,0.035561,0.1854490643504913
6023,5,0.174991,0.27582968672611
6024,2,0.07894,0.15115471775538142
6025,5,0.04569,0.12649969625480928
6026,1,0.12527,0.18929792440068177
6027,1,0.123973,0.1902994021462423
6028,1,0.589455,0.5114671362981369
6029,5,0.079988,0.14217072467104586
6030,3,0.799143,0.6663248763484589
6031,5,0.125549,0.26377477910102365
6032,2,0.673556,0.5914743157652276
6033,2,0.998245,0.8306499559212972
6034,3,0.092295,0.2479359587152189
6035,4,0.185554,0.18726562862868618
6036,5,0.999937,1.1666941294285254
6037,2,0.25895,0.34013130544180403
6038,5,0.04572,0.07900409105009498
6039,5,0.993627,1.037772931409878
6040,1,0.620004,0.4646518943524812
6042,2,0.123041,0.305607912589277
6043,4,0.460295,0.3903777863508778
6045,3,0.479484,0.418133446334527
6046,5,0.999954,1.3141562642816669
6047,1,0.02903,0.0
6048,1,0.156917,0.19731517746786145
6050,2,0.03212,0.0
6051,1,0.538893,0.20194943346699912
6053,2,0.79794,0.4914898195621811
6054,2,0.156487,0.25030697349491354
6056,5,0.181395,0.3532271771341184
6057,3,0.25724,0.3437930016141839
6058,3,0.069667,0.1443217035362077
6060,5,0.785117,0.5019686641629868
6061,4,0.848408,0.5624363961988106
6062,1,0.802206,0.5792148890431187
6063,5,0.595311,0.5254718861220776
6064,2,0.267919,0.3170994899469579
6065,4,0.607624,0.5895982358654589
6066,4,0.087298,0.22641743670696607
6067,1,0.154219,0.19932352934123176
6071,5,0.426543,0.39359040404884144
6072,1,0.140582,0.1896500155897117
6073,4,0.145441,0.23267515667514152
6074,5,0.992528,0.9228392888670284
6075,4,0.382361,0.39404414623038536
6076,5,0.313556,0.4312833781384323
6077,4,0.999243,1.067722862417857
6078,4,0.107562,0.29604511407785317
6079,4,0.164982,0.2494931530257261
6080,2,0.345732,0.4125788871534842
6083,3,0.447327,0.477816844887235
6084,1,0.132181,0.19255241097452136
6085,4,0.058469,0.12285392723810346
6086,1,0.914201,0.6904093118578261
6088,1,0.032261,0.137673158660436
6089,2,0.838124,0.5107115801973985
6090,2,0.607911,0.39448326717324744
6092,5,0.304005,0.39161727150463915
6093,2,0.100393,0.3714243073367013
6094,3,0.176028,0.33115034096499185
6095,4,0.005831,0.0
6096,5,0.12257,0.27234242458320745
6098,4,0.191505,0.3228165321313334
6099,2,0.739764,0.5200945557842523
6100,4,0.802472,0.41566453093282274
6101,1,0.171595,0.37982302606119267
6102,1,0.274321,0.3601276942324394
6103,5,0.381085,0.32875684512580716
6104,3,1.0,1.339760284895357
6105,3,0.998787,1.0147955558224193
6106,1,0.489676,0.2849619701735565
6108,3,0.612665,0.49807331784239195
6109,3,0.390662,0.26377599327848406
6110,3,0.727748,0.6194971782618299
6112,1,0.259592,0.19433092087022452
6114,2,0.202472,0.39280566683002266
6115,1,0.473368,0.4144052099407629
6116,4,0.901023,0.627984859898496
6117,4,0.066899,0.14981422994531796
6118,3,0.479851,0.490056834752198
6119,5,0.881903,0.6891757094677061
6120,2,0.715688,0.6608071028481393
6121,2,0.385571,0.48468292011019765
6122,4,0.179681,0.2883681639762861
6124,2,0.995691,0.9308441393841766
6125,4,0.249933,0.3482352057856628
6126,5,0.60536,0.5440386920355909
6127,1,0.99849,0.9570914014376655
6128,3,1.0,1.4190520931557602
6129,1,0.250224,0.324474594382569
6130,5,0.094956,0.21447108628558226
6131,5,0.1734,0.4881627629462525
6132,1,0.998695,0.9176360120609599
6133,5,0.019839,0.0
6135,1,0.269449,0.5402979466552467
6136,3,0.736246,0.6501262379726714
6137,3,0.06103,0.23520141353176965
6138,2,0.401832,0.5080221482170141
6139,4,0.098667,0.37816592394589166
6140,5,0.241761,0.3691493588689754
6141,2,0.091138,0.33934632332737236
6143,2,0.045865,0.2036157750029161
6144,5,0.169745,0.34741210044266874
6146,5,0.214274,0.14041774461916467
6147,5,0.649379,0.3707026232423415
6149,5,0.042373,0.18864540783929767
6150,1,0.63037,0.3202896966998509
6154,2,0.998573,1.0057208508528372
6155,4,0.088742,0.2663760998577868
6156,1,0.012082,0.0
6158,3,0.208757,0.4890677392960642
6159,4,0.735812,0.3507134923090488
6160,4,0.802865,0.6252430062361783
6161,5,0.300644,0.34807921586174667
6162,5,0.674211,0.44468939423007303
6163,1,0.046304,0.1422869531668705
6164,2,0.326069,0.27537364507315887
6165,3,0.364916,0.42017867938035625
6166,3,0.127594,0.27785899205218134
6167,2,0.026576,0.0
6168,2,0.244007,0.40741599498630854
6169,1,0.40377,0.364837531370191
6170,5,0.969069,0.7568012980243679
6172,5,0.604951,0.3601008111018756
6173,2,0.161651,0.32382301431449
6175,3,0.80786,0.5921417077720196
6176,4,0.143626,0.15137725622162596
6177,5,0.104029,0.324266880235234
6178,4,0.880709,0.5409968357747699
6180,5,0.151832,0.15299634258819672
6181,2,0.99694,0.9077373962383718
6182,2,0.322559,0.26888699825409235
6183,2,0.992814,1.022742703802221
6185,1,0.180873,0.4529368359658068
6186,4,0.48084,0.5247985884889167
6187,2,0.534797,0.2739664778885147
6189,1,0.05599,0.1560143036725225
6190,4,0.892883,0.7343655717886521
6192,3,0.062448,0.19803853955472192
6193,2,0.999882,0.9280590726189332
6194,3,0.070147,0.21482654773969134
6196,5,0.078257,0.12379958938780661
6197,5,0.247613,0.19051488000750025
6198,1,0.837881,0.5457199631448969
6199,2,0.289371,0.26607126866506847
6200,4,0.233344,0.4707636642567433
6201,1,0.994204,0.9796149044087226
6204,4,0.536088,0.44915260196886914
6205,1,0.043451,0.2735021162938265
6206,2,0.640554,0.4292838307680834
6207,3,0.269231,0.32285806725558436
6208,4,0.487503,0.4729656269606204
6209,5,0.137604,0.10901931272574494
6210,1,0.057342,0.10397953202689753
6211,5,0.814823,0.6127238935288684
6212,3,0.230098,0.37439426998448627
6213,5,0.401034,0.4214743735626917
6215,5,0.819137,0.6070156172986461
6216,5,0.072273,0.2536346781075656
6217,2,0.97749,0.6617359086870095
6218,5,0.199228,0.32658997519340394
6219,3,0.228035,0.23928234400001216
6220,1,0.559702,0.46219828508856553
6221,3,0.670945,0.48203961049890404
6223,5,0.699595,0.4285038682897371
6224,2,0.331008,0.35361690382812566
6225,3,0.292085,0.3768117685856594
6226,4,0.004468,0.0
6227,3,0.380314,0.3524660782105955
6228,4,0.453423,0.3648641094819202
6230,2,0.363598,0.415537573273211
6232,3,0.090203,0.3272543590692273
6233,4,0.091014,0.31120787714701176
6234,5,0.63691,0.560971957067325
6235,5,0.271079,0.17902975924822334
6237,3,0.990489,0.9911519948530487
6239,5,0.348859,0.467734460513799
6240,4,0.51132,0.4657436427199442
6242,4,0.108636,0.15910440707400647
6243,3,0.6717,0.4958965506313472
6245,2,0.244503,0.3075659981120656
6247,3,0.213608,0.3598097024842221
6248,4,0.852156,0.630291441085077
6250,2,0.671831,0.5508978838726597
6251,4,0.219484,0.3508235376744231
6252,3,0.828588,0.5233435943824059
6254,3,0.20567,0.3331973553727796
6255,1,0.749898,0.5230438553594616
6258,3,0.507196,0.5248717422490851
6259,1,0.441814,0.5082505339693727
6261,5,0.44361,0.5080012471963146
6262,5,0.84463,0.572861622113607
6263,1,0.26124,0.19024605469314407
6264,5,0.310319,0.22637734543190471
6266,4,0.786139,0.5535838552072814
6268,3,0.844203,0.6397752085481824
6269,4,0.611053,0.22474885847537904
6270,4,0.437651,0.5098901247496708
6271,4,0.268282,0.39027322232322276
6272,5,0.44589,0.5870367914447672
6273,4,0.992285,0.9433613988494198
6274,1,0.708893,0.39063104165606793
6275,2,0.07562,0.2332773101255007
6276,5,0.134073,0.21515195854395736
6277,2,0.212191,0.36949881879223423
6278,1,0.433417,0.545564781826261
6280,1,0.1053,0.1537543410177289
6281,1,0.533664,0.5700425558000243
6282,3,0.799456,0.440600196260514
6283,1,0.837096,0.6570118479129003
6284,1,0.404665,0.5136343791964709
6285,3,0.902652,0.6152262034220293
6286,3,0.551282,0.33410598147757986
6287,1,0.99625,0.9360534974649233
6288,2,0.814484,0.6175574326437675
6291,5,0.07052,0.06021053679327387
6292,5,0.871297,0.7588932741906789
6293,4,0.38552,0.43919171225941483
6294,3,0.488311,0.42681094055819346
6295,2,0.760687,0.49129733027832334
6298,1,0.648937,0.48594488851766565
6299,3,0.378932,0.3587231111331233
6300,3,0.175676,0.33931280979866896
6302,2,0.154912,0.19329924127976553
6303,3,0.120858,0.3131840293108285
6304,4,0.758749,0.5575103368517377
6306,4,0.998382,1.0191178691460714
6308,2,0.101226,0.24121452280942018
6310,4,0.999005,1.0166187766821033
6311,5,0.316198,0.2496555302660186
6312,4,0.391368,0.4955409287602983
6313,4,0.994301,0.9209252857414372
6314,5,0.703272,0.5716214001953133
6316,5,0.033382,0.14452954673818408
6317,5,0.226964,0.32033294939555323
6318,4,0.903478,0.7540026892408692
6319,4,0.421309,0.2833127927592794
6320,4,0.506338,0.29590052074227985
6321,4,0.464859,0.2518096759249328
6322,4,0.148931,0.22494073868665249
6323,4,0.824551,0.5543923488161118
6324,2,0.421199,0.5007247293025567
6325,5,0.333139,0.4434535649298651
6326,4,0.218285,0.4589849521344605
6327,3,0.074282,0.22056558877294394
6328,3,0.726478,0.6856960584055549
6329,5,0.161285,0.38267553358258566
6330,1,0.725913,0.3320965169666955
6331,2,0.041534,0.1333621689665211
6332,2,0.152111,0.35510318062104057
6333,4,0.334742,0.17104201589908458
6334,4,0.208326,0.18475851274729108
6335,2,0.416938,0.4003854425873762
6336,2,0.036683,0.2575187618643625
6337,2,0.033364,0.11856092603927432
6338,2,0.529978,0.47038264394373497
6339,5,0.647582,0.4514376183400274
6340,4,0.213058,0.37202072971692124
6341,3,0.390067,0.5155485252846048
6342,4,0.187378,0.35431377223380034
6343,4,0.751893,0.6294431865076864
6346,3,0.894002,0.5623690147569851
6347,2,0.380463,0.4470327132277927
6348,2,0.202807,0.322989530905327
6350,1,0.991613,1.0326486901538559
6351,3,0.630952,0.45950020605761877
6352,4,0.330236,0.3123161523720812
6353,4,0.099357,0.30684609938262264
6357,2,0.691351,0.5409932387474785
6359,4,0.229254,0.5006383663532203
6361,2,0.724665,0.5974802035864847
6362,5,0.030848,0.02786627152964216
6363,3,0.218146,0.41555452209086663
6364,1,0.058324,0.27084584009279233
6365,4,0.06401,0.31623165582743323
6366,1,0.063007,0.1695446237910347
6367,3,0.740132,0.5849862533939498
6368,2,0.453864,0.24166856199189618
6369,1,0.802141,0.6358521132614297
6370,1,0.074387,0.23595023982524402
6372,1,0.477845,0.4735889242352186
6375,3,0.621224,0.5010263350058587
6376,5,0.77687,0.695688241644681
6377,5,0.606979,0.4329801136911304
6379,3,0.9875,0.983477681028947
6380,1,0.141279,0.21168809169773756
6381,3,0.8296,0.6942672522865907
6382,1,0.529225,0.3858529587988513
6384,4,0.796436,0.63311582738508
6388,5,0.160212,0.42111927705369945
6389,3,0.521743,0.43173282924178785
6390,4,0.597741,0.46176803451232606
6391,2,0.563992,0.5432268097314722
6392,1,0.781031,0.5284367075947916
6393,5,0.17579,0.31851573474929784
6394,4,0.999628,1.234193966222278
6395,5,0.742839,0.5700791405860757
6397,5,0.617739,0.562119441328204
6398,2,0.063534,0.24115742431099968
6400,4,0.52732,0.3965486265863718
6401,5,0.799733,0.5958148468510615
6403,5,0.895925,0.565097630598336
6404,5,0.505903,0.4125524140706268
6405,5,0.039646,0.17865017788851567
6406,3,0.477521,0.39961484750749093
6407,3,0.151632,0.3379877209788298
6408,4,0.156369,0.20980604529709196
6412,4,0.997566,0.9461654247699038
6413,5,0.774799,0.5015097905388051
6415,2,0.164802,0.28736641663139806
6416,4,0.866088,0.5030722509547031
6417,2,0.323469,0.3850180656135307
6418,3,0.372421,0.43749282045991594
6419,2,0.832417,0.30131222800874496
6420,4,0.444884,0.35509619207085374
6421,5,0.425868,0.43091992847651545
6422,5,0.123777,0.22364477315544914
6423,4,0.319094,0.553464513840365
6424,5,0.30402,0.2824170077551367
6425,1,0.113962,0.234643126169876
6427,5,0.457902,0.41148896609977087
6428,3,0.156878,0.2001502820701052
6429,4,0.267104,0.36793105830135664
6430,3,0.68527,0.3769961634212158
6431,4,0.999946,1.185468213275647
6432,5,0.782084,0.5043931136537996
6433,2,0.82005,0.6208697156686622
6434,3,0.326882,0.306980568962557
6435,3,0.124204,0.19075737870205886
6436,3,0.44598,0.2271955112149269
6437,1,0.794268,0.714505822702411
6438,1,0.051,0.1374026163780957
6440,4,0.458306,0.5163609553263317
6441,4,0.553965,0.33827340451256144
6442,2,0.278998,0.574970179895986
6443,2,0.145348,0.2793086691106983
6444,5,0.398183,0.32201857077210255
6445,1,0.74314,0.6284764530805247
6448,2,0.514975,0.2960627856061805
6450,3,0.293857,0.32935052211187765
6451,2,0.848573,0.6053642759634492
6452,2,0.337308,0.38154956429579256
6453,2,0.512642,0.5147825976438997
6455,4,0.484238,0.21181678835894555
6456,2,0.061673,0.2213619506289455
6457,3,0.148524,0.15826331781357195
6458,4,0.999982,1.2431093658305583
6461,1,0.299813,0.27279725659703824
6463,3,0.228319,0.38697656944002196
6464,3,0.490198,0.4837070292363466
6467,4,0.491325,0.46186509244084384
6468,1,0.472937,0.5001524074885795
6469,4,0.112575,0.2459688100837742
6471,5,0.129056,0.3041890130499981
6473,2,0.815693,0.5886779015140788
6475,5,0.614685,0.41427979172857865
6476,2,0.898358,0.6519141917789308
6478,4,0.413243,0.3599075244613898
6479,2,0.098157,0.11798886905164363
6480,4,0.718847,0.48185367591987105
6481,5,0.494814,0.5039719830250221
6482,2,0.53586,0.4674103354054009
6484,4,0.156908,0.32262888412280094
6485,1,0.996862,0.9848348573415049
6487,5,0.12076,0.20542179226131735
6489,3,0.372005,0.36986033678735825
6490,4,0.517573,0.39876584485961036
6493,1,0.279532,0.414084780973237
6494,2,0.197448,0.3948072455582522
6495,1,0.446583,0.45398820506410026
6497,5,0.014773,0.07679976131034133
6500,4,0.113876,0.191294471785217
6502,2,0.074879,0.3461369569203576
6506,3,0.071917,0.15444076427681402
6507,4,0.807557,0.5244870458981891
6508,3,0.249365,0.34307443350188155
6510,2,0.157893,0.46049953346598277
6511,5,0.555652,0.27192098900144135
6512,5,0.298839,0.22158517753305168
6513,5,0.03034,0.0
6514,3,0.35681,0.47649244509579447
6516,1,0.310179,0.31270812521587493
6518,4,0.455758,0.11348514367471901
6519,2,0.136429,0.22358828380185608
6520,1,0.715661,0.44193295893327555
6521,4,0.111913,0.22154212259768358
6522,2,0.368065,0.23063149013029982
6523,1,0.036069,0.25355066100512313
6524,3,0.036055,0.19834567430376313
6525,1,0.085739,0.2579927084788102
6526,2,0.288419,0.1709763300483946
6527,4,0.030387,0.0854404947413338
6528,3,0.014636,0.0
6529,1,0.50078,0.4709434863920279
6530,2,0.018544,0.14312613558237108
6531,2,0.235613,0.20416007757067306
6533,2,0.847533,0.5992065331579266
6534,3,0.127205,0.21711912127055172
6535,2,0.246212,0.3443012042206035
6537,2,0.583442,0.4611271351591053
6538,5,0.092347,0.24546103630373958
6540,3,0.183791,0.3747723492072835
6541,1,0.806712,0.5919360879608109
6542,4,0.494732,0.44704360283884725
6543,2,0.363586,0.3487936562849019
6545,1,0.999996,1.3263094287615194
6548,2,0.264796,0.47121356888599114
6549,4,0.305497,0.4606127122572004
6550,3,0.825252,0.6867365503339096
6551,3,0.305416,0.32884786023424617
6552,3,0.427737,0.4683996080283951
6553,2,0.342355,0.3231976912716408
6554,5,0.458885,0.3155673704933808
6555,1,0.327507,0.3200668767600844
6556,2,0.134689,0.45513809065391286
6557,3,0.156872,0.22242887577913034
6558,4,0.14268,0.3233196588138482
6559,2,0.150933,0.27280342887778075
6560,5,0.094324,0.35590099991583635
6561,5,0.83693,0.7166423465059812
6562,2,0.020936,0.05582078242964161
6563,5,0.083669,0.3063795347397874
6564,2,0.52589,0.4218550582929567
6565,1,0.049809,0.07367406217250522
6566,5,0.043603,0.2331866583962165
6567,2,0.494689,0.42995583093349016
6568,3,0.515846,0.6353940622711287
6570,4,0.509999,0.3149196691127438
6571,4,0.23965,0.31442623328474606
6572,3,0.510419,0.3686673844615637
6573,3,0.662367,0.46757637986449185
6574,2,0.592096,0.39421998464403385
6575,5,0.202929,0.4786724445617652
6576,3,0.364974,0.3287618265555205
6578,4,0.991145,0.9593857370883558
6579,5,0.80083,0.4540437284284215
6580,3,0.079326,0.3083030784921993
6581,4,0.0925,0.23955150801028674
6582,2,0.177514,0.23199868871650925
6584,2,0.073082,0.17369047507555496
6586,4,0.087639,0.12069248375035085
6588,1,0.6836,0.5337377422397631
6589,1,0.650516,0.599807380401705
6590,5,0.986811,0.9348422901324176
6591,3,0.721812,0.4605309936659634
6592,1,0.129632,0.35810661745743816
6593,3,0.575811,0.43489992417834783
6596,4,0.484183,0.49508463572515377
6597,4,0.591003,0.42674421023590214
6598,2,0.666176,0.4766229572558018
6599,5,0.329886,0.43494096944781013
6601,4,0.057624,0.2380315571522035
6602,5,0.130163,0.34866753098507786
6603,1,1.0,1.4253705355733484
6605,3,0.110166,0.2213108779463791
6607,3,0.0755,0.0779262554794185
6608,4,0.212776,0.31738648153186066
6610,2,0.396937,0.2557713624826888
6614,3,0.278922,0.3958385347862078
6615,1,0.082319,0.2604635705436778
6616,1,0.252782,0.34709869350078804
6619,4,0.130268,0.0486827986212649
6620,1,0.045205,0.1705758635802151
6622,4,0.097691,0.21477892161978743
6623,3,0.001336,0.0
6624,1,0.431,0.27815092244499384
6625,3,0.744872,0.6485899573410474
6626,4,0.274609,0.4336726560454482
6628,4,0.133974,0.3455043865952112
6629,4,0.659957,0.4108068661015046
6630,2,0.729524,0.5351732500362408
6631,5,0.992636,0.8661784467526554
6632,2,0.699881,0.609205964551619
6635,3,0.652892,0.5207846994559389
6636,1,0.212449,0.4155185173326
6637,2,0.051178,0.2881295032704109
6638,1,0.196036,0.48012505561293384
6639,4,0.010104,0.0
6640,5,0.622239,0.5707455038759839
6641,3,0.69598,0.7234853345131151
6642,5,0.058436,0.06579176560676714
6643,5,0.211701,0.27567971935391744
6644,2,0.171487,0.3096819861532546
6645,1,0.043749,0.20820047190823648
6647,5,0.061138,0.16578367415604528
6648,5,0.25719,0.31986779349086736
6649,5,0.998465,0.9044773760231035
6650,4,0.773902,0.5095035203305531
6652,5,0.158721,0.20847628495780976
6653,1,0.11219,0.405421903236464
6654,3,0.051487,0.19340360982573973
6655,5,0.470959,0.4283901652350162
6656,4,0.651591,0.4395196238620902
6657,2,0.577296,0.3672775767014988
6658,5,0.719407,0.5316840107066264
6659,1,0.485687,0.3892695626540482
6661,5,0.408545,0.40928059531700234
6662,3,0.826784,0.4932005428480032
6663,3,0.16232,0.26231955762632975
6665,1,0.88349,0.6823937056478913
6666,4,0.405513,0.36838859768360227
6667,4,0.017064,0.04805173862108092
6668,3,0.809318,0.6550337872127101
6670,1,0.778414,0.5847652758806421
6672,5,0.880365,0.6371704227185141
6673,4,0.391234,0.46819818586098805
6675,2,0.237321,0.2923501992280194
6677,5,0.454697,0.44821088337428383
6678,1,0.721048,0.5082440059561598
6679,2,0.273802,0.47137814405246853
6680,4,0.997772,0.9893150911003896
6681,4,0.236848,0.3843034692711148
6682,1,0.692363,0.37343289563893656
6684,2,0.09567,0.3845171662770396
6685,4,0.013479,0.0
6687,4,0.319067,0.29729829317459994
6689,4,0.994511,1.0710238972096542
6690,2,0.999994,1.1227196743460115
6691,4,0.302303,0.30704376205105527
6693,3,0.834501,0.6458481231584923
6694,1,0.034394,0.10594573103312183
6695,1,0.423448,0.3475167518130841
6696,2,0.822439,0.530224550440621
6697,2,0.99443,1.0294686569603053
6698,5,0.187489,0.194247659450279
6699,1,0.136121,0.15191319834876404
6700,1,0.18846,0.34044143027986107
6701,5,0.301687,0.43504421039562946
6702,4,0.272924,0.39879916399946885
6704,1,0.10662,0.2833073698532155
6705,1,0.096847,0.20015389069378386
6706,1,0.028246,0.24565592227123045
6707,2,0.463026,0.5380086618520762
6708,3,0.90287,0.6913466960699156
6710,4,0.8039,0.6845807164869312
6711,2,0.442518,0.6405074143288789
6712,1,0.426485,0.28364691235991896
6713,3,1.0,1.4364492147089374
6714,4,0.585318,0.6703356714144724
6715,2,0.999852,1.167489898787184
6716,2,0.55868,0.5326560628508695
6717,5,0.053082,0.0
6718,4,0.214432,0.38922740863202887
6720,1,0.245044,0.409702134311371
6721,2,0.312578,0.31552070088412154
6723,2,0.512221,0.38647609236743385
6724,3,0.075369,0.16027030702713962
6728,1,0.993743,0.8521161449394525
6729,5,0.090691,0.18368110354343606
6730,4,0.096944,0.3318070688924688
6732,3,0.336092,0.471428334380336
6734,4,0.100553,0.13485830126734738
6735,3,0.743975,0.5993450058076317
6737,2,0.374479,0.13881713952040697
6739,4,0.991829,0.8507406494705474
6740,4,0.117692,0.2358059454509848
6741,5,0.537576,0.39851223153180987
6742,3,0.413567,0.36416114515961195
6743,1,0.498984,0.29906184232502353
6744,2,0.500699,0.5240015851048556
6745,2,0.188452,0.15997443508553266
6746,4,0.811743,0.5360612645771536
6747,3,0.733277,0.36217992063913257
6749,1,0.721289,0.5419576130438668
6750,1,0.118873,0.3446055711302304
6751,3,0.640845,0.4570270671229115
6752,3,0.842099,0.4968213586630285
6753,2,0.061509,0.22506884020029538
6754,2,0.336753,0.5571774937929721
6755,5,0.252949,0.5796656505381463
6756,3,0.263506,0.2867747751655009
6757,1,0.483965,0.6496943628678501
6758,5,0.335438,0.3159963899522618
6760,3,0.182206,0.2561735245522028
6761,5,0.102029,0.16772800387731646
6762,3,0.187027,0.2878881591726087
6763,1,0.311833,0.2866769122453235
6764,3,0.092943,0.22203624230296665
6766,3,0.999973,1.242083203548809
6767,5,0.392531,0.3980946421820808
6768,4,0.995536,0.9871215727873497
6770,1,0.320011,0.3267897398428032
6771,4,0.830558,0.4062859228622833
6772,1,0.159453,0.343961650686768
6773,5,0.339679,0.31993504771731857
6774,3,0.034496,0.22726829206622032
6775,1,0.731336,0.3324986841797875
6776,2,0.092315,0.21104470719103513
6778,5,0.223453,0.3590165291636873
6779,2,0.866127,0.4777438750952805
6780,1,0.424011,0.6946954421584763
6781,1,0.319481,0.3807029810792025
6782,4,0.465882,0.37172887733082016
6784,3,0.886216,0.6219366005374407
6785,5,0.268221,0.3667911263788539
6786,5,0.885497,0.6856730733101754
6787,4,0.839749,0.6683117786598247
6788,1,0.175847,0.30530578662000246
6789,2,0.066707,0.19840774134596126
6791,1,0.897872,0.6174414551622995
6792,3,0.598591,0.42416764473970936
6793,5,0.820287,0.591830665184331
6796,3,0.425827,0.3630704227745649
6797,5,0.414696,0.41192477546172784
6800,1,0.701236,0.6930142132467099
6801,1,0.595178,0.44402547801742576
6802,1,0.999999,1.3272208614920682
6804,2,0.742285,0.625508344593255
6805,5,0.807878,0.7485506891792587
6807,1,0.221601,0.2451026000863275
6808,4,0.27187,0.34320663281238606
6810,5,0.888495,0.6271368280454725
6811,2,0.992592,0.8683690539280963
6812,4,0.485124,0.3304185243971375
6813,5,0.016145,0.022343591973568222
6814,4,0.795491,0.43932334611704676
6815,5,0.68684,0.5492800613370046
6816,1,0.285219,0.3203247471937678
6817,1,0.070192,0.12486906745029092
6818,3,0.989344,0.9539749838960183
6819,1,0.996645,1.041489849804766
6820,4,0.400232,0.4274976192742906
6821,3,0.999928,1.148848972162202
6822,5,0.375304,0.2279856164817773
6823,2,0.601356,0.5906764066809475
6824,5,0.683408,0.5174161923058447
6825,5,0.018199,0.025397259555486107
6826,5,0.16628,0.24235213936197744
6827,1,0.417643,0.19754881323306228
6828,1,0.173503,0.23280304687879483
6829,4,0.735367,0.4787556185692047
6830,5,0.694777,0.4902824700013208
6831,4,0.195189,0.3423367090827848
6833,4,0.631441,0.46517597143710104
6834,5,0.026344,0.24297151861849392
6835,2,0.182681,0.3504333854356727
6836,2,0.786626,0.5236825827002901
6837,5,0.838637,0.5920497928711485
6838,1,0.7499,0.5550509825038741
6839,4,0.20276,0.317872722360187
6841,4,0.022361,0.0
6842,1,0.54731,0.5451338177554982
6843,2,0.798696,0.33527708387485317
6844,1,0.176553,0.3221465333774444
6845,3,0.503722,0.4490304944651879
6847,3,0.756433,0.6091342010483575
6848,2,0.079352,0.1358633654104724
6849,2,0.999603,0.887194632829667
6850,2,0.543924,0.6156088447583896
6851,4,0.322038,0.21933391453687973
6852,1,1.0,1.411497543770155
6853,3,0.608712,0.5231691608379431
6854,4,0.164884,0.40282115731408613
6855,4,0.634702,0.5265940478898742
6856,3,0.882323,0.7363674951259185
6857,2,0.289455,0.38820883293169267
6858,2,0.139484,0.1801252051013436
6859,5,0.828884,0.6570071437670457
6860,1,0.816093,0.5595924593256167
6861,5,0.237407,0.36387215919226196
6862,3,0.820383,0.5739022771975033
6863,2,0.234832,0.20625544101960117
6864,4,0.807986,0.5355338827308441
6865,5,0.419732,0.5080739056169467
6867,3,0.091947,0.21854274663995243
6868,1,0.419725,0.49278524765017695
6869,3,0.831237,0.5466448286219572
6870,2,0.387072,0.35495563451657197
6871,1,0.575489,0.46443401931637324
6872,4,0.143414,0.2494327323742266
6873,1,0.692806,0.46605821229430533
6874,2,0.135686,0.1414891854393262
6875,2,0.991308,0.9705058440586151
6876,2,0.996593,0.9842213894194227
6877,4,0.753964,0.5656593695394821
6878,1,0.267407,0.2683241154278921
6881,4,0.296034,0.23858486473853852
6882,2,0.900578,0.5360720038770724
6883,3,0.618589,0.458680573183915
6884,1,0.067218,0.270070362738144
6885,2,0.025396,0.14662488508005678
6886,1,0.055434,0.22536891745891063
6887,3,0.007889,0.0
6888,5,0.831122,0.6063138968711574
6892,3,0.083003,0.20824582127650795
6893,5,0.444404,0.2727035748406107
6896,2,0.998616,1.0854752593023473
6897,1,0.635631,0.4934392720278285
6898,3,0.633464,0.5723735473791195
6899,3,0.191137,0.3187402669482861
6900,1,0.161081,0.14284053299880256
6901,2,0.066053,0.29416435196314616
6902,4,0.999636,1.0716643632486733
6903,5,0.750101,0.5294976409260659
6905,5,0.599997,0.7296259390546644
6906,3,0.299045,0.33843470235591155
6907,4,0.244283,0.33385773284495324
6908,1,0.140568,0.3505938660912824
6909,4,0.018712,0.11033675810064131
6911,1,0.796549,0.5815960403828278
6912,3,1.0,1.5320125686587422
6914,3,0.323318,0.4824019810405869
6915,5,0.275591,0.34461642793261243
6916,4,0.612472,0.4818399987951605
6917,1,0.372849,0.37219223049112005
6920,2,0.943922,0.6435115005413808
6921,5,0.816111,0.44187252423487516
6922,1,0.334768,0.3856601276659739
6923,4,0.266176,0.19212079451118674
6924,4,0.81015,0.5619797801514043
6925,3,0.140804,0.29660874196823583
6927,3,0.68156,0.5305432344564353
6928,3,0.215815,0.31726864244468445
6929,3,0.066613,0.22067365529542554
6930,2,0.024234,0.1701681002049782
6931,1,0.696231,0.5528477859024915
6932,2,0.772323,0.6517821083112872
6933,3,0.654042,0.334443057086767
6934,1,0.099527,0.2967520221169968
6935,1,0.231319,0.1968335772150991
6937,5,0.314462,0.3589724200683362
6938,4,0.278165,0.2573879384830545
6940,5,0.107141,0.2330007038393292
6941,4,0.447276,0.4595437989280673
6942,4,0.088247,0.1733427409110283
6943,5,0.305299,0.24897040763958994
6944,4,0.398621,0.30873634527110316
6945,5,0.827043,0.4750781327985775
6946,3,0.295494,0.30586172007030077
6947,2,0.875271,0.7685477177594842
6948,5,0.840044,0.4927750455177813
6949,5,0.456618,0.27871297331582207
6950,3,0.247502,0.34724133106509203
6951,5,0.497734,0.5389458640957919
6953,1,0.06411,0.20784017724400106
6954,5,0.999976,1.307263970696897
6955,5,0.579479,0.4813233315394073
6956,2,0.43578,0.3543094291961299
6957,2,0.086837,0.13706469585486553
6958,4,0.027849,0.23183647583342348
6959,4,0.36042,0.3509740560465021
6960,5,0.057215,0.18830568220831734
6961,4,0.281026,0.352798095398832
6962,2,1.0,1.4329300752658662
6963,4,1.0,1.9767454020071724
6965,3,0.755185,0.45649793785855713
6966,2,0.160547,0.3041517956832872
6967,5,0.137468,0.2065285860212121
6968,2,0.911901,0.6423102780881853
6969,5,0.989517,0.9135854658300586
6970,5,0.24567,0.31834445125722566
6971,1,0.681734,0.5978155246303172
6972,4,0.420422,0.1961111126263371
6973,2,0.321943,0.30834935511448425
6974,4,0.079259,0.3230855952640689
6976,1,0.340723,0.4470215088186726
6977,3,0.086546,0.13787742485564564
6978,4,0.442986,0.47983436662311485
6979,5,0.416121,0.4326709478246926
6980,2,0.48974,0.37298239395354027
6981,2,0.5903,0.23046132809549813
6982,1,0.489866,0.3667747190191906
6983,1,0.779328,0.49084248796664753
6984,1,0.015339,0.039715361775577385
6985,3,0.110679,0.22635012518974318
6986,5,0.243966,0.305702956693946
6987,4,0.129536,0.06726332375583532
6988,4,0.096748,0.1377145868982832
6990,5,0.841976,0.5253172686623732
6991,4,0.528884,0.47044061611252946
6992,5,0.124605,0.2283471272749194
6993,3,0.198329,0.29150337556188766
6994,5,0.786548,0.5426453398901049
6995,4,0.152897,0.3009170433855113
6996,4,0.141809,0.26663167103455687
6997,5,0.05055,0.219185488900305
6998,2,0.342884,0.4918008313898842
6999,1,0.635054,0.3776824219564662
7002,1,0.212332,0.41189022091291794
7003,1,0.34455,0.5305466732708689
7004,1,0.406403,0.4400314380031343
7005,2,0.035947,0.14964384390292995
7006,5,0.017761,0.24106927862582256
7007,5,0.365783,0.48265364158500557
7008,3,0.714184,0.569082950703995
7009,4,0.465776,0.40597228075927294
7010,2,0.224911,0.45747927787405035
7013,4,0.322066,0.20684902481888295
7014,1,0.198543,0.28824947267252676
7015,1,0.178014,0.31399475055053133
7016,4,0.302681,0.34725780766273295
7017,5,0.189922,0.4010034589792266
7019,5,0.12162,0.22733216092899577
7021,5,0.15182,0.24681051793873077
7023,5,0.318126,0.28927721561691866
7024,5,0.484269,0.4130922867055654
7025,2,0.193641,0.3097014716750343
7026,5,0.759249,0.5841898754225854
7028,5,0.02608,0.02503347777112519
7029,3,0.753344,0.40595148969623246
7030,4,0.12894,0.37412040356474635
7031,5,0.618051,0.42186310542341754
7032,3,0.396656,0.23841213885565735
7034,4,0.100638,0.1360447711574556
7035,3,0.02532,0.1352811703249458
7036,1,0.390773,0.4109405844183515
7038,1,0.918376,0.7135984125314421
7042,4,0.815707,0.7832844962234473
7043,2,0.366275,0.39823087962105175
7044,3,0.735246,0.5131218146774089
7046,2,0.419926,0.5225597501138185
7048,1,0.722515,0.6371334342495969
7049,2,0.526445,0.5620904753730813
7050,3,0.102745,0.2775934456608855
7051,1,0.363666,0.6519790203747002
7052,3,0.995871,0.9237547575140046
7053,1,0.051978,0.17911106555852455
7054,3,0.621128,0.4042091309546508
7055,2,0.212069,0.3176569146369846
7056,5,0.605554,0.538642866042602
7057,2,0.450463,0.41496592237364094
7058,2,0.038067,0.2619458432705345
7059,1,0.252649,0.247560215532238
7060,3,0.053859,0.27144358967457005
7061,1,0.99897,1.0596889656077297
7062,3,0.849347,0.7191746932249234
7063,5,0.055256,0.2425313893042069
7064,2,0.240714,0.37984196484477173
7065,5,0.029018,0.14657597505058784
7066,4,0.305355,0.4210495421883695
7067,2,0.999054,1.0065652158338678
7069,3,0.997493,0.9433932122694972
7070,1,0.999806,1.0281742213361826
7071,4,0.375681,0.27930185515706873
7072,5,0.992276,0.850650764211357
7074,4,0.562473,0.5986359064485609
7075,3,0.352483,0.42633980243977543
7076,1,0.344537,0.31367196005913667
7077,4,0.010742,0.0
7078,2,0.348028,0.4923772049942101
7079,1,0.992376,0.8531817027423856
7080,1,0.026827,0.09685494836706993
7081,3,0.049844,0.007551271083666877
7082,5,0.497158,0.4391462164878331
7084,2,0.99974,1.003120955730679
7085,3,0.070947,0.13801060696282402
7086,4,0.232938,0.38191682828698054
7087,1,0.987628,0.8314980307674769
7089,4,0.827792,0.5753675380264954
7091,1,0.359584,0.31062588113204614
7092,1,0.352235,0.3240016328998397
7094,2,0.826981,0.635490986748849
7095,3,0.271129,0.5169338395531768
7096,1,0.248846,0.42660723945436174
7098,5,0.887982,0.684013159837308
7099,4,0.11409,0.17979994380432412
7100,2,0.996686,0.8341671936569989
7101,1,0.405447,0.2484956133639985
7102,4,0.295897,0.2909954070513756
7103,1,0.779549,0.5709890611664479
7104,3,0.345074,0.41165973464367994
7106,5,0.344928,0.3202638807927074
7107,5,0.9964,1.0525704301855838
7108,2,0.264096,0.2355308180240543
7109,3,0.970355,0.916679230019463
7110,2,0.267294,0.27808710600755493
7111,2,0.207006,0.35170930352612134
7112,5,0.673344,0.5296887156431176
7114,1,0.212156,0.3453034226074353
7115,4,0.075476,0.21598820646234212
7116,3,0.99957,1.0891344462370403
7117,5,0.151561,0.1229714785500362
7118,4,1.0,1.7380017077956675
7119,1,0.999952,1.1085597545998194
7120,1,0.068191,0.22513961279495648
7121,1,0.084602,0.262122038910459
7122,3,0.355112,0.45948126547049084
7123,3,0.330999,0.31709620029695273
7124,1,0.710807,0.35867428641227334
7126,1,0.144817,0.16623566742603996
7127,4,0.347408,0.3865739168731449
7128,5,0.073618,0.283598456211659
7129,3,0.38948,0.518769553225986
7130,5,0.554102,0.4172943261207266
7131,2,0.124329,0.1944532064750427
7132,1,0.119014,0.32770298396528696
7133,2,0.468429,0.38877764271438614
7134,4,0.202534,0.37905290648145207
7135,4,0.133526,0.26927964988531605
7136,3,0.999992,1.297967901114542
7137,2,0.827228,0.5504369762920225
7138,1,0.042724,0.36907166156806026
7139,1,0.156181,0.23421140251836758
7142,1,0.649371,0.4280985554879949
7143,3,0.337052,0.213343555812542
7144,1,0.260067,0.41592682741357556
7146,5,0.531554,0.50873838769673
7147,1,0.209256,0.260578072302835
7148,1,0.390241,0.4984987072229629
7149,1,0.526031,0.48147008269850267
7150,5,0.300732,0.4901150773666308
7151,5,0.320606,0.4360475469579268
7152,4,0.030263,0.10139152456226447
7153,2,0.796252,0.5336727782673707
7155,1,0.999002,0.9452283965832413
7156,2,0.233813,0.122819881088081
7157,2,0.537357,0.40961276896917614
7158,1,0.088485,0.1978425928059766
7159,3,0.994053,0.8158225508312122
7160,3,0.118247,0.14177255615759082
7161,3,1.0,1.512979362614628
7163,2,0.038491,0.17311995245949974
7164,1,0.163874,0.26998834368271984
7165,3,0.476432,0.45849239011224474
7166,5,0.25977,0.30634542767375755
7169,1,0.072989,0.1498008781012098
7170,3,0.580981,0.39444424167965386
7171,5,0.99989,1.1872733960808293
7172,4,0.03692,0.16445206090369596
7173,3,0.146949,0.13989249437921308
7174,3,0.991865,0.9456505603911547
7175,3,0.06284,0.18285316113369776
7176,1,0.510825,0.28136840804449365
7177,1,0.46133,0.24459789109493954
7178,4,0.425818,0.3713319542053765
7179,4,0.213681,0.2264921642695718
7180,2,0.194219,0.33046784386285916
7181,3,0.379062,0.44188883037213494
7182,1,0.755242,0.4771072080521994
7183,3,0.721015,0.48496915183567163
7185,3,0.219166,0.2677642213284742
7186,1,0.998614,0.9350254781108887
7187,4,0.206703,0.3206173043689401
7188,3,0.137751,0.002864840464270102
7189,1,0.702755,0.49799951928869723
7190,4,0.604584,0.43239241047467974
7191,4,0.308133,0.3150576122088973
7192,5,0.126085,0.3082927795722741
7194,5,0.612443,0.48392899257812616
7195,3,0.494856,0.5844788951144682
7196,2,0.067742,0.14776919282033746
7197,3,0.231677,0.42167225987060886
7198,4,0.513629,0.5671598358880434
7199,5,0.89829,0.7356608678088952
7201,1,0.578783,0.4520687421081901
7203,3,0.995894,0.8401203854844421
7205,5,0.17582,0.31599820461337635
7206,1,0.165916,0.3327411884395832
7208,5,0.681835,0.4702989471880056
7209,1,0.165813,0.24691734558457584
7210,1,0.698936,0.559122070670753
7211,2,0.4675,0.37064110152417207
7213,4,0.273788,0.449327121929847
7214,5,0.968799,0.8053346192533781
7215,1,0.283234,0.5182523248915768
7216,3,0.383555,0.31606357739698465
7217,4,0.995731,0.9838295928947784
7218,2,0.271844,0.37372378407548434
7219,4,0.378073,0.32301989612358134
7220,3,0.325452,0.27044153476657595
7222,4,0.177143,0.24792915816148298
7224,5,0.414062,0.396413028326448
7225,1,0.837872,0.49540664656035893
7226,5,0.305894,0.3052077115411683
7228,3,0.726385,0.554812746469727
7229,4,0.029749,0.13770081946655988
7230,2,0.883604,0.5706703692352973
7232,3,0.142571,0.12824331810409734
7233,4,0.05422,0.25674403065066953
7234,4,0.433574,0.38339994076262235
7235,4,0.895699,0.6891001719146201
7236,2,0.20676,0.3721937695284814
7237,5,0.144969,0.2008430861485463
7238,4,0.071298,0.3185595478660225
7241,4,0.522598,0.3990901806320231
7242,2,0.125526,0.2245993562232008
7243,4,0.02633,0.10252286119635728
7244,1,0.200633,0.33662449140029593
7247,2,0.874319,0.5982849666512102
7248,2,0.985424,0.819007890669944
7249,2,0.810856,0.6377127633073845
7250,2,0.332939,0.5355817310576547
7251,1,0.875541,0.7668297973237006
7252,3,0.068087,0.17326165034809787
7254,4,0.071759,0.01914169117659048
7255,5,0.562879,0.24711328547834613
7256,2,0.243514,0.23461166869641673
7257,4,0.291083,0.2862802888980349
7258,4,0.134935,0.21217250969244544
7259,2,0.556551,0.5399115249096674
7260,5,0.741474,0.5776866314588005
7261,4,0.317183,0.30710630480014245
7262,1,0.988636,0.9300561783574015
7263,4,0.716799,0.5239969576602443
7264,3,0.286809,0.4712179074498866
7265,3,0.158648,0.35686087544828027
7266,5,0.448055,0.4020152424466166
7267,1,0.536569,0.4983596270729876
7268,4,0.405629,0.41782406557917134
7269,4,0.613162,0.4514467523054475
7270,5,0.646344,0.5980105832583826
7271,5,0.449803,0.49443983451323753
7272,3,0.817575,0.5633327758909766
7273,4,0.770481,0.4324715431378768
7274,1,0.152229,0.33142042479281697
7275,4,0.014881,0.0
7276,3,0.226223,0.2684056615617456
7277,3,0.04232,0.13405986480653892
7278,5,0.042693,0.3030432616242591
7280,5,0.994459,1.0096387457800298
7281,3,0.122608,0.2665958356214243
7282,1,0.643439,0.39809747135407864
7283,5,0.686658,0.461376340962637
7284,3,0.641261,0.469008013314365
7285,2,0.705238,0.5557032786394738
7286,5,0.435527,0.4611079060189327
7287,2,0.76047,0.38307039952122746
7288,3,0.093168,0.28534135585966236
7289,1,0.136672,0.23149570718703577
7290,2,0.59666,0.5731191990975256
7291,3,0.142125,0.28646036971237027
7292,1,0.996454,1.0393553189972924
7293,2,0.987839,0.7770417568759069
7294,4,0.569681,0.4097147128834089
7295,5,0.188896,0.38202562445054633
7296,3,0.041322,0.0807088839509052
7297,1,0.290826,0.5256223057146537
7298,2,0.770186,0.5862473751652224
7301,4,0.159403,0.23995249842889346
7302,2,0.05443,0.052344573966798535
7303,3,0.306514,0.30322774790831797
7304,3,0.700339,0.5606662281627252
7305,1,0.410215,0.39209222498790985
7306,3,0.25798,0.4112744232959364
7307,1,0.78674,0.4918884803440628
7308,4,0.461557,0.46310116761817105
7309,3,0.371492,0.22338848691436908
7310,1,0.392926,0.44438653799483824
7311,1,0.840954,0.6188687905127759
7313,1,0.028384,0.0
7314,1,0.992641,0.8994359635691348
7315,5,0.673229,0.4802999040976796
7316,1,0.344045,0.3904330593727958
7317,3,0.328681,0.39105639914209545
7318,3,0.124035,0.30751444154893015
7319,3,0.36467,0.2982194248113987
7320,2,0.055029,0.163086095115209
7321,3,0.812442,0.5402824439754768
7322,3,0.270743,0.3341722532855328
7325,4,0.999286,1.1041968696721731
7326,4,0.232631,0.2799059165464648
7327,3,0.205677,0.3497707057689222
7329,1,0.066273,0.2108052216908973
7330,2,0.999651,0.9464344646929878
7331,3,0.722351,0.5488655145505414
7332,5,0.724846,0.4904226268156935
7333,2,0.98561,0.8967359722480641
7334,4,0.151909,0.2863701700458766
7335,5,0.332606,0.30877684690189555
7336,4,0.848325,0.6179419913232278
7338,1,0.548796,0.5519317075338083
7341,2,0.20477,0.5083271537849653
7342,1,0.079312,0.07082979065450457
7345,5,0.820534,0.5457075774404571
7346,4,0.68884,0.5576058304808387
7347,1,0.668816,0.43796520128160127
7348,5,0.567851,0.48757867332583044
7349,2,0.235765,0.42633626875662933
7350,3,0.369596,0.42921072527495097
7351,5,0.999243,1.1239001250849217
7352,3,0.317311,0.28826917008528713
7353,5,0.869947,0.7672538095005459
7354,5,0.337608,0.2937857679635351
7355,3,0.187917,0.21175440304280257
7357,2,0.214818,0.4061091486662607
7358,4,0.589061,0.43667740880895034
7359,1,0.799749,0.5619564533212873
7360,1,0.985899,0.9609042871110072
7361,2,0.607589,0.4592706517141738
7362,5,0.677017,0.5462879237825365
7363,4,0.576526,0.45033497022061986
7364,4,0.84799,0.45315741185242164
7365,4,0.495439,0.4293343151965909
7367,4,0.019838,0.060889989939074296
7368,1,0.079898,0.24244420878472736
7369,3,0.337942,0.221581519314961
7370,1,0.754195,0.2689314090672229
7372,2,0.997376,1.0744662158779408
7373,4,0.285211,0.2937585155271129
7374,4,0.487311,0.31185863180351625
7375,5,0.443147,0.47004160779152515
7376,1,0.843308,0.5903663813664766
7377,1,0.062274,0.30344942152112553
7378,2,0.623064,0.3787344769224238
7379,5,0.210818,0.3092431358654813
7380,4,0.618654,0.4565344934099603
7381,5,0.500016,0.36655834617489197
7382,2,0.410166,0.4618625183149485
7383,2,0.975702,0.9061456130590639
7385,4,0.346441,0.3457236639530467
7386,1,0.142662,0.35146728960669904
7389,1,0.526508,0.2644523604153947
7391,4,0.899882,0.45966852709662287
7392,3,0.143984,0.24666550602073234
7393,4,0.24885,0.39132383032176654
7394,4,0.976723,0.7950269523924909
7395,1,0.222801,0.3757317314256087
7396,4,0.277066,0.33286310195622404
7397,4,0.359186,0.3607723343570966
7398,4,0.515779,0.47866334372867814
7400,5,0.224851,0.2551276543845054
7403,5,0.080252,0.2786338069182874
7404,2,0.036821,0.20417183869087055
7405,1,0.685695,0.5587468487897698
7407,2,0.084489,0.2620191822496206
7408,4,0.999948,1.220648527379405
7409,1,0.155524,0.36882124292788077
7411,4,0.226457,0.3292117824245741
7412,2,0.133292,0.30542732252985666
7413,3,0.414974,0.343604268458663
7414,3,0.467241,0.4004655531867208
7415,1,0.759886,0.546158939219858
7416,5,0.73402,0.5617045942579804
7417,1,0.614572,0.4276626699538294
7419,2,0.605995,0.43273413523792104
7420,4,0.590504,0.5398604840059045
7421,3,0.381308,0.38626531181087853
7422,5,0.805468,0.6208197691099453
7423,3,0.182512,0.21394341157269456
7424,4,0.166246,0.278652944417792
7426,4,0.365812,0.37195294489348324
7427,4,0.138776,0.3144538875406509
7428,5,0.988101,0.8548987407437577
7429,3,0.07865,0.09636738982420812
7430,1,0.47865,0.4455398842061297
7431,2,0.696973,0.49829081391577945
7432,5,0.988581,0.9162094020373033
7433,2,0.104356,0.1822897791749694
7435,4,0.141841,0.3984073046215304
7437,5,0.140712,0.3474211802374328
7438,4,0.470832,0.2691850768357916
7439,3,0.138506,0.20388711691603706
7440,2,0.418817,0.5291960213506899
7441,1,0.072206,0.16044087766571452
7442,3,0.046155,0.19032171385778132
7443,5,0.141289,0.29222315579142083
7444,5,0.900173,0.5767830194486356
7445,5,0.170401,0.3886434886747776
7446,1,0.037381,0.1685440886636123
7447,2,0.118198,0.2647225165493181
7448,4,0.641108,0.4149308241575904
7449,5,0.370696,0.3838176028554877
7450,3,0.988666,0.8427258338423627
7451,5,0.014174,0.11546798361952082
7452,4,0.304865,0.5240225044735879
7453,5,0.459682,0.31702202805059976
7455,5,0.602389,0.5386414763850726
7457,2,0.199656,0.4298995459301861
7458,3,0.796945,0.6055367021785647
7461,1,0.003718,0.0
7462,3,0.612073,0.4691954799696928
7463,2,0.144405,0.20806754788173762
7464,4,0.328476,0.35057599978655857
7465,1,0.81915,0.8113599924488699
7466,5,0.474867,0.5765848865271007
7467,5,0.667137,0.4376688331591092
7468,2,0.562232,0.34819055601563653
7469,5,0.54789,0.3027269963485678
7470,2,0.544782,0.46568182772661126
7472,5,0.122534,0.1356815861525516
7473,1,0.289075,0.3715724179392041
7474,1,0.876816,0.6715801461247752
7475,2,0.230623,0.24932919400588338
7476,3,0.997886,1.0922089118129659
7477,2,0.433362,0.4446712889377268
7478,1,0.30726,0.3804890276961379
7479,3,0.160768,0.38434548348628883
7480,1,0.999997,1.2667976722731817
7482,4,0.324264,0.4310433016605437
7483,5,0.258259,0.2560828521969269
7484,2,0.250875,0.27475695017069235
7486,4,0.347048,0.255917168487564
7487,4,0.266103,0.3329178017771607
7488,4,0.374191,0.5221668556232426
7489,5,0.56638,0.3465604361777534
7490,3,0.413112,0.42077586191277755
7491,2,0.810478,0.5303150939711508
7493,2,0.334847,0.47323128437153883
7494,5,0.055522,0.18628587300252603
7495,5,0.112428,0.26859134454329436
7496,3,0.065695,0.20262735354036726
7497,5,0.534514,0.6018611493205668
7498,1,0.598377,0.4758710486461698
