row,fold,teacher,flagged_fraud,symmetric_1_1,under_2_1,under_4_1,over_2_1,over_4_1
0,4,0.399304,0,0.39539284771335453,0.43350979486201174,0.47235951443221913,0.3594526361215247,0.3261656240674601
1,2,0.026173,0,0.09874833931320912,0.11331771756319285,0.1299624103232588,0.086383846662524,0.07617279032468896
2,5,0.080938,0,0.0724670633944202,0.08370065715513056,0.096924210369259,0.06323495472399988,0.05580614038411163
3,3,0.926975,1,0.7873549598460171,0.8121702635705893,0.8337446575099021,0.7600796735458558,0.7306938162019141
4,3,0.281695,0,0.18691211573564104,0.21078181685210617,0.23698571393249981,0.16574079551204127,0.14716185723026207
5,5,0.881451,1,0.8930984225215284,0.9088339508075071,0.921768016635568,0.8733016274779536,0.8477998190651004
6,5,0.999576,1,0.9983189260785482,0.9986352703241675,0.9988644864851758,0.9978481497400955,0.997116822311824
7,5,0.477014,0,0.5673765312350284,0.6087368926864001,0.6482186360131708,0.5230026928948583,0.4755763234281311
8,2,0.14223,0,0.17065505145857174,0.1936804625934661,0.21967244507427994,0.15041254875788596,0.13322905175531297
9,2,0.247161,0,0.21531389540820864,0.2427061022190298,0.2726351238720519,0.1907600307384062,0.1694967380028075
10,4,0.242436,0,0.24941641801292183,0.27989204737277784,0.31284544173935747,0.22091030236286144,0.19423297999793449
11,2,0.014805,0,0.05150934001226122,0.05897083635826251,0.06754749784213812,0.04531126620738628,0.040294555734133486
12,3,0.456206,0,0.516845511760032,0.5555459905626292,0.5931730034926427,0.478076298087925,0.4394700942795205
13,2,0.408376,0,0.358066341248134,0.39597485036945246,0.4350583920099246,0.32197147511500723,0.288040547973055
14,4,0.049082,0,0.14467074045726894,0.1651295822879324,0.18817722425122754,0.12735863403187814,0.11335434902108454
15,3,0.781321,0,0.8724520762697596,0.8911572682143011,0.9069942715635905,0.8502082931414813,0.8232224031185387
16,1,0.092013,0,0.17285851901008953,0.19612052977024141,0.2215265593482708,0.15190187526424667,0.1335054788969935
17,2,0.044971,0,0.10134346870047202,0.11534205191182129,0.131091897781594,0.08939883115313813,0.07945635315304521
18,3,0.432669,0,0.4378856777175219,0.47901400846725856,0.5207606641953071,0.39752395235004095,0.3587330129589945
19,2,0.328537,0,0.4249684117805127,0.4665009417107207,0.5083651327055407,0.38390288379702076,0.3437256383532066
20,4,0.630793,0,0.6943573733330466,0.7288957561448798,0.76032187393198,0.6573710216643548,0.6186310045847002
21,2,0.990704,1,0.985487681592745,0.9878291540198718,0.9897313025251236,0.9823740565648764,0.9780221159929341
22,5,0.683683,0,0.4833188564084751,0.5227880049864512,0.561842210920768,0.4436706025443789,0.4045590013851014
23,4,0.609273,0,0.41752725642593985,0.4582330251880975,0.4991410594743202,0.37951745718021834,0.3457801035427692
24,1,0.159633,0,0.28420416737360427,0.316880277752818,0.3524019312023639,0.25412856382710347,0.2268459058014116
25,4,0.870034,1,0.8881767829571972,0.9051109445486618,0.9192891738456681,0.866753390503311,0.8387790098586263
26,4,0.082014,0,0.05664044015684784,0.06572880749687393,0.07647088836005875,0.049338682644824244,0.04376531120539968
27,5,0.999999,1,0.9999922164075309,0.9999940527701885,0.9999952311255578,0.9999890830754622,0.9999833729618867
28,3,0.773626,0,0.4743329623869447,0.5135917913939173,0.5522688724843662,0.43527224156821354,0.3971676234803071
29,3,0.485548,0,0.4015648936651557,0.44016743560416444,0.47944137041664703,0.36468344527239444,0.33062558971973105
30,2,0.338173,0,0.4322108188079644,0.4788177088026534,0.5265343120223708,0.3855756500236676,0.3385264650157834
31,1,0.514678,0,0.4513198061066724,0.4894429896572106,0.5276643063439848,0.4135263696536814,0.376826491402407
32,1,0.992361,1,0.9934995390660564,0.9946031450497503,0.9954487736762053,0.9920214519113728,0.9900943461978878
33,5,0.380157,0,0.2976248814661347,0.33163960687684174,0.36812228055701884,0.2661080544673392,0.23761100658311543
34,2,0.03701,0,0.04483081323434219,0.0516136153018381,0.059607557704413214,0.039169679584298005,0.034527229118727285
35,5,0.288167,0,0.24299777571527928,0.2704592549273512,0.30054925723491865,0.21791896428413826,0.19535368837549721
36,4,0.26221,0,0.21840592636763315,0.24548220486019443,0.2750867273221716,0.194264108785637,0.17298002283503056
37,2,0.424879,0,0.5224776212268446,0.5625613840818636,0.6014014277471326,0.4813026198556337,0.4393694031442046
38,2,0.596583,0,0.679720531163826,0.7125610476971627,0.7429752946268655,0.6447446956314538,0.6085426965396471
39,1,0.461048,0,0.3429725966222738,0.37900948698530285,0.41620181236009696,0.3088449553503719,0.2776900783324468
40,4,1.0,1,0.9999998765726509,0.9999999073475526,0.9999999277838695,0.9999998216238161,0.9999997087185408
41,4,0.714903,0,0.32843283892727654,0.36275802581088185,0.39859422856519605,0.296252078142498,0.266247963177075
42,2,0.118683,0,0.10855290321064648,0.1234552436245907,0.14027672280805964,0.09578794972757326,0.08508922022741026
43,4,0.797754,0,0.47831980983600153,0.5173570375045031,0.5560973236833199,0.4378443447603846,0.3958251400994507
44,4,0.107043,0,0.12098761392754465,0.13853498208055146,0.15864889863362333,0.10602607234219728,0.0938623564596079
45,3,0.188124,0,0.21422111745045153,0.24210663894255346,0.27256849083800666,0.18948991679848426,0.1683844742779802
46,5,0.800842,0,0.8002121080455715,0.8251588462867567,0.8468899096616679,0.7714578492566585,0.7389217633119602
47,2,0.683085,0,0.5781570599470163,0.6154004277334736,0.6513872565794798,0.5397470444982472,0.5018987403707091
48,1,0.103997,0,0.34704668701842234,0.38237046247380446,0.4192268179007045,0.3137081821248257,0.282833458611024
49,5,0.999998,1,0.9999842988213993,0.9999878935156392,0.9999902575351971,0.9999780718427617,0.9999663173147519
50,3,0.158357,0,0.23739874016864532,0.2671352363905551,0.2994498955593158,0.21054923807833656,0.1871441712982403
51,4,0.361806,0,0.1822284230711417,0.20624588322267176,0.23288632657096173,0.16076982800131154,0.1420289529342785
52,5,0.04434,0,0.07087111268272699,0.08103094699686687,0.09320528649188373,0.062405155152361884,0.055354733814907464
53,4,0.831441,0,0.7597317618293357,0.7888694974483884,0.8147500949857495,0.7278719314525097,0.6938544874132346
54,1,0.132472,0,0.1186949421862343,0.13523272848305468,0.15364064412361383,0.10428377176790901,0.09220927843920085
55,4,0.296767,0,0.4030855656830089,0.4398900364887915,0.4773095678473712,0.3685605093988817,0.3371744575330072
56,1,0.094147,0,0.16578425301815056,0.18856458744458918,0.21396291376111012,0.14557919738741507,0.12803856228801816
57,1,0.126066,0,0.3687524307565927,0.4069438753078937,0.4459289282865742,0.3322633716978143,0.29836478876085504
58,5,0.996866,1,0.9877046385062989,0.9897658531726745,0.9913426620814343,0.9848681595358356,0.9808756377744852
59,3,0.727835,0,0.7913566486451294,0.8187148658304474,0.8431770972068532,0.7604628173061565,0.7255964787779468
60,4,0.098221,0,0.12360481740108122,0.14127087306470493,0.16132938852794212,0.10883812281147436,0.09720489566581449
61,5,0.586481,0,0.4272699263542072,0.4700546705409102,0.5129525730561683,0.3827427412416439,0.3356238305756763
62,5,0.192697,0,0.1586949024450185,0.18038881008958696,0.20499369895935832,0.13968259455991439,0.12315498093128278
63,1,0.672414,0,0.7790477307436273,0.8069737884628074,0.8314969112687174,0.7473054779080642,0.7121495551937617
64,4,0.045191,0,0.16554277991721422,0.18883606928853985,0.2149773490561978,0.14502844444514468,0.12714383190759926
65,5,0.657462,0,0.5731708797775896,0.6160732850181465,0.6563689905633583,0.5266834907204545,0.4760906396752942
66,4,0.507885,0,0.6170592089476201,0.6552530780901764,0.690929865072421,0.5767982200231688,0.5343616635875599
67,3,0.462636,0,0.6455300192906087,0.6832676217765699,0.7187537034532308,0.6054403309837977,0.5634361993516993
68,3,0.563194,0,0.5294677535506441,0.5681771224651276,0.6054517065234304,0.49152687448025445,0.4559548745877267
69,2,0.202465,0,0.18390822061210807,0.20833417707631666,0.23534805902390818,0.16271046638942913,0.14480953004726055
70,1,0.544765,0,0.5123696261632776,0.5516738771668365,0.5903405258112077,0.4732848721588438,0.43627928527358256
71,5,0.886461,1,0.8314007174521921,0.8521781790509761,0.869788521113211,0.8081953910974783,0.7836986072854343
72,2,0.829837,0,0.877340613164988,0.8957104664807218,0.9114332341919315,0.8547165417046955,0.8256788571330033
73,2,0.844441,0,0.874205835396761,0.893519666895516,0.9100555389499687,0.8499704502206819,0.8177597623668867
74,5,0.035454,0,0.08654147438040678,0.09901704347864916,0.11351817035946145,0.07620670906129182,0.0679212506332253
75,3,0.198981,0,0.2893797808918283,0.32242056125393836,0.35718024766628614,0.2584581801262156,0.2297248034376611
76,5,0.456231,0,0.46278115568777095,0.5040524714524973,0.5448279888070325,0.42200866115119223,0.3828421758027579
77,3,0.427635,0,0.37088433653490865,0.407193720075446,0.4452372544120043,0.3358707475228198,0.30248573234334153
78,3,0.479962,0,0.34743874191459095,0.38467470452515296,0.4235163327358984,0.3131139904944124,0.28269575187158885
79,5,0.275191,0,0.20025012111017246,0.22786638608274398,0.2583058191853949,0.17553421006814784,0.1534686611839105
80,1,0.144702,0,0.09335724819271234,0.10626303801682044,0.12138260176028953,0.08243367694657094,0.07339432578299963
81,5,0.257776,0,0.4029984039460567,0.44119891711344794,0.47990528541172794,0.3659140294251241,0.3310724606622794
82,1,0.206248,0,0.3669343143772141,0.40229044152809906,0.43873618676206166,0.3332772303974929,0.3020462000913657
83,4,0.333023,0,0.44318506611243536,0.4828567116509096,0.5226782221636779,0.40474680741086205,0.36894249961065556
84,1,0.383419,0,0.3671630952496136,0.4062329738880338,0.44634049714651003,0.32958677138251063,0.29389449735305356
85,5,0.75007,0,0.643209633067795,0.6780147333160632,0.7102319259596093,0.6069208552724089,0.5707067261213733
86,2,0.43824,0,0.34968900096454214,0.38981647207896264,0.43199381065724496,0.3104568893070093,0.2713065238406385
87,4,0.207528,0,0.2900949977373426,0.3220643889599228,0.35609211647134204,0.26090370813272673,0.23490345903807155
88,2,0.201253,0,0.19704567583875013,0.22306210270992158,0.25198196759483465,0.17351378005056065,0.1524951986934548
89,2,0.999419,1,0.999210138489267,0.9993546213838662,0.9994675760433246,0.9990074007086874,0.9987106036657637
90,1,0.629209,0,0.5175927915345272,0.5581459124994647,0.5974644447184917,0.47696997469666547,0.4376735736660962
91,1,0.49532,0,0.3598061521907901,0.3979694864639264,0.4368382265435321,0.3227205861762322,0.288007534524583
92,1,0.496354,0,0.48750416382189365,0.5301188962738734,0.5719470458256831,0.4441033633672155,0.40037969428342796
93,5,0.863108,1,0.6644320017795182,0.6991869394198954,0.730805075026818,0.6280617052311588,0.5918176458983628
94,4,0.094416,0,0.11635682867529343,0.13366936519487085,0.1535320660682578,0.10165624219601314,0.08966043960480195
95,5,0.05376,0,0.07039643319158594,0.08111996247203905,0.09378909225601728,0.06119078999616469,0.05318610054959853
96,1,0.686478,0,0.44049563375301326,0.47982131248914545,0.5186135349624259,0.4020410948921668,0.36611303284059626
97,5,0.996473,1,0.9895190146804332,0.9912986135592052,0.9926264374313671,0.9872001811120564,0.9842792550060904
98,1,0.129209,0,0.25320638657635863,0.28349936538592724,0.31630510725594824,0.22573084820839182,0.20160604099377624
99,2,0.47466,0,0.4974990304846476,0.536419177798075,0.5753082186013556,0.458276947105656,0.41983698203176595
100,2,0.35791,0,0.45645268906162256,0.496129553440444,0.5359872110962651,0.41741152574936163,0.3802842742112606
101,3,0.302049,0,0.3982438199012702,0.4370886569863083,0.4768823981832408,0.3606084817622713,0.32440846289708375
102,1,0.494361,0,0.5295684380707149,0.5698616915932944,0.6096192627770946,0.4884488442341167,0.44675636849340905
103,4,0.251268,0,0.25238866609275734,0.28244798407589666,0.3148626120624582,0.22452540715502928,0.19837143026280193
104,5,0.427074,0,0.257935410107111,0.29194463335413945,0.3282608304321668,0.22652113329054205,0.19755963587318234
105,5,0.242504,0,0.20233790752980083,0.2274482402711964,0.2554167401040137,0.17977415368486993,0.1595037970584709
106,1,0.175388,0,0.2388956394249509,0.26816528866271666,0.3002528368648475,0.2123324976979753,0.18837573095295426
107,4,0.833045,0,0.6459757045387808,0.682881115572035,0.7171070250941375,0.6078202994667098,0.5696048750425056
108,1,0.25112,0,0.1852854552660722,0.21000560767620835,0.23688382477190886,0.16295396255027514,0.1431418118936214
109,4,0.773087,0,0.7876049524900276,0.814127857328953,0.8375055792663157,0.7582353843912302,0.7266310068477331
110,5,0.445544,0,0.5352706874949449,0.5747838865414875,0.6126261989771692,0.493228798926791,0.44894057702235896
111,4,0.346669,0,0.31700113368155625,0.3507614388536575,0.3861873520610302,0.28594390034160405,0.2580874254213966
112,5,0.558015,0,0.3964509860068778,0.433622246567577,0.4716863733209846,0.3604383927630787,0.32632452113815585
113,3,0.830664,0,0.8176552316896284,0.8434996576554966,0.8663074469483661,0.7871232699383431,0.7501537386890881
114,3,0.081548,0,0.11145683192956196,0.12721674568691513,0.14519611915226394,0.09788004861752807,0.08628714867679854
115,1,0.994808,1,0.9937197669550514,0.9947653472877428,0.995574499520682,0.9922741710137338,0.9902771039590843
116,3,0.398637,0,0.336493775990442,0.37391778435062817,0.4136391809631626,0.300513985489453,0.26578808464466336
117,2,0.231521,0,0.2830638719758016,0.3147765188467245,0.3481268004323499,0.2536218521837699,0.22669515697095055
118,5,0.99994,1,0.9999140728609703,0.9999323505338102,0.9999447299226627,0.9998844916459887,0.9998337533241477
119,4,0.29613,0,0.2121748270616391,0.23886836055391777,0.2679581953657795,0.18856776453987084,0.16848716762031546
120,4,0.272975,0,0.2895552978196892,0.32412659565819,0.36073917951272927,0.2579922647044089,0.22997191149526722
121,5,0.994229,1,0.9946698365504323,0.9955995395873051,0.9962842907544436,0.9934553714019682,0.9919480549277245
122,2,0.998697,1,0.9985789067550511,0.9988348164113117,0.9990332712850212,0.9982187452630676,0.9976745918399116
123,3,0.442879,0,0.4260196656046002,0.4667631104307334,0.5075403180014306,0.38582955097423816,0.3462786988501666
124,5,0.546582,0,0.5042519059935534,0.5429187869115051,0.5807966800899327,0.4657458331046794,0.4286323925229364
125,3,0.561924,0,0.4138756134599034,0.45276289318697144,0.49209160599003465,0.37698268752264963,0.3430268508291001
126,3,0.109693,0,0.17192149250889036,0.19466638290082702,0.21996919205309404,0.15154611043405322,0.13377742947992735
127,2,0.028005,0,0.08420200669950315,0.09644740455993894,0.11048321271260189,0.07384277337141627,0.06537621142463731
128,5,0.132159,0,0.17865697203175943,0.20257369430202793,0.22919840629963742,0.15784022278089033,0.14037021501768607
129,2,0.082198,0,0.1441793612911866,0.16359358117022954,0.18539964233735773,0.12736275813408635,0.11328810876147886
130,1,0.580718,0,0.627807715934829,0.6651028238709892,0.7005937399298408,0.5883703370741452,0.5473869704302097
131,2,0.293725,0,0.35531969884122644,0.38972218375029594,0.42545517657617443,0.32273790693145604,0.29315981399127966
132,3,0.626254,0,0.4782072150432028,0.5175721473284595,0.5569303364329748,0.43977184719428936,0.40329477581978546
133,2,0.90327,1,0.9258070608466895,0.9379284935881724,0.9480702979885013,0.9104476176282734,0.8898926751148138
134,4,0.461521,0,0.2112235069273261,0.23955898163139347,0.2706149880293645,0.185997686023453,0.1642199185326959
135,1,0.205806,0,0.3782856440322345,0.41636741522038895,0.45468935807789507,0.34094487499036263,0.30543722231041703
136,4,0.579058,0,0.5344241895199152,0.5741974701696541,0.6127587544943879,0.49357757315596845,0.45205072826597714
137,3,0.725557,0,0.7433563867957127,0.7731318832635247,0.8001308840066899,0.7100987589447996,0.6728735900846294
138,3,0.999906,1,0.9997307118045078,0.9997837690179907,0.9998232347523661,0.9996560472710107,0.9995436688998873
139,2,0.414234,0,0.18779398820463797,0.21294217492053202,0.24052896488919773,0.16533546096394816,0.14516389208399144
140,3,0.080949,0,0.2002472417892547,0.2244815412862014,0.2512166072122436,0.17802465758616903,0.1580105426113183
141,4,0.972958,1,0.9661303140897186,0.9714818850333521,0.9758147639723896,0.9595718672886391,0.9516951002153161
142,2,0.634037,0,0.721950818683344,0.7511311128353337,0.7776379233542092,0.690471235408783,0.6577420788568482
143,1,0.638287,0,0.5299213014072229,0.5688261851181469,0.6069450455403315,0.4900077978383262,0.44989872253306307
144,2,0.084619,0,0.12503416616041096,0.14286269865161658,0.1629232685037604,0.10999704818920829,0.09761922065101053
145,5,0.76517,0,0.7829068009256663,0.8109744717441827,0.8352818459253667,0.7491775046820005,0.7076506478679766
146,1,0.138419,0,0.28682946060857195,0.32028741939055216,0.3550880274957454,0.25573828146668603,0.22771241600621075
147,1,0.166524,0,0.3416474181122625,0.3771900172856845,0.4136857518568331,0.308267941274158,0.27798363783619295
148,1,0.069072,0,0.08046209252366975,0.09206079529292042,0.10535824613821257,0.07049112044629044,0.06202190972066799
149,5,0.272734,0,0.2604470956878696,0.2891799160272404,0.320292002985615,0.23404832247151644,0.21018945421513863
150,1,0.449536,0,0.3578316015045616,0.3936678454746791,0.43056712184044665,0.32428265253243416,0.2940913591302552
151,1,0.431634,0,0.4727018338720837,0.5142197079735116,0.5549416205611511,0.43182675235979373,0.3931355401162443
152,4,0.333488,0,0.33164881316932904,0.36742602237026245,0.4049584591325073,0.2965392296931148,0.2617037892354824
153,3,0.15397,0,0.1695027803070551,0.1930771599353119,0.21932272144183346,0.14932351900822494,0.13245492296758882
154,3,0.024498,0,0.03335597398731058,0.03834871305884141,0.04429891212769054,0.02917312680487363,0.02573164945514731
155,3,0.245103,0,0.2647659346445298,0.2950327361886045,0.32758725227043595,0.23716315549809133,0.21287027293142716
156,1,0.058472,0,0.09595364304980557,0.10950126427891478,0.1248521258710785,0.08425143510632474,0.07424879807766316
157,3,0.815973,0,0.7930378086439004,0.8196902441897345,0.8435546290288246,0.7621142426122961,0.725542550200189
158,1,0.621225,0,0.5290193709178057,0.5698391524615974,0.6089874301704167,0.4860957756318121,0.44205469572765993
159,5,0.181306,0,0.2897904569664803,0.32324928421763155,0.3586244365017619,0.2589373875635082,0.2311119597487883
160,5,0.959728,1,0.9667573392388434,0.97187446541033,0.9759521372136292,0.9599864146396925,0.9508713416806579
161,1,0.842745,0,0.8227810049929754,0.845072588635915,0.8647158334649064,0.7975310600450058,0.769758711979956
162,1,0.417643,0,0.45989764784609033,0.4988001596377191,0.5378982476778279,0.42215403167257015,0.3867009772215111
163,1,0.78685,0,0.7636564181473883,0.793325622555068,0.8198960318961488,0.729429719308076,0.6901243338383224
164,4,0.084309,0,0.09854698164182227,0.11294383625614145,0.12949365920787825,0.08617637631474513,0.0754075721144077
165,1,1.0,1,0.9999981161510791,0.9999985599520936,0.9999988634805479,0.9999973504753971,0.9999959491435557
166,2,0.125329,0,0.20462328756984222,0.22995698978122045,0.25746253480536885,0.1822740991000559,0.16381737381531583
167,2,0.426131,0,0.36556054015180406,0.4079481991296393,0.45236850670344914,0.3239772208117748,0.2826049266001691
168,4,0.774804,0,0.777015020183664,0.8048874361701056,0.8294794426418458,0.7461101627469979,0.7122645783646173
169,1,0.350984,0,0.18672302691327125,0.2108967258190803,0.23781262797658465,0.16530367261230308,0.14676599506002422
170,2,0.010271,0,0.05479186738956172,0.06289004493752105,0.07224299318414448,0.04786007476283468,0.041973426151663266
171,4,0.333037,0,0.23812249765408852,0.2676628677441545,0.29958193800933325,0.21246288530756482,0.1907767714344558
172,1,0.24539,0,0.3737461039357277,0.41169522015543464,0.4511710867721416,0.33594054672807544,0.2986738669828179
173,3,0.469401,0,0.6394708932923413,0.6768829395333352,0.7119526785394846,0.6006045677314658,0.5612997446566682
174,2,0.253622,0,0.2835740399508475,0.31692403770157546,0.3528317277227008,0.25200549136727596,0.22258154379658657
175,3,0.772267,0,0.6246759603161391,0.6616268699961105,0.6965600533155235,0.5856948908409206,0.5444847445751202
176,2,0.289095,0,0.28663764678896986,0.3194829489512792,0.3541220992712635,0.2569948882626796,0.23078057780773717
177,3,0.70468,0,0.644549593465077,0.6792806916095518,0.7117851216360565,0.6076831070084434,0.5690904347561229
178,1,0.861432,1,0.8518194017466368,0.8694124092770757,0.8845855247594396,0.8312320029990086,0.8080894092620144
179,4,0.236824,0,0.26604989004703794,0.30006673015403057,0.33656163496936825,0.23410984468752055,0.20339725411030396
180,4,0.318594,0,0.24236173955552046,0.2708744137664599,0.3015937405785064,0.21678544927245483,0.1946650105122797
181,1,0.365532,0,0.4958558718114993,0.533931101158105,0.5715581306660533,0.45793343457842545,0.42133226228940945
182,5,0.162377,0,0.22681663759549048,0.2560877709117085,0.28828261778241393,0.20025527227307838,0.17642748377393336
183,5,0.349642,0,0.19435784029070738,0.21961503953971998,0.24777287608493165,0.17145334568627868,0.15057647898038973
184,4,0.543123,0,0.48951691280950543,0.5268642321590565,0.5638042998006056,0.4520386451925825,0.41485678594816083
185,3,0.06033,0,0.14075546172557263,0.16074935419855305,0.183181253076245,0.12390636569829598,0.11030726159214443
186,2,0.802737,0,0.7350006416136422,0.7671557648955377,0.7965706905793409,0.6988560275105175,0.6585547933928307
187,4,0.568719,0,0.5921642173875172,0.6327365381512401,0.6711403395485367,0.5487199619547338,0.5022178538292275
188,5,0.231635,0,0.26479088124740185,0.2963505631163235,0.3306600138740856,0.23561841178666393,0.20896999536837554
189,4,0.072665,0,0.16621647145246984,0.18971418991914205,0.21588417934530565,0.14596586806679893,0.12923165893641905
190,5,0.769271,0,0.5605547798448248,0.5995704396906876,0.6371333329774919,0.5201416417451433,0.47937438480901134
191,1,0.998649,1,0.997061649080164,0.9975850497197767,0.9979826536089969,0.9963415311979524,0.9953653155910961
192,1,0.085199,0,0.13181003166876765,0.150701953319424,0.1718151531441942,0.11549761718595483,0.10199730837186617
193,4,0.419849,0,0.5030602322651483,0.5428976822556606,0.5820552389023124,0.463642012994563,0.42632400586398184
194,5,0.435112,0,0.22979797251897827,0.2598858178935918,0.292116133426922,0.20296817998210068,0.17987074376012777
195,1,0.481412,0,0.44501957399811487,0.48516030182707726,0.5253253716670001,0.4061945807300255,0.37002667730210104
196,3,0.947966,1,0.9524009615157502,0.9595424460349362,0.9653249064746748,0.9437049029297666,0.9329978185842434
197,4,0.05567,0,0.04987119790504713,0.05750513114907646,0.06655064416984498,0.04354381643450961,0.038539786443227426
198,2,0.343901,0,0.31097935583736275,0.34533967110520086,0.38188290456918494,0.27922499500120873,0.25099909414269844
199,4,0.67124,0,0.4898918214172992,0.530396579284061,0.5701944066813857,0.44932059602425156,0.40890897826325084
200,4,0.738991,0,0.9744707337665279,0.9789197734830545,0.9824304036290517,0.9684264660174171,0.9597359218864404
201,5,0.603084,0,0.6475888516057828,0.6860854630234792,0.7211331784430115,0.6049306368273099,0.5578492447640189
202,3,0.081891,0,0.2630788815256732,0.2953316321885985,0.3299741412169266,0.23349559162659783,0.2064279334550984
203,3,0.343279,0,0.2255417495148648,0.2548270200683605,0.28685291403623514,0.19949500285707938,0.17676718008850065
204,5,0.232964,0,0.2740832228994678,0.3062798987737336,0.3405428146786657,0.24513672147209925,0.22039947445080887
205,5,0.924343,1,0.9301086877780019,0.9402546143048514,0.948390643754684,0.918082238898106,0.9046133391005335
206,5,0.185042,0,0.16588751199363092,0.1878179297234523,0.21273596892176524,0.14676872162651453,0.1303065910168874
207,2,0.063949,0,0.09622494249383938,0.11020925779507647,0.1261431633335885,0.08426443810901288,0.07428712929076328
208,1,0.276322,0,0.23678250456039612,0.2666333626095166,0.2992892320337017,0.20940589237320556,0.1848086257475635
209,3,0.356125,0,0.36887648371923215,0.40582545885682997,0.44398134909140935,0.33354815871012305,0.3006262238303843
210,1,0.216476,0,0.33371649355573385,0.3687675702868479,0.40551496852204183,0.300966537139557,0.2712553392853086
211,4,0.102453,0,0.09609795567896046,0.11046320370532076,0.12707028835131784,0.08412901961740167,0.07432671711776793
212,1,0.93131,1,0.9044252318174498,0.9175420780836315,0.92878009014843,0.8886038676872864,0.8696796651670143
213,4,0.572156,0,0.4666187076234125,0.5071586790530311,0.5474025329768025,0.4258214012063849,0.38443578335174977
214,2,0.790022,0,0.8011033517707752,0.8277730338830392,0.8513544388432407,0.7701408208077672,0.7333235793336479
215,3,0.702662,0,0.6956761892472009,0.7309466632536639,0.7630322657498819,0.6559187741679703,0.6093449947052676
216,3,0.205268,0,0.39218466748806835,0.43017455476529287,0.4696238568395114,0.35441136542068563,0.3167470304367489
217,3,0.641056,0,0.686708777895465,0.7221837493763306,0.754690567272223,0.6483547629087577,0.6073411162193043
218,4,0.028265,0,0.056219523284787555,0.06487939848460991,0.07511917681786907,0.048897672666616314,0.04273984934538607
219,1,0.947329,1,0.95187425650072,0.9586937658941056,0.9641846598231911,0.9433472720878361,0.9331696449281651
220,3,0.272095,0,0.5113463873513552,0.5507171498387974,0.589810737526324,0.4718151170092486,0.4337844707746135
221,3,0.091491,0,0.202360059013558,0.22766496418004606,0.2554124967313398,0.17975210046043164,0.15979378059130003
222,4,0.979933,1,0.9882741143467096,0.990219468644426,0.9917575036608108,0.9856466822118931,0.9819010645614948
223,1,0.630866,0,0.49240579387635974,0.5331845231968066,0.573304722634453,0.4511445109251308,0.4102315438376126
224,5,0.507009,0,0.3584399929760136,0.39356503387728714,0.43010750561674627,0.3251684269956176,0.2941577806790538
225,3,0.110376,0,0.16021611238105618,0.18256400545621296,0.20770280810932198,0.14091395441607216,0.12451031484360206
226,5,0.151813,0,0.1299740978991058,0.1476338805513847,0.16754862975870471,0.11489458994452505,0.10241572459622873
227,5,0.546616,0,0.511349073031837,0.5534443324220952,0.5941220343440284,0.4674576679003527,0.42173321898847566
228,4,0.017357,0,0.046604257016018245,0.05354109172298845,0.06175676393628881,0.040804053725792606,0.03607068829804937
229,5,0.234831,0,0.11625800728749056,0.13329431988520293,0.15298219128154822,0.10165589603563396,0.08909426686536208
230,3,0.602328,0,0.6586674140453087,0.6928614480170255,0.7249368968818779,0.6221657584504657,0.5835822924122971
231,3,0.550653,0,0.6562410036814766,0.6911979564280558,0.7241888552377393,0.618991592688314,0.5796444652635798
232,1,0.399466,0,0.42294956923037674,0.4616615548704247,0.5013214878484311,0.38544372885250777,0.3495616092272852
233,1,0.395835,0,0.3839549378624429,0.42085883221601156,0.4594066824100741,0.34884963408032815,0.31608985185836547
234,2,0.547464,0,0.7018636383184907,0.7364109572319324,0.7682526301418982,0.6631551423561245,0.6199414601149456
235,4,0.323042,0,0.16018190054623216,0.18248506128234784,0.20753115846738002,0.139784389292478,0.1207880692961878
236,4,0.844003,0,0.6996927180924997,0.736982464813177,0.7705643541933682,0.6572365703365929,0.60769116027391
237,2,1.0,1,0.9999968120913878,0.9999975469311561,0.9999980852910756,0.9999956064194488,0.9999933738381087
238,2,0.118598,0,0.20148939067260968,0.22764373237640473,0.25650418528832947,0.17817078813515877,0.15774185200189178
239,3,0.80186,0,0.6487176547348286,0.684441726251912,0.71762167867059,0.6120347455776128,0.5760221115864271
240,2,0.73783,0,0.4724363057925644,0.5132202160195003,0.5540179816619464,0.432084628092914,0.39324143652048243
241,2,0.306071,0,0.35110023451791805,0.38755095317375365,0.42565696564119515,0.3165754762701794,0.2844479920058766
242,2,0.06877,0,0.09076653033128552,0.10401377288959485,0.11931236572134463,0.07954660717466741,0.07030242156508124
243,5,0.116455,0,0.0971437685260898,0.11116139956116725,0.12763455830571674,0.0852519761091079,0.07509814916967086
244,3,0.273572,0,0.2685873829587724,0.2999579318419958,0.33302958699619967,0.24034513846271366,0.21504239985579188
245,1,0.095913,0,0.10816386028732282,0.12301886693988354,0.14019899459279841,0.09541646690417395,0.08463894808692285
246,4,0.329236,0,0.36022705209863604,0.3973408233580552,0.4356755069221863,0.3262467694256607,0.2964464326113345
247,5,0.015266,0,0.06500906554351513,0.07505021953621362,0.0870785768462092,0.056564127331185605,0.049366925740334584
248,1,0.063396,0,0.14147624412704793,0.1599054213570311,0.1805404717231905,0.12541390612870384,0.11162193054793218
249,2,0.769437,0,0.5285804086040512,0.5669315988029213,0.6041100111352444,0.4892321667163839,0.4498466720052394
250,3,0.528958,0,0.6362537788143925,0.6733483088619594,0.7081409393975625,0.5975527724804158,0.5584499540719882
251,3,0.421565,0,0.3790553165292177,0.41818428537256663,0.45841195962239695,0.34125001154916823,0.30428008779291443
252,4,0.759806,0,0.6990040765902356,0.7306705841916876,0.7597028675418731,0.6652359707232693,0.6302478047252571
253,4,0.873684,1,0.9347486773535993,0.9446362226916947,0.9528150483569088,0.9221611451417645,0.9057312450739339
254,4,0.393529,0,0.3993219872030399,0.4358752801974595,0.47308206771120026,0.3644757533920344,0.33169428839926013
255,3,0.224004,0,0.37881525508421704,0.41575345303164923,0.4533931152725509,0.3439716714017509,0.31235629824014277
256,5,0.218831,0,0.33340371103425404,0.3689833914952556,0.40619609607740204,0.29942078932188565,0.2672011493955256
257,3,0.058546,0,0.10090120930201538,0.11598353781783383,0.13333081949690068,0.08828898601289964,0.0779963964096385
258,4,0.475458,0,0.3314457634059083,0.3682299676904228,0.40669039698849924,0.29782082708595076,0.26833568449578904
259,4,0.460873,0,0.44529186486177663,0.48457553765914424,0.5239572552730193,0.40667359966122035,0.3691040652510568
260,4,0.42963,0,0.4262538575121997,0.4644844310641068,0.5030682347734791,0.3885776209920045,0.35168381504347834
261,5,0.227303,0,0.354828083201631,0.39402470474964923,0.4345269340639816,0.31651648622056267,0.2789855058394015
262,5,0.081302,0,0.2054277341404264,0.23088308576747665,0.2591388612999768,0.18262504114186376,0.1621280101878837
263,3,0.067058,0,0.04495544379680231,0.05161778245254098,0.0594031275848879,0.03933943795980304,0.03470646053166974
264,3,0.720217,0,0.9474111462186483,0.956554933252548,0.964043729771668,0.9353537828737958,0.9181062348520905
265,2,0.361079,0,0.4469032867595609,0.4900239284038114,0.533136945942751,0.4024255848324045,0.3554748908674827
266,4,0.416057,0,0.40120476654512516,0.44180985308262755,0.48313102149526094,0.36299237923779654,0.32812308037034466
267,3,0.138098,0,0.1505038577778303,0.17014564209833502,0.19216884506499596,0.13329942471540626,0.11849628845054769
268,3,0.061477,0,0.06128385585265598,0.07015140128776785,0.08066371605864074,0.05367680001163193,0.04727917363607165
269,4,0.239708,0,0.28204271017347876,0.3166620040166619,0.35340153973079785,0.24962532766818785,0.21875054941364205
270,5,0.107286,0,0.08110709311852543,0.09363834743102202,0.10840347083361737,0.07062937061755926,0.06196479194228381
271,4,0.800145,0,0.7617333127186311,0.789814608696442,0.8149497451804868,0.7311621067636197,0.6993653821283814
272,2,0.052408,0,0.08896116371443506,0.10253978031420692,0.11809248177255452,0.07765567144337662,0.06828365592697372
273,3,0.193961,0,0.2258026530777989,0.25545000283634195,0.2876424702188126,0.19886651105433156,0.17426573101751117
274,1,0.781376,0,0.7670588246610954,0.7966163135534959,0.8228083039331314,0.7334239985671624,0.69600190240681
275,1,0.15593,0,0.22686514062241503,0.25591984042388466,0.28730428356355536,0.20055677246655818,0.17718558153384203
276,1,0.119526,0,0.11498649316240732,0.13073163937975746,0.14856144135139243,0.1013796712138538,0.0897578193175644
277,5,0.373009,0,0.46004571917641984,0.5002851353066708,0.5400171388618175,0.42023165307906934,0.38219804972008764
278,2,0.265576,0,0.3850425954405227,0.4219239425764961,0.4597292961247648,0.34947928562215436,0.31602120231208963
279,5,0.811216,0,0.5190388789522521,0.5588940876372103,0.5974422105698779,0.4791144334645417,0.4402028901420294
280,2,0.765161,0,0.6526832858767503,0.6880506353120461,0.7215143938619993,0.614421941062267,0.573098658982056
281,3,0.185085,0,0.1268234526384047,0.14467610613533904,0.16526705781962323,0.11132250867244727,0.09818330801081136
282,2,0.827397,0,0.8453251900348886,0.8664762156208771,0.8851451296750137,0.8203423515616399,0.7908498911181445
283,2,0.299901,0,0.2882760169238509,0.32015992008560884,0.3543782164296169,0.25835933544794454,0.2309672290217754
284,3,0.486433,0,0.5977900794885614,0.6338183595992293,0.6685730176547068,0.5603822578974774,0.5225893959139264
285,1,0.067713,0,0.045466708272320015,0.05238677311322112,0.06046403054458963,0.03964415116378505,0.03485320844107936
286,3,0.998226,1,0.9967265680704024,0.9973080789674794,0.9977660724644533,0.9959174697607873,0.9946977397750761
287,5,0.992501,1,0.9828510441969905,0.9856333069027408,0.9877830835509368,0.9792151318193157,0.9745427943539369
288,4,0.546532,0,0.4812345921753683,0.5209228153737492,0.5600534626535013,0.4418087189327779,0.40295472732787857
289,1,0.600062,0,0.36994080953443437,0.4091413564434688,0.44926579186738846,0.33177226914644153,0.29510011403915454
290,2,0.489464,0,0.34194716580703854,0.38043798802119927,0.4206679570567006,0.3049866341052469,0.2689693254893623
291,1,0.111464,0,0.22645571269764175,0.2532723800200411,0.2821695440500385,0.20211919524822095,0.1810781214249229
292,2,0.210602,0,0.18789584665653494,0.21207643803470635,0.2389716179574483,0.16627927110745336,0.14744386823649386
293,1,0.719395,0,0.8750630918142576,0.8926629853885056,0.9074809938879447,0.8536283031057514,0.8279346146773007
294,5,0.237934,0,0.21863811299585215,0.24500761598520762,0.2739436725926841,0.19555539412989761,0.1760062915653206
295,4,0.422187,0,0.49689476649374437,0.536797138550155,0.5758062437232356,0.4562488477483409,0.41440262320277105
296,3,0.112071,0,0.1639892469177482,0.18580972782460592,0.21045102072759264,0.1440431346051773,0.1265588988510826
297,4,0.13387,0,0.15425374375531462,0.17484455972787147,0.1978508415085995,0.13662430760233826,0.12189187191604103
298,3,0.571282,0,0.6217584463963182,0.6610827189651931,0.6980035462924723,0.5786001416776546,0.5295838381306192
299,5,0.687174,0,0.6104767661507933,0.649599092117412,0.6861455617092898,0.5684928789048801,0.5243688136628851
300,4,0.277725,0,0.2648086808755218,0.293922969338566,0.3252482323947453,0.2378035358378731,0.21304387072006306
301,5,0.571932,0,0.5478856536615233,0.5854437665100672,0.6216785025399757,0.5105196096153957,0.4753556850931465
302,4,0.460973,0,0.5462551536072324,0.5858880469641617,0.6243072844291221,0.5061496944198636,0.46743474095685095
303,2,0.578946,0,0.5008340278597656,0.5402119210088181,0.5791097446992476,0.46178279209406575,0.4240528706981693
304,3,0.590511,0,0.6266111333278076,0.6631537946516158,0.6974638458931552,0.5877412780983164,0.5475092118816928
305,3,0.438762,0,0.35097730734052823,0.38669017291066893,0.4237691644844744,0.3168134527371087,0.28416926118677466
306,4,0.279364,0,0.4666966584563053,0.5039038236557505,0.5409281835909191,0.43041733828933443,0.3958721666216853
307,4,0.172864,0,0.167096229932779,0.19008542173204404,0.2158546732488122,0.14707433187570046,0.1301793120233259
308,5,0.045359,0,0.04116725715558029,0.047567706837170355,0.05530102331663904,0.035890608513646914,0.03150338780038532
309,3,0.845219,0,0.9568865696735652,0.9636121215964512,0.9691866023547762,0.9483868913569654,0.9374364154950138
310,3,0.113316,0,0.14838752918925194,0.16873589475625456,0.19209989928624946,0.13020173688559927,0.11407912168280795
311,3,0.996941,1,0.9921837882782212,0.9934954313223002,0.9945418641971671,0.9905367426782775,0.9885150486622387
312,3,0.028708,0,0.0764355196617436,0.08790817623394301,0.10120526794874542,0.06685700439944194,0.05900463847009679
313,2,0.682273,0,0.5349542844688663,0.5736240867339653,0.6116876510323931,0.4958701920520626,0.45769066763907795
314,5,0.48219,0,0.28495872970120983,0.3185224585378247,0.35426960037454447,0.2543526742579408,0.22716630814163832
315,4,0.174421,0,0.1494989887074956,0.1712122427298435,0.19576906083087417,0.13015630753136972,0.11275701139356976
316,5,0.828865,0,0.8708835406962012,0.8896834696224339,0.9054229725823056,0.8472498934511481,0.8168103014245992
317,1,0.078416,0,0.07378350377257026,0.08556935452016955,0.09917775810105885,0.06366168850403585,0.055183065025634394
318,4,0.757694,0,0.7832953433951009,0.809503177662701,0.8327182015024641,0.7535224758794182,0.7198947935641404
319,2,0.311277,0,0.2941304219506849,0.32783148883140234,0.3634370426258947,0.2629542280753829,0.23477716255011166
320,2,0.062074,0,0.0843182187203739,0.0962137301833521,0.10984783346015128,0.07427628985609223,0.06610058370528055
321,3,0.074255,0,0.2861773908903292,0.32099690268032616,0.3585436470287083,0.2544917752085733,0.22656306830598213
322,2,0.177262,0,0.2514452758249609,0.27986739475348726,0.30997472742038995,0.22611658137670262,0.20433182304642664
323,5,0.137146,0,0.17708554005143154,0.20233407805873577,0.23025228359969893,0.15488761170238508,0.1356643312510241
324,1,0.734843,0,0.565855184015962,0.6035193336656578,0.6401595201612675,0.5267920890190136,0.48669537420101533
325,5,0.098475,0,0.11159017142061199,0.12702719531458564,0.14510109819656986,0.09824254326218274,0.08668464159806444
326,3,0.566829,0,0.4422655927607217,0.480734048020096,0.5194095474748995,0.4048762348565719,0.3693168394508211
327,5,0.318587,0,0.3358595686572209,0.37563993800881773,0.4170628511980334,0.29793706317605584,0.2619747668834092
328,5,0.253446,0,0.2519442698937169,0.28205484966750294,0.3149055807807242,0.2242178758511257,0.1986136721060975
329,2,0.739291,0,0.6838402896145375,0.720458566871086,0.7545432314417589,0.6437930405657702,0.6001370523918041
330,1,0.996147,1,0.9915376790744111,0.9929677689075914,0.9940888415828744,0.9895890002639303,0.9869171452371809
331,2,0.430013,0,0.4396471619488959,0.4808860807979801,0.5227320513499852,0.3989689967115314,0.35893498650460587
332,2,0.83141,0,0.9306945598968226,0.9411310266740541,0.9498925255263302,0.9176454771376623,0.900815931456501
333,5,0.660052,0,0.4686551305434256,0.5071449125541426,0.5455068268916001,0.4297293650904791,0.39041927249703967
334,4,0.252565,0,0.2667971640146322,0.29744335072332934,0.3301870359449998,0.23910680970370968,0.2143306254299138
335,4,0.120449,0,0.1307031890679377,0.14949505891308623,0.1708145582008143,0.11454894346318475,0.10115936072512045
336,2,0.486022,0,0.563426375422917,0.605859175259627,0.6462511134114229,0.5195082732170986,0.4731079823453515
337,1,0.031943,0,0.12498862258840016,0.1421725987870673,0.16203782910922984,0.11025721976474019,0.09805532882417378
338,4,0.794181,0,0.8097428323069199,0.835532465100373,0.8578118986578162,0.7797384915580933,0.7439094799497751
339,3,0.999991,1,0.9999341308000282,0.9999476804839523,0.9999578451118326,0.999914290151646,0.9998831290989899
340,4,0.079871,0,0.11560487395914415,0.13222240695875603,0.1512938048451331,0.10096740948779188,0.08793923839796586
341,1,0.41264,0,0.5052041504141417,0.5441916446995536,0.582544873151944,0.46582642791263745,0.4270366557557063
342,3,0.175726,0,0.14310793495186905,0.16317521217150874,0.18584946240695951,0.12570707365553668,0.11084863203589491
343,3,0.104666,0,0.22276648591241524,0.2512382740887123,0.2823395518432116,0.1967590393257303,0.1729000815150158
344,4,0.042834,0,0.04035380178107266,0.04691644128337907,0.05475430203512699,0.035034309172912385,0.03097749648783778
345,5,0.481946,0,0.414103321757645,0.4506761789217539,0.48815852940480775,0.3788087381774591,0.3457651832115773
346,4,0.113745,0,0.25649193933670933,0.2865736101807733,0.31910075651236686,0.22818343850515996,0.20151341727330152
347,3,0.029499,0,0.07967395471702894,0.09198128307637353,0.10648861344042457,0.06919819185593305,0.06015865484446033
348,2,0.476179,0,0.11573864290802381,0.13408779617742123,0.1554345150750306,0.09971609963434032,0.08543293631852228
349,2,0.887936,1,0.6078624057645517,0.6458700828034232,0.6821179276477219,0.5685215065941461,0.5290094005814053
350,1,0.022327,0,0.0421582588527434,0.04844261047024825,0.0558168248834645,0.03698791406624239,0.0328012482976997
351,5,0.023665,0,0.03306539813211606,0.0384428946880699,0.0449053742912941,0.02866766304458469,0.025092942114526826
352,1,1.0,1,0.9999986621913362,0.9999989782274306,0.9999991934992204,0.9999981186981138,0.9999971319899087
353,2,0.564571,0,0.29297225447550307,0.32847133956577,0.3662935120322684,0.25916182331928433,0.22637118601467135
354,1,0.584883,0,0.7220120381085231,0.7530045013597636,0.7807884372633324,0.6878102798767534,0.6515973064558437
355,1,0.232362,0,0.41665465213011016,0.45742715686508995,0.4988658924327164,0.37617416756199995,0.3365106963845742
356,4,0.602038,0,0.5085013169563011,0.5465413801483153,0.5839791149229857,0.47032749301111015,0.4333728087364071
357,3,0.066562,0,0.11601569630796509,0.13293028605498602,0.15199490074085914,0.10178182750024373,0.0898201163079372
358,4,0.263188,0,0.3160188342943935,0.35015879842890635,0.3862278327117549,0.2837874517659942,0.254144828684524
359,2,0.37773,0,0.5557212513888242,0.5960741324133496,0.6353718661065341,0.513199579716613,0.4681056125723554
360,5,0.270941,0,0.36164994156748287,0.39991729319404223,0.43925403721863204,0.325204236880828,0.29108054484473883
361,1,0.613076,0,0.3982006821354773,0.4357378729521881,0.47417941896868504,0.3621299284244588,0.328432091623265
362,2,0.544319,0,0.37954142363920906,0.4174068402951378,0.45648120702341544,0.3436014588035598,0.3098423533950288
363,4,0.597395,0,0.45298510760307986,0.49767125324911415,0.5420947148781753,0.408322681064786,0.3639950587600687
364,5,0.581364,0,0.6789902508549811,0.7137418771719028,0.7454281461367741,0.641165537711839,0.6009547960885779
365,2,0.9889,1,0.9893386839549485,0.9909947431822881,0.9923271450273846,0.9872499738406176,0.9846855161199859
366,1,0.221459,0,0.2445730612861224,0.2748219949968226,0.3077851432104619,0.21675202317209552,0.19112563225598117
367,1,0.671197,0,0.4982455646474504,0.5375505691462656,0.5762471964600732,0.4591067006188906,0.42177222269374415
368,2,0.998577,1,0.9975466676789031,0.9979587620887894,0.9982900132683004,0.9970015482929376,0.9962938043724232
369,4,0.0039,0,0.004686746381662456,0.005413989784132902,0.00630947023826794,0.004119446842359074,0.0037027930556572516
370,3,0.339076,0,0.518056179360915,0.5591763742201744,0.5996977772727368,0.47581910073852046,0.43180784083464707
371,4,0.111508,0,0.12345833108641477,0.1409850915770833,0.1609888571479527,0.1083088225494374,0.09543034866092429
372,1,0.740493,0,0.7018925766855441,0.7355418446148112,0.7662231469745587,0.6646441064089889,0.6241675381328008
373,3,0.279174,0,0.2829206674901081,0.31723066138128647,0.35440410539547146,0.2517960607128287,0.22455704891392597
374,5,0.742427,0,0.5781741718418341,0.6202999760826778,0.6592398144150518,0.533291364099558,0.4861255744211083
375,5,0.753102,0,0.7125611144293124,0.7439311801694172,0.7721270301570706,0.6791211954138164,0.6451378000353656
376,4,0.999579,1,0.9991443358390447,0.9993073850208265,0.9994300483984003,0.9989238407362758,0.9986262416933849
377,3,0.868633,1,0.9020216322988367,0.9168584526230122,0.9293121807616607,0.883986620718431,0.8611734455160992
378,4,0.693744,0,0.5497117360151629,0.5884884557639085,0.6258075884469919,0.5106585066055317,0.47245061369464086
379,4,0.58082,0,0.6432447384159147,0.6816971559606853,0.7172262888806222,0.6027482559168823,0.5606721046488545
380,4,0.293958,0,0.4248207449652604,0.4635180896943888,0.5024160384561611,0.38736106996789155,0.3508439218991103
381,2,0.806834,0,0.9809885923438793,0.9840993980782721,0.9866283445764414,0.9769074881135611,0.9713104665051532
382,5,0.338177,0,0.2218072832304167,0.25083407149470693,0.2825512797746995,0.1958628407437522,0.17314689414105192
383,2,0.722558,0,0.7060270363827899,0.7387776697529366,0.7685994312463478,0.6711056907380678,0.6348840875332922
384,1,0.170891,0,0.23912635983271077,0.2692717480127822,0.3022404647798256,0.2118039644171462,0.1877527292302084
385,2,0.567625,0,0.6851080722775171,0.7184905105336319,0.7495936125188158,0.6493299596553469,0.6120722980593805
386,5,0.696055,0,0.8594445975245585,0.8787754518441737,0.8949577139715582,0.8363888976306586,0.8093119647229978
387,1,0.261631,0,0.3909790691107721,0.4293156053315829,0.46817332801132916,0.35419700908208335,0.3202225736088511
388,5,0.07943,0,0.08539528176461302,0.09805097811290023,0.11307836123678094,0.07459459904235287,0.06526389343656143
389,5,0.063804,0,0.1175200555019769,0.13551714549579333,0.15615067869093668,0.10196415223093629,0.08848589699903593
390,4,0.964625,1,0.9646517262153188,0.9701241280483716,0.974576867426835,0.9578064716186164,0.9492084753566221
391,4,0.439359,0,0.24865676781057577,0.2790298238649921,0.3117966530509484,0.22135985773727113,0.19694643568340625
392,1,0.163689,0,0.24877660892801412,0.2787061142473229,0.3114171675188431,0.2217945922125668,0.19805076080293427
393,3,0.752175,0,0.8968273395588311,0.9124074563069928,0.9255333466917406,0.8780357817699964,0.8546323519676116
394,4,0.130356,0,0.1959090151449086,0.2210963875654895,0.2489657749587436,0.17331653177723846,0.15373651873567426
395,3,0.32401,0,0.31514002958693843,0.3508383872113226,0.38883253752602437,0.2825146530713051,0.25400148378030507
396,3,0.158737,0,0.30129305166806947,0.3358312270925332,0.37220145711784824,0.2699990764768684,0.2427929533810659
397,4,0.089111,0,0.14553357500615235,0.16618889581539048,0.18949614749922186,0.1273085381392662,0.11092249196329854
398,2,0.163294,0,0.1167997647009475,0.13342367646126185,0.15223543686710717,0.10249436179323135,0.09045029033202268
399,5,0.950926,1,0.9451061267436419,0.9531657049786664,0.9596002821269689,0.9353789583710665,0.9242310932019243
400,2,0.383776,0,0.45698215758243044,0.49901094533441775,0.541196025646915,0.41451667586602003,0.37217825296288437
401,5,0.999998,1,0.9999922302974379,0.9999940358872774,0.999995208321411,0.9999891227041394,0.9999833777636186
402,2,0.277566,0,0.15073991375234905,0.172088100006153,0.1960805127433992,0.13231016905000012,0.11674946992290722
403,5,0.577073,0,0.5675071586786458,0.6052564599329401,0.6414702188835858,0.5289677433732104,0.4909138320669991
404,2,0.405778,0,0.4557011547647411,0.4955266185086505,0.5353148386207726,0.417172758501903,0.38066029947927293
405,3,0.123841,0,0.13908538954855584,0.15805562557050776,0.1796935828884238,0.12260599987398359,0.10853414658444618
406,1,0.972044,1,0.9283361231221772,0.9387295849254291,0.9474334840041521,0.9155175277626207,0.8999040033398249
407,4,0.543676,0,0.36992712224032476,0.4077385431478665,0.4465311737003827,0.33517752889374325,0.3048851184981573
408,3,0.353721,0,0.3658516798704458,0.40509927087362063,0.44583338573671405,0.3278098136511465,0.29009888493506586
409,2,0.657126,0,0.5200563608769254,0.5570110559594545,0.5934663365190513,0.48191455950064216,0.4431071354260017
410,4,0.457523,0,0.502282724798993,0.5438520154097144,0.5844259457519768,0.4610343533640473,0.4210055127694147
411,1,0.342443,0,0.22156753597598336,0.2494851036801822,0.2797317986942511,0.19616482404592467,0.17337609682313404
412,3,0.05871,0,0.15200293779732882,0.17319034174940556,0.19741693994233367,0.13338219416817707,0.11718309071018584
413,4,0.226571,0,0.15834901912796087,0.18071225080822817,0.2059045570235177,0.13933786088649375,0.12409518727134455
414,5,0.825443,0,0.6221778380681081,0.6585305391587055,0.6923613959566447,0.584490524586013,0.5469728324460335
415,3,0.653786,0,0.41505244432820815,0.4552725871754257,0.4963677534981171,0.3753594281287989,0.3361964714649871
416,1,0.452143,0,0.5854997527290822,0.6251530685117906,0.6621220520034846,0.5432661444605,0.4995852263419997
417,5,0.432911,0,0.42779222637914244,0.46661651161406115,0.5056616948657805,0.3906222424511311,0.3566451863207221
418,2,0.373072,0,0.2811567568449015,0.31156974512536867,0.3435612629702755,0.2529019638370046,0.2272748632674929
419,1,0.998954,1,0.9925661970050091,0.9937949156130024,0.9947507372380398,0.9908722865718103,0.9885341636527851
420,2,1.0,1,0.9999998305922149,0.9999998738913122,0.9999999044075776,0.9999997537460792,0.9999995923614954
421,3,0.236146,0,0.27048436271982185,0.30251340205824706,0.3365254805875092,0.24188125456371573,0.21721354130945983
422,2,0.185771,0,0.3787980327529972,0.4173812110642102,0.45685396606768836,0.34178220165659745,0.30679545031438804
423,5,0.68846,0,0.6148383790478911,0.651318800590586,0.685245049053633,0.5761973080235651,0.5360082125817998
424,3,0.223622,0,0.12374602985243607,0.14105309597325708,0.16055507755678003,0.10890929031422696,0.09641808318762299
425,2,0.403448,0,0.3491421067971185,0.3860292049348068,0.4246616687870403,0.31333070386524137,0.2793376666972976
426,5,0.765746,0,0.635095147348716,0.672021736195429,0.7059476078620438,0.5960586268557381,0.5563479717894825
427,1,0.882934,1,0.8174929673814637,0.8387644897691668,0.8574055573824495,0.7930362720804907,0.7658692949484389
428,1,0.514483,0,0.6548318404374331,0.6905452120164928,0.7234796595065115,0.6163898567915971,0.5765061278725797
429,1,0.48171,0,0.5072281607675976,0.5464347200055305,0.5845392710341668,0.4677508397496294,0.43005501506066324
430,2,0.179297,0,0.2018984701707062,0.22753816132592145,0.25531381535557396,0.17907608264613367,0.15894378759787586
431,3,0.23761,0,0.3091834691929766,0.34242032032551667,0.37761183670084936,0.278313671219178,0.250072397408557
432,5,0.275783,0,0.479638681315339,0.5183988464353803,0.5564497743433116,0.4423441683692677,0.40859239156078836
433,1,0.184948,0,0.16008719985841524,0.18107237754922922,0.2041521193288964,0.14154399088136457,0.12568659223533474
434,3,0.440281,0,0.45310326769871356,0.4913341054352565,0.5298718129897649,0.41472675822888944,0.3762593573106303
435,2,0.336443,0,0.4760158827822332,0.5136306403717522,0.5510159002879953,0.439190464596012,0.4041903523619411
436,1,0.263517,0,0.2791435902380485,0.3116079442629226,0.34656677804867586,0.24868249679481932,0.22025595775338658
437,5,0.360115,0,0.4846400836145064,0.5224584579663519,0.5595976583391804,0.44714129053614293,0.4107980167309548
438,5,0.029735,0,0.054522393773147486,0.06319258221338958,0.07345246455842488,0.047454202445110616,0.041884963508093856
439,3,0.007869,0,0.021073429742356636,0.02412468969902509,0.027751220577490368,0.01851313696054223,0.016464670883695586
440,5,0.304658,0,0.4284195275015949,0.47034358643686736,0.5123435318971702,0.38709822515092757,0.34695670058473066
441,2,0.146762,0,0.295016859676795,0.32885587674236383,0.36454050002908994,0.2640025874924633,0.2365206290567162
442,5,0.273643,0,0.25766942272107873,0.2887934300214336,0.3222060829333513,0.23009506294426296,0.20685599291167214
443,3,0.999946,1,0.9997400453280738,0.9997911979790535,0.9998293923279703,0.9996689614881304,0.9995652875403306
444,3,0.096787,0,0.16119775104522532,0.18252584827569818,0.20636965856386405,0.14188416305545073,0.12507058433485374
445,4,0.047435,0,0.13561535997627777,0.15532193503509964,0.17766352265676214,0.11867388149748101,0.10462468143830592
446,5,0.319497,0,0.47611332321293814,0.51506487018182,0.5533560655365174,0.4383036685074332,0.403519069349782
447,5,0.990791,1,0.988866702702763,0.9907264719003661,0.9921185761848742,0.9865288178435223,0.9837954168350329
448,2,0.190734,0,0.2499170949386077,0.2802861212703541,0.313378565065441,0.221991747134178,0.1966145224210404
449,4,0.814482,0,0.9041447198710882,0.9181860544478693,0.9299094634655098,0.8867846167241747,0.8643726696644496
450,5,0.999018,1,0.9950031540926068,0.9958748244113016,0.996523286175487,0.9937992473971431,0.9921299516277967
451,2,0.248146,0,0.1239008247908286,0.14110394731710635,0.1605752415734188,0.1091729924784598,0.0968151048468973
452,2,0.142312,0,0.08418267928369885,0.09622179330322661,0.10983428150131158,0.074229283489726,0.06614933046829942
453,2,0.214318,0,0.34914604797364496,0.38545293998706237,0.4235112148495074,0.31444777764772747,0.28170539555361884
454,1,0.580885,0,0.4536387337821571,0.49174734361697253,0.5295624417866868,0.41652032571030134,0.38223492549257543
455,2,0.018756,0,0.03958884222999686,0.04553059448543756,0.052523647318828685,0.034656268553737705,0.030715194660479426
456,2,0.18272,0,0.14592702410209288,0.1661630871082989,0.1888978895559779,0.1284871905723502,0.11393564828892798
457,2,0.303395,0,0.22111362913099614,0.24945967239417735,0.2806360121188476,0.19583333868264735,0.17421441435651336
458,3,0.059444,0,0.09178209758892043,0.104444573618264,0.11891690088594464,0.08099280644338612,0.07205999531988123
459,5,0.359251,0,0.5477508591666453,0.5886720136570746,0.6277481925843523,0.5052923009836353,0.4620455263874229
460,4,0.064399,0,0.20517437413968576,0.23019419083763548,0.2577238492277408,0.18269007157299574,0.16304387890923758
461,3,0.189715,0,0.16991069003951093,0.1932248043540364,0.21968208872585096,0.14950604062492864,0.1321452455219239
462,1,0.17972,0,0.23128113074807066,0.25990834564510507,0.2902731001267487,0.2053502276107106,0.18262809677034317
463,3,0.564552,0,0.3639757225272552,0.3994237974390976,0.43604887584560187,0.33012996677818707,0.2985252982457153
464,4,0.300352,0,0.39469219438451186,0.43464621777683204,0.47522677749132314,0.35712329825910666,0.32238119455924086
465,3,0.270675,0,0.3472202489016467,0.3842317425005243,0.4229953203243123,0.31233872123183504,0.28020953043946595
466,1,0.214783,0,0.2953509793064123,0.32867110130465677,0.3636192072214613,0.2637474743009293,0.23423099127275096
467,5,0.772902,0,0.6533677585968772,0.6873255631092391,0.7189972349846359,0.6173293695706787,0.580220729912191
468,5,0.064735,0,0.06751014500818049,0.07776528868311745,0.0897655199180428,0.0588056714697892,0.0513530525512173
469,4,0.472151,0,0.4562321939443099,0.49811006880685016,0.5397662712148547,0.4143177527710064,0.37273095318342325
470,3,0.048159,0,0.0739312094038265,0.08425844135778938,0.09616319816849793,0.06496027673576137,0.05732545822044735
471,4,0.278017,0,0.2893538149872563,0.3207376396077683,0.3541119204900689,0.26028962602115696,0.233516531434872
472,3,0.712173,0,0.5970992541924214,0.6380711189682784,0.6771678654968529,0.5534198599626338,0.506834351832268
473,4,0.725418,0,0.36504885172351864,0.40394528104839283,0.44419719506274397,0.326947642058969,0.29019047649857077
474,5,0.836762,0,0.7125360553388717,0.7463959730657702,0.776849262066302,0.6740454694566083,0.6302503230184172
475,1,0.124073,0,0.13615370400851992,0.15487954246052205,0.17606351393807357,0.11985798396956801,0.10570257069927409
476,1,0.735009,0,0.6575842175141644,0.6948927001704499,0.7291021310602755,0.6154493879070689,0.5679511925710722
477,1,0.545082,0,0.4408019036231772,0.4800440462068398,0.5192942018446043,0.40248889990423,0.36611626015053766
478,5,0.717476,0,0.77625678355051,0.8054406571739221,0.8306831774906344,0.7420612402904664,0.7018535442109798
479,3,0.055504,0,0.07568770054720467,0.08762953708302611,0.10177161575423753,0.06555863243629555,0.056809369607580665
480,3,0.293876,0,0.3081946976447086,0.3420449056890817,0.3774383796422547,0.2767461316848262,0.24752882211099214
481,3,0.31523,0,0.4135185762544162,0.45214039755783875,0.4921373167143924,0.3749483234020706,0.336629655245206
482,5,0.198227,0,0.3307331292331694,0.36506512198695557,0.4010633734900382,0.29907261432315,0.2709054087062206
483,3,0.378405,0,0.5703456908248488,0.6102895107699727,0.6485976141801347,0.530210399416943,0.49115308463704943
484,5,0.443158,0,0.5631095929223502,0.6034526173565001,0.6420181660582553,0.520968270537893,0.4778546115755044
485,5,0.253146,0,0.13701955027220264,0.1574395481543309,0.18066782897591063,0.1193010726517629,0.1040494601232837
486,1,0.15697,0,0.17092173384145015,0.19256716812949667,0.21655837331256594,0.1517895131994776,0.1357161189667021
487,1,0.586402,0,0.3505860229854167,0.3841643262274098,0.41914084374620414,0.3190035740990283,0.29080715864244944
488,1,0.777099,0,0.6379956194216136,0.6743644904400349,0.7087485035312758,0.6000484186910788,0.5614820149601126
489,4,0.350151,0,0.40483291776225855,0.4441505817376561,0.4840854992463955,0.3670632495097933,0.3314049765461802
490,1,0.035451,0,0.04480733787138233,0.05118425566849302,0.05865310256341177,0.03952886947184045,0.0352530818764105
491,5,0.24941,0,0.24011520620676194,0.2683271265482814,0.2993489279439845,0.21423563130531936,0.19066324596903056
492,1,0.162318,0,0.11856490784706092,0.13456477133026645,0.15281306669329064,0.10491766586072059,0.09352416575451838
493,4,0.480027,0,0.4539907477517531,0.4947051991026812,0.5354468089515974,0.4136992286951618,0.37499512996302276
494,5,0.473974,0,0.47558504873144825,0.5150204096338536,0.5542364693242792,0.43593944934872336,0.3968331863030742
495,3,0.467052,0,0.4411509903144529,0.48301517092571566,0.5250118956406576,0.39998775751302756,0.35975764189553117
496,4,0.017523,0,0.04030399292856797,0.046470320566856856,0.05382075650385088,0.03527301960279708,0.03118828782331532
497,2,0.570545,0,0.4342532482596254,0.47632819986089375,0.5192590407255117,0.39239194051185844,0.3512808747179192
498,3,0.3748,0,0.22920138356946387,0.2567458297311976,0.2871890439484827,0.20405928431396314,0.18170778621558276
499,2,0.103414,0,0.14717146937795997,0.1664699297794735,0.18811604730233156,0.13004646159646796,0.11508285358762188
500,1,0.096301,0,0.14483087321243673,0.16624682474063848,0.1905289716422673,0.1258284662458767,0.10913065432075819
501,2,0.429365,0,0.5777686660279273,0.616007054883665,0.6529586111162569,0.5390486802258301,0.5017054216004544
502,1,0.357427,0,0.4952579946923076,0.5366998080553328,0.5770699196443527,0.45158638813034546,0.40674526795152766
503,5,0.770281,0,0.5164876315160835,0.5579788863117783,0.5981910411789598,0.4729828485019648,0.42686370904428494
504,4,0.18782,0,0.3032239664766118,0.3370320490788768,0.37272670532705365,0.27248363821798993,0.2452271036730775
505,4,0.046911,0,0.08322374732621102,0.09510318786162743,0.10888385112002602,0.07319002054103005,0.06472324079233761
506,3,0.628597,0,0.5819279347272764,0.6205564757972036,0.6579111437641025,0.5412331908450772,0.49891486213290837
507,2,0.008014,0,0.04482755241384562,0.051734045615665865,0.05978826112356687,0.039176620067827066,0.03466992969116881
508,5,0.262,0,0.31275696446594614,0.35029499189989693,0.38946741029478144,0.2766882734567266,0.2420348739601126
509,4,0.434099,0,0.42858219345473825,0.4684981314017048,0.5086426119188862,0.3899966989822589,0.3536635712278801
510,3,0.061394,0,0.06154954985541753,0.07027326430818756,0.08047706092122194,0.053880502412736675,0.047334159360972274
511,3,0.140062,0,0.14973715267623677,0.17042862388903313,0.19388060123334055,0.1316882791577338,0.11590680825166683
512,3,0.998025,1,0.9933514775979693,0.9944949890647732,0.9953809586203428,0.9918553297906776,0.9898082047391148
513,1,0.553613,0,0.642165311083698,0.6787583126554396,0.7125331929527727,0.6035866683207928,0.5646129833189742
514,2,0.224827,0,0.37506380292271657,0.4141738675734642,0.45470106403719995,0.33660487113425663,0.2985476737202394
515,5,0.151676,0,0.25383188030561393,0.28425327730337663,0.31677832329871924,0.22679057983040954,0.2037235701148311
516,3,0.380334,0,0.3565241721027463,0.3929516213050314,0.430746254370542,0.3225952120545081,0.2923982088199317
517,1,0.999368,1,0.9979432780929215,0.9983121622857358,0.9985975198469674,0.9974023381278541,0.9965767397286956
518,1,0.215121,0,0.271617189961773,0.3046429482414098,0.33983603617570546,0.2414310885537727,0.21429583750903183
519,1,0.087046,0,0.12048531560270184,0.13675245663277,0.1554671376098228,0.10645002848086149,0.09466308738651706
520,5,0.467735,0,0.28941926743642654,0.3230727769306463,0.3587212992861239,0.25811939785447535,0.22924700737088638
521,4,0.609401,0,0.3893116187932054,0.4286362520825932,0.46877686511827943,0.35137503684162974,0.31541301209780737
522,2,0.805559,0,0.834210176372297,0.8583949509137945,0.8794352617510542,0.8049934041106539,0.7686895714341462
523,3,0.155104,0,0.2795953418502889,0.3113298176350229,0.345197353214207,0.25085410251421625,0.2265082612529099
524,4,0.0128,0,0.02290219376232808,0.026414702636988904,0.0306400017617721,0.020047279201173638,0.01785163141516516
525,3,0.396661,0,0.3583038751851608,0.39592957229047265,0.4347432573365373,0.3219313043261566,0.28624179904911945
526,3,0.027035,0,0.09365541120244776,0.10737282251911565,0.12350576358961628,0.08175143499004421,0.0714459486242618
527,3,0.545673,0,0.38131626487427556,0.41843321234022873,0.45722293145835363,0.34494809508047514,0.3105477273301523
528,5,0.262943,0,0.29596738800058886,0.330608839958446,0.3670761462084321,0.26265874820857665,0.23038260564923987
529,3,0.217299,0,0.23948203283124245,0.2699017756639639,0.30301222952425394,0.21272002715613683,0.190263263934931
530,1,0.226281,0,0.23302580522344823,0.25951598701478445,0.28804795650834014,0.20914993492582587,0.18835600611583525
531,2,0.748386,0,0.7665570869403665,0.7938876777375586,0.8184796405444729,0.7359354080400479,0.7017233261605952
532,4,0.112612,0,0.19943789759070105,0.22402055057873071,0.25102684620432963,0.17770620712160587,0.15857467729698216
533,4,0.10284,0,0.18493583165035046,0.20862926470626866,0.2348810305109012,0.1640195783856288,0.14591107661140176
534,4,0.031496,0,0.1305959443135346,0.1487920511850134,0.16949721065248313,0.1146019656650502,0.10042425214223491
535,1,0.251804,0,0.30974225186323656,0.3451624291784097,0.38229511524690807,0.27608938799994936,0.24446470861387534
536,3,0.359547,0,0.3555692827951162,0.3900443305225232,0.4255016430772614,0.3227198610062043,0.29228399575813757
537,2,0.518351,0,0.3972090142167389,0.43515888939519565,0.4742527702126197,0.3610419575895432,0.32765925801941814
538,3,0.781734,0,0.6443072423261328,0.6843394306373936,0.721938021985292,0.6002291583255277,0.5504354034196677
539,4,0.061264,0,0.13021106357077503,0.14879968337410107,0.16984489154727173,0.1145007413430723,0.10212409803546799
540,2,0.663851,0,0.48498210504455086,0.523570122454964,0.5615468729107588,0.44765617838449423,0.4132986354460216
541,1,0.17773,0,0.1854102549839866,0.21001702722021998,0.23671512031668174,0.1630514607743877,0.143370686373792
542,4,0.102365,0,0.1630670111126346,0.18578901115247437,0.2113070099998999,0.14312823553568746,0.12581104864741746
543,2,0.670376,0,0.6209317859523017,0.6588786302576263,0.6950178650070247,0.5813506715014106,0.541329865755036
544,4,0.821824,0,0.6603485316260705,0.696228567753393,0.7294038711828935,0.6223339800452277,0.5832254748436486
545,1,0.979302,1,0.966176061984034,0.9714560123858439,0.9758157992254531,0.9592896067840591,0.9501290094820775
546,4,0.229314,0,0.27682313931896135,0.3090947814720332,0.34365244545906704,0.24676455034713188,0.21895639231370365
547,4,0.860253,1,0.7516782825605594,0.7795852138537666,0.8046683561781347,0.7216016772143135,0.6901998426339114
548,4,0.435627,0,0.3927927584675766,0.43200160959336875,0.47204296295907605,0.35331470020367584,0.3126689569890704
549,3,0.321967,0,0.2740777280746182,0.3067916489296881,0.3416877079326204,0.24501497978571365,0.2200993398827106
550,5,0.1608,0,0.214155041196675,0.24172130658786087,0.27155609564423594,0.18957138973859447,0.16816198784400865
551,2,0.475092,0,0.5899949563717864,0.6304188996760159,0.6688840083276179,0.5468108894500127,0.5001599949611478
552,3,0.307939,0,0.35403180842653986,0.3914282522509767,0.43061951898442563,0.31892002094868793,0.28690359223391193
553,4,0.049339,0,0.05405516114642273,0.0624933080952302,0.07246150136486691,0.04688029894691137,0.040656629895852184
554,3,0.05592,0,0.1008002880325438,0.11474788104414166,0.13074266380807117,0.08871140286594384,0.07846823463637172
555,5,0.511054,0,0.4807491631188159,0.5214341129522576,0.5609999773987091,0.43938030531713046,0.3973950245634965
556,4,0.07062,0,0.1295794070810375,0.146820990300174,0.16641475819734589,0.11446938819458115,0.10143071822526434
557,1,0.264353,0,0.26329356775162527,0.2960555236507555,0.33090960048760365,0.23290157457086302,0.2055255345906714
558,5,1.0,1,0.9999999375931995,0.9999999548922984,0.9999999651920054,0.9999999035799663,0.9999998284471073
559,1,0.344318,0,0.21472817630180904,0.24011227824263853,0.267754871260814,0.19194708574647923,0.17191296887049443
560,3,0.740984,0,0.7030928188466151,0.7348990917516117,0.7644301037360606,0.669017825903492,0.6340652599120445
561,4,0.015379,0,0.027725534187748913,0.032067522583587936,0.03726854128460899,0.024224353114566798,0.021477327925537797
562,5,0.193647,0,0.1524464383938736,0.1743573016124124,0.1990359219268637,0.13364597756205462,0.11791127204712076
563,4,0.134046,0,0.32206305945902297,0.35965288163464704,0.39913611514586206,0.28605937692849326,0.2513559737825221
564,4,0.516341,0,0.528263421259798,0.5693832104621299,0.6094158580371197,0.48494454620938987,0.4394252706098219
565,3,0.955853,1,0.911717735878297,0.9241526285019499,0.9343760277310126,0.8968343376861472,0.8786016964888141
566,4,0.751315,0,0.5343373314033695,0.5718574783192064,0.6083402733673408,0.4970726446278323,0.4614308157521161
567,2,0.962792,1,0.9297862851195897,0.9393006141060973,0.9471875183066848,0.918418494440339,0.9050888101440052
568,4,0.681446,0,0.9164497510859185,0.9290165159934494,0.9394474397060822,0.9009320773813146,0.8813228370904027
569,4,0.046128,0,0.09970010655636342,0.11483821573728022,0.13228766308591264,0.08719515255110338,0.07751152936394941
570,5,0.403256,0,0.685155436734715,0.717654404203977,0.7473246940345092,0.6492143903943034,0.6097947717636897
571,5,0.333524,0,0.42560812093883404,0.46711641745661747,0.508808262373842,0.3845342952652454,0.344275873427622
572,3,0.187288,0,0.31670277904567506,0.35155210951991095,0.38837535883661706,0.2842093372176736,0.25482784722969476
573,3,0.643689,0,0.505444359162797,0.5456259774609584,0.5850510458625287,0.4653809965110511,0.4262648260088279
574,5,0.066465,0,0.2546907842818366,0.2853201603948683,0.3183756061977069,0.2264692963835756,0.20081709336147563
575,3,0.092332,0,0.07610670404132469,0.08713572155236088,0.09983053444072987,0.06689815480550343,0.05933742278738027
576,5,0.102511,0,0.3533380354443436,0.38746031397407654,0.4235792637464737,0.32058521055412303,0.289641901624369
577,5,0.743772,0,0.7003799992227295,0.7346506922267291,0.7653556336230206,0.661102532245806,0.6158436901403134
578,3,0.357783,0,0.43028934282549913,0.46827247045026704,0.50652225496635,0.39321621831096326,0.3573823575638756
579,4,0.11825,0,0.21103362276807555,0.23781832298094105,0.26713909327589996,0.18689046590969857,0.16490148217587355
580,2,0.178837,0,0.3275506349247957,0.3621082018734339,0.39872341881348783,0.29514159186352384,0.2654932152823526
581,2,0.336558,0,0.457730837059644,0.49648694930614057,0.5354568510661544,0.4200312724041103,0.3850284502018068
582,1,0.87867,1,0.7651502131246477,0.7920215770896178,0.8162801815088806,0.7351130737019215,0.7023365588897833
583,5,0.51106,0,0.6312549247182268,0.6686039367163876,0.7032556508101518,0.5899875359832117,0.5445327833911189
584,5,0.996801,1,0.988558073444066,0.9904859739741873,0.9919557431180257,0.9859477133402272,0.9823900202054429
585,1,0.301259,0,0.4237757485960568,0.4630826543639637,0.502055117222876,0.384864329792353,0.3474187660328318
586,3,0.102427,0,0.10418192631971075,0.11885729145162378,0.135778207158448,0.09154787374560855,0.08113448715536234
587,4,0.999974,1,0.9999269117266185,0.999942165603522,0.9999532002916203,0.9999047897536598,0.9998717478174939
588,4,0.139835,0,0.18111975430999588,0.20477758008971206,0.23112164290449388,0.15998376313362983,0.141455534739459
589,5,0.440796,0,0.5210774736703495,0.5629324383474119,0.6030945066141781,0.47785140954996913,0.43357600450961437
590,4,0.19167,0,0.1442392089904518,0.1638728581230215,0.1859816499516895,0.1275347452891059,0.11347454561779977
591,2,0.087608,0,0.10925883135500687,0.12545564000563417,0.143755199632597,0.09566620620615936,0.08460272844523828
592,1,0.644839,0,0.45849109283906564,0.49730474150913434,0.5355818820270328,0.42038454072082065,0.3847351072259986
593,3,0.583104,0,0.5886542272118237,0.6275774290631662,0.6649410065728639,0.5489993520644194,0.5094746752691326
594,3,0.192539,0,0.280222553140264,0.31125476106416,0.3438434151603705,0.25200767018671544,0.22690136657899188
595,4,0.287906,0,0.42254034724638156,0.46051207573371306,0.4988353958597898,0.38600344553359867,0.3511311052479525
596,2,0.652804,0,0.5135354595781297,0.5509699338391958,0.5878163121389612,0.47588363981177795,0.4399860512024217
597,5,0.295089,0,0.23304527853274287,0.260985127012667,0.29160636335428036,0.20708177673377587,0.18305364054323772
598,4,0.894647,1,0.843316285577145,0.8634734771790431,0.8809413999820886,0.8202932987216509,0.7943577467933759
599,4,0.53553,0,0.33252781350944044,0.3706340623107462,0.41034568587159864,0.2975349304256956,0.26672071084192256
600,4,0.703452,0,0.6864566070070812,0.72275144484006,0.7557351714762127,0.6457871458586801,0.5993260106135838
601,3,0.367825,0,0.49045471713100214,0.5297518048661909,0.5686403815127055,0.45127450743757436,0.41229492650315214
602,4,0.210511,0,0.1819155786606218,0.20476595194454283,0.23011458243704336,0.16179012355239247,0.14442890739532466
603,2,0.104822,0,0.22341620106068552,0.2494316130704106,0.2773914803105049,0.19997043837012313,0.17943637480882274
604,2,0.997881,1,0.9973642672423407,0.9978260990705154,0.9981910574907877,0.9967322363733931,0.9958336101097636
605,5,0.421638,0,0.4193879053681798,0.46245569276134796,0.5057435175090529,0.3760974118693698,0.33250027220991524
606,4,0.593754,0,0.5040097597028822,0.542721028896357,0.5806930898796863,0.46552304399221806,0.4278287636661817
607,3,0.716579,0,0.8413946460505782,0.8650993899784537,0.8856947723250416,0.8124591166327819,0.7752081335495407
608,2,0.997855,1,0.9944555772526288,0.9953600976108766,0.9960834807931612,0.9932846850624397,0.9917866883969028
609,2,0.300516,0,0.35875587341485277,0.39305655430305503,0.4281189788656741,0.32610288727187353,0.2959546082127134
610,1,0.119152,0,0.15788826764325642,0.18067926076384094,0.20582184305774912,0.13806342326178733,0.12132021176358371
611,3,0.327954,0,0.4183876290311387,0.45686040464209665,0.4954019555100261,0.3822365792465044,0.34988404580432964
612,2,0.38229,0,0.42766223551654786,0.46710995513753567,0.506620326520761,0.38935537593315594,0.3531608096694802
613,4,0.318471,0,0.3955072722899644,0.4333383759593377,0.47189149674005043,0.36007793429834756,0.3278254611873412
614,3,0.049266,0,0.17066586324634092,0.19387671345357882,0.21993461394828176,0.15032689296325988,0.1331612449983305
615,3,0.435525,0,0.2714531094532004,0.30125058916467756,0.3332984621288833,0.24354724931418775,0.21806226172802629
616,1,0.11219,0,0.08362507417551852,0.09614668978213572,0.11080427663992397,0.07303803810337899,0.0642323405085395
617,2,0.144854,0,0.10842337804714787,0.1239546517685966,0.14145791016291615,0.09530037287978721,0.08443221394545218
618,4,0.055856,0,0.13121060794890238,0.14939305261626604,0.17006676238926866,0.11578323093882294,0.1032365706124605
619,2,0.077453,0,0.10128869824242442,0.11552045257250677,0.13149689778647466,0.08944961392955368,0.07978487861026501
620,5,0.385032,0,0.39334989977714707,0.4331425466580668,0.4736245842391756,0.3539871557087637,0.31506511783807795
621,1,0.999615,1,0.99906431947886,0.9992433429126761,0.9993778106981361,0.998801635779201,0.9984062525856253
622,2,0.069395,0,0.12107869381641538,0.13713105374848042,0.15500926279996063,0.10734503676852744,0.09597578964623217
623,1,0.721174,0,0.6880509781382329,0.7214068172443855,0.7517278235825466,0.6522501241478249,0.6154112377735943
624,2,0.197736,0,0.28223428436152564,0.31328860961806837,0.3464203303971394,0.2536015191242083,0.22777409070770235
625,3,0.318998,0,0.29743464816530907,0.33143000957791,0.36713399911091565,0.26670666451140684,0.2394121381220028
626,2,0.593046,0,0.619822594715216,0.6591808283363462,0.6965010735927234,0.5781033562989277,0.5336112133368195
627,5,0.37099,0,0.34857774389745055,0.3855760397806534,0.42434653922536786,0.312822311894884,0.2781603992494909
628,1,0.275977,0,0.25804838742804354,0.2897089093528279,0.32415332130233065,0.22912653710105357,0.20313139334724564
629,2,0.188569,0,0.15410459620300848,0.1740608842806232,0.1963054792292469,0.13622394869303106,0.12051675655842567
630,2,0.719991,0,0.7364213313050646,0.7677320132037722,0.7960670709036013,0.7000671158306738,0.6565824033475932
631,2,0.117784,0,0.08830642706895481,0.10219797327399537,0.1184405827592112,0.07666224073985474,0.067063801158816
632,3,0.630979,0,0.42910473174360614,0.4691355681639376,0.5103010995512671,0.3888974800525478,0.3480647081233262
633,1,0.994724,1,0.9960850849453887,0.9967770343550888,0.9973012424580043,0.9951544122546877,0.9939417161439429
634,5,0.979195,1,0.9685814668630571,0.973392397171495,0.977167327849275,0.9626309537225372,0.9556215168215685
635,3,0.058509,0,0.09065560440896163,0.10436519143428791,0.12003828182871518,0.07927334671606999,0.07008954648621228
636,5,0.374122,0,0.1647205645976537,0.18704295928690326,0.2119116834529073,0.14494871391597772,0.12755404179806315
637,3,0.083808,0,0.17256916429105146,0.19565363095115348,0.22130072768907233,0.1520798397256735,0.13401217814182975
638,1,0.731229,0,0.9773835832896709,0.9813559961960295,0.9845647990401498,0.9718842453683195,0.9638627973100047
639,3,0.205375,0,0.1635250996946289,0.18565105546500596,0.2104292778382005,0.14440539619223158,0.12840719892273036
640,2,0.071365,0,0.11243318071848073,0.12818844242315244,0.1459190825499553,0.09895843460577898,0.08763654881282312
641,3,0.261134,0,0.1344710955197761,0.15218357483729655,0.17204081761952902,0.11893270756786213,0.10597831720784097
642,5,0.042955,0,0.06678768436090103,0.07721643310174932,0.08944687701162202,0.05813037250036578,0.05100640467792675
643,1,0.335013,0,0.27183328781592786,0.3034237477841189,0.33734071283597006,0.24250980039258818,0.21595163703855816
644,5,0.137629,0,0.15287078618743602,0.174081912085054,0.1981972126251457,0.1343636661523832,0.1184057687588287
645,5,0.575967,0,0.3853209728448435,0.42068301408505826,0.4571156078476572,0.35174054365470014,0.32092444892592975
646,5,0.202837,0,0.18291104951975615,0.20665295226525482,0.23303289419041479,0.16242978395222185,0.14536477093720138
647,5,0.05698,0,0.16497159879475704,0.187773258820856,0.2137189201734773,0.1450267954524371,0.12768146798738414
648,4,0.659254,0,0.7510061066651142,0.7826270739410165,0.8105831271490067,0.7145917989599259,0.6712345192420632
649,1,0.998966,1,0.9964814940650628,0.9970774815564318,0.9975244470363964,0.9956547254390214,0.9945378559750259
650,5,0.353565,0,0.38599620374606675,0.4253676804034214,0.46587633890112407,0.3475437254291799,0.3101960446419657
651,2,0.057084,0,0.12906551052609647,0.1477442175423487,0.16903309275803569,0.11307045174642338,0.09965060608291586
652,1,0.564647,0,0.345825808484348,0.3839145388362732,0.4234105625984921,0.3094550191320894,0.27520348189139393
653,1,0.683764,0,0.7357797930385609,0.7666081593664276,0.7943626534191985,0.7008938588386113,0.6617920841664001
654,2,0.798894,0,0.9663287726721183,0.9724677237797434,0.9774824376571808,0.9579451996457211,0.9454393665732311
655,3,0.141269,0,0.36393102510531145,0.40223584610380697,0.44217369379081595,0.3278649829253825,0.2949888156288641
656,1,0.855018,1,0.7729053215790387,0.8009197287491076,0.8259737507103567,0.7411001096998615,0.705352769964195
657,4,0.038456,0,0.13040185804426127,0.14867321803446612,0.1694177275928451,0.11489497845297247,0.1019286282617322
658,4,0.503007,0,0.5134029099033425,0.5515702567927968,0.5889376931257853,0.47393506897293347,0.43269512743306004
659,4,0.109081,0,0.10708649862213807,0.12309186822979498,0.14152063152475702,0.09323610657608647,0.08154096741493043
660,1,0.578281,0,0.685580962881694,0.7200854650474758,0.7513303642752392,0.6475286826395048,0.6070220261594355
661,2,0.585348,0,0.4842552570374615,0.522712741081677,0.5607144868774002,0.4459977676169438,0.40874313395108436
662,1,0.527962,0,0.446803218086742,0.48632246477967034,0.5258513982860684,0.40823176314785947,0.3718916577299627
663,2,0.452727,0,0.4883396520601382,0.526316258673417,0.5641815527635904,0.4500091651126534,0.41226246463908217
664,4,0.025521,0,0.07376884030293776,0.08557711006180314,0.0993758935995779,0.06371517650350486,0.05518098514283463
665,1,0.449195,0,0.3461382572777811,0.3822843509861864,0.41981109797120214,0.31164976919414294,0.2794214200637486
666,4,0.101283,0,0.24801730695335739,0.2775850034896197,0.30951805391782344,0.22085265540112078,0.19610916989217808
667,5,0.172912,0,0.29835637440780977,0.33307713366210306,0.3699789211575702,0.2662332508388557,0.23724437192418277
668,3,0.728294,0,0.7043950145735972,0.7381026103994097,0.768742805772748,0.6667830434065966,0.6243782733214166
669,5,0.395901,0,0.4958050219626269,0.536194581506282,0.5759527833632253,0.45462315083939964,0.4134531850027824
670,2,0.46672,0,0.36448039831501955,0.4036763182178368,0.44407961003384283,0.3274401717879993,0.29281836267482775
671,5,0.660053,0,0.32797253323381936,0.3668857016008471,0.4072868010373898,0.29101396077616737,0.25630417209027206
672,2,0.726851,0,0.6029340002105039,0.6391063283083931,0.6734717492097811,0.5659545631914982,0.5297346857044548
673,4,0.896139,1,0.8017275659946923,0.8262160026493376,0.8478063457020723,0.7744301560349773,0.7451731822420651
674,4,0.999866,1,0.9996673966657406,0.9997325442977824,0.9997808043763404,0.9995741041274574,0.9994343085755765
675,5,0.086335,0,0.0652776721048983,0.07462620892765347,0.08582429449463908,0.05750104434011247,0.05106854224474891
676,1,0.070009,0,0.23102521773156295,0.25895481349552274,0.28962170190282244,0.2061993390985704,0.1845671889708986
677,1,0.217282,0,0.22860616942278297,0.25598729164111994,0.28586193241412555,0.20404736392820094,0.1823626187800884
678,5,0.201403,0,0.2143610381692961,0.24104491814297774,0.2705970066954674,0.19078085627554212,0.17031530649316856
679,4,0.999258,1,0.9969249425915324,0.9974684024488589,0.9978864381952895,0.9961486895973981,0.9949435789174721
680,2,0.661598,0,0.5278326231265049,0.5655970537408138,0.6023951474231011,0.4900715481882334,0.4539047462104877
681,2,0.056497,0,0.06673900817205447,0.07655456890645963,0.08784096060432793,0.05843709600157328,0.05145333475106044
682,2,0.296263,0,0.40183292251164976,0.439421226933321,0.4776482068894782,0.36648238173868736,0.334916906191356
683,2,0.379413,0,0.203584983012157,0.22900129352997506,0.2565137973761559,0.18127529464845457,0.16253003936459795
684,1,0.032748,0,0.04268330531082878,0.04915795354340097,0.05677547386605988,0.03731622029046815,0.03300346224613143
685,2,0.998831,1,0.9980459322960163,0.9983933898047469,0.9986676226890088,0.9975662111359467,0.996875242230862
686,2,0.618846,0,0.48003366106674517,0.5188457719841915,0.5578955167738247,0.44109273477357874,0.403431549291779
687,3,0.827518,0,0.7595555119775261,0.7894835388691109,0.8165127061708486,0.7261923070902652,0.6893898651919959
688,5,0.973849,1,0.9592052518624467,0.9653129777218435,0.9701961191740495,0.9516080518973123,0.9424683212563963
689,5,0.468258,0,0.3959629456907671,0.4358566393087828,0.4759284343092211,0.3578122236352989,0.32238748795949146
690,5,0.316858,0,0.41776545970846846,0.4523739180151979,0.4875828542924898,0.3850756097868483,0.35571819978791613
691,3,0.446427,0,0.5341147043426332,0.5758063152266919,0.6164946848013019,0.49224960238590276,0.4504937113370506
692,2,0.01848,0,0.03163043679733545,0.03666974771473229,0.04264406936597712,0.02743646082713236,0.02401406107912799
693,3,0.294144,0,0.6264322184299771,0.6646486411439521,0.700521314437509,0.5856462424904084,0.5416062398015318
694,4,0.296283,0,0.2550660754198205,0.2852258487482213,0.31772461534702423,0.22794277795232912,0.20397544399614626
695,3,0.825966,0,0.7907926868831207,0.8177779137040615,0.8419793575253594,0.7586979112061755,0.7191598765590476
696,1,0.526362,0,0.37258288779842275,0.41037332769138496,0.4488742045957659,0.3359619017314211,0.30151747110544247
697,1,0.168018,0,0.22130417409342457,0.2497282462494569,0.28047762862475456,0.19508823084170396,0.17158328933276512
698,4,0.29969,0,0.38921964870805814,0.4251697419234864,0.46212517993179714,0.35420824889533414,0.3207600307904841
699,2,0.026725,0,0.01823730773512348,0.021207959533996613,0.02478152412902118,0.015881142538764027,0.014032782541212969
700,5,0.439449,0,0.2312345126747683,0.26035059161441093,0.29216475776476264,0.2050396204472778,0.18195628130627256
701,4,0.400506,0,0.5902915304137276,0.6302627372950012,0.6679812989376266,0.5465349881983306,0.4969382195970458
702,4,0.548477,0,0.6193331630107909,0.6563830613637809,0.6912295614145685,0.5815742843073758,0.5449196819736833
703,1,0.209103,0,0.21820506682363924,0.2464670973999643,0.2770441277736811,0.19239746483874007,0.16917904865032543
704,5,0.342526,0,0.2928249515524908,0.32537258956759707,0.3598887113535516,0.2636003678787247,0.2386722952720641
705,3,0.290634,0,0.19027568083004548,0.2149951484849616,0.2428153230253098,0.16830598115046663,0.14961586338357347
706,3,0.533331,0,0.5224983192156658,0.5604528624182892,0.5973054808658593,0.48520765134906796,0.4506185099748715
707,5,0.367079,0,0.41126959886184894,0.4476025388092782,0.4850177064594884,0.3763353288649701,0.343498031763937
708,1,0.164972,0,0.22511473721075437,0.25188298165787176,0.28143841000522046,0.20127315781523095,0.18064193371360532
709,2,0.274781,0,0.30992725555442585,0.3435576450115203,0.37906432357276,0.27875046492357514,0.25115382726554975
710,3,0.024215,0,0.04136632562051159,0.04742858497542022,0.05445694846029385,0.03635681923071306,0.03240081072204839
711,5,0.336114,0,0.31168026308879376,0.3460253817007197,0.38254408899617337,0.27956092346659445,0.2500784382657621
712,1,0.082541,0,0.10622668496611042,0.12066371591359912,0.13709169425198614,0.09390512825988732,0.08354438265938535
713,3,0.139933,0,0.04743273268787164,0.05483907884231015,0.06346961017262134,0.04124373714685396,0.03603584590410266
714,5,0.336264,0,0.2848074440309029,0.31879594653930976,0.3546738784788305,0.2537508399903469,0.2264876583434086
715,1,0.999207,1,0.9989263344419788,0.9991269274833708,0.9992797210271497,0.9986247862430271,0.998150377179764
716,4,0.784836,0,0.710909137092077,0.7456362488933,0.7768974060588577,0.6716495934511437,0.6262827944815461
717,4,0.122015,0,0.1068558056719937,0.12180494236982106,0.1390228088017647,0.09383268835388306,0.08251286711393721
718,5,0.12853,0,0.12007454719054823,0.138475576516386,0.15954746066398265,0.10423268808877975,0.09073161568718682
719,1,0.34066,0,0.21259289897952202,0.2410250479811346,0.2721111374115875,0.18702143975380864,0.1645015234665461
720,1,0.561416,0,0.6223772145690408,0.6605021056776555,0.6960579511760655,0.5823023019845976,0.5419418619409723
721,5,0.788046,0,0.8616530896093177,0.8801907979362233,0.8959576913328603,0.8394280515552031,0.8129602025680852
722,1,0.142419,0,0.21392263384001148,0.23905025379316383,0.26654734482131764,0.19164761611383416,0.17243580815616147
723,3,0.053115,0,0.20712842128215195,0.23229371041887945,0.2603504660913576,0.18390192642676645,0.16288141322286767
724,1,1.0,1,0.999999999932742,0.9999999999535598,0.9999999999662179,0.9999999998882061,0.9999999997794755
725,4,0.019184,0,0.013659825283661024,0.01586027877062854,0.018540653385462673,0.011866721133472327,0.010421163119750654
726,4,0.757045,0,0.7214137483948861,0.7544602742289693,0.7841348944845405,0.6832390295574152,0.6376212461092878
727,4,0.991673,1,0.9695728086211651,0.9743313899705522,0.978177478511575,0.963426602209398,0.9551415011343769
728,1,0.169888,0,0.22422345229282173,0.25168299647873826,0.28144549903517607,0.19944160503454228,0.1776648852193476
729,2,0.834867,0,0.5900085572534575,0.6291657546498569,0.6662621427220737,0.5483653491947343,0.5036821890680674
730,2,0.201829,0,0.2717516930948582,0.3045909542630805,0.33972884020863214,0.24177794816404988,0.21485390107359573
731,5,0.859767,1,0.8223743058541916,0.8454304733805912,0.8652761516259325,0.7953027140387168,0.7639119534270333
732,5,0.108737,0,0.26961561084800384,0.30303212627260806,0.3387508917496344,0.23874330156891935,0.21036250222533387
733,3,0.120493,0,0.1768784632878504,0.20015518534992907,0.2260534473742686,0.1565261150076249,0.13969378146673242
734,4,0.675887,0,0.6886529615903205,0.7229032612155301,0.75425899850718,0.6517295202044834,0.6126390632437213
735,2,0.337853,0,0.20581536410551995,0.23177635395009394,0.2600950064214483,0.1821705661335902,0.16061405768349513
736,5,0.104991,0,0.14064512516643024,0.15907030291533486,0.18015297379232337,0.12463738005764416,0.11092655140951271
737,3,0.053396,0,0.07908008181467932,0.09145658694454231,0.10587251565398208,0.06887885954097313,0.06059272536280627
738,2,0.108353,0,0.25615831620537666,0.286564176902993,0.319367774742125,0.22796860792653606,0.20229176987882116
739,1,0.135,0,0.15029878912285494,0.17133074512133778,0.19480778539273466,0.13177011364855842,0.11575644727704312
740,2,0.232514,0,0.19281963427274976,0.2174011584536692,0.24451255755690407,0.17142242068981503,0.15325398402906304
741,4,0.999997,1,0.9999867061886742,0.9999895862072373,0.9999916216407646,0.999981975837939,0.9999732226200648
742,1,0.152355,0,0.2653578493564387,0.2963379569075599,0.32877006928786046,0.23695548599686544,0.21185432922201194
743,2,0.997691,1,0.9940836815646866,0.9950994864750361,0.99590314902372,0.9926942466651036,0.9906611957907067
744,4,0.208068,0,0.36860963671286306,0.40346180709698654,0.43951724549879684,0.33491630425954,0.30259137509619444
745,1,0.111825,0,0.18775706719265736,0.21229552218284523,0.2387272320188945,0.1659138561622291,0.14707227078447946
746,5,0.304902,0,0.19460303716046837,0.21852230786374507,0.24517365603151037,0.1736836024658357,0.1555358484541274
747,3,0.294906,0,0.21517953515162533,0.24175023772727064,0.2708551492183829,0.19115653306537586,0.16987319583672228
748,1,0.112814,0,0.2021153964632238,0.22816766621381007,0.25659300265962026,0.17880162426553184,0.15824574565319954
749,5,0.851011,1,0.8257358257916229,0.8502980913009418,0.8711230394193854,0.7950651606460274,0.7556350352862448
750,5,0.990429,1,0.9807074777148026,0.9837917611290714,0.9861689586726995,0.9767255330842448,0.9716958901836573
751,2,0.026484,0,0.0718215526244814,0.08287420638726255,0.09587084044309084,0.062468558458132234,0.05465751269826163
752,5,0.45376,0,0.5388853673869469,0.5785655036111979,0.6170699836104354,0.49851118280346446,0.4586291467330744
753,4,0.185173,0,0.2518711230647643,0.28062949876183635,0.3116701911079336,0.22550691423036795,0.20153616263885882
754,4,0.597106,0,0.7048574068901133,0.7364434918538815,0.7652915905662903,0.6705604276643291,0.633766403177113
755,2,0.384386,0,0.3455805855144403,0.38071067764253175,0.4168942544807594,0.3125576540320942,0.2821473511910747
756,1,0.068026,0,0.08434672591604837,0.09667263083895872,0.1108374227202153,0.07379369747444262,0.0650441879779114
757,1,0.385783,0,0.11976781767776774,0.13567027303276688,0.15370273346678204,0.10600640625131787,0.09422439539559153
758,5,0.176745,0,0.2833273430682716,0.3150983576515365,0.3491325534728415,0.2543003738939097,0.22836272725620382
759,3,0.668013,0,0.595480589280869,0.6353776160491919,0.6729864616754289,0.5553085855720991,0.5158527410712263
760,5,0.999699,1,0.9992316786344961,0.9993786117978979,0.9994833063502574,0.9990183043661417,0.9987067144274344
761,3,0.072189,0,0.0682994956809901,0.07800663036871777,0.08932173497753038,0.059997987202749244,0.05304003675348851
762,1,0.102139,0,0.11809985708048985,0.13385358745177944,0.15177916735848448,0.10448119925893087,0.0929814844836901
763,2,0.011572,0,0.02379942245984164,0.027725263190761098,0.032383497366297344,0.02063033055999967,0.01817041255072405
764,5,0.069753,0,0.10233070190477482,0.11765147533445472,0.13536244150416174,0.08924982373182055,0.07831878137438307
765,1,0.995499,1,0.9934334077510538,0.9945622014541644,0.9954367824809633,0.9918940556379083,0.9897988338337542
766,4,0.268351,0,0.2342024529831004,0.2620731462222085,0.29241735229219235,0.2079969664465102,0.18346859983916056
767,1,0.769764,0,0.8434348672012755,0.8654502882314162,0.8843915673327429,0.8161616453647395,0.7817935458555653
768,2,0.09098,0,0.2524387156129171,0.2823096613370157,0.31420077642432087,0.22533870021902755,0.2017803293744863
769,2,0.99998,1,0.9998463180801729,0.9998772947276278,0.9999005621255208,0.9997994068051774,0.9997199205150981
770,1,0.404849,0,0.41447739333076444,0.45259458971370625,0.49170251406962856,0.3781868365886367,0.345011089253975
771,1,0.528145,0,0.5285837055091732,0.5666700403676566,0.6041586664422419,0.4902135947060218,0.4523895815901286
772,3,0.123869,0,0.170304012588295,0.19307593815611795,0.21849400778872546,0.15049057323330045,0.13382400995599195
773,3,0.155592,0,0.17415801425286656,0.1982271380376941,0.22548770952505118,0.15314236694314956,0.1352181360058858
774,2,0.604083,0,0.46990435440154316,0.5093917149137009,0.5487631818699982,0.4303188261239976,0.39102742534263574
775,2,0.2003,0,0.27969632656071974,0.3107215106616608,0.3433517914001764,0.2514856246723195,0.22679415817763524
776,4,0.688534,0,0.7624682437083428,0.7926026662290127,0.8191914938768201,0.7281311502237809,0.6885894130294429
777,2,0.227301,0,0.23170395728537818,0.26052197788250464,0.29194276605956226,0.20516820904916722,0.18119649447320418
778,2,0.686378,0,0.3538112364043851,0.3888542660373044,0.4249043015974173,0.3206635432920013,0.2900545378980843
779,1,0.99999,1,0.999987709151586,0.999990432242151,0.9999923400780464,0.9999832822300566,0.9999757980337315
780,4,0.036702,0,0.10390417261099155,0.11895087748774007,0.1363293314778324,0.09097748381084847,0.08006578504807124
781,5,0.717859,0,0.7102903493347222,0.7433596559645149,0.7727946277278354,0.6738897646735785,0.6348049807967844
782,2,0.414601,0,0.4753438998227753,0.5157050200439852,0.5560256051747282,0.4360008514497415,0.3991937386362719
783,1,0.189819,0,0.21096582370266215,0.23723656960494022,0.26628460769178935,0.18733044666071658,0.1669381448843071
784,4,0.984276,1,0.966187444398642,0.9715010469961103,0.9758147506452499,0.95983471319474,0.9526479080444717
785,2,0.281454,0,0.25664447720727657,0.28799423759139425,0.3220915065005592,0.22801311038617866,0.20227030951871555
786,3,0.267565,0,0.4238106456148714,0.4642253860311966,0.5048942704669347,0.38345428644335,0.34244934650465514
787,3,0.344956,0,0.40876238778377566,0.4458224111173518,0.48297453989165945,0.3736746342616276,0.3424605691955396
788,3,0.512706,0,0.4677384270242022,0.5071791098654583,0.5469117658345983,0.4282516637275889,0.38879804754466823
789,4,0.303343,0,0.31516701722697826,0.34968500063775115,0.3860530276005891,0.28323288656732526,0.2548359271570374
790,4,0.095587,0,0.14400441260377242,0.16284447791080606,0.18404699051702542,0.1275965089604682,0.11385103670373313
791,4,0.08196,0,0.08509383747127439,0.09725867203012464,0.11132709217728326,0.07483647863786166,0.06639143294490102
792,1,0.128188,0,0.2352615373395406,0.26591793542619446,0.29901657420685246,0.20747174661055745,0.18289624231657967
793,1,0.453057,0,0.35176651081781307,0.3867265490517024,0.42285923457155694,0.31905933671466047,0.289576672796604
794,5,0.10651,0,0.25183213714307534,0.2831859393248025,0.3170908038397017,0.22220961385870533,0.19414979006855027
795,1,0.488618,0,0.5099933634350661,0.5489222107939402,0.5863670218455561,0.4708877832476215,0.4334283754880786
796,4,0.535181,0,0.5630007472572817,0.6023858021140042,0.6401015988924647,0.5241427337281447,0.48776722283566476
797,1,0.999996,1,0.9999434498972567,0.9999550488715284,0.9999633992106012,0.9999248343057906,0.9998936420171703
798,2,0.344738,0,0.4207855714116227,0.45681212943960664,0.4930294761161035,0.385697833731553,0.35265402445807154
799,3,0.115898,0,0.18300740700956894,0.20782737033937645,0.23543642272894932,0.1616204962211288,0.14399860959902092
800,3,0.999997,1,0.9999711077613096,0.9999772336904008,0.9999817623507474,0.999962047067138,0.9999476158622517
801,5,0.111026,0,0.1907685261145334,0.21442962257350492,0.24061330344493978,0.1703383063656115,0.15329896830653622
802,1,0.599334,0,0.6166419577238766,0.6555953450954698,0.6918581285200935,0.5760055152613333,0.5351016748642704
803,4,0.536782,0,0.5709634571204448,0.6102756496151185,0.6478253442153578,0.5288533988888942,0.48290414960906825
804,3,0.183355,0,0.28425511477842824,0.3165692217062762,0.35083533029018743,0.25453450684196904,0.22741534171671315
805,5,0.838887,0,0.9422628850534455,0.9514592353540925,0.9587889593824065,0.9302204982745069,0.9140671652583686
806,1,0.764379,0,0.653302131129152,0.6897968850674945,0.7236336241144352,0.6129124628834448,0.5685708422568122
807,2,0.999996,1,0.9999732052234139,0.9999789095972204,0.9999831881133184,0.9999643110698405,0.9999489719084158
808,5,0.282211,0,0.3316568866748422,0.36572038894707104,0.401424043286681,0.29974391088348434,0.2704827904153945
809,5,0.202619,0,0.19039391136816897,0.2166554592164934,0.2460524643177068,0.1665834216798513,0.14491483462681787
810,1,0.38088,0,0.5726748363488644,0.6114555131513946,0.6489670545677486,0.5321694447381816,0.4903554062170004
811,4,0.303764,0,0.2070341318071927,0.23289069585288735,0.26128323872151954,0.18391320325699756,0.16318525172489004
812,1,0.03301,0,0.05262761681132174,0.06096515989612776,0.07075717750429635,0.04571729602530387,0.0400797787905026
813,1,0.103968,0,0.14344702053535874,0.16234837736194022,0.18330023395788886,0.1270422157512418,0.11321527519336522
814,5,0.123519,0,0.07907151024965724,0.09073756939635823,0.10441366832180753,0.06949481376261138,0.061800765525186596
815,2,0.260141,0,0.278968966364413,0.3123498480009188,0.348177011729328,0.2481558365289001,0.22002860726524803
816,2,0.049361,0,0.056524504287606456,0.06483339532915948,0.07459402232309739,0.04959556680269823,0.04402520422236723
817,5,0.028987,0,0.056553002397263456,0.06532267106968657,0.07579602780959029,0.049276085021886754,0.04324396989942022
818,4,0.245453,0,0.24570955231698738,0.27630992895590933,0.30948927002391813,0.21869414879671967,0.19570991559401554
819,1,0.057995,0,0.16719064994967256,0.18956248145855017,0.21443387418464233,0.147518269225357,0.130399862005443
820,2,0.263777,0,0.25984133046676927,0.2924925740571409,0.3277659269404271,0.22981211834053644,0.20220856787980943
821,3,0.074208,0,0.07724432124250893,0.08887306910785334,0.10235360663059949,0.06745283067993713,0.0593234025741954
822,5,0.999676,1,0.9992622966933702,0.9994043679834647,0.9995050935321073,0.999055927181775,0.998754497557559
823,4,0.741959,0,0.6395396695542812,0.6763721642046627,0.7106481914352196,0.6009034154399387,0.5611750494144149
824,4,0.879133,1,0.8306162134455622,0.8517392419924081,0.870169553892041,0.8062084422948494,0.7778552953953033
825,3,0.334367,0,0.5245173650449074,0.5649589558032091,0.6044381655066492,0.48456861540899887,0.4462680434570046
826,4,0.311147,0,0.28946304632892284,0.32094865790526594,0.35443727077671827,0.26065245616307203,0.23490725158345221
827,5,0.11826,0,0.22613133644372158,0.25370732452906586,0.2838857388096882,0.2017358656983538,0.1809234626871139
828,1,0.030966,0,0.04873616197206037,0.05640367436806908,0.06553948143851837,0.04228789190876464,0.036971976831780905
829,3,0.479066,0,0.5354062967691211,0.5734090848279233,0.6106042092600534,0.4964956697390598,0.45747919071500076
830,5,0.501093,0,0.28747549715017284,0.32123260841229556,0.3571631059226467,0.25633242428855607,0.2280049483404609
831,4,0.970499,1,0.9561302130989798,0.9628240090943938,0.9683082825448486,0.9481653042055951,0.9391409020205493
832,3,0.419824,0,0.2966183038201695,0.3337335516720755,0.37321227092846704,0.26232405129502023,0.23031335665462147
833,4,0.96718,1,0.9542445884211413,0.961242146624661,0.9669696847236562,0.94566174847449,0.9351866349827741
834,4,0.284326,0,0.5666815820325685,0.6046999437556357,0.641191395324027,0.5285662853235077,0.491784130803095
835,3,0.514618,0,0.22175322561974997,0.2488348158156822,0.2782558834310078,0.19748013113700125,0.17632963748816924
836,5,1.0,1,0.9999987100699687,0.9999990315342964,0.9999992328444983,0.9999981265834316,0.9999969681539717
837,3,0.437838,0,0.5692975883532407,0.608568299564349,0.6464383555748637,0.5288077183798738,0.488024064921917
838,5,0.997429,1,0.9919230196447434,0.9933182365557542,0.9943560049751002,0.9900807156716829,0.9877216958335506
839,3,0.268738,0,0.18909500768680432,0.21304879797215473,0.23992148722541468,0.16735779978778545,0.14805695671063426
840,5,0.931172,1,0.9385247019715024,0.947443419050955,0.9546072837290851,0.9277332568405932,0.915211825452955
841,4,0.232781,0,0.2584827147683498,0.2898136647064963,0.3235811690686502,0.22986040745705888,0.20474755912973375
842,5,0.125995,0,0.14854894462733945,0.16985363576184334,0.19420270530044775,0.12950641363668042,0.11214625978908646
843,4,0.779835,0,0.7028467605855715,0.7361788448918046,0.7665721171556288,0.6666923218540102,0.6284698837506666
844,1,0.33349,0,0.47780421802946704,0.5162248274238255,0.5539450211781295,0.44010697465134957,0.40475425577515844
845,1,0.057495,0,0.17607784162963103,0.19913563158399147,0.224534818404165,0.15577427645488864,0.13830631517163916
846,2,0.11708,0,0.08187695172438487,0.09448203107245327,0.1088925170792309,0.0712179080143804,0.06212794783802018
847,1,0.972458,1,0.96209930449576,0.9678029564418261,0.9724017769458589,0.954935945043839,0.9462321005751525
848,4,0.651629,0,0.4352231873890062,0.4761003567725962,0.5171148420896944,0.3936802969739033,0.3510513647243993
849,1,0.786072,0,0.6762412533822073,0.7099031431853816,0.7409385844732573,0.639588747883649,0.6006575342649554
850,5,0.233731,0,0.24211943479373396,0.27001337208570386,0.30048654252163515,0.2170354926644235,0.19475292844868375
851,4,0.523069,0,0.3409701497138243,0.3760780656236583,0.4126275258083077,0.30855359269767313,0.27940863364408164
852,4,0.789879,0,0.711788785651541,0.744848465753055,0.7747430582680876,0.6759084336060324,0.637916352742234
853,3,0.171768,0,0.16614601482943994,0.18889029397103219,0.21465479076456223,0.14585087486286247,0.12800858784109398
854,2,0.648775,0,0.6974889722861835,0.7314107673357184,0.7626143140277413,0.6601031258148613,0.6184671239440007
855,2,0.652249,0,0.6237608618372725,0.6643515446541858,0.7023472652768772,0.5791851276956859,0.5292900472897935
856,5,0.626653,0,0.38893687780542774,0.4300880652661904,0.47193525820341825,0.3489537708528407,0.3105906304163879
857,2,0.114488,0,0.209650175057594,0.23700159368202295,0.2673879771900322,0.18479336061458793,0.16258156299260518
858,4,0.485351,0,0.5031567540400329,0.5415938740673969,0.5795056867268981,0.4640678120702179,0.42512932349148036
859,3,0.32216,0,0.22347273856755,0.2529524524428631,0.2848408612387531,0.19751425015149277,0.17466251674659408
860,1,0.416458,0,0.3548091364083971,0.3916237646813513,0.42978854256060145,0.3193978301689352,0.28576352443382264
861,5,0.377987,0,0.4784945978699088,0.5148341954904668,0.551202671476785,0.4428720213296309,0.4090171034125809
862,2,0.574914,0,0.5506758509868277,0.5896447384908451,0.627000282222425,0.5096822890015574,0.46588832142384307
863,1,0.067744,0,0.06549757596134677,0.07452871304206966,0.08506737661208968,0.05794630048355775,0.05177488397945579
864,1,0.339424,0,0.47711867990320506,0.5146459104077937,0.5517542969138133,0.4402647408804611,0.4057844233256412
865,3,0.572413,0,0.37781510780653343,0.41579201732597904,0.45464442662166676,0.342084753786161,0.30956832853919325
866,2,0.717161,0,0.8508420738694296,0.8710401467455887,0.888500461899165,0.8265598616763449,0.7963795057548823
867,5,0.999901,1,0.9998009788086203,0.9998432151014323,0.9998721569827346,0.9997316130445949,0.9996079642346305
868,5,0.105566,0,0.19135953867950498,0.21736558078213417,0.24620940684476406,0.16800759913488458,0.1468735244142318
869,1,0.263473,0,0.46681317633960623,0.5069457983032866,0.5465208930920299,0.426579664017212,0.38705072598354473
870,1,0.165938,0,0.15631315726947134,0.17673515950857804,0.19959921994780352,0.13852827042330554,0.12341526005650263
871,2,0.162988,0,0.1219923722892271,0.13928296596437728,0.15866684064644157,0.10705319865675204,0.09415924261130587
872,4,0.445214,0,0.3836470875690534,0.42239983890989824,0.4619357274650847,0.34691987222076154,0.31329528642668275
873,3,0.837486,0,0.8657167754878244,0.8855542162303361,0.9025187723715444,0.8411611848018219,0.8089382931618289
874,3,0.691974,0,0.43346458423550677,0.47546156666980777,0.5176262012125626,0.3908648164534062,0.3465599074341046
875,4,0.226104,0,0.20301735920770497,0.2285176047281477,0.25650623447237475,0.18045066043027622,0.16045563894780435
876,2,0.021071,0,0.03733710724565586,0.04325845019448878,0.05033570712484752,0.03232202848224053,0.028195720571493315
877,2,0.119679,0,0.16804615365523612,0.19033260679681713,0.21486194150882856,0.14890425299249815,0.1331694394935313
878,4,0.151458,0,0.21729224413410947,0.24427366844302068,0.2737873405819946,0.19312854620997125,0.17195228929956105
879,3,0.035088,0,0.08714231932239962,0.10067718201611639,0.11664107145675161,0.07539639436882693,0.06507400570831236
880,2,0.813383,0,0.6802825953710897,0.71510222241371,0.7474422348809445,0.6423845594626593,0.6018860546675511
881,5,0.130436,0,0.18822005446598405,0.21235462046783277,0.23925251629752023,0.16727401310864495,0.14956542837986955
882,4,0.780637,0,0.6223609453432533,0.6582949485640489,0.6920999065071793,0.5854667337626894,0.5487284878001261
883,1,0.066244,0,0.1191809871043454,0.13497340057194018,0.152936259666481,0.10569530113300739,0.09436102829199391
884,2,0.016809,0,0.017103812234230954,0.01978471761314651,0.02295880326717885,0.014976033044454535,0.013315548473875652
885,1,0.318682,0,0.6458086347164427,0.6842177871185264,0.7196223231591642,0.6043217772910743,0.5605499635637563
886,5,0.545946,0,0.5993426746980582,0.6368367302213913,0.671925653484276,0.5602903993944524,0.5209149886210901
887,5,0.068976,0,0.12263305007772154,0.13941373551264433,0.1589465481638867,0.10818864462819808,0.09584562527265933
888,5,0.729175,0,0.5137539687197575,0.5542798875499022,0.5935115853299756,0.47224582226531614,0.4310927277967321
889,1,0.71219,0,0.5604224776392968,0.6008884904969611,0.6402633903901234,0.5181615097932475,0.4740907856026002
890,1,0.140186,0,0.20327927202064713,0.22902778624682757,0.25686010253621466,0.18025626102016512,0.16062747640811864
891,5,0.09179,0,0.1765522647995867,0.2010885823665616,0.22853881803065126,0.15471689643059622,0.13544401491532057
892,3,0.952012,1,0.894259241201881,0.9088423201657926,0.9209591759035031,0.8770310465745633,0.8562803413813042
893,4,0.65722,0,0.5996923867591142,0.6401241988104399,0.6781581051956664,0.5549031673060494,0.5037959421572252
894,4,0.83848,0,0.9522036115209671,0.9598717860124283,0.9660889951359781,0.9424026942804735,0.9294795321322322
895,1,0.836184,0,0.7135789199047607,0.7467633252523738,0.7767784124619632,0.6771268221595438,0.6380684726521896
896,2,0.032657,0,0.10856600886823088,0.12405841396381014,0.14149546306693492,0.09534707541104326,0.08408333375489185
897,4,0.715827,0,0.5343039565574577,0.5749009595474458,0.6141785867748077,0.4929435562026258,0.45163616722347416
898,1,0.193955,0,0.19743259913295397,0.22200814123235765,0.24920184411026677,0.17569791465624515,0.15682944592898487
899,4,0.85457,1,0.9370191706291575,0.9468081867909333,0.9548480798083331,0.92452882563356,0.9082434492611706
900,1,0.500464,0,0.535433273618259,0.5753332709502185,0.6141045435141868,0.4957243140559835,0.4576148410311888
901,5,0.855519,1,0.9187823078142298,0.9313636781692758,0.9415285697432106,0.9027662004309418,0.8822361811920614
902,3,0.441372,0,0.4435342012902028,0.4827081606652565,0.522294876265903,0.40412787212520696,0.36470043065868263
903,1,0.706521,0,0.5420418383900334,0.5835765166710791,0.6234568324051138,0.49982855775258633,0.4583414489507479
904,1,0.36372,0,0.5447978250431684,0.5854326933123088,0.6244100723691314,0.5031200676258156,0.4616520652613208
905,5,0.800928,0,0.7275098296400765,0.7583587105505784,0.7861144506544314,0.6931660985166322,0.6555620588871346
906,1,0.272458,0,0.32038667242205254,0.35492268049077697,0.39121072400751555,0.287522339969755,0.2568395283216285
907,1,0.13384,0,0.2270357628734243,0.2560557616071238,0.28724641663318934,0.20102457360271042,0.17829549290784555
908,4,0.369587,0,0.4586480390769452,0.49785103897894833,0.537257313611753,0.4199564149004875,0.38384146158682103
909,4,0.088778,0,0.10876476092726968,0.12568596264833845,0.14522297434343856,0.09467332386701999,0.0833782670319435
910,1,0.009355,0,0.059000744185411944,0.0683559289567954,0.07938456448335485,0.05117007391998967,0.04479136019834702
911,3,0.139627,0,0.20362887078966063,0.2304482452231432,0.2605185606628613,0.17938619557463528,0.15790720788515114
912,4,0.295652,0,0.2826041589698187,0.31519948096790595,0.34990436425663873,0.25306609750018144,0.22676737783858691
913,3,0.769244,0,0.7901366439622258,0.8163316001879914,0.8394985057907962,0.7603805195391328,0.7264813657413416
914,4,0.112049,0,0.3242795740156617,0.3594668685113247,0.39625034528852515,0.2925546470247313,0.2660427804687556
915,3,0.180689,0,0.3125236744107595,0.3481406782485635,0.38556168976548894,0.27968422003070575,0.24967325590766457
916,4,0.591452,0,0.6782443754567269,0.7135267078969149,0.7460433128610144,0.6393458080779346,0.5974695203621903
917,1,0.04978,0,0.08522328297478315,0.09721901531217664,0.11097505321445045,0.07496521165954853,0.06652289281273732
918,3,0.607271,0,0.5090385422333606,0.5501287896857134,0.5904352137735784,0.46817023441328787,0.42856908649961
919,3,0.263477,0,0.48273966748506164,0.5216015782436283,0.5597117901500528,0.44384236979044617,0.4055036425998799
920,1,0.078503,0,0.09907159622027362,0.1134528881354485,0.12982179900774826,0.08683067804691197,0.07653879674361377
921,4,0.094385,0,0.13331218202838904,0.1520283000786111,0.17332772174335412,0.11676605072645951,0.10237495311711332
922,1,0.755837,0,0.7313592724994354,0.761821574944486,0.7896459817355073,0.6976334593856662,0.6608042907384273
923,5,0.380596,0,0.2796324882497473,0.31121957380454685,0.34525217332260816,0.2506341778978794,0.22475078698881598
924,5,0.077802,0,0.07445500463027037,0.08464424138763352,0.09650251926051451,0.066150587014604,0.05964184905143458
925,1,0.182049,0,0.19604860053580098,0.22135104921608095,0.24942176095670462,0.17377398654402768,0.1544889044915858
926,1,0.674619,0,0.5622274487639501,0.6027589365506695,0.6411598418791827,0.5203485756437142,0.4784558278404258
927,1,0.164853,0,0.25381526247430874,0.2848232226280989,0.31827326850452625,0.22516635174933228,0.1992715637462054
928,1,0.125504,0,0.2774824801827342,0.3096791968046057,0.3440632257192659,0.24694469392385612,0.21821366759778937
929,1,0.292725,0,0.2139517606499702,0.24044707299845716,0.2692413908858402,0.1903143928735521,0.16973395259163743
930,1,0.196598,0,0.2505953604931057,0.2812514546457132,0.3140326876985586,0.22226411270946847,0.1965400796256007
931,4,0.756057,0,0.8690247416943648,0.8877716747811881,0.9036317676030056,0.8463816615277808,0.8179580098647988
932,4,0.171805,0,0.24044691584556022,0.26795342347156037,0.29785395185017044,0.21515199552555483,0.19238984321602615
933,1,0.519779,0,0.6050055216389437,0.6432355434823644,0.67870388166711,0.5638769364533158,0.5210360532730475
934,4,0.088813,0,0.08628665425494754,0.09903341500794002,0.11380826587549542,0.07548323112676399,0.0663055973603977
935,2,0.60531,0,0.3352106808815806,0.3716300685060851,0.40978180627568295,0.3003924760896472,0.2675669251276231
936,4,0.439649,0,0.40627295138473807,0.447094732806753,0.48860331689436337,0.36553693268775095,0.32477142235345174
937,3,0.104721,0,0.20163817289988814,0.22544357327872813,0.2515035327330826,0.18004957705820532,0.1610554467886213
938,1,0.990036,1,0.9850892082370464,0.9874854035449891,0.9893945813500791,0.9818820458775581,0.9775745952063024
939,4,0.223387,0,0.27757861458449495,0.31049691805997576,0.3457034020485005,0.24723896813598542,0.21966356819385852
940,2,0.782867,0,0.7236571738339023,0.7558754530410322,0.7850026348883942,0.6882350524308772,0.6494991476880985
941,2,0.652986,0,0.6469194316115869,0.6828470588828729,0.7165347520040837,0.6077873359551582,0.5656480794223373
942,4,0.161555,0,0.32059587408365164,0.35771887460973767,0.3964257704342568,0.2866412274922943,0.2556565166942979
943,3,0.110312,0,0.1335310085611995,0.1508185983096632,0.17065262727690578,0.1180763963130126,0.10473775537673884
944,4,0.326603,0,0.2197393508618916,0.2477449661749058,0.2784948568001857,0.1940260196661905,0.17050737108963174
945,4,0.991027,1,0.9839851765658764,0.9865946051526158,0.9886794435708053,0.980766867821062,0.9769824904381265
946,4,0.892228,1,0.6713485161505823,0.7063768224184176,0.7385603900182853,0.6330142403595824,0.5902843933691614
947,4,0.999411,1,0.9983247636230875,0.9986308974758252,0.9988642539399639,0.9979006056189846,0.9972909161029675
948,5,0.365547,0,0.24536783051663896,0.2741013070340468,0.3052658911784452,0.21953449786171944,0.19674095083540977
949,4,0.159916,0,0.37506248425852423,0.41498414820814605,0.45605634211667245,0.33579304116630765,0.2980517230575584
950,5,0.84834,0,0.833214007977152,0.8565856859466011,0.8761318133159479,0.8043514667657982,0.7683203793152327
951,2,0.291173,0,0.33230521747741365,0.3682891609355546,0.4060379174025603,0.29858743943618016,0.2675631240925193
952,5,0.091513,0,0.09547235280551615,0.10955864882683397,0.12599852369609194,0.08357468569814792,0.07354127864297973
953,4,0.283457,0,0.4946839800671732,0.5348213302270943,0.5743269950258544,0.45453013657734354,0.41551957484831054
954,2,0.55133,0,0.5857212995567841,0.6239459404065063,0.6606328386255346,0.545307002783366,0.5036086892357926
955,2,0.329057,0,0.6051195157002291,0.6455082584580155,0.6840645084213222,0.5619598224166447,0.5161265443245598
956,2,0.117351,0,0.10153662606459593,0.11614750716829467,0.1326861693941227,0.08930207424961267,0.07958423241386499
957,3,0.361252,0,0.42285641825119713,0.46300168455911483,0.5034105872515021,0.384434146633984,0.3489551678149368
958,5,0.003034,0,0.012999925987402615,0.014995724830487011,0.017456780002273874,0.01144067983058473,0.01024741233867577
959,4,0.39832,0,0.39768908292640726,0.43891584165825454,0.4804831406759955,0.35660966010882744,0.31498081219310076
960,1,0.751277,0,0.7287496795111801,0.7601132941085099,0.7884674538340424,0.6937449736188039,0.6552981408496479
961,4,0.610921,0,0.5808149433225518,0.6209532540894928,0.6592128001412028,0.5389809249782933,0.4965602770767636
962,5,0.53576,0,0.6490871070133013,0.6837168208747398,0.7161026765068418,0.6118533450573233,0.5726928457720736
963,1,0.180941,0,0.1355949326199638,0.1554473097990479,0.1778125702082013,0.11833493569918686,0.1034972426726352
964,4,0.630443,0,0.4315070837648745,0.4681834394335666,0.505194844175477,0.3955377540688003,0.36095400797582233
965,1,0.598744,0,0.7233603167877817,0.7547816398988321,0.7830819956937128,0.6893071066955273,0.6539473092051151
966,5,0.360324,0,0.17640700688805616,0.20029435202676754,0.2268354673929162,0.15530043321516024,0.13713641720656136
967,4,0.768404,0,0.9084957638011566,0.9219948442717057,0.9332466289653508,0.8914492143882076,0.8686283421192511
968,5,0.049367,0,0.0788841448460341,0.08997099323299164,0.1029754362098566,0.06976670831054291,0.06247548344423876
969,2,0.999251,1,0.998653791376439,0.9989034167529687,0.9990954219442976,0.9982904761111455,0.9976997649674783
970,5,0.201173,0,0.12331664554519595,0.1417397884689039,0.16279758912670164,0.10717655905847899,0.09315920288720284
971,2,0.572371,0,0.3901732242872936,0.42961138316787306,0.47059873884944703,0.35212192569314743,0.3159551419951747
972,3,0.105437,0,0.12594718406335842,0.1435414787820271,0.16357241728120017,0.11059712298449777,0.09738495978919873
973,5,0.986366,1,0.982096448273591,0.9849510587002236,0.9871533734211029,0.9784862306917446,0.9741370440676934
974,3,0.286578,0,0.3222465449571941,0.35813037980600465,0.3959079616914259,0.28943967974743384,0.2606765141430847
975,1,0.999649,1,0.9996935891401848,0.9997519146907698,0.9997945305235958,0.9996056327709076,0.9994712480183066
976,4,0.166898,0,0.18367832196590417,0.20681430662861033,0.23244865023701283,0.1634740363952112,0.146049011844719
977,4,0.218096,0,0.14977895832467314,0.1706337080525162,0.194030935175875,0.13169396762358737,0.11606962763525186
978,5,0.355385,0,0.5534474302557846,0.5909924097609707,0.6273213478591603,0.5148596139029165,0.4762683221276893
979,4,0.136105,0,0.23897037671504937,0.2684936049076324,0.3006043850411774,0.21273933240185267,0.19054440183685564
980,2,0.541484,0,0.33643106102736076,0.3721785020750856,0.40934838764241716,0.303349332268563,0.27400541057249006
981,4,0.148965,0,0.2701104295284397,0.30278680873217867,0.3379003555943923,0.24088025872109012,0.21592937996106723
982,2,0.144028,0,0.26095542030528496,0.29218003702157974,0.32532503114689737,0.2324168549600121,0.20638687970841627
983,1,0.083975,0,0.09915976574738102,0.1128945812918072,0.12860252703952788,0.08732594359139884,0.0771750982285915
984,3,0.999818,1,0.9997287951171467,0.9997826913804382,0.9998235236965045,0.9996506851382979,0.9995273190808327
985,4,0.279499,0,0.28145848525196676,0.31446665844455385,0.34958310256935976,0.25132961720898495,0.22417488017360032
986,1,0.216604,0,0.12910928423905565,0.14763840673548986,0.1688259379596407,0.1129752014856068,0.09888621760684002
987,5,0.135606,0,0.40176796479528243,0.43840792799657907,0.4755615227376101,0.367249116429897,0.3364853478012514
988,5,0.26442,0,0.3216876613740436,0.3590459089749314,0.3976853696718402,0.2869020597836795,0.2554419700089225
989,5,0.029483,0,0.037280153394941964,0.04324697448150162,0.05048820538742788,0.03243799234350958,0.0285545983433439
990,2,0.162637,0,0.1510581931338747,0.17141523666889574,0.1939269816438534,0.13331376354603056,0.11829848481620163
991,3,0.147994,0,0.21605273995934973,0.24477882498984568,0.2762108295177737,0.19084610567890398,0.169501106829867
992,3,0.158529,0,0.22813095860190924,0.2581570822783625,0.29144866041299805,0.20055861876615547,0.17491733761407807
993,3,0.40588,0,0.41935381079973066,0.46145336575584184,0.5039054859777974,0.3792816529779307,0.3416263528307984
994,3,0.572331,0,0.7130588531697585,0.7439988330949214,0.7724387205724452,0.6788658806468342,0.6421367044825678
995,2,0.788497,0,0.6627828673621817,0.6978643279259397,0.7305486964703951,0.623758638913672,0.5797194910324812
996,2,0.71334,0,0.38738189444073806,0.425716549293268,0.46536368812175216,0.35001388173312326,0.3145935887314212
997,4,0.957162,1,0.9221218278466591,0.9332616345422985,0.9425888064110167,0.908860182659736,0.8933846336721701
998,5,0.043703,0,0.08985198493129161,0.10355125487569139,0.11965601667942834,0.07835348113066319,0.06880449364176622
999,5,0.529523,0,0.5176068584805598,0.554665010236121,0.5907015629391446,0.4810363018690942,0.4465073578211736
1000,1,0.992901,1,0.9913522792242132,0.9928038771436241,0.9939463886922006,0.9893388020061726,0.9864915541953527
1001,2,0.835228,0,0.9085637457638726,0.9226325165565957,0.9345537759284317,0.8906850571357072,0.8666921111793748
1002,5,0.205397,0,0.2829705349679706,0.313942118209162,0.34684140246451356,0.2553931582127924,0.23197384151378161
1003,4,0.104336,0,0.029954350498204947,0.03475399160327448,0.040489084566207166,0.02601745316669982,0.022843409437173612
1004,3,0.061301,0,0.16963566444042266,0.19347871381810297,0.22011345047090441,0.14899148197160308,0.1316755652780463
1005,1,0.596776,0,0.748340904974989,0.7787913662145486,0.8057936379755419,0.7136488875273891,0.6747940312104149
1006,4,0.12883,0,0.1958950260084897,0.22052087047337487,0.24760060133423592,0.17472084069523572,0.15699062817399242
1007,5,0.146473,0,0.16717822119200407,0.18848299403305685,0.21255187644312176,0.1484862033877822,0.1324698316266674
1008,3,0.118121,0,0.1751245195634644,0.19869228452297968,0.2243833990736493,0.15450219783960104,0.13647582278651385
1009,2,0.166562,0,0.18739472996437453,0.21166981505161608,0.23843883484576991,0.1657060301161376,0.14643430066290722
1010,1,0.37729,0,0.5706980837534932,0.6115960018126991,0.6501474729027804,0.5274943232367754,0.4827716744784277
1011,3,0.306338,0,0.5151796974831013,0.5590328663422618,0.602018469259334,0.4709672218976398,0.42654403020792897
1012,1,0.15835,0,0.275070662385873,0.3060537099444839,0.3386115868034282,0.24659190579111806,0.2212452471054664
1013,5,0.127278,0,0.2430006218584235,0.2717006073863357,0.3029130412937811,0.21763424067156267,0.1961649293850831
1014,4,0.996154,1,0.996119990196354,0.9968103315460182,0.9973441952407613,0.9952211761433192,0.9940765694091578
1015,5,0.650301,0,0.36294270425058583,0.39985547067651617,0.438003059884735,0.3273639857262461,0.2938170620080169
1016,4,0.132513,0,0.15671243062648474,0.1779108367051461,0.2017114500826739,0.13812263872415478,0.12181210783549176
1017,1,0.835798,0,0.48961315158216506,0.5294500349894954,0.5683876263307731,0.44910243971034675,0.40867589047853137
1018,3,0.263177,0,0.3589428209057809,0.39481219247328186,0.4325109598677173,0.32486226819255853,0.29331993994189326
1019,5,0.867909,1,0.8912529257902752,0.9063117733449783,0.918792131861143,0.8732315887475801,0.8521532028917956
1020,3,0.543457,0,0.8778101703429716,0.8963372012404236,0.9122647228119991,0.8548441932096251,0.8251493913217283
1021,2,0.244275,0,0.2701140252860697,0.3024766963625651,0.3373338116501136,0.23980954238365493,0.2116351639237977
1022,2,0.007167,0,0.04532193058954142,0.05203578048127938,0.060001738176352466,0.03955053174409605,0.03475219589785984
1023,5,0.968831,1,0.9219072554940226,0.9329225180121546,0.941877333502577,0.9088013673215691,0.8939339437970669
1024,5,0.08834,0,0.2140635741203182,0.24117390781926648,0.27116328388007144,0.18994361365962176,0.16882628263052646
1025,2,0.81486,0,0.5898902408981584,0.6267852549118319,0.6623087218362093,0.5521072798049663,0.5148670939802724
1026,3,0.105227,0,0.19469207425154414,0.22091329253638198,0.2501927513487497,0.1710471817330771,0.14989245532531378
1027,3,0.992232,1,0.9845024900114075,0.9869781135915615,0.9889803988937282,0.9814443955432764,0.9777695868803084
1028,5,0.268754,0,0.18808392400612964,0.2134549499555012,0.24167305819641233,0.16544259525051083,0.1451256708651938
1029,4,0.942105,1,0.915031368950213,0.9272804220757566,0.9375326011157701,0.9008662155860111,0.8851596089829973
1030,3,0.122863,0,0.10731878520684421,0.12236475358297093,0.13939564262822984,0.0945198530279681,0.08384763123418397
1031,1,0.053952,0,0.13526030283410265,0.1530665811748637,0.1731468462515185,0.11974002863348229,0.10693243324308781
1032,1,0.776086,0,0.7799392531822805,0.8083253493950623,0.8329957946663318,0.7470955969330126,0.7097713338942002
1033,1,0.999987,1,0.9998939311179497,0.9999153752515617,0.9999311598976571,0.9998597844546,0.9998023234889652
1034,2,0.247479,0,0.189990289332487,0.21560234007923806,0.24423878956893616,0.16759165587441868,0.14839509380011628
1035,3,0.688004,0,0.7259749310653661,0.7570145673647616,0.7857294680468047,0.6922341997845612,0.6568394978805616
1036,1,0.304959,0,0.33335201034249146,0.3685028309902965,0.404398678907365,0.300366783842801,0.27080160083214366
1037,5,0.556777,0,0.4036198559873493,0.44469418626215607,0.486017799230283,0.3640441433567278,0.32695160274232143
1038,2,0.55465,0,0.41505538616615134,0.4534977463343574,0.4927655948382055,0.3782944681914346,0.34421388395940733
1039,5,0.554863,0,0.5199998650237763,0.55999487911871,0.5989216947424659,0.4789827213871981,0.43770273542945515
1040,4,0.232018,0,0.33759314427837567,0.3724683013675198,0.40898130855365317,0.30476707743770004,0.27467816330036116
1041,5,0.627576,0,0.6563742954423704,0.6917682193109105,0.7242520693052233,0.6191491382808831,0.5815446804357536
1042,5,0.047219,0,0.061755044531349924,0.07065311064392031,0.08134598460438335,0.054349673423970846,0.048169582598497865
1043,2,0.033958,0,0.049459609865009344,0.05675454592683434,0.06521400051928189,0.04341911339434818,0.0385114938395944
1044,2,0.448011,0,0.37067686904403924,0.4087425442152951,0.4477450583744257,0.3342096503692343,0.2991790155816019
1045,3,0.773647,0,0.7916655093240754,0.8168392572535558,0.8395375102352424,0.7636826546579724,0.7337094389744279
1046,5,0.378047,0,0.27228936189776765,0.30429257718532765,0.3384576945087297,0.24296736275991712,0.21649474550202327
1047,2,0.998043,1,0.9955460905168254,0.9963193533395371,0.9969336800116467,0.9944852107216123,0.9929409939791376
1048,2,0.055518,0,0.26827479601839976,0.29971827502316556,0.33332202309972514,0.2398921061780768,0.2149961509507338
1049,4,0.38666,0,0.49322038655450773,0.5345714866697037,0.5752740389675121,0.45224055198292556,0.41286419843865513
1050,1,0.678006,0,0.4856160997191467,0.524594575913624,0.5629806810419014,0.4466614775621871,0.40916566735595156
1051,2,0.758895,0,0.6364700252681058,0.6742059317954474,0.7099950111507375,0.5957045259648045,0.5510071510880007
1052,3,0.706779,0,0.5951780951561779,0.6352190603059819,0.6735911314243477,0.5538576225556412,0.5116845312326468
1053,3,0.178868,0,0.13120133141802934,0.15007102965176866,0.17185549269190115,0.11479630754140313,0.10068744697883057
1054,3,0.19377,0,0.2309278910378159,0.26091553117275035,0.29393690173904086,0.20402481415801227,0.1801259119535887
1055,2,0.734131,0,0.7134588425134654,0.7452637386713297,0.7746804153583562,0.678569943162419,0.6414251953294451
1056,5,0.210728,0,0.3092182320614357,0.3448509120900765,0.3820765138756852,0.2752000934815568,0.24299042827446113
1057,4,0.600556,0,0.5360763099120204,0.5739789609790922,0.6107245959791006,0.4981431768707351,0.4608699614003965
1058,5,0.751216,0,0.629692126864886,0.6649038967310996,0.6981652318913232,0.5920437126790093,0.5523080926183379
1059,3,0.107202,0,0.3556739280733404,0.39376956873930313,0.4337823265227368,0.3195501134470094,0.28593964047203263
1060,2,0.999496,1,0.9984880234473037,0.9987571851449273,0.9989689429832828,0.9981158741438998,0.9975802531262038
1061,4,0.206063,0,0.33108683321406995,0.36642407042928543,0.40352308021491007,0.29777851093396435,0.26709305038103476
1062,1,0.165842,0,0.32530616420665914,0.363069006578362,0.4022922427376301,0.28954247393455024,0.25653977080220464
1063,2,0.901969,1,0.9303824384561229,0.9415320932171714,0.95089207231482,0.9162278274782018,0.8972959315145954
1064,3,0.579068,0,0.5947964505111357,0.6327803980816106,0.6688284995195187,0.5563581636977069,0.5189477870318121
1065,3,0.378352,0,0.262715413379775,0.2967068416002692,0.33329147385392,0.23214447461698878,0.20515565710659853
1066,1,0.048559,0,0.15585888600847872,0.17672406385117106,0.19983142038049886,0.13733734288041774,0.12129290022318355
1067,3,0.283365,0,0.202454517255496,0.22776976954884798,0.25586328834560035,0.17979411576193585,0.16054692170984403
1068,5,0.34316,0,0.21980897620626177,0.24859757855812908,0.28017597294890484,0.19370953454677145,0.17039501151481784
1069,1,0.531032,0,0.5134880133075993,0.5530513545151126,0.5913612114530545,0.47401138891121286,0.43626550463315983
1070,3,0.460736,0,0.5878505917494042,0.626063736866528,0.6632915050298795,0.5483074327312246,0.5091363326159545
1071,2,0.693533,0,0.7005052895213584,0.7322542141804317,0.7618770000305652,0.6656688576058485,0.6279326925924602
1072,1,0.176777,0,0.13886389095378698,0.15880387163861653,0.1812253774291667,0.12118911809620489,0.10614189266427732
1073,3,0.7341,0,0.3887824598495647,0.4274334794514809,0.4669076881402273,0.35203963613481637,0.3186093053777325
1074,3,0.189602,0,0.09109482147444228,0.10474935569916674,0.12050514559777224,0.07951878971290435,0.06995554320726666
1075,3,0.769381,0,0.6216341181902975,0.6570883349726818,0.6903836681452853,0.585349501126035,0.5502254388049076
1076,4,0.190818,0,0.31445434317323545,0.3475285241804748,0.38236156765528695,0.2836064547838144,0.25504420187025223
1077,1,0.248434,0,0.2753600130519974,0.3093056630232678,0.3452414685822151,0.24244144553481586,0.21131811904942224
1078,3,0.12124,0,0.11292281547689782,0.12900220637547222,0.14771206059771186,0.09901192779318231,0.0874882209398713
1079,5,0.446202,0,0.600273552426124,0.6382431826862945,0.6740229940133985,0.5592989325864766,0.5148571190135172
1080,5,0.108768,0,0.1613628105089702,0.18291464509723815,0.20731934335720908,0.14252577087474172,0.12642930672653566
1081,5,0.467084,0,0.5137542968352274,0.5519239440184232,0.5895371455970209,0.47501194585464107,0.4362310930500633
1082,1,0.192746,0,0.28360839506750596,0.3187823621164521,0.35567505577830355,0.2513598343703807,0.22263167126246983
1083,1,0.600986,0,0.6314430436771721,0.6698076229836324,0.7050519986631105,0.5894423429173511,0.5444278653913428
1084,3,0.461708,0,0.5898363431503063,0.6280741123752746,0.6642613578631129,0.5503908177536323,0.5105744549820403
1085,2,0.174961,0,0.19115110073291353,0.2169180548367319,0.2455769725627463,0.16871810071224477,0.14983581191286152
1086,4,0.261216,0,0.21571841208947676,0.24357154768523412,0.2740053840181517,0.1910768113855073,0.17026889301835826
1087,2,0.138916,0,0.13937580971837918,0.15879132964205622,0.18073434047504874,0.12228431702282082,0.10732751748555402
1088,3,0.017307,0,0.11088592883155086,0.1262560788321249,0.14370447070753029,0.09755441930929153,0.08606006265378834
1089,2,0.409405,0,0.7441869590230177,0.7757052311760855,0.8042651497908084,0.7084741786578392,0.6675833093417287
1090,4,0.124854,0,0.3063399958315062,0.3402234071331613,0.37603092571753016,0.2756298681713109,0.2492135026587067
1091,4,0.256619,0,0.20670448283869583,0.23289421946179195,0.26178377261151464,0.1836105787858266,0.16411883401400953
1092,2,0.695282,0,0.6474766259380409,0.6831643844459417,0.716742025413154,0.6093830625545924,0.5699292672593915
1093,2,0.270004,0,0.3041296784302316,0.3386237864999462,0.3753821088253651,0.2722209634174713,0.24387141622042
1094,5,0.04791,0,0.1308393888869123,0.14946501717974425,0.17053918513524807,0.11455098426636486,0.10033602900136923
1095,1,0.361594,0,0.5213505542654284,0.5634595424928283,0.604100230293261,0.4772312967244398,0.4317515034611938
1096,1,0.951417,1,0.9227221598838593,0.9334073875159137,0.9422865315317264,0.9097386334363917,0.8945020820191368
1097,1,0.829188,0,0.8040732070639076,0.8282893330674982,0.8494754518575995,0.7767463054522392,0.7471455283939421
1098,4,0.070238,0,0.07398812234296184,0.08486693501861166,0.09755676965562621,0.06484030257083157,0.05739913768352005
1099,1,0.583663,0,0.4496212532625378,0.4908572370453013,0.5316849480298234,0.4093884350306214,0.37162633608220585
1100,3,0.41615,0,0.4696801448143333,0.50921876553582,0.5481121388860413,0.43149623954693667,0.3960964279752161
1101,3,0.732248,0,0.7585290651905259,0.787209757157772,0.8128205870903396,0.72763473799448,0.6954653552913264
1102,5,0.579496,0,0.3779148024995214,0.4192446828088395,0.46167986092197877,0.3375092513470428,0.29809804273560314
1103,1,0.055607,0,0.14909451808466231,0.16818474997907998,0.18961862297450488,0.13247451018395232,0.11841192447608044
1104,1,0.187858,0,0.2447065871665184,0.2727256121461588,0.3033102565847154,0.21899175378881103,0.19584065278157778
1105,2,0.151537,0,0.06657301475182154,0.07627658917539276,0.0874058702549775,0.05847139252636441,0.051890892628059064
1106,2,0.205339,0,0.29336114566788146,0.32423018024937905,0.3567585392756261,0.264057047325809,0.23669470486214775
1107,3,0.382394,0,0.3750847427280261,0.4150818745130325,0.4565424921041194,0.33762871657220533,0.3032284400944665
1108,4,0.43897,0,0.4154049279196503,0.454172768153857,0.4936146961157419,0.3780533585032818,0.3434840675302749
1109,1,0.999566,1,0.9982579393282739,0.9985811562546938,0.9988312264323455,0.9977830589384956,0.9970509662092012
1110,3,0.05989,0,0.21604314561190063,0.24465721520211833,0.27635835479297155,0.1906490213504772,0.1686237122401084
1111,4,0.739881,0,0.7847322718701982,0.8114180842046202,0.8349863858371701,0.7541958589626897,0.719151122410608
1112,1,0.162939,0,0.16194999518449002,0.18335633898736078,0.2067141156967866,0.14308907638853033,0.12697939540384773
1113,3,0.561723,0,0.6609151511461677,0.6975344262161207,0.7313090512905795,0.6209180657157787,0.5767470089760558
1114,5,1.0,1,0.9999974591827836,0.9999980789714584,0.9999984728542564,0.9999963396202731,0.9999941170818467
1115,4,0.193828,0,0.11601675721931652,0.13203599513713907,0.15039644570126792,0.10223536799549011,0.09060490100375523
1116,2,0.786019,0,0.6703248615577513,0.7074076633687151,0.7421974600388596,0.6299074215960392,0.5863100587238474
1117,5,0.064905,0,0.10415695841744499,0.11893804906657943,0.13593478319497243,0.0915477232662739,0.08095888659135628
1118,3,0.770916,0,0.7160223383046325,0.7482392631708026,0.7772947996068666,0.6804711090665864,0.6411462363545353
1119,2,0.156551,0,0.15673519570667646,0.1786085568375083,0.20330460473751746,0.13778362665377836,0.1217804518546547
1120,1,0.786345,0,0.6077325579769447,0.6467400976100227,0.6834086304896863,0.5649309087048828,0.5178051599379464
1121,2,0.082685,0,0.20760735874005745,0.23235165869863864,0.25910280716926215,0.18568719827255556,0.16703455066265718
1122,1,0.895749,1,0.8404659924590848,0.8621035044233814,0.8808783195779493,0.8142555018819777,0.7822707169023737
1123,5,0.210919,0,0.20664709359408925,0.23290319118037156,0.26159989273668294,0.18362252251042924,0.16413220747079355
1124,3,0.447329,0,0.4639196519280271,0.5052338909178005,0.5469000903150054,0.42286691875836907,0.38261286616807644
1125,5,0.579597,0,0.5257926948409236,0.5652037433310036,0.6036673064235946,0.48584585056339785,0.4468044858084961
1126,4,0.903082,1,0.8959797635121922,0.9115420009738658,0.9245474807647159,0.8760234685699982,0.8493153032777139
1127,1,0.065185,0,0.10599783586019948,0.12080456949649084,0.1376780117314438,0.09320331910511818,0.08261128468194721
1128,3,0.183154,0,0.16314551446912584,0.18434830774440628,0.20786395889847017,0.14444075651311486,0.12851910306816483
1129,2,0.761881,0,0.5222652923400997,0.5610084360048869,0.599224542727821,0.48298081388927394,0.4448687062136503
1130,4,0.17201,0,0.2287819141155424,0.25577531614274246,0.2853018075789417,0.2038942253927236,0.18133381956630776
1131,2,0.037374,0,0.11822025887620231,0.1350989204455319,0.15423220373507937,0.1036196665277079,0.0911706425344007
1132,2,0.067756,0,0.1785767838063605,0.20411249602674794,0.2327401605717214,0.15599758377606054,0.1363544932769789
1133,4,0.820648,0,0.5509042045969726,0.5893358224867573,0.6263843014046234,0.5115945822883444,0.4716352059351697
1134,1,0.675292,0,0.5323423549701273,0.5714317186489536,0.6090970842737253,0.4923668953072763,0.45355505508485583
1135,1,0.571049,0,0.5876625835533176,0.627435011297333,0.6649119667996166,0.54556950636308,0.5018502987995154
1136,5,0.580789,0,0.7550492978392481,0.7835102567879807,0.8086986370837773,0.7238230618686213,0.6909283082406867
1137,5,0.953752,1,0.9789066102437021,0.9822571045871435,0.9848817138651998,0.9745540004639488,0.9689779597800449
1138,1,0.107516,0,0.2357281551721374,0.2653126548051311,0.29699324105242575,0.20923565724354348,0.18619835949291252
1139,5,0.276867,0,0.44583056003841964,0.48202580284574764,0.5183993872644999,0.4112918792085983,0.3799351225639651
1140,4,0.126181,0,0.172967965912763,0.196963128109964,0.2238395334221289,0.1522419365488414,0.13531877896082092
1141,2,0.255744,0,0.22734500713258876,0.2554111287888087,0.285706522546631,0.20229322858802273,0.1807501911384279
1142,5,0.295369,0,0.27548076920507764,0.3075070118450779,0.34153851325242984,0.2466818960004347,0.22192751379927889
1143,3,0.749766,0,0.5936151236599985,0.6316745202843965,0.6685660267560589,0.5537455690136107,0.5129451071860563
1144,2,0.203194,0,0.2810523231415769,0.3120596654528482,0.3453518323192111,0.2524793848761854,0.2273871160588543
1145,1,0.420612,0,0.4193102712540224,0.458927143856567,0.4990736621982122,0.3811538287499645,0.3461109291398243
1146,5,0.167628,0,0.267470549077545,0.2978150149785916,0.3306158325623482,0.23977768966795018,0.21510000776118424
1147,3,0.819735,0,0.9345820458820973,0.945469000881896,0.9544676164143115,0.9206068516359484,0.9012529401397685
1148,2,0.128246,0,0.23102281709735592,0.2615434687246856,0.2945041300817536,0.20289402136698556,0.1766517437157135
1149,2,0.26385,0,0.3920835346777515,0.42890443811656254,0.4665921846278082,0.3571487762355634,0.3251666454989396
1150,4,0.609444,0,0.6191444375428625,0.6574251822178172,0.6934366123781431,0.5779904397513349,0.5341080510399188
1151,2,0.127045,0,0.07856687038092455,0.09060963118144261,0.10448530115368178,0.06834952198082787,0.05974776333094444
1152,2,0.375171,0,0.3515407867338779,0.3894763579651564,0.4292011155484497,0.3156371627488026,0.28156433990980717
1153,4,0.087993,0,0.21390266434710184,0.24094712737575458,0.27062166515978275,0.18941560032550356,0.16756117585538138
1154,4,0.63954,0,0.5396895793994569,0.5793801141939922,0.617968878116934,0.4979888537254946,0.45522868844090625
1155,1,0.279731,0,0.2743499671209245,0.3078554594006519,0.3437768012254156,0.24332932227297135,0.2147516296156537
1156,5,0.832663,0,0.8181363069922689,0.8431075329374325,0.864169479876911,0.7880932380147112,0.7517011342671706
1157,1,0.814458,0,0.7520795497083644,0.7822018758105287,0.8093841615480291,0.7182747760978234,0.6806979431230283
1158,1,0.603489,0,0.6433254373948705,0.6786654673015113,0.7118966705843026,0.606017836467813,0.5676252818437989
1159,5,0.208981,0,0.3384254394996842,0.37238806235298405,0.40757738305710506,0.30727501345021524,0.2803293238710615
1160,2,0.07092,0,0.16258536826107015,0.18446639244108323,0.20915151050004213,0.14318611098170603,0.12621939714319136
1161,3,0.218838,0,0.23079146068605783,0.2606395482270925,0.2934528040465318,0.20362325108350368,0.17865633118143914
1162,4,0.429175,0,0.3454004889839283,0.3837864006696225,0.423867094088848,0.3091854869453347,0.27601709547154923
1163,1,0.528429,0,0.5203427797359446,0.5598060726388702,0.5980292158642823,0.4806961477716261,0.44222974796461095
1164,2,0.477411,0,0.6320053418474515,0.6682291743949851,0.7028510325160139,0.5929714722388377,0.5524003493116677
1165,2,0.281549,0,0.3210737936197071,0.35733233417766996,0.3954719683493024,0.2869454321760456,0.2554118836416247
1166,1,0.469711,0,0.5106807982688548,0.5483248229304202,0.5854895174805367,0.47281745960452487,0.43660766175032223
1167,4,0.698313,0,0.799232197818892,0.8254249815499171,0.8482309454365621,0.7696779130826397,0.736693384836603
1168,1,0.220875,0,0.1770117770681249,0.2003927606265554,0.22646315629394762,0.1564415594328722,0.13869328935181086
1169,4,0.516247,0,0.3482561039913794,0.3843583395022127,0.4219058474635686,0.313754834391354,0.2807701700664483
1170,2,0.294359,0,0.3829117399046882,0.42269850036345574,0.4639025262605363,0.3447781761010457,0.3090110985491193
1171,2,0.24214,0,0.2937142660405224,0.3252206119367129,0.3584090997803095,0.2645976717625981,0.23892263801086655
1172,4,0.04207,0,0.08754137638843582,0.10028559520270826,0.11510471063916423,0.07678154602670635,0.06810220459964567
1173,5,0.229257,0,0.15795649102954418,0.1806487296730386,0.20611393436752087,0.13797813934669273,0.12056676244987669
1174,2,0.803201,0,0.6565477170367947,0.6928644649692405,0.7266214430080961,0.6182902579301167,0.5784017065651343
1175,1,0.818363,0,0.5217532091121005,0.5598786231135949,0.5972858332756271,0.4830843290562675,0.44474371148193975
1176,2,0.305345,0,0.2490093480521232,0.27908039588823413,0.3115183421226271,0.22177706954157203,0.19817365797219824
1177,2,0.491234,0,0.44397808750574147,0.48333259725794814,0.5233804930881613,0.40475702831054866,0.3661351413371016
1178,1,0.635843,0,0.5714926791317129,0.608582286857753,0.6442531529386413,0.5328896808169327,0.49375009397947933
1179,5,0.699159,0,0.5184502537447974,0.5610197158939226,0.6023633951915488,0.47416818043324,0.42842890178105997
1180,2,0.125036,0,0.21476848282491423,0.24190590274944548,0.271617017850687,0.19065125643852443,0.1697580851653376
1181,5,0.172124,0,0.3170236281230789,0.34973173159519466,0.3842305594778488,0.2870558531013669,0.26083219885253206
1182,5,0.733119,0,0.5930816596814921,0.6315587025395231,0.6674498730129711,0.5534011731958418,0.5140223006608228
1183,1,0.279844,0,0.20485474682849725,0.23042890404971714,0.2591267585113765,0.18231822850656107,0.16286829646315035
1184,4,0.059048,0,0.10436378039750163,0.11929531554566594,0.13641343286098345,0.0915557208250028,0.08053944780652945
1185,2,0.11496,0,0.1444216314749606,0.1647290766879912,0.18771300880141523,0.12666238581149875,0.11167498608395607
1186,1,0.214017,0,0.31724721239082143,0.3505800763381265,0.38545390341170016,0.28612069138618096,0.25790669772175556
1187,4,0.070394,0,0.13756752546127513,0.15616656643506038,0.1771528218726872,0.12148384143796191,0.10749755753815066
1188,2,0.359644,0,0.4842293066400443,0.5218479782037598,0.5592247887284487,0.44625540725940394,0.4091814595909235
1189,5,0.033293,0,0.14852981721260042,0.1704217802679927,0.19542120694877804,0.1291017441616808,0.11160909351987379
1190,3,0.653851,0,0.4065531835490602,0.44639404078735484,0.487560010262976,0.36867760522163884,0.33378504595101466
1191,1,0.80465,0,0.7919203160889223,0.8198150099794422,0.8443469938006445,0.7586069825368775,0.7183191031572558
1192,4,0.998048,1,0.9961073254998013,0.9967890060342306,0.9973189670854808,0.9952490779632005,0.9942383339774442
1193,5,0.10636,0,0.20704338547582476,0.233239838987873,0.26216380271222917,0.18410779790913867,0.1645679725314159
1194,5,0.100339,0,0.12210764620695383,0.13883407646820722,0.1580641145630189,0.1079713260218321,0.0962757753067731
1195,4,0.15997,0,0.20285121113446417,0.2300177826512307,0.2598122699022002,0.17974042347749325,0.16103676525874994
1196,3,0.199378,0,0.1131345659866673,0.12890793734897663,0.14699172370324665,0.09936380371316393,0.08759956351679082
1197,5,0.010176,0,0.0160660875864554,0.018686724434685265,0.021925470255334697,0.01388814955596686,0.012032466464909752
1198,2,0.188747,0,0.1335107541975571,0.15378814794171056,0.1770794977072508,0.11581791562825502,0.1004091621043871
1199,2,0.997995,1,0.9960294465433016,0.9966783189233581,0.9971893896856721,0.9951863712198653,0.9941042700069362
1200,5,0.49496,0,0.37151672699875965,0.41110611974714434,0.45144307298499975,0.33321589636801546,0.2965258536359421
1201,4,0.825947,0,0.9132828315078643,0.9278476807571456,0.9396963079717828,0.8943191845817888,0.868433397295295
1202,5,0.810709,0,0.49983359838684727,0.5379096999928125,0.5754297815005837,0.46231335676201785,0.42660542065590384
1203,4,0.186714,0,0.23362741882641178,0.26267312409851945,0.29432691047221266,0.2071692720165346,0.1832923637659256
1204,1,0.839748,0,0.9637684621597647,0.9700830636306805,0.9751440261453683,0.9550659047609579,0.942522039506747
1205,3,0.167844,0,0.13582341532798614,0.15439865944026426,0.17515964779810278,0.11953941618490203,0.10551516725491496
1206,1,0.739878,0,0.647604296401161,0.683851197618026,0.7182342602397492,0.609007411529846,0.5682202074926146
1207,3,0.171758,0,0.1490052317796885,0.1705652186207304,0.19524209241733256,0.13046962771272455,0.11504110374572397
1208,2,0.432279,0,0.41597889394508103,0.45499558125344247,0.4950321653979373,0.37784824306269676,0.3422208131648468
1209,1,0.735629,0,0.5439884462047576,0.5840257188471014,0.6226371961857022,0.5029462716952657,0.4618676870361275
1210,5,0.731007,0,0.7148227276624748,0.7459240559821996,0.7738469356712752,0.6807518900987491,0.6447997882292548
1211,3,0.025072,0,0.14349759942809936,0.16246567089084812,0.18354220607582267,0.12702937009714982,0.11357231139801614
1212,3,0.939912,1,0.9382760533182265,0.9473392387724432,0.9546799365820984,0.9278325881594179,0.9163382021039205
1213,4,0.68092,0,0.38878558049958595,0.42609539050196316,0.46436060019326886,0.35256544348843394,0.3177679789364273
1214,5,0.283206,0,0.31642980675865345,0.3540612431442292,0.3937968763905404,0.2810402724291846,0.24807277571835662
1215,3,0.702692,0,0.8344806286635936,0.8569054549660002,0.8766435920421025,0.8072994910341909,0.7736210443205238
1216,4,0.536893,0,0.2491689915368589,0.2805957615598902,0.31447014667595485,0.2205256928923003,0.1946367623497596
1217,1,0.174724,0,0.13541630932334292,0.1538195828167809,0.17444004127760523,0.11935721344077758,0.10555564053748369
1218,2,0.395958,0,0.5283286165140068,0.565474613338736,0.6022122721907655,0.4904501339676813,0.45276953687559496
1219,5,0.807409,0,0.6448727328937408,0.6797835523070287,0.7122400648153737,0.6080512279524609,0.5706449695642654
1220,1,0.437439,0,0.29907190372232484,0.33348637574203605,0.36987154143141016,0.26740742501729386,0.239568330989004
1221,2,0.159008,0,0.19818831627567127,0.2239804254100965,0.25210722751973147,0.1755680114801226,0.1564680007489237
1222,1,0.077517,0,0.13085376467557705,0.1485820872417339,0.16857288281387048,0.11538060018631491,0.10214511045438722
1223,2,0.816375,0,0.797177761994935,0.8235345173870812,0.8471140820188658,0.7672018357521967,0.7335192722741192
1224,3,0.197176,0,0.273883636213147,0.3060798134081343,0.34097536848846516,0.24342261534551718,0.21436984169877957
1225,1,0.055006,0,0.17243886945623368,0.19524040250873428,0.22076408462884664,0.1525344915055237,0.13533148323453745
1226,2,0.658011,0,0.7321949588671729,0.7619409831261041,0.788810420390624,0.6999352533607094,0.6659657873522343
1227,1,0.723757,0,0.4411858955116614,0.48012793733594655,0.5189718164499718,0.4031502419692477,0.3672368153975477
1228,2,0.396825,0,0.40714396784998885,0.44536691758120706,0.48468920261694864,0.3697760222325183,0.3338109087753617
1229,5,0.831789,0,0.8780284603522536,0.8953291871085529,0.9098517650421837,0.8560539771601309,0.8275635735945207
1230,1,0.179753,0,0.29538442371810836,0.3312361448981187,0.3697307076834409,0.261153637587407,0.22924372206213395
1231,3,0.010029,0,0.020576732370123696,0.023805972848275778,0.027695980202294784,0.0179685712644738,0.01587938576803977
1232,5,0.689798,0,0.6661429320927501,0.7025577888621645,0.7357813735260076,0.6258319832328446,0.58175049314111
1233,5,0.010933,0,0.016470306178942778,0.01895902195693273,0.0220365150316579,0.014495254468503074,0.012941620533741621
1234,5,0.999979,1,0.9999387810516293,0.999951960130551,0.9999608325386236,0.9999171400056494,0.9998792612451809
1235,1,0.119809,0,0.27757054939700043,0.3098528399791239,0.3436961310088742,0.24773637943403196,0.22136050037709232
1236,2,0.083707,0,0.12029047395967674,0.1374270303709728,0.15714306473116263,0.10548533537076976,0.093266740906006
1237,3,0.494724,0,0.49115642032986034,0.5310261816439233,0.5704512917331577,0.45248644915898273,0.41648462756893534
1238,1,0.118978,0,0.10413182353301112,0.11928099478697836,0.13652882237316474,0.09110977793470318,0.08022267053326325
1239,3,0.236931,0,0.19082037938443133,0.21642393438610263,0.2446605902239935,0.16866631934077636,0.15018681878093168
1240,5,0.965178,1,0.9125892727078835,0.9245404815255832,0.934492808565774,0.8981276193218682,0.8810105256956141
1241,3,0.309566,0,0.27164158978607195,0.3025547697382684,0.33586988003990975,0.2432995596885952,0.21818991867452692
1242,5,0.359041,0,0.2850648428737175,0.3187081176101206,0.35494547592129144,0.2534083048553234,0.2235748756844347
1243,2,0.543717,0,0.7240354825301463,0.757895622515876,0.7886367949595378,0.6859455119673662,0.6423126564234493
1244,1,0.324076,0,0.34450444371048383,0.3797103112502628,0.41669223647880166,0.3114004399190895,0.2808048930735986
1245,5,0.080451,0,0.13037611621384534,0.14815166689108372,0.16863154298059135,0.11512724944616239,0.10219243448145475
1246,4,0.082369,0,0.14167875192586352,0.16227484511787402,0.18553743470279768,0.12418076146008673,0.10971950953292516
1247,1,0.135763,0,0.17384708746242886,0.19563045527135922,0.2198674415295546,0.15478492899626548,0.13850491216761396
1248,3,0.981913,1,0.900549095618215,0.9141571320269977,0.9256324868626745,0.8847147884976762,0.8666828111507427
1249,5,0.35625,0,0.5047823584578688,0.544016467427494,0.5826412157310968,0.46507932708229754,0.4258799938625596
1250,3,0.765873,0,0.5783740856755025,0.6200358922261497,0.6597128481679682,0.5334564757068244,0.48339186920863736
1251,3,0.104978,0,0.0946727744779305,0.10877782017931686,0.12483891023138305,0.08264815282339201,0.07251265198362875
1252,5,0.309939,0,0.19714430001645827,0.22303789766832147,0.25190494102994737,0.17406360735589807,0.15367564093474748
1253,5,0.214511,0,0.23155958314044373,0.2626552824912611,0.29653396808437377,0.20262972031090354,0.17552370362358877
1254,4,0.388338,0,0.39932204339351624,0.4370616191941881,0.4755714650584925,0.3636619074973139,0.3310659695782299
1255,3,0.069029,0,0.11191440685816356,0.12810065440974552,0.14665337736218234,0.09817794522327554,0.08699211424160036
1256,2,0.029446,0,0.05851468622216053,0.06758170012711662,0.07817009785262463,0.05108016908686672,0.04515639881881782
1257,2,0.808188,0,0.7544074088776901,0.7827248089677907,0.808283359013373,0.7232394516947493,0.6898063105213393
1258,5,0.56207,0,0.584924626223799,0.6222215300717274,0.6576176790835353,0.5467627489936503,0.5092139971564803
1259,5,0.165703,0,0.3200676477006324,0.35561614979504946,0.3925943532040929,0.28690113097798164,0.25696731470738055
1260,3,0.923837,1,0.8381646327852778,0.8585122920042549,0.8760247722183478,0.8150474760194651,0.7891332606749938
1261,1,0.248764,0,0.3480616232586937,0.38616419832454696,0.42506178613106615,0.31226272233933483,0.2797607758084996
1262,2,0.538517,0,0.4667317241747828,0.5062468262982386,0.5457946368539007,0.4267253238576291,0.38663983548645103
1263,3,0.110218,0,0.30512079270654713,0.33913628901256665,0.37556125511304905,0.2728700326357004,0.2424729813710797
1264,3,0.662364,0,0.6354166399164204,0.6717097809436715,0.7059482637334373,0.5981159192824685,0.5614891050451373
1265,3,0.144778,0,0.09293233233688003,0.10705397200517235,0.12351913119452983,0.08064287387232151,0.06997250686116628
1266,2,0.229178,0,0.22979342050216098,0.25703977253319654,0.2861720692251672,0.2053723388062813,0.18388035290787733
1267,2,0.106212,0,0.056838968842235424,0.06525333780768398,0.07512867252083472,0.04973995471957508,0.043928224264480537
1268,2,0.647237,0,0.5875823989514712,0.6262826738154905,0.6629351281385643,0.5470205961090727,0.5038706309328406
1269,2,0.833254,0,0.6414129155585525,0.6793305170859879,0.7153150656173333,0.6012222727373412,0.5596045986957293
1270,1,0.202449,0,0.23780415570050534,0.2679824689153418,0.30025415691937574,0.21055418173366522,0.1865037665808846
1271,1,0.363735,0,0.3608812680422229,0.39744620620762794,0.4355763780941758,0.32617175190023945,0.2949086894471111
1272,3,0.056612,0,0.23376853075785256,0.26113279635695236,0.29124481821018705,0.2080249737874403,0.18422886211186226
1273,2,0.177487,0,0.25271719664223186,0.28271256617561824,0.3148025651517654,0.2252949534176734,0.20103628361343265
1274,2,0.069282,0,0.14600243176653485,0.16641718456915122,0.18911245165035745,0.12782103002567724,0.11162231744228335
1275,5,0.208424,0,0.3080103134553762,0.34383929485192016,0.38179224243848997,0.27309929259669313,0.2385303050655606
1276,1,0.340513,0,0.19426134132461773,0.2207789049261276,0.2501927614059951,0.1703749455832647,0.14868719993742052
1277,1,0.86621,1,0.885108605827413,0.9002264584306109,0.9131554801953963,0.8672091603467434,0.8466161343951522
1278,4,0.330756,0,0.24149950006287896,0.27075067348896487,0.3025066522119873,0.21504851833514432,0.19164023653911866
1279,4,0.190259,0,0.18473742183648292,0.20755031086634856,0.23283267054706563,0.16452015856977198,0.14694613190811753
1280,1,0.119051,0,0.12532479363146956,0.14172577929644972,0.16046290270380734,0.11105628262880252,0.0992461671335357
1281,5,0.535557,0,0.6003968825832452,0.6392512885002991,0.6757890298366226,0.5594707874064667,0.517223069318671
1282,1,0.160969,0,0.3392786025374837,0.3746121773760916,0.41144215071960694,0.30635943903395535,0.2767414070757891
1283,3,0.318001,0,0.4177438298960383,0.4580461970107718,0.49862998558989846,0.3779969102532087,0.33836902509161104
1284,2,0.637248,0,0.45321529264324895,0.4943153249062594,0.53578084163584,0.41250425174345906,0.3728350389779244
1285,4,0.776726,0,0.6104179561895929,0.6467706734048486,0.6812822651282784,0.5719156466083837,0.532087720410352
1286,3,0.559419,0,0.4494124848450615,0.4904672432005704,0.5319186209133664,0.4089829202981267,0.36974300666358983
1287,5,0.438165,0,0.4318010654594178,0.47114745749555115,0.51036823305512,0.39347684540547767,0.35703274734537266
1288,4,1.0,1,0.9999989485686063,0.9999991982385052,0.9999993684820343,0.9999985390115966,0.9999978024455831
1289,1,0.446954,0,0.35695054757881284,0.393102231238688,0.4307841288860881,0.32268358760697685,0.29071404150259306
1290,3,0.279347,0,0.3011814371384509,0.33326620088844805,0.3672726649123801,0.27091516910657093,0.2429026363194161
1291,2,0.372831,0,0.2593085752888172,0.28833696578375667,0.31919030364095263,0.23295107628941264,0.21006216817923198
1292,5,0.536229,0,0.5974697652723312,0.6343313557187681,0.6694834959795228,0.5577352573810623,0.514759718957663
1293,2,0.582757,0,0.621035953666946,0.6589380633016393,0.6950704307612723,0.5817081237747341,0.5419647211392884
1294,5,0.441591,0,0.3310097067198149,0.36541716153542686,0.401498070382619,0.2986746207605967,0.268568724915075
1295,5,0.245773,0,0.5655934595288804,0.6054781144141038,0.6429748796018628,0.5245696708558499,0.4833752182082804
1296,5,0.326962,0,0.1514121474202718,0.17334468581847126,0.19802865649418958,0.1319967056983846,0.11479609395519241
1297,3,0.180512,0,0.21558506024351023,0.2428613104540086,0.2729982943662342,0.19107201782405692,0.169166842207654
1298,5,0.669446,0,0.4661927666615606,0.5065167316853428,0.5464397934380939,0.4264003613289798,0.38786288783143824
1299,4,0.379348,0,0.3787869346969935,0.41772183464254936,0.4579131266750225,0.34138100259050513,0.30664809907329893
1300,5,0.435993,0,0.37856671410459686,0.4146461089716572,0.45181990241631115,0.34426810512709405,0.3123840554126923
1301,4,0.84635,0,0.9774466952958935,0.9814508362563812,0.9846032620087253,0.971955505783888,0.9638400540195452
1302,2,0.205672,0,0.356091632389518,0.3938958733819338,0.4333856838876648,0.32073966409647414,0.28863768055925654
1303,4,0.225173,0,0.3946971875194658,0.43305901556729204,0.4720973382642476,0.35863290534038283,0.3253438966957016
1304,3,0.503433,0,0.5026492117911382,0.5431920834961796,0.5837189460018074,0.46197257441579637,0.4218548445596363
1305,1,0.213045,0,0.3069697850247698,0.3394774651109316,0.37384956019203786,0.276794310648035,0.24939503638079336
1306,2,0.233209,0,0.19335444953973957,0.21938271383933516,0.2484551963121466,0.17005772460673754,0.14919497618026323
1307,3,0.996856,1,0.9868392626844487,0.9889735079360953,0.9906719785398447,0.9842300274042268,0.98115816884202
1308,2,0.044698,0,0.11052903332768317,0.12707395862083337,0.14617895620389496,0.09624169048692045,0.08394848815981854
1309,1,0.753108,0,0.7196656685571432,0.7532983615063127,0.7838601339709786,0.6817812166709529,0.6390331896394462
1310,5,0.031816,0,0.0376443724767523,0.0439144514830295,0.05139941353190878,0.032424138718083986,0.028040641583962547
1311,5,0.996919,1,0.997622774497798,0.9980465517712919,0.9983583714179525,0.9970447881270066,0.9962785625966564
1312,2,0.402253,0,0.24584735292404933,0.276398612439123,0.3098350070746509,0.21817949194273775,0.19365746846666965
1313,4,0.996998,1,0.9937336457173177,0.9948381283759239,0.9956970845966466,0.992317611740295,0.9905319459172596
1314,3,0.60379,0,0.6031867565019619,0.6401075469397237,0.67538974009013,0.5652767200342385,0.5281921524909098
1315,5,0.768411,0,0.777350277902543,0.8048083851189912,0.8287573144956989,0.7457959103260797,0.7099560047446959
1316,4,0.582206,0,0.2941888009567157,0.3291831675314222,0.36641797579347446,0.26187012019036254,0.23267428088693623
1317,5,0.119219,0,0.20659866615957195,0.23109253431431565,0.2582793066295718,0.18491768087152152,0.16614065078442744
1318,1,0.23214,0,0.2640560595088282,0.2946746414893316,0.3274621575115163,0.23610181520539306,0.21142316773518618
1319,5,0.764853,0,0.6115025174666692,0.6479276849650233,0.6822899733011942,0.5734977419324444,0.5353797193444259
1320,4,0.175487,0,0.21683227793649468,0.24478497938885002,0.2754858531221326,0.19157958833513258,0.16958239341530462
1321,4,0.995524,1,0.9881466792937952,0.9901412038251289,0.9917138378965541,0.9854731329288452,0.9817023644237508
1322,4,0.853154,1,0.8782784148384343,0.8946222722119764,0.9085918465622622,0.8592866649209719,0.8376119474038242
1323,3,0.899905,1,0.7269256209834427,0.7592124614773902,0.7887132730365592,0.6915379589379204,0.6533684253627855
1324,2,0.873992,1,0.8875545659870102,0.9037245921923293,0.9177031302004763,0.867965626364063,0.8441279316189703
1325,2,0.581848,0,0.6849325953042187,0.7177949170455719,0.7479485439571114,0.650136497708742,0.6146298048999219
1326,3,0.141893,0,0.14354908974849886,0.16335285608254857,0.18561202570136204,0.12627129891805822,0.11155365348292544
1327,3,0.154432,0,0.184619547076357,0.20909376174065608,0.23661801328726456,0.16303412647198676,0.1445209751346272
1328,1,0.395646,0,0.6011231948319787,0.640883121704398,0.6783555549532516,0.5590993849947807,0.5154821947931916
1329,1,0.212867,0,0.24610993859460445,0.2752309487827088,0.3061937337100246,0.21983770033313424,0.19701616317730763
1330,2,0.191998,0,0.1418242699965578,0.16324200542686748,0.1877265330489163,0.12346869848800142,0.10810593091017451
1331,4,0.260864,0,0.34876802077968855,0.3849550472112755,0.4226815177182628,0.3150184073741482,0.2846996665266821
1332,1,1.0,1,0.9999999968234821,0.9999999977172713,0.9999999982908976,0.9999999950179035,0.9999999909008136
1333,1,0.512383,0,0.7241449915469805,0.7562039680050415,0.7850773247835876,0.6871629626276572,0.6446388028943788
1334,1,0.424209,0,0.4528522244062373,0.4901218700208296,0.5275428438198925,0.4164063517410199,0.3822697890094832
1335,3,0.30532,0,0.24769443082931575,0.2780341816574031,0.3110118380606476,0.2206356952100938,0.19765793529586628
1336,5,0.703117,0,0.6575270142589925,0.6923234508512306,0.7241431762478394,0.6207213812423674,0.5830655386003627
1337,4,0.020607,0,0.07569323295999414,0.08669312545770276,0.09953680525209538,0.0662097733652073,0.058051291780207515
1338,3,0.68843,0,0.8812070501841209,0.8988974661772013,0.91403851669603,0.8595594449556289,0.8315464392332264
1339,4,0.048483,0,0.09692681122320695,0.11131775743546621,0.127862457093501,0.08461633478373977,0.07400342570618755
1340,3,0.190838,0,0.2182299282175437,0.2467399338888845,0.27839033319451834,0.19225222996652636,0.16923340781620336
1341,2,0.482708,0,0.22325619854662385,0.2537601544544394,0.2873133051151151,0.19562139250762395,0.170279413251241
1342,3,0.977638,1,0.9623556532456177,0.9681026395495023,0.972709649562705,0.9554009546524814,0.9470278000670566
1343,5,0.140195,0,0.2012658750209751,0.22665441419856022,0.25462360827971586,0.17920492991915898,0.16054702363847995
1344,4,0.05425,0,0.1193007582087967,0.13552286768643626,0.15408877188594255,0.10536208460405781,0.09377524142757039
1345,2,0.084722,0,0.07877168090096738,0.0904033523102233,0.10387411653978772,0.06888595268116438,0.06059015203125499
1346,2,0.082988,0,0.1232658439958289,0.1412828096953369,0.1619936166745058,0.10747747066051926,0.09359761809722789
1347,4,0.366929,0,0.40877412754458486,0.44698678569634726,0.4858776205064629,0.37246976282547617,0.3397709794672924
1348,3,0.012019,0,0.013600790612215375,0.015566644729331369,0.017911892577854395,0.011918180481697257,0.01049531439032148
1349,5,0.444268,0,0.43947857800614404,0.477725031053286,0.5163161213929836,0.40224459417094155,0.36755539994950476
1350,4,0.233028,0,0.2636317448703886,0.29609559157389226,0.33098939858392684,0.23243403453649827,0.20233564350912794
1351,5,0.773638,0,0.921900727713577,0.9348347522286707,0.945088345064567,0.9047507804577001,0.8812512908590684
1352,1,0.999834,1,0.9994566980799086,0.9995575767873602,0.9996327038604981,0.9993054527412276,0.9990734351787558
1353,3,0.101723,0,0.13181872566112665,0.1499832513516312,0.17083469994640182,0.11574866259811133,0.10159310044129896
1354,1,0.428485,0,0.2819286964158364,0.3126973495687499,0.3456287334001971,0.2534397511991263,0.22740361689529698
1355,3,0.999999,1,0.9999873299539369,0.999990109702236,0.9999921119118462,0.9999831345561965,0.9999761721722842
1356,1,0.581373,0,0.4092744042935506,0.44857781155273724,0.4882128122252445,0.3707469565822358,0.3336315339231246
1357,3,0.816607,0,0.9278922237890775,0.9389559291965327,0.9482953210451037,0.9143226519742583,0.8972537450938606
1358,2,0.963118,1,0.9404374737759438,0.9489103868527028,0.9560569111506155,0.9300830253392732,0.9175535212877427
1359,2,0.058451,0,0.19506272714470915,0.21876072732269947,0.24437035861562084,0.1741453467193421,0.15613306612525257
1360,4,0.871858,1,0.6478242765500255,0.682173006337307,0.7142532540169199,0.6115720039512399,0.5742186228155457
1361,1,0.999063,1,0.9921179716987031,0.993426302445773,0.99441979819353,0.9903858326969106,0.9882036326272412
1362,3,0.032331,0,0.08961584985750663,0.10270009864820805,0.11778816250042003,0.07858211916962496,0.06940930201457889
1363,3,0.106178,0,0.14282944593242497,0.16235198966308811,0.18460214347054105,0.12564054161462818,0.11059047119526516
1364,1,0.874149,1,0.7452422688574901,0.7768239278773591,0.8052327023745899,0.7091436045567674,0.6687755017711624
1365,2,0.715639,0,0.6594116996663857,0.6930429455297509,0.7244876694801268,0.6231955981556249,0.5849670563205591
1366,5,0.479044,0,0.41891268796964765,0.4561927199628787,0.49391625992811766,0.3829776513302613,0.3493018131597319
1367,2,0.624935,0,0.6314361225356699,0.6668896018047971,0.7002159901799563,0.5944187966549244,0.5574037592419144
1368,5,0.074043,0,0.12921771909632898,0.14742469660372756,0.16827236555344982,0.11381388339696137,0.10100111143979752
1369,4,0.333084,0,0.22935627614079113,0.2578243464580611,0.2889200672016606,0.2040148237985482,0.18226032849135443
1370,4,0.176416,0,0.3889854182462657,0.4278000184546524,0.46761285885219084,0.3523870055399998,0.3192300734619036
1371,5,0.763022,0,0.7378389383966802,0.7708630322908585,0.7997233335004098,0.6996440702690134,0.6554146253377227
1372,3,0.546654,0,0.500593849029702,0.5402611693574821,0.5790544180056509,0.4621980044961795,0.42635708653498106
1373,3,0.163503,0,0.32328040659171126,0.3572489960017162,0.3928220225026615,0.29185192447575814,0.2635981278692525
1374,4,0.08509,0,0.054300462393709566,0.06244504610103605,0.07204030003824889,0.047637251761862585,0.04235216932184621
1375,1,0.279068,0,0.44610560339964445,0.4880884656065564,0.5304668752658714,0.4028496253085638,0.35847228556790134
1376,3,0.799166,0,0.8220689066397493,0.8458817650471322,0.8666914118343299,0.7940890324122456,0.7603951189132394
1377,5,0.287961,0,0.3724020854079524,0.4123425480407539,0.45349796014987676,0.33367478967579234,0.29632066767222964
1378,2,0.466567,0,0.4871686206707221,0.5270272572078532,0.5664644104514169,0.44674611229381245,0.40593983149623636
1379,5,0.461495,0,0.5808230914890028,0.618395863514165,0.6541998726648086,0.5418855553613523,0.5027590571201299
1380,3,0.307425,0,0.29109562806405,0.32382611011201123,0.358296953809384,0.26136019907033464,0.2352778564660555
1381,5,0.088131,0,0.2167800436567869,0.24380355493659758,0.27390036210491686,0.19192306153631733,0.16896327799894104
1382,2,0.289423,0,0.2673473088152268,0.29810162225831754,0.3314370998604488,0.23883879426322627,0.21375754622097196
1383,5,0.476471,0,0.316707163258587,0.350125888083206,0.3853712149275702,0.28553770427173164,0.2573207729230573
1384,2,0.807433,0,0.8034885394222364,0.8272729305353854,0.8484933829510791,0.7767039972620767,0.7475096420611346
1385,4,0.111881,0,0.16639183144751138,0.18805862524896097,0.21232823654162497,0.14734240905741444,0.13124426452574645
1386,1,0.478104,0,0.4959794755720764,0.5378175979600467,0.5786478260116398,0.4540160819558308,0.4129468991518469
1387,4,0.717808,0,0.615145509260928,0.6525903421314591,0.6879911421953598,0.5742449067417044,0.5297238192084169
1388,1,0.233899,0,0.39798351371520463,0.43776970891210293,0.47852958192255163,0.35849712752799445,0.31970688245254086
1389,2,0.009709,0,0.03999420877249813,0.04616275004870243,0.053353777906978234,0.034920358048137604,0.03089539563626296
1390,3,0.157775,0,0.22578145003914316,0.2536724878911718,0.28382296047216543,0.20108727200509746,0.1797402134840076
1391,2,0.461494,0,0.4624358112019416,0.5000989902826948,0.5380594846628501,0.42514341619579477,0.38960938670664835
1392,3,0.568019,0,0.6166471207000819,0.6545770475905406,0.6908578882168346,0.577242028241481,0.5370791416346717
1393,5,0.035188,0,0.056774610105785495,0.06574681243829286,0.07641927073888174,0.04947827931724961,0.04367406711827167
1394,5,0.189853,0,0.21940533412018676,0.2472047450802742,0.27747657379604884,0.19424506115312964,0.17148563003227887
1395,4,0.317994,0,0.28508745320422346,0.31807763757819496,0.3533139573730136,0.2543465561973156,0.22617195865677028
1396,4,0.06087,0,0.13610797063506347,0.1554326504196954,0.17733321757186232,0.11964681292354855,0.10603033543155185
1397,1,0.253539,0,0.34043909414223683,0.3765047507466756,0.41361306515492563,0.3067041920871448,0.27651155325645166
1398,4,0.068198,0,0.07849160658334908,0.09092972621966042,0.10546799391685728,0.06810124351180352,0.059440355204934535
1399,1,0.262079,0,0.2813190474269397,0.3148141248454227,0.35008426928374137,0.2508215055537986,0.22394390113377627
1400,2,0.129607,0,0.17305828057894274,0.19609618673160178,0.22183482661545845,0.15263963264716762,0.13488324903494575
1401,1,0.075623,0,0.08007072486570976,0.09155695527765532,0.10499881928676907,0.07048469036752164,0.06258964230581245
1402,2,0.113428,0,0.08084631355555259,0.09264519549621751,0.10618086758318195,0.07092340297740865,0.06285284764364561
1403,1,0.208909,0,0.23858044793933617,0.2673688176436408,0.29881669837181823,0.21273311923530067,0.19027294311835186
1404,3,0.011883,0,0.034132917213227705,0.039302083732833705,0.04534499714331735,0.029770541438836253,0.026259847881679874
1405,2,0.34909,0,0.25810746651671856,0.2887633902171838,0.32222304005631724,0.22935134403853305,0.2028320032837256
1406,3,0.833217,0,0.683442966577263,0.7200436617914662,0.7537660420897493,0.6435092625042222,0.6001356721470356
1407,2,0.617496,0,0.5176941102986187,0.5561168115746958,0.5939506092217437,0.47962548566263324,0.44357987777973473
1408,5,0.437853,0,0.19256682377142922,0.21840068573766877,0.24707326366121055,0.16958940881858608,0.1495691527008668
1409,2,0.826305,0,0.690598057404707,0.7287509093168223,0.7638820790578059,0.6475505384844122,0.5972412850849588
1410,5,0.834986,0,0.8707915196895792,0.8895053238504332,0.9051585383172954,0.8472866109818378,0.8170911071902602
1411,1,0.115081,0,0.12761615480800356,0.14492370336540522,0.16463119290468808,0.11267944446234145,0.10022663620814766
1412,2,0.981618,1,0.9800526853981012,0.9830349940307436,0.9854326209828795,0.9763703524492973,0.9719459846158808
1413,1,0.118051,0,0.08083581482477452,0.09347457519025529,0.10814725565524802,0.07002108550191806,0.061159168468759684
1414,1,0.34864,0,0.3103616143113316,0.34798780771449866,0.3870156424022744,0.2747132451339195,0.24175980749902665
1415,3,0.115178,0,0.1442272406556214,0.1635544220628385,0.18542993182408588,0.12728280806039702,0.11252982955612889
1416,1,0.714207,0,0.6784001582303119,0.7118477776238853,0.7427825190168457,0.6430638727349481,0.6076435607888921
1417,1,0.446022,0,0.6159656435337403,0.654311234777622,0.6908005076326134,0.5748771686219788,0.5308642434957581
1418,2,0.15504,0,0.10949287880999993,0.12515061729520666,0.14281105304310887,0.09634349486456942,0.08580133251067815
1419,4,0.215004,0,0.2322338971779624,0.26036340794168394,0.2909904068115784,0.20668063668221276,0.18365097545589007
1420,5,0.999994,1,0.9999719209513367,0.9999781891552114,0.9999823236772881,0.9999613945607168,0.9999424201019784
1421,4,0.112026,0,0.13910446392698347,0.15862247432061277,0.18068928253733318,0.12210159467994736,0.10703515182000288
1422,2,0.397176,0,0.29135116557314944,0.3249717566892982,0.360571744853647,0.26085707301542677,0.23404001692482473
1423,5,0.349234,0,0.37132591102142487,0.41101758604332433,0.45161305917000444,0.3336351302043045,0.29879446150704586
1424,5,0.250498,0,0.15750757772187965,0.17967656295513146,0.20494903530202369,0.13770179041074912,0.11981703887088026
1425,4,0.314422,0,0.33026141502612133,0.3666102018497315,0.4044223097188758,0.296441584260588,0.26567656755854874
1426,4,0.082751,0,0.04571496333285825,0.05275181463905868,0.061051158036394416,0.03997205264886749,0.035408319419497625
1427,1,0.768774,0,0.9092426693025002,0.924078192676194,0.9363170339713521,0.8893567379157805,0.8620839281830063
1428,3,0.110746,0,0.2330263910708028,0.26165946390157,0.2924895567537785,0.2074442767126201,0.18459425517765188
1429,1,0.621476,0,0.4985955112693215,0.5361599576418996,0.5729941305602247,0.46134749729065144,0.4259555302443772
1430,1,0.523839,0,0.4979641006369008,0.5371853841710924,0.5752554668105049,0.4579461277136616,0.41808668024655504
1431,3,0.362277,0,0.2684160692488048,0.3000090273428149,0.3342645082236582,0.23911264942735358,0.212005396113184
1432,5,0.414312,0,0.4568635819531488,0.49577164520978656,0.5347880379538327,0.41873394091515215,0.3827927702600029
1433,2,0.050573,0,0.08621286144912195,0.09873983362251926,0.11303637318044352,0.07568802431631948,0.06704669542230078
1434,4,0.231999,0,0.22590584925915488,0.2535283936973503,0.2835043020088756,0.20160430880229477,0.18110475246590835
1435,1,0.027898,0,0.07011134763317009,0.08023944063527376,0.09199051151792173,0.061607097223601484,0.05466085515233026
1436,1,0.092643,0,0.08514239170009866,0.09664745627964916,0.10982344815823714,0.07539716491786337,0.06731040659529287
1437,3,0.671535,0,0.5464405054054227,0.5861979374713734,0.6247046120625374,0.5071483487331623,0.4699680414439086
1438,1,0.310866,0,0.2795357580779794,0.31019018868158055,0.3429521451901981,0.25174426807805883,0.2273030816315927
1439,1,0.208254,0,0.34388662335463055,0.37909776483802604,0.4157856320656841,0.31084704752595144,0.2806702340850777
1440,3,0.732999,0,0.6197703168931895,0.6617062669804747,0.7007548079956194,0.573929138567455,0.5222207266466973
1441,2,0.533353,0,0.4378496538736008,0.47625461416058057,0.5150023689453913,0.4005468215701166,0.3658397674186631
1442,4,0.119944,0,0.08974864373733585,0.1023282235987365,0.11693005294529187,0.07897157701563828,0.06991455202210994
1443,3,0.025567,0,0.18700179424072827,0.2137885591608961,0.2437945641466851,0.16209945805514606,0.1384577129875728
1444,3,0.536467,0,0.5781962061988879,0.6166875592681597,0.6542251979746896,0.5379896073085827,0.4969168689034089
1445,3,0.473487,0,0.5086219590135662,0.5471864765167284,0.5847696978443276,0.4703739421223321,0.433382419753438
1446,1,0.352568,0,0.3760678519353085,0.4124685402024946,0.4503034558384878,0.34172451319885194,0.31001568260898704
1447,5,0.220489,0,0.26421018600374846,0.29856145856398497,0.33484718866134,0.23092069748297814,0.19848263072118819
1448,5,0.939595,1,0.912085890094917,0.9243842636721473,0.934367925804368,0.8971040309259989,0.8791181271154109
1449,3,0.201475,0,0.15593348008173324,0.17572827232775048,0.19743753384103968,0.1386668371411722,0.1239801838219214
1450,4,0.791877,0,0.8010054151072331,0.8260127581360155,0.8479601785335033,0.7727626977482345,0.7413517319830365
1451,1,0.329769,0,0.46647780329203586,0.5068664727569193,0.5472490599770826,0.4258932036341237,0.3859036233119918
1452,1,0.398629,0,0.3491774446088679,0.3871449629407661,0.4264107865168976,0.3131721862527859,0.28004211331184903
1453,4,0.832647,0,0.742411223768502,0.7717138045825542,0.7981242152505325,0.7106010965794274,0.6770805875960483
1454,4,0.219082,0,0.17010874557274044,0.19440795090067567,0.22161190641224984,0.14931918084066834,0.13224310739343292
1455,3,0.864832,1,0.8648675971805326,0.8856251625224901,0.9033421524018361,0.8389596118815229,0.804661395622235
1456,1,0.25583,0,0.44168167665392993,0.4799437027252164,0.5185507865659805,0.4048283296982629,0.3704848649233271
1457,2,0.107862,0,0.09021270405335567,0.10370543833679062,0.11925905492355833,0.0789646915468041,0.06985097321902826
1458,4,0.200919,0,0.2445448115841592,0.2740780083465298,0.3060613803686979,0.21806227512938856,0.19475196708430015
1459,4,0.514161,0,0.4772506685005373,0.5174560772324008,0.5572693278246235,0.4381870793838784,0.40180738354638906
1460,3,0.476084,0,0.37641457621947544,0.41257287721273295,0.4491740871838659,0.3428406405400444,0.31286228388265114
1461,3,0.101676,0,0.24532979249421186,0.2743017206036915,0.3056142741822249,0.21906772326065993,0.1956799120347435
1462,4,0.366289,0,0.37124324111591533,0.40828796715204724,0.4463087783947473,0.3365337358654444,0.30441587196663916
1463,2,0.999341,1,0.9971357109240053,0.9976276453083215,0.9980134990526716,0.9964691984020505,0.9955326483149862
1464,1,0.005807,0,0.010997547967578368,0.012655972573320849,0.014686545311256823,0.009643468423139871,0.008564157335001791
1465,2,0.998597,1,0.9934421627919848,0.9944901308927904,0.9953289332409672,0.9921085034124314,0.9904637706745674
1466,1,0.249525,0,0.34862969107283914,0.3831865382039611,0.4190706022635367,0.3163340737554838,0.2870991467603082
1467,3,0.245514,0,0.28324136713982395,0.31641738870953495,0.3524095467932617,0.25173275258257416,0.22169201795795881
1468,4,0.435336,0,0.6675562404794891,0.7027914084051193,0.7352515778881776,0.6308878656115143,0.5938598559787849
1469,3,0.013643,0,0.029227711564884306,0.0337778315805703,0.039263689471794275,0.02539363390058618,0.022197326786268783
1470,3,0.708647,0,0.652329514902946,0.6885009910665884,0.7223448018758761,0.6146492070586326,0.5767537424067694
1471,4,0.237359,0,0.21931705230652251,0.24801225719220737,0.2792123972490148,0.1942119507128628,0.17325656761297592
1472,2,0.12876,0,0.3158364597847114,0.35060430138409876,0.38764209201530225,0.28297594579152474,0.2530011927358798
1473,2,0.090345,0,0.11065567612021274,0.12579366528873076,0.142770688805027,0.09750877185801866,0.08627403128551879
1474,5,0.115414,0,0.13870527987477504,0.15839338747136208,0.1809637668380035,0.12174523131283733,0.10738739969678286
1475,3,0.018784,0,0.043196738644943895,0.04905143618760712,0.05574676847748198,0.03816205948950807,0.03398860563057708
1476,1,0.56391,0,0.3697987407136656,0.4069473566926326,0.4458796564962389,0.33416644901051346,0.3004146457183175
1477,3,0.018947,0,0.037763826445993375,0.043595903326908915,0.05058510870919008,0.032867132343881424,0.028800071086247925
1478,1,0.448305,0,0.4003512210846025,0.4370945205355511,0.47472213336048225,0.36501490068201764,0.33217884694007815
1479,5,0.85247,1,0.8988267149971125,0.9144987398110692,0.9273577326250919,0.8785783057102317,0.8517476794039672
1480,4,0.209804,0,0.1606820408987903,0.181496905062378,0.2047785224406229,0.14247267886636228,0.12675952412366542
1481,1,0.123843,0,0.14623014911977383,0.16590918518459305,0.18816447102464262,0.1291919306132972,0.11485569385540367
1482,4,0.158084,0,0.18714096540542016,0.2115099011263613,0.23863836698247587,0.16569566855059403,0.14755947651407517
1483,1,0.451416,0,0.4253746678317563,0.46390785970379544,0.503465640446776,0.38813927904496803,0.3525861343720203
1484,5,0.808323,0,0.8363075104791688,0.8601697493929376,0.8798711491756331,0.8066198477961276,0.769026462710309
1485,3,0.208366,0,0.2803042152819763,0.3126167354539395,0.34759125924456935,0.24968022978293136,0.22060197413944924
1486,5,0.091506,0,0.18672009679846455,0.2096476341428769,0.23548750632699356,0.16650241571185392,0.148766223759829
1487,4,0.329616,0,0.3861191584424659,0.42415147945609266,0.46319973234075634,0.34845581772843376,0.3112607332351226
1488,5,0.1703,0,0.16290671675506335,0.1839250662707409,0.2076847672076276,0.14465200332202593,0.12912790944850178
1489,2,0.189585,0,0.2701568700342777,0.30268346487094916,0.338107295291923,0.23981348886375672,0.2123612068964182
1490,1,0.853167,1,0.8345057899648831,0.8574092451309357,0.8771069116763782,0.8069159539271188,0.7742779293085184
1491,2,0.274169,0,0.24607534307140191,0.2751332776041738,0.30675438402599486,0.21984808286686094,0.1967441047062151
1492,4,0.996886,1,0.9893477536699973,0.9911354427392637,0.9925497407103011,0.9871448119933979,0.9845994256535194
1493,1,0.036427,0,0.03600473261473502,0.04144076821988893,0.047911166198183794,0.03133378509169368,0.0273390289951772
1494,1,0.140694,0,0.10468669465327735,0.11988097221540349,0.1374656021813935,0.09165261211672242,0.08099504229733366
1495,2,0.237245,0,0.450911501613195,0.4912973960657281,0.5318948380664104,0.4121413205245311,0.37624059895488704
1496,1,0.509717,0,0.4991052878694197,0.5372378647197629,0.5749976549763276,0.4614657448775827,0.4257710825136423
1497,4,0.033944,0,0.06508285003314891,0.07514024844968911,0.08683672728347679,0.05697457017314227,0.05074704532436025
1498,2,0.096328,0,0.13697563023107817,0.15525616232564957,0.17586043407517815,0.12107606177044405,0.10769782814792146
1499,5,0.111078,0,0.2800071719551166,0.3136029297277658,0.3488680032910686,0.24849017994768827,0.2193676993785312
1500,4,0.535387,0,0.5151896417822736,0.5572457234697662,0.5980400347776373,0.4739440634748779,0.4347982250898662
1501,4,0.008691,0,0.019121121183229055,0.02220287303885473,0.02590586698152808,0.016654175724032164,0.014746258241900642
1502,4,0.867127,1,0.8170253605758605,0.8399773006907157,0.8600494845657511,0.7917770589293148,0.7651000868324788
1503,3,0.206543,0,0.19095592699093414,0.2176714221065955,0.24787369900732587,0.16724595341781465,0.14659003670458665
1504,4,0.149545,0,0.16140356464613365,0.1841719046027379,0.2097836597432395,0.14180411841156165,0.12541683396426503
1505,4,0.33953,0,0.5925466735926774,0.6328141166402942,0.6709665385367701,0.5505384141175513,0.5077747408061959
1506,5,0.992295,1,0.985833690956816,0.9881559546187256,0.9899199811460548,0.9828183961745562,0.9790086443178452
1507,3,0.114494,0,0.16252646147499733,0.18445996625121633,0.20894506134316126,0.14359114163430153,0.127504624950537
1508,5,0.192748,0,0.4178927443351302,0.4573059218025432,0.49694845884035016,0.37860391985916564,0.33944724515208047
1509,1,0.443001,0,0.4498038005695979,0.4895811172731068,0.5289611292896795,0.4102924452048963,0.3724965504845497
1510,4,0.19555,0,0.13357108349377717,0.1524994704696858,0.17406511475965666,0.11708599445182757,0.10305570622667375
1511,4,0.112221,0,0.1931258640564731,0.21800695689573793,0.245670386327033,0.17068141191898759,0.15081859388813867
1512,1,0.828036,0,0.6160147886949415,0.6512077668156853,0.6842760786301219,0.5795091299684784,0.5436761202546834
1513,5,0.549731,0,0.4904731931319822,0.5296120932687052,0.5682473710524145,0.451397723563722,0.4135300281485418
1514,3,0.55374,0,0.6827899490372709,0.7164943998313854,0.7474658982129192,0.6476621492093013,0.6126789124102063
1515,5,0.6766,0,0.657450087307604,0.6988554494971068,0.7358538246398609,0.6086556926372981,0.5496588825670331
1516,4,0.58356,0,0.5230931065844533,0.5627526594593804,0.6012227927828194,0.48251505540887346,0.44090087134267303
1517,4,0.783984,0,0.7048613955280773,0.7380951248293262,0.7682130357329101,0.6694040372084877,0.6322174923805816
1518,3,0.694764,0,0.561857237112438,0.6001940837579299,0.6370958243516713,0.5225716578721167,0.4839366867905661
1519,3,0.120582,0,0.31817968345949144,0.35396336129623424,0.3914673582330746,0.2857725932892254,0.25737480122398376
1520,3,0.631741,0,0.585617504654817,0.62181285103686,0.6562280558223272,0.5479636484314063,0.5091930240311469
1521,5,0.096062,0,0.197692486857071,0.22338320848671475,0.2520513001492018,0.17501979790267902,0.15522128878862684
1522,5,1.0,1,0.9999999220762202,0.9999999436085173,0.9999999564732412,0.9999998778135812,0.9999997717455983
1523,5,0.502641,0,0.33004752859652037,0.365565999444491,0.40280050658666017,0.29605296432011746,0.26354080142248293
1524,5,0.257511,0,0.25088639501774207,0.28176341081676953,0.3152542133040592,0.22296955796660023,0.1983236448172404
1525,3,0.487673,0,0.36161534531763173,0.4022480132696774,0.4441504751334113,0.32204262483670976,0.2829288028969912
1526,5,0.427098,0,0.5945269951488743,0.6318357609649329,0.6673277253206825,0.5557939956185387,0.5168414487134172
1527,1,0.244352,0,0.22350903770086183,0.2511465967144007,0.2808932885582164,0.1985662350569581,0.17698064173411532
1528,2,0.506528,0,0.30731863545226545,0.34251703254642213,0.3800984148292636,0.27396961779833445,0.24310097231673145
1529,3,0.75978,0,0.7219603111841514,0.7539551449266292,0.7827780904482806,0.6873504965712007,0.6501568537106184
1530,4,0.684884,0,0.6965236756011607,0.7288874224502028,0.7586523896980758,0.6617803583847163,0.6263276769451183
1531,2,0.063709,0,0.11680893611998268,0.1332797348094947,0.15176952262014887,0.10292127151029566,0.091891556274947
1532,5,0.484641,0,0.47559277271196415,0.5164220915761883,0.556881966532757,0.4342289613215421,0.3931378832817608
1533,1,0.652254,0,0.48379648540587367,0.5265509054383354,0.5694100211410802,0.4395778447616436,0.3939158254041188
1534,1,0.672275,0,0.48502599041539474,0.52449842161557,0.5630302112595177,0.4450171147888804,0.40631061255027084
1535,1,0.232406,0,0.1633654769980566,0.18455739915941352,0.2080596656455367,0.1448709279593945,0.1291337932888315
1536,4,0.772105,0,0.7513625468068976,0.7828491383976274,0.8107454009592463,0.7155214286318791,0.6739727833574541
1537,2,0.819032,0,0.8132634051099448,0.8390687812153883,0.8618067421507809,0.7828185128492244,0.7462524062078689
1538,1,0.367956,0,0.40154552937854426,0.439505461068697,0.47824719204341865,0.3648975463401018,0.33067328001411356
1539,2,0.837377,0,0.7325450036799971,0.7645867335058837,0.7938587537951362,0.6958795781499668,0.6528465313591852
1540,5,0.146087,0,0.23628822697509255,0.2676720471665611,0.30162041860638206,0.20739136800194008,0.18128048311425646
1541,4,0.937636,1,0.7759435810417842,0.8015897314519694,0.8244920328417817,0.7474163168396895,0.7161788057264343
1542,3,0.507055,0,0.45724830199872596,0.49936165139736605,0.5412410626879818,0.41630684650435046,0.37743808320361627
1543,2,0.210446,0,0.2784853637944866,0.3150477378305534,0.35474806779532003,0.24398824326615143,0.21124948572628677
1544,4,0.697101,0,0.4651042241014943,0.5060162115131259,0.546609565520593,0.42354802191551627,0.3812866605239966
1545,5,0.027569,0,0.07223389399737058,0.08348320010499838,0.09665961014117792,0.0629352913592621,0.05525581139502681
1546,3,0.259358,0,0.29173897771951535,0.3265246727085077,0.363226028616586,0.2600193767635065,0.23136412352840469
1547,5,0.220651,0,0.3076515688585953,0.3415834379935302,0.3778813312268312,0.27529955881437224,0.2445304318582814
1548,1,0.246764,0,0.32926947260968514,0.36276673937933923,0.3981501983628241,0.29804438524673854,0.2694623848239919
1549,5,0.060352,0,0.06860389593080682,0.08026298918020165,0.09380309616640015,0.05890204054248929,0.05090707540812836
1550,4,0.098868,0,0.14218349079155876,0.16126630455018257,0.18274279961676004,0.1258589743379838,0.1119595582514988
1551,1,0.782244,0,0.6162406137256741,0.6542432268907651,0.690457334007095,0.5762536654669036,0.5348235816123359
1552,2,0.425336,0,0.3987773936710579,0.4396919764030505,0.4819596063042483,0.3577531417494277,0.31598411559400674
1553,4,0.337499,0,0.20809234464685994,0.23375110623444478,0.26207485360963034,0.18466856594475747,0.16363938197324948
1554,1,0.793842,0,0.7527792740790396,0.7837086768238051,0.8110703113826035,0.7171670295076416,0.6765482176554923
1555,4,0.491947,0,0.4764722360080752,0.5154571298146025,0.5541458244232081,0.4390695029837301,0.40540723916974336
1556,5,0.5205,0,0.4256369182347695,0.464071185585626,0.5027521923719942,0.3880029531509198,0.3520092044114226
1557,3,0.430337,0,0.5737370541253256,0.6110828626337195,0.6472401671097352,0.5357391171350019,0.4982077972948373
1558,2,0.41886,0,0.4715590799015736,0.5121406573748766,0.5531530781601504,0.430658614257873,0.39054343201739816
1559,2,0.279948,0,0.16946785758128513,0.19204555823215969,0.21707709208549053,0.14943695807891444,0.13212619497730696
1560,5,0.685792,0,0.6125213732460293,0.6493287912611234,0.6837321575547425,0.5734429030915019,0.5322305201132064
1561,1,0.082252,0,0.056224299755353764,0.06466356937667206,0.07460559429954329,0.04912951619126456,0.04335038988655238
1562,5,0.346032,0,0.35625286447237425,0.3939030546380949,0.4329790249191808,0.3204795239834415,0.2872509554686353
1563,1,0.062304,0,0.10011806924102096,0.11434526732598457,0.13074452380788168,0.0880670232032292,0.07808357675574189
1564,5,0.465119,0,0.27289757717345403,0.30569287886811314,0.3411539814851222,0.24302983956767027,0.2165308587125598
1565,5,0.400949,0,0.3765586766760931,0.41347506378737603,0.4516239270379934,0.3416709941234926,0.3098368528243439
1566,4,0.07478,0,0.1433497063623324,0.16347661279840978,0.18617563259359948,0.1255116131044691,0.10950617201036353
1567,5,0.087453,0,0.06823119660795951,0.0793224936766593,0.09230189357313011,0.05919886382417574,0.051986471730046634
1568,1,0.464916,0,0.5114577405003972,0.5524151768168484,0.5923131572894758,0.4698092006156532,0.4283589035668853
1569,5,0.514016,0,0.4280978807918519,0.4658811680938404,0.5034848764044829,0.3919288779994078,0.3588912181517047
1570,2,0.99995,1,0.9997206924609853,0.9997748034898736,0.9998161278850272,0.9996410948577032,0.9995138603457794
1571,4,0.033901,0,0.1454104157956444,0.16589367032484767,0.18905268765773606,0.1278485583937396,0.11330961065481708
1572,3,0.441827,0,0.5859836402491364,0.6235583490103939,0.6591206946699644,0.5468083200218502,0.5057146077814654
1573,5,0.657097,0,0.48370341740909445,0.5215947806511514,0.5594469723507067,0.4451420852634754,0.405932363253534
1574,1,0.181948,0,0.23174411543023263,0.2605678907624667,0.29142885599728124,0.20559898894118328,0.18249229414969265
1575,1,0.999914,1,0.9997908716313643,0.9998327974083365,0.9998639542422547,0.9997259734502755,0.9996204781734146
1576,5,0.127723,0,0.2336578018488222,0.2625260646035721,0.2937965695471241,0.20840180159072275,0.18732657846844458
1577,4,0.234306,0,0.17417693611254673,0.1962616217239859,0.22072108193753812,0.1550546744857341,0.13863739680895643
1578,5,0.529337,0,0.5232443863405685,0.5617097866718226,0.5990923965004558,0.48493655346220105,0.44865974120435326
1579,5,0.508103,0,0.4376079741936144,0.47728538910724005,0.5173112927259814,0.3992209890443608,0.363096335108167
1580,2,0.192656,0,0.18008051309187742,0.20317342660108548,0.22846866361002727,0.1594478958357543,0.14116362146772798
1581,4,0.217658,0,0.24404200961899183,0.2742022706092617,0.3068612388036768,0.21734208377841063,0.1942361166062624
1582,2,0.083945,0,0.16933897486133373,0.19163898886028344,0.21618704582231035,0.15002172485486276,0.13372932265110554
1583,3,0.735637,0,0.640504227140533,0.6772189161262246,0.71128366222087,0.6020770465887502,0.5623929709912924
1584,5,0.242173,0,0.13620698278165047,0.15408846343963511,0.17478322737342994,0.1207219487805526,0.10738754800402163
1585,2,0.093783,0,0.17740693359052362,0.20184562938463813,0.22894863341840613,0.1566115450949479,0.13950825728658206
1586,3,0.556397,0,0.5026966687767074,0.542191940180049,0.5808260100178999,0.46383678383800225,0.42668440891593934
1587,4,0.181502,0,0.2574968580873992,0.2868928737637106,0.3185241325197131,0.23067171670224768,0.20679409422021527
1588,4,0.378016,0,0.3709911900528191,0.4100150912824876,0.45029934065720045,0.33260322688072247,0.29481552961577984
1589,3,0.997232,1,0.996125442664216,0.9968206294056983,0.9973558371957206,0.9952225539612821,0.9940221701317549
1590,1,0.357209,0,0.6885886054953358,0.7242001367978541,0.756854876011463,0.6487327233976485,0.6040628535416865
1591,5,0.05745,0,0.11125512938145825,0.1268701444869692,0.14476489258456518,0.09824767324910003,0.08766072699668331
1592,1,0.047238,0,0.07205201242004948,0.08365551098277661,0.09711229982734167,0.06221698396707552,0.05403444634091426
1593,3,0.151221,0,0.2782950858245368,0.30923378842714117,0.3416401779071372,0.2500412540599535,0.2251369583721688
1594,2,0.050752,0,0.043695172225849496,0.050625944870533866,0.05872543585328377,0.03791676663304024,0.03307272971825184
1595,5,0.799872,0,0.7896524762967694,0.8151833594116046,0.8376629258840705,0.7607994962111926,0.7290779945682022
1596,5,0.096431,0,0.11276256383397866,0.12766842159652758,0.14499038995163574,0.1000666555073368,0.0894342078711206
1597,1,0.99999,1,0.9998549431044024,0.9998835178212303,0.9999041049490467,0.9998106794451433,0.9997407635888136
1598,3,0.09711,0,0.13114315105359206,0.14961151577616366,0.17045550652587585,0.11511415641832859,0.10122951019105883
1599,2,0.151774,0,0.2709908399406459,0.30317116141804396,0.33764937996796685,0.24146722112788524,0.21486975951551193
1600,5,0.016253,0,0.03567417033730751,0.041123561167983394,0.04770287601750947,0.031306399332080445,0.027868759667074285
1601,1,0.068528,0,0.1020497682577488,0.11596223983481545,0.13172743275916937,0.09007598675921837,0.0799726362690716
1602,5,0.672571,0,0.5088298880226219,0.5480461287634789,0.5863985842361593,0.46988595818993467,0.4327376957487763
1603,4,0.427801,0,0.5945464728934238,0.6323185133064017,0.6682793928482974,0.5550839408716634,0.5151523962574903
1604,3,0.639257,0,0.7276776690299249,0.7585529087921937,0.7869851017800902,0.6936980283792875,0.6575128499719872
1605,4,0.439455,0,0.2910934412402478,0.3254926220359157,0.36223792957442436,0.259096288666368,0.2301137600629072
1606,1,0.034909,0,0.02120467116994362,0.02430537107160167,0.02803613228214964,0.01867843586544373,0.016656686335475398
1607,1,0.560179,0,0.5799653263195806,0.6205391329553861,0.6597102616151513,0.5365365643053492,0.49062080944286485
1608,4,0.07327,0,0.11889444526192669,0.13550775582888425,0.1545081098479051,0.104236251927051,0.09152208302741045
1609,4,0.413668,0,0.3478184710301612,0.38341633163262057,0.42045402009304156,0.3141544566890047,0.2828436286460503
1610,4,0.726223,0,0.6798805399403335,0.7130796417418541,0.74371672666483,0.644683178497582,0.6086265434190461
1611,4,0.328479,0,0.2239501229896934,0.25243313333036876,0.28362242577007746,0.19795969672509567,0.17458049113725255
1612,1,0.292874,0,0.435113690907813,0.47432253530478774,0.5137858322911248,0.3966939370971437,0.3597407566468363
1613,4,0.052566,0,0.08993290549114702,0.10328516054816637,0.11863552533071486,0.07869934206264928,0.06955921270270024
1614,4,0.130849,0,0.2633546152244724,0.29559703978228963,0.3302211728974038,0.23308718651872132,0.20403486672806415
1615,2,0.729101,0,0.5643670377300316,0.604944548116778,0.6443901282259106,0.5214094943528587,0.4755387438343298
1616,5,0.999874,1,0.9997286122849719,0.9997834095307847,0.999821647525667,0.9996411314522811,0.9994921204282105
1617,3,0.343291,0,0.23389164771208476,0.26323197425280725,0.2948097660158873,0.20734779382677404,0.1835105874272465
1618,3,0.122622,0,0.14972497096109266,0.17115818972890143,0.19517964278675473,0.13116862645817273,0.11550015564851215
1619,4,0.196212,0,0.1674884269542136,0.1915674864683382,0.2185490873193176,0.14676563971449033,0.12976135981765358
1620,2,0.049667,0,0.029670608098184444,0.034335384043999315,0.03981682955402275,0.02583967552736755,0.02272147838885347
1621,5,0.998845,1,0.9964123938783325,0.9970725396403461,0.9975529730620981,0.995454459606356,0.9940084909870451
1622,1,0.129583,0,0.20749754007446947,0.2340499142894959,0.26321230934735906,0.18390298373210487,0.16333638747877346
1623,5,0.280595,0,0.38406961945852,0.4186506231483372,0.45426226513618523,0.35134465304971474,0.3215592636181707
1624,1,0.03551,0,0.06523136782177724,0.07482724649090539,0.08618502406529421,0.057103281065511664,0.0503453658914421
1625,2,0.01353,0,0.04934932870996978,0.05672950711448973,0.06538889632535914,0.04317646055221617,0.03816654654419405
1626,5,0.535257,0,0.19965186954945607,0.22526528981715796,0.25349441370122017,0.177498636018612,0.15904479013234454
1627,2,0.840035,0,0.7681090881584007,0.7986999763247423,0.8263138557559048,0.731876965909074,0.6878266593778503
1628,4,0.788705,0,0.7839802145957695,0.8101762791848081,0.833367475109852,0.755314924080166,0.7250141079792863
1629,5,0.820868,0,0.8467244730962594,0.8677149001564248,0.8854730936737998,0.8213589207825817,0.7906049758772887
1630,5,0.335581,0,0.28892253187394434,0.32065517023165135,0.35461463196183096,0.2599455508995513,0.2341871007635419
1631,5,0.999243,1,0.9988146615330902,0.9990391878583368,0.9992014734736148,0.9984741935203139,0.9979318599130496
1632,4,0.546633,0,0.5557987788991576,0.5936624130836661,0.6301095600949689,0.517872222315268,0.48185537194981876
1633,1,0.077843,0,0.1457453316545296,0.16534327613825003,0.1873108767710288,0.128792488062986,0.1145326790656016
1634,2,0.094222,0,0.13417708307309245,0.15267049192935198,0.17331948371797115,0.11798764984082959,0.10383622364376245
1635,2,0.016061,0,0.034017181187926016,0.03942629345723851,0.04577975070529326,0.029568249317569996,0.02603257417612335
1636,2,0.540127,0,0.48122555856116916,0.521034203440727,0.5606533769081233,0.4408794967290228,0.40115787534524644
1637,3,0.402584,0,0.44330217937369876,0.4811483098550502,0.5189318060501141,0.4063809058210761,0.3706510296166789
1638,3,0.114146,0,0.06808711207063528,0.07835507540162363,0.0902638069960473,0.059636216571239416,0.05293309324270098
1639,2,0.132283,0,0.23517143752422,0.26282704948602986,0.29275976184190866,0.21033734954821692,0.18854294694423762
1640,5,0.996325,1,0.9945548417568265,0.9954924367113419,0.9961949599199214,0.9932696963558534,0.9915124260722576
1641,1,0.810735,0,0.707709566149062,0.742347813767486,0.7735609599660993,0.6694378632746488,0.6280359048841707
1642,2,0.8187,0,0.8108494854484259,0.8345062924616377,0.8554263720100563,0.7834586471148618,0.7515702236846061
1643,3,0.110559,0,0.3228051401114049,0.35667578854059206,0.39263965974989345,0.29017080150231783,0.2590162413061263
1644,2,0.170479,0,0.2315179858406187,0.2596459563354882,0.2899429026359923,0.20642420206443196,0.18444073994686544
1645,2,0.287187,0,0.30637749777808504,0.34077724068643334,0.3773168561539782,0.2743804859538075,0.24560181941945158
1646,4,0.092866,0,0.30124778905041155,0.3359719119024851,0.3724991866249757,0.2705346174721566,0.24505317781170605
1647,3,0.193299,0,0.3132488377778708,0.34975020148790004,0.3891072470940545,0.27952007547539537,0.2493623044833246
1648,2,0.251443,0,0.3910303941504764,0.4282620330861926,0.46623584884071223,0.3551619625654722,0.3218021257381465
1649,5,0.928071,1,0.9527049218578031,0.9598242683421639,0.965545170569723,0.9434800530195092,0.9313932537210492
1650,1,0.998516,1,0.9981358203205639,0.9984743645492672,0.9987300697999233,0.9976567915368186,0.9969777707244714
1651,3,0.046456,0,0.1132872351535869,0.12876626022133875,0.14630326102983024,0.09989352877841765,0.08899567791042443
1652,2,0.991353,1,0.9911844816697815,0.9925776643999089,0.9937024213157495,0.9894117948724869,0.9872186727617516
1653,2,0.032692,0,0.11667529032838686,0.13369232686551605,0.15308468757882218,0.1021689189359424,0.08991594556452952
1654,4,0.615966,0,0.5149269319187563,0.5558745859825349,0.5956504032286797,0.47480712989384843,0.43642921450720273
1655,3,0.539015,0,0.439532732701663,0.4788094437721173,0.5183966808801838,0.40189741686165953,0.3675214634458966
1656,5,0.085831,0,0.08143170909027182,0.09379561336373754,0.10838011852836073,0.07082581468456671,0.06157042228383707
1657,2,0.995114,1,0.9931352068908079,0.9942960199179287,0.9952320319063465,0.991569608356723,0.9893700833619582
1658,5,0.279916,0,0.44920788567246933,0.48942123007283433,0.5293419365493915,0.41025655811498146,0.3738241263932807
1659,4,0.389941,0,0.23629209949635477,0.26566303133445185,0.29768956606380137,0.20885199986536881,0.18310255080908433
1660,2,0.054237,0,0.10080260591810107,0.115323160967239,0.1317451250382341,0.08857776764080895,0.07859674042325138
1661,5,0.993582,1,0.9899368620049804,0.9916382585428779,0.992910010211223,0.9876473770341513,0.98456975537987
1662,2,0.048192,0,0.07363243176334291,0.08498310216878831,0.09824142711511746,0.06401023901135314,0.05588863394051297
1663,2,0.52413,0,0.35732803656369877,0.3945594837538165,0.43317797033727157,0.3218284749455496,0.2881491389206185
1664,3,0.118474,0,0.09220884279204919,0.10615518930517948,0.12217879044608353,0.0804598409789019,0.07057882897044453
1665,4,0.845947,0,0.6200532763451818,0.657577761852688,0.6927205742809677,0.5819009591272276,0.5448913485120621
1666,3,0.592883,0,0.5409227649995235,0.5821693974936046,0.6224321861572778,0.4982778754328279,0.45380526993841697
1667,4,0.660434,0,0.6077547700880586,0.6478824891060571,0.6856267170851829,0.5645056002166916,0.5182494303043426
1668,2,0.520797,0,0.4102026216597766,0.45105973121938203,0.49250413538511817,0.37031144887586276,0.3317227796290053
1669,5,0.25376,0,0.17015498344648267,0.1938708148117521,0.2206315505306101,0.14921435561280613,0.13082482185397537
1670,2,0.333371,0,0.4047104336259141,0.44189829979004497,0.47940955802511115,0.36913416431571083,0.33577144284690985
1671,4,0.142339,0,0.17941969679668382,0.20287234369394977,0.22889847501687483,0.15856066570499455,0.14012458895626523
1672,5,0.033868,0,0.05529756198989891,0.06345313641780176,0.0733140000990418,0.04858428818038782,0.043021031321348
1673,4,0.708557,0,0.5480521467017414,0.5869902229880536,0.6245650701585561,0.5080678078048255,0.4674585145287059
1674,5,0.117847,0,0.06230507929004107,0.0710483974138739,0.08142342800181249,0.05518726256707252,0.049572429744990244
1675,3,0.990883,1,0.9888570152891724,0.9907604954354895,0.9922906038918812,0.986262669611864,0.9824396518540628
1676,4,0.496325,0,0.22654757303496767,0.25622782911778885,0.2886583665747896,0.19956594927751076,0.17505476791531016
1677,1,0.212863,0,0.35950737833999896,0.3931863634924819,0.4282572116273179,0.3277553363157745,0.29875534477620763
1678,4,0.38053,0,0.32287305090386653,0.35872157730953347,0.3964070849430068,0.2898619255631755,0.2604747759034999
1679,5,0.461622,0,0.3710031130148726,0.40869432659248395,0.44733306344380513,0.33555669101024727,0.3034618522955062
1680,1,0.317826,0,0.2843615541033586,0.31814096041517875,0.35402423854208404,0.2523648976814282,0.22261843264900952
1681,2,0.030139,0,0.051283188971015144,0.05891175732669143,0.06778412375253294,0.04490630166874753,0.03979082012401581
1682,2,0.17455,0,0.2077088661302348,0.23288033290556168,0.260087722612994,0.18506296548299858,0.16523234432689898
1683,4,0.714027,0,0.5176949606193924,0.5562677112981971,0.5939542453118538,0.47796815835516293,0.436840137905537
1684,1,0.610846,0,0.31103585139100265,0.3445437932400783,0.3799493854307542,0.2793766896534652,0.25004667959130383
1685,3,0.209064,0,0.31894515907798715,0.35381859522777975,0.390575548838279,0.2861876706263518,0.2554197594915292
1686,3,0.076524,0,0.11098874196852994,0.12786695787859434,0.14730469278271566,0.0963905700226282,0.08359174953218511
1687,4,0.999773,1,0.9996731910158199,0.999736608100039,0.9997837525728925,0.999583220062622,0.999452010600709
1688,4,0.990665,1,0.978996694670301,0.9824151355356329,0.9851546759115268,0.9749191381454083,0.970418586082963
1689,3,0.48438,0,0.6180477379574338,0.6578425821457079,0.6955761434372607,0.576127535593092,0.5316719964301495
1690,1,0.996485,1,0.9939664901914481,0.9949939447845947,0.9958007121132233,0.9925334788219525,0.9904923762703072
1691,3,0.483283,0,0.4188547261400656,0.45654352840975454,0.4954294862549127,0.3815449345911767,0.34513975714994627
1692,1,0.263869,0,0.44218187242800366,0.4805073072780192,0.5190010818365781,0.4052193904380612,0.37079937197632623
1693,2,0.42703,0,0.5251059686331032,0.5636476154667307,0.6018279270056451,0.48593938465250114,0.44677549813084705
1694,3,0.507312,0,0.339017238268555,0.3735971200272001,0.4096375902847452,0.3066160298830918,0.27768720046783657
1695,1,0.401411,0,0.437915268545212,0.474888148733567,0.5128800288363767,0.4025658359162817,0.3696945072944887
1696,4,0.443633,0,0.49101576986175666,0.5315456925994726,0.5714102209255985,0.44978819898959493,0.40788973415629676
1697,5,0.68193,0,0.7475844940018064,0.778278464638613,0.80545346204113,0.7128896195641221,0.6740917329771916
1698,3,0.840488,0,0.8601343895946495,0.8804577601117459,0.8976803161196116,0.8358951941935603,0.8058474594147803
1699,1,0.882648,1,0.8225363968644424,0.8475330800155033,0.8689394004834429,0.7928062299035712,0.7577645799957113
1700,2,0.169207,0,0.31373694373896355,0.347442501800268,0.38283043442718717,0.2823875826929645,0.2537616190536909
1701,3,0.608951,0,0.6147879112134856,0.6553577347089717,0.694245257425229,0.5709104397534949,0.5224611619246038
1702,3,0.554437,0,0.48741412475080376,0.5260613050508591,0.5648453038529815,0.4490314205413445,0.4119562445817274
1703,2,0.415363,0,0.4870266374893452,0.5264144109650034,0.5652613257621707,0.4477711981449124,0.4087958270531225
1704,3,0.098957,0,0.13967571509335225,0.16018446846804965,0.18334202338979536,0.12202267685154705,0.10696274525569588
1705,2,0.230043,0,0.3308746789191585,0.36495489935926373,0.4003066180299364,0.2991913428439871,0.27074251795986604
1706,4,0.240089,0,0.272412276037492,0.3042422608789737,0.33846893928162197,0.24309216813486978,0.2171015118423504
1707,1,0.285286,0,0.41222576877729805,0.45029940361242365,0.488327246956257,0.3749601364116136,0.3396729982099115
1708,4,0.553706,0,0.5279589946859774,0.5669882517102602,0.6048137875440156,0.48870394410080137,0.4500009285999834
1709,5,0.266096,0,0.334161351173622,0.37082203387094415,0.40912158962593503,0.2998307557453357,0.268291555993343
1710,4,0.228734,0,0.3237037773883397,0.35726837529752486,0.3925226628806028,0.2923606435446312,0.2636984154973298
1711,3,0.184593,0,0.2702197506177741,0.303653569645947,0.3392858427344983,0.24062467883090835,0.21544023997048903
1712,3,0.327594,0,0.21688331912487993,0.24556281491073845,0.2772024301588225,0.19165459397464202,0.1699497514900793
1713,1,0.6158,0,0.6754756068773428,0.712900890818502,0.7473701414982897,0.6332469296564794,0.5854680401899396
1714,3,0.41122,0,0.48776833829036537,0.5279475472093047,0.5674949815326651,0.4480636104892681,0.40940969343424993
1715,1,0.765457,0,0.918932890736603,0.9314515894324497,0.9418448446501789,0.9028093371560553,0.882041054181689
1716,2,0.292112,0,0.2451093777931091,0.2745549947371192,0.30594068504230254,0.2193033390763411,0.19754715161978423
1717,1,0.390941,0,0.26871240441972005,0.3027580596789,0.3388502403003985,0.23732335137501917,0.20885182429318613
1718,1,0.223822,0,0.3855614818706538,0.42478700437606215,0.46436447606543985,0.3478992540957242,0.31308392871990604
1719,2,0.086091,0,0.113794298507594,0.12987105449018654,0.14828389043859957,0.09988668953289524,0.08809288243664302
1720,3,0.493842,0,0.5509847994439109,0.5882335079135229,0.624280720415897,0.5133708694890111,0.47653783378825487
1721,4,0.99995,1,0.9997549092718881,0.9998029030940431,0.9998384165392984,0.9996853153716068,0.9995796190672855
1722,4,0.689777,0,0.34108220777881176,0.3763622633268914,0.41298064934613277,0.30835225987390785,0.2786063285538873
1723,4,0.359064,0,0.2275738367630322,0.25516506980888265,0.2852920757680488,0.20261446552993814,0.18033112835412407
1724,4,0.692921,0,0.40196103350316015,0.44126815420890125,0.48134703932870376,0.3618680572050657,0.3200151898490238
1725,3,0.544377,0,0.37132261073116907,0.40797636534985443,0.446213325904497,0.3365238591916231,0.3051491094785128
1726,2,0.323587,0,0.26085686578552447,0.294351769793381,0.3309707244087711,0.22987125173376644,0.20113033351568005
1727,1,0.724424,0,0.5770654214963732,0.6147253663585184,0.6506404388188632,0.538400197689574,0.5000288552639942
1728,1,0.470021,0,0.8726158213303518,0.8914791695727328,0.9075177516989867,0.8488453396177058,0.8180703605626385
1729,4,0.131269,0,0.19682164256967422,0.22274152093682853,0.2513154320659172,0.17451878083981487,0.15580277854018837
1730,1,0.207991,0,0.14262582604193033,0.16202180763823285,0.1836886718533396,0.12566440193438244,0.11146035567965526
1731,4,0.610134,0,0.46492961875491606,0.5059048278872277,0.5466197976133125,0.423504333857363,0.3817261160381054
1732,5,0.676274,0,0.433989392506566,0.4708228818472736,0.5081561960215003,0.3980297300843941,0.36371794986990025
1733,4,0.158287,0,0.2417288804214505,0.27189429507986707,0.3045114422932483,0.21446279444519836,0.18987276851910959
1734,5,0.027403,0,0.020820788921765,0.024055139026699382,0.028028702404814282,0.01822995666128559,0.016138481684115826
1735,5,0.999553,1,0.9993950926165479,0.9995122308099677,0.9995957404742276,0.9992194601089889,0.9989483668762004
1736,4,0.869717,1,0.9204462626205477,0.9324684286282351,0.9424372963731648,0.9058584356279444,0.8880453969745138
1737,5,0.245581,0,0.30457257692124945,0.33918138130133335,0.37527929801316656,0.2729418379645622,0.2450231738957407
1738,3,0.804501,0,0.7919052654523577,0.8194640739368225,0.8440237787323803,0.7595612491691772,0.7196305632062765
1739,4,0.996018,1,0.9900376227855898,0.9917312805095864,0.9930626847434182,0.9878260814448164,0.984882386950556
1740,5,0.409113,0,0.3199203306138195,0.35880762156848056,0.39919581754212036,0.2829028795851149,0.24803828759875
1741,4,0.835815,0,0.8280951972259706,0.8519856955050762,0.8724851345989094,0.7986285435200267,0.7599461239299992
1742,5,0.934322,1,0.9235835999942712,0.9344050320271677,0.9433222923567718,0.9103799836893458,0.894617810611517
1743,3,0.580086,0,0.788894809713645,0.8163851815138102,0.8406998824079274,0.7571661842898083,0.7197275464024283
1744,2,0.57463,0,0.5743091239538406,0.6134768888146716,0.6515653951556629,0.5335960442440372,0.492442118116752
1745,2,0.767035,0,0.6972047945857386,0.7325269842130427,0.7652436673313616,0.6578658651907534,0.6140688230145764
1746,5,0.24309,0,0.27338267352041157,0.30344092592778216,0.3357590260532093,0.2461513928438869,0.22206566676598866
1747,2,0.999728,1,0.9995669448331956,0.9996494663855313,0.9997128100210583,0.9994479554513883,0.9992639726351347
1748,1,0.022164,0,0.037933104089768584,0.04325422391905165,0.04955499658313669,0.03354225604958893,0.0299969097299586
1749,3,0.999805,1,0.9990305609814231,0.9992105217435973,0.9993497797554424,0.9987850267501239,0.9984371481956112
1750,1,0.243418,0,0.3061906638629403,0.3400180383000585,0.3752730118646577,0.2749570883578994,0.2471789959570431
1751,5,0.467409,0,0.5968555990355388,0.6353196985525846,0.6712855079375122,0.5568150343441848,0.5164942566114247
1752,4,0.994372,1,0.9706316524184984,0.9752662016980059,0.9790179333834971,0.9650191542551932,0.958552289083343
1753,5,0.617737,0,0.7314764178345273,0.7611468507094158,0.7879413455647702,0.6988698577025176,0.664216077550373
1754,4,0.84824,0,0.8861285520332901,0.90276354865643,0.9167515837246288,0.8661269510784856,0.841659931022004
1755,5,0.401726,0,0.3845559771158705,0.42191465188590443,0.4597855856060522,0.34997502492737315,0.3197828986517078
1756,5,0.017504,0,0.05279917469389457,0.060675833177278204,0.07022394608824775,0.04631327444833653,0.04089858888703426
1757,3,0.356597,0,0.4612833115615217,0.5000067295907326,0.5390122544096364,0.4233956813528269,0.38735922302754106
1758,3,0.705389,0,0.6330285775059127,0.6683723611244315,0.7020975018287507,0.5960349379341843,0.558650626985478
1759,1,0.99997,1,0.9999336432254939,0.9999473635654961,0.9999572743868285,0.9999119454384772,0.999876234577489
1760,1,0.265648,0,0.24266862686737758,0.27279894538244237,0.30506513920552936,0.21525016196534633,0.19139304003213214
1761,3,0.544641,0,0.4225670779160627,0.46109423707875147,0.499914043383415,0.3852940108971043,0.3494001524597644
1762,3,0.2988,0,0.47783890704893145,0.5149027630693879,0.5514382076225457,0.4412413520964124,0.40638693447239715
1763,3,0.461023,0,0.5836716638149223,0.621732693665055,0.6584678439428876,0.5450595319782374,0.5077779477941143
1764,5,0.283096,0,0.29077591302717865,0.3245557975412532,0.36035858442565805,0.259902096482732,0.23237228492526002
1765,2,0.092987,0,0.20390990124414057,0.22851578143335827,0.25519284049288615,0.182089333603995,0.1631451865029556
1766,2,0.999781,1,0.9991361585693058,0.9993022909295121,0.9994318438060442,0.9988920424720967,0.9984957144115635
1767,3,0.069207,0,0.068055822358672,0.07834462503793124,0.09025398007174887,0.05941843417503808,0.052213839781511125
1768,4,0.604842,0,0.5574001498983192,0.5948631731222018,0.6309260606780834,0.5189768816968305,0.4796950579911301
1769,1,0.370531,0,0.30964282159547035,0.34378975201599704,0.3794527433126793,0.2780641764097346,0.25018948196514373
1770,2,0.155171,0,0.24658139456013015,0.27701622024864786,0.30957600781003974,0.21864149782789125,0.19267881388081765
1771,1,0.078661,0,0.19049575572834387,0.21553400606261763,0.24297157062340427,0.1684779965543006,0.14962840220665213
1772,2,0.359052,0,0.217476962831543,0.24697612288179877,0.27945815081203157,0.1911295168969769,0.16809441070615383
1773,3,0.063242,0,0.10464423651081217,0.11988977148083131,0.1375217375619874,0.09149365880107616,0.08026501057193813
1774,2,0.680963,0,0.585420295268349,0.6249175648237726,0.6632122328390345,0.5444645528399265,0.5033338954729849
1775,5,0.984537,1,0.9920276236567475,0.993370851916357,0.994384497324284,0.9902538527165571,0.9879759427598094
1776,4,0.999546,1,0.9986476547875609,0.9988985374219322,0.9990892752968873,0.998317966206441,0.9978996373689932
1777,3,0.0269,0,0.05716276374139307,0.06595776532472696,0.07618045618526548,0.04986604861021948,0.043848327502666304
1778,4,0.289974,0,0.25368937510702083,0.2854876169272981,0.31982406274125835,0.2250825434669371,0.20039679727079274
1779,2,0.124169,0,0.11502091335497165,0.13184846413038767,0.15126686887444016,0.10065421730552931,0.08881566311893388
1780,4,0.404946,0,0.4895988195266003,0.5287417826662075,0.5672965641597213,0.4494360295275639,0.40752561797037007
1781,1,0.343027,0,0.4920946236992198,0.5315960190532356,0.5700054709758136,0.45288115295277015,0.4157888940888192
1782,1,0.149688,0,0.11752466018293883,0.13371602729249996,0.15221449314545998,0.10339728178473827,0.09113631899223523
1783,1,0.118946,0,0.30196748616162,0.33574263935235243,0.3715893404691165,0.27065713481198894,0.2422768539428959
1784,2,0.609217,0,0.721025407915386,0.7545367965649611,0.7848287566457205,0.6833236333992899,0.6406973562278621
1785,3,0.449984,0,0.5195082822952981,0.5593500034156639,0.5986807467400834,0.4783304888310795,0.43621890934650803
1786,3,0.425422,0,0.37376257584791384,0.4110414300619967,0.4490422661584902,0.33735265344739657,0.302367256728335
1787,4,0.010233,0,0.03772278378800371,0.04376576998936523,0.050974130150945644,0.0327162405651043,0.028753468020293483
1788,4,0.780348,0,0.8859582894303523,0.9024425436342857,0.9163000493063305,0.8660792848983537,0.8413114985074445
1789,1,0.264184,0,0.499196111081949,0.5390805624718736,0.5778711429202077,0.45984342340445833,0.42271456381265593
1790,4,0.066807,0,0.08940097992579117,0.10211540613838636,0.11688310216075345,0.07847624143025762,0.06918822894938896
1791,1,0.991171,1,0.9910385101734497,0.9925005972506048,0.993630300439832,0.989068590780378,0.9864657041727476
1792,1,0.848796,0,0.7064467863089408,0.7394004183307867,0.769342206769157,0.66925119412479,0.627929089465255
1793,2,0.900392,1,0.860310654157931,0.8801922012169658,0.897403205206335,0.8361116219657017,0.8053139873792304
1794,4,0.659678,0,0.5768626752281484,0.6219153673255624,0.6642941837449824,0.5279832515894075,0.47491103243930033
1795,5,0.753528,0,0.5805961198861204,0.6170532870409046,0.6517460890154383,0.5439487299392346,0.5089614837380282
1796,1,0.166532,0,0.2194896058874577,0.24642169466922176,0.27538421013477676,0.19540685622118376,0.17468290850335863
1797,5,0.974174,1,0.9848911971959178,0.9873272428923703,0.9891922546073172,0.9818100749999817,0.9781138217865039
1798,3,0.453642,0,0.3443373891455772,0.3803968290228915,0.4181702655001688,0.31077999481767415,0.280620372596923
1799,3,0.142619,0,0.17901163868922237,0.20155287917913195,0.2262772514948452,0.1589721558469815,0.14134567483793273
1800,5,0.999999,1,0.9999913092863717,0.9999933182492418,0.9999946303257021,0.9999878603760873,0.9999815081685933
1801,1,0.161837,0,0.20775114659687788,0.2348536691923649,0.26423780403305147,0.1833563996517061,0.16183708163069938
1802,5,0.033066,0,0.03912900528866248,0.0451062494546444,0.052323080623064885,0.03426669155911632,0.030315538820073987
1803,1,0.199931,0,0.2057991366610836,0.229918237932016,0.256511115846531,0.18436008826912603,0.16576632796683488
1804,1,0.212747,0,0.46233325327675,0.503276799186555,0.5436645846225887,0.4219152600585445,0.38332388416020585
1805,5,0.284158,0,0.30036213494402614,0.3347357191957866,0.3710967500895303,0.2685163341057289,0.23954076167432553
1806,1,0.711035,0,0.6650818159654207,0.7018548538620982,0.735980614320499,0.6252569767055635,0.582878894403609
1807,4,0.019254,0,0.09955528062833596,0.11362102765554095,0.12982033287847755,0.0875263653578849,0.07735626861025821
1808,2,0.346545,0,0.41325281333337455,0.45099450170754984,0.4889904385050677,0.3768913920269606,0.3427074420778238
1809,5,0.258087,0,0.27059810990591604,0.30342738836192684,0.33879987328768985,0.24057526145739033,0.21373840257790158
1810,5,0.118285,0,0.12739348695555106,0.1446379765009664,0.16430011016829177,0.11279981688301628,0.10073760608079448
1811,2,0.999537,1,0.9992664738903209,0.9993974580991125,0.9994988552672697,0.9990850782189419,0.9988256610628798
1812,1,0.138152,0,0.18646616218374704,0.21045637055060218,0.23683844749560307,0.1650316804028796,0.14623071568196627
1813,1,0.590475,0,0.45876235772906787,0.49973155963549526,0.5403117374931701,0.41818595686714677,0.37916310666649045
1814,4,0.425223,0,0.35932072553279937,0.39706679025779806,0.43620613500285454,0.32389973829739344,0.29216957341327376
1815,5,0.97925,1,0.9380342890468253,0.9469938046135682,0.9542990297191077,0.9270119043488763,0.9137908585331641
1816,1,0.390002,0,0.4858855862138542,0.525918945490004,0.564739563155867,0.44602794385471745,0.40804664475929
1817,5,0.468621,0,0.520221153302455,0.5593482902826261,0.597297696164546,0.4806329964467539,0.44166922798240965
1818,1,0.865213,1,0.9366413198448201,0.9467953326415706,0.9550959529188738,0.9237512168108672,0.9073207060007887
1819,2,0.347911,0,0.4639411450927751,0.5051509391550127,0.5468506264309235,0.4226847996919193,0.3818364474763443
1820,1,0.180246,0,0.30129940384125886,0.3346005434376343,0.3698952662769077,0.2709368655860134,0.24406293433166706
1821,1,0.320929,0,0.28811185221926744,0.31888744448754297,0.35172864640950224,0.2596411254905114,0.2338042869176374
1822,3,0.591184,0,0.5276235175803626,0.5680395471206844,0.6074572920593145,0.48700114718553084,0.4474388466404015
1823,4,0.814928,0,0.6306670086645146,0.6687341971713494,0.7042382489042985,0.5900785169124447,0.5471681332052322
1824,5,0.780387,0,0.8741546680602456,0.8917494896377307,0.9064434892315488,0.8527026085535573,0.8267320267610604
1825,3,0.12434,0,0.11355516764493484,0.13034203706552122,0.14980903347909066,0.09929420094005591,0.08747665691126916
1826,1,0.002646,0,0.003818583077867056,0.00442111884245256,0.0051688499997387645,0.003335466889567938,0.002978692912361686
1827,5,0.243336,0,0.22297751564124932,0.2502222106742284,0.28015462532922925,0.1986952798858499,0.17767223892176073
1828,4,0.1248,0,0.30026884017824196,0.33263847364873905,0.36679974878855154,0.27059876132584837,0.24365339109061787
1829,4,0.357655,0,0.355539526201086,0.3930108656235111,0.431892186186474,0.31890687915962146,0.2831501186338718
1830,1,0.247759,0,0.26436542883875863,0.29485104335541984,0.32743793562989865,0.23640054615958173,0.2114567302561521
1831,4,0.183188,0,0.29832120931582123,0.3312917858294066,0.366182259992229,0.26808477959202903,0.2405934551875159
1832,5,0.132816,0,0.17712570701254254,0.20009288584364035,0.22583876854651824,0.15686666522634057,0.13898101207886193
1833,4,0.265041,0,0.15473693379239725,0.1753487582896763,0.19860262364387188,0.13651707435706473,0.1206652690263185
1834,2,0.614661,0,0.614947167839643,0.6514708240988323,0.686250877454995,0.5764636948766193,0.5373811498594083
1835,5,0.890076,1,0.9879075082911661,0.990025907116537,0.9916298745707361,0.9848980918420357,0.9804304827100149
1836,5,0.067675,0,0.16192210707866056,0.18353766470528088,0.2078002878805683,0.14334914159182638,0.12787458187474568
1837,1,0.304355,0,0.2938933266747733,0.3284239155870324,0.3649121102368135,0.2622565753250002,0.23418789197446704
1838,5,0.551462,0,0.49661994091034,0.5382391827753897,0.5786817794902891,0.45458969114273895,0.4130004151295765
1839,3,0.350622,0,0.2942019222778657,0.327887786067221,0.36409681434321584,0.2633273397155884,0.23565766336518934
1840,2,0.462575,0,0.5193335674695886,0.5578313032403084,0.595292094524365,0.481242395798218,0.4451193250965648
1841,5,0.442949,0,0.4115030619654241,0.4524102486480636,0.49356306382036075,0.3706229632811141,0.3296936785630492
1842,3,0.010838,0,0.0680494833312735,0.0781542848009024,0.090003337574264,0.05943116130334368,0.05222703269643192
1843,2,0.170336,0,0.18891863214873678,0.21503726484848765,0.2438708329773093,0.16540448545872935,0.14384906209921897
1844,4,0.999956,1,0.9996549885097185,0.9997226183056984,0.999772699601563,0.9995559726343197,0.9994009792685971
1845,4,0.13975,0,0.19768271454482494,0.22491278140195958,0.2550898792096852,0.17338427935627493,0.1518234797989022
1846,4,0.592717,0,0.4866658436071043,0.5265972394629497,0.5659568134016165,0.44633554875766496,0.405356311271396
1847,2,0.270584,0,0.250302423269198,0.280357928282767,0.3130186893658758,0.22329323688147698,0.19986509749157425
1848,4,0.083613,0,0.14223476122289283,0.16190307490212572,0.18420504248293287,0.12482768763282207,0.10942970499405756
1849,3,0.99812,1,0.9963393204815144,0.9969861275339739,0.9974939329361933,0.9954961653198092,0.994383222432016
1850,2,0.191173,0,0.30252276601575157,0.33637824971724184,0.37217979621210656,0.27120100917434364,0.24337834890146062
1851,4,0.288282,0,0.395701104351756,0.4360955043357396,0.4773284958201547,0.3543786766479859,0.3109238870211001
1852,3,0.269502,0,0.3085740698691041,0.34209548225020175,0.37789694883004793,0.2770468022491339,0.24798537916057856
1853,3,0.626616,0,0.7019979797225628,0.7362422479353488,0.7679498785210197,0.6642972169733496,0.6231094956086014
1854,1,0.999906,1,0.9998759174524136,0.9999013546082332,0.9999201954721758,0.9998357624055717,0.9997685201260994
1855,1,0.99813,1,0.9950908383633177,0.9959476016291634,0.9966092829256793,0.9938879948838923,0.9921783176763496
1856,3,0.622515,0,0.9641426713520074,0.969976363652516,0.974777433935308,0.9564662706293054,0.9456015711224883
1857,1,0.188126,0,0.15811988932764984,0.1811842473280837,0.20724351748561964,0.13747938618272476,0.1189563012320726
1858,5,0.180184,0,0.18111218595870976,0.2035259942026144,0.22884853824706416,0.16137278810348202,0.1442064173263694
1859,2,0.290069,0,0.6395506840375086,0.6758986963590887,0.7099591316009218,0.6015864890627192,0.5631258415553985
1860,3,0.474737,0,0.3094739740905244,0.3437886404205542,0.37974975286414836,0.27821434781039533,0.2504644729508972
1861,5,0.895304,1,0.911565809054799,0.9254778690949264,0.9367689600424544,0.8932417548478278,0.8680531103310565
1862,3,0.030441,0,0.07621000751876976,0.0877539007190298,0.10104058832020164,0.06632417755436765,0.05785236718193924
1863,5,0.16546,0,0.21198114538677548,0.23713610721341385,0.26504963176775137,0.18968762444060572,0.17017332592467282
1864,3,0.674302,0,0.6568371344593056,0.6929552914840451,0.7270156777838626,0.618705541603404,0.5793443480266425
1865,1,0.530017,0,0.31451659036083535,0.3491626732172539,0.38551240360743505,0.2814237805835948,0.25022722910703904
1866,3,0.531242,0,0.45737013739570487,0.4975586204043239,0.5379289585633523,0.41788015098148745,0.37906829615221294
1867,2,0.26083,0,0.23476523736542168,0.2634860111420695,0.29492802115871364,0.20828944847524192,0.1845246538876864
1868,3,0.439091,0,0.5155948912733825,0.5562600207176557,0.5961268292482895,0.4759959270717507,0.43888341789133223
1869,3,0.546884,0,0.4511054968336984,0.49177127344467997,0.5322699670502266,0.4117495492469249,0.37424650916419866
1870,4,0.495916,0,0.6869566970528537,0.7226023596514171,0.7552074939445317,0.6476985110691261,0.6050895961127387
1871,4,0.287704,0,0.22615866637903412,0.2548612108886294,0.28597657805106497,0.20106508211140292,0.18008803915711072
1872,4,0.288969,0,0.3913488394354088,0.42872049371670784,0.4669215531456267,0.35509633888892944,0.3199878616823561
1873,3,0.367987,0,0.39220828965391474,0.4290196985268791,0.46688256276784595,0.356315457446153,0.3223895783409049
1874,3,0.99798,1,0.9861328463079932,0.9883646717043721,0.9901788483131665,0.9833621086699987,0.9800235516504587
1875,2,0.356836,0,0.36997392483249536,0.40868719050829705,0.44912860933220583,0.33369565865847867,0.300610655520121
1876,2,0.691044,0,0.7150048381127931,0.7477747922178148,0.7780789915658325,0.6786951163066611,0.6390391149548453
1877,3,0.151198,0,0.17876638410844795,0.20346865696423028,0.23099079883647766,0.1566117093607971,0.1364298432102949
1878,5,0.25234,0,0.21227731758433993,0.23751953483401173,0.26557203218469516,0.18995195594900155,0.17046514842718727
1879,1,0.998111,1,0.9959745330018397,0.996659028681058,0.9971921078974627,0.9949926915053994,0.9935447558069649
1880,3,0.98688,1,0.989635806231775,0.991346796136889,0.992698555208911,0.9875594961691246,0.9851677518734798
1881,3,0.219035,0,0.482626930419154,0.5205012214753192,0.5585639573032329,0.4445826149517995,0.40744336659308156
1882,4,0.314367,0,0.24206749632158364,0.2723348320077162,0.3051331266344953,0.21403623251207585,0.1883311825738281
1883,4,0.045474,0,0.05692259244764824,0.0659140395426359,0.07650759882744038,0.049386520783224835,0.042957753757747484
1884,1,0.996448,1,0.9932810338594885,0.994437708746423,0.9953547627529175,0.9916544116894658,0.9892796380425033
1885,5,0.644246,0,0.6333674680525295,0.6667599794462609,0.698223827786289,0.5985343530186747,0.5637993190651988
1886,4,0.143328,0,0.11029328670260967,0.1276657647067357,0.1475970795897198,0.09475435686895495,0.08076044782323942
1887,5,0.616376,0,0.4507336621137853,0.48871868878633995,0.5271302042371028,0.4130113142584406,0.3758822300314231
1888,2,0.15698,0,0.2385028333451681,0.2728757320891497,0.3107231837769604,0.2072611465301513,0.17837948034818055
1889,2,0.293824,0,0.40772294974512646,0.44676142403115376,0.4862236301606732,0.36961475043626457,0.33306789005475745
1890,1,0.07933,0,0.1496996730926464,0.16896393361800557,0.19044467203110155,0.13281424095060287,0.11849690111191583
1891,2,0.524783,0,0.6638056920200727,0.6987303265108136,0.7317740748632061,0.6257203683513168,0.5853528655204143
1892,1,0.249812,0,0.2634176734705352,0.29309307219856706,0.3251289122781106,0.23598671781823685,0.21095216921713555
1893,4,0.221115,0,0.11150999525771496,0.12766095203753122,0.14619949117223,0.09757308261827216,0.08564605606044477
1894,1,0.459896,0,0.5190486379384904,0.5591997336758321,0.59855627012388,0.47769127130100714,0.43531122070631795
1895,3,0.314344,0,0.1950015396489571,0.22147310801435385,0.25101990176505856,0.1713328261629142,0.15033170995843909
1896,1,0.985066,1,0.9821971860456049,0.9850111205557976,0.9871968939267489,0.9785613792483665,0.9740736546345845
1897,5,0.170104,0,0.14938345463026134,0.1694798339928176,0.19224758008562054,0.13189962952353268,0.11692821498695581
1898,4,0.730228,0,0.6578099962451734,0.6923897920689157,0.724569610293152,0.6215177461957933,0.5848615593471956
1899,2,0.999791,1,0.9990150905546867,0.9992003773886128,0.9993438956234968,0.9987404957555341,0.9982834449336078
1900,5,0.477369,0,0.3069862111516209,0.34547653039116116,0.38528491483959304,0.26950071356245636,0.23285320979064394
1901,5,0.277853,0,0.2776345060475377,0.30973277489002526,0.3437508398807476,0.24802841976409076,0.22133017754904533
1902,5,0.610547,0,0.750180668718266,0.7793802715096115,0.8051662047992325,0.7180780018049396,0.6841387279640054
1903,3,0.787475,0,0.6611173468028226,0.6980734206174247,0.7320944273820725,0.6225585833576872,0.5831283419082348
1904,3,0.993674,1,0.978435221048694,0.981804681985652,0.9844792495388818,0.9744295288336059,0.9699198468600402
1905,2,0.575836,0,0.6884332240019874,0.7219745451915417,0.7531769213334462,0.6527403173807798,0.616249406823853
1906,3,0.567146,0,0.4712563877612719,0.5112619131960446,0.5508351508211227,0.4324169719689593,0.39599042273523094
1907,5,0.167478,0,0.13785973573889268,0.15781584639275914,0.18061059200482288,0.12075547889054296,0.10625075963879209
1908,4,0.128104,0,0.18594264329616889,0.21101356383108943,0.23882905497133075,0.16381119311428236,0.14482677805150065
1909,3,0.233179,0,0.13325275584728397,0.15164797010691072,0.17263200571228254,0.11722419896287714,0.1039219364382105
1910,3,0.531909,0,0.6335012467158527,0.669400067921758,0.7036032357140718,0.5949122244514611,0.5548220054342365
1911,5,0.034208,0,0.0805448563700205,0.0924491936533401,0.10643467702845835,0.07060132322341324,0.06239771004428845
1912,2,0.19588,0,0.22417373354274175,0.25494195325083463,0.28903498811972494,0.19694325373724272,0.17316784553943348
1913,3,0.703229,0,0.5529005336701592,0.5943975925059584,0.6347575110478375,0.5106642383304063,0.4678326081408745
1914,2,0.696811,0,0.6272151140179518,0.6650419403005022,0.7010668160947875,0.5874525600131462,0.5461678859094637
1915,3,0.430889,0,0.561693848109065,0.6006222638935359,0.6379624142190458,0.5216015474820311,0.4801676933101997
1916,1,0.119158,0,0.2440240118122682,0.27419111567040527,0.3062239643944874,0.2166489444430501,0.19264057342584404
1917,2,0.107464,0,0.09716650490362264,0.11153294878947664,0.1280494895146887,0.08507203936959452,0.07521885369366751
1918,2,0.285454,0,0.3049820446467244,0.33828520670111367,0.37350736976057214,0.2740558177755199,0.2465865436105
1919,1,0.03932,0,0.058736883121976134,0.06740455744320177,0.07754995889262664,0.05151095570961191,0.04554808006567712
1920,2,0.755294,0,0.5263388552813164,0.5685545489015236,0.6102142488584827,0.4836829457721212,0.44151689988754933
1921,2,0.999994,1,0.9999723513240283,0.9999785617945859,0.9999831682708875,0.9999622080246297,0.9999428676484997
1922,4,0.406416,0,0.39668405248221966,0.43296157365142457,0.47013095380173464,0.36088428088443986,0.32587477280023897
1923,5,0.981644,1,0.9437093296440735,0.9520880463598473,0.9587862897809295,0.9332805183868459,0.9205213221380336
1924,3,0.678698,0,0.9803595365372454,0.9838355797148436,0.9866331250734722,0.9757128810614,0.969082002999061
1925,4,0.147694,0,0.2057773522243355,0.2317022979325745,0.26015892311461497,0.18212481700375352,0.1607927056830787
1926,2,0.612264,0,0.7713890056504826,0.7997013331331292,0.8250983300192568,0.7392281936516575,0.7027432364988452
1927,1,0.193354,0,0.21346639762145642,0.24019914857630265,0.2691334325679188,0.18904591780375152,0.16696061807453405
1928,4,0.45539,0,0.2969835467864448,0.330833208131096,0.36683651250928356,0.26608128977544604,0.2389228563427271
1929,2,0.990957,1,0.9882350616830942,0.990045399043737,0.9915045207624974,0.9859543391689826,0.9831525336222455
1930,2,0.791088,0,0.6302323615369879,0.6664939942341572,0.700805119518697,0.5916141125526161,0.5512742367527709
1931,4,0.362171,0,0.31855704932489876,0.3554978443728068,0.3944396528835282,0.283768300358732,0.2521814682766853
1932,5,0.217698,0,0.4480598669231778,0.4860416247839182,0.5243054487867642,0.4112884953511131,0.37701469169200713
1933,4,0.041882,0,0.10393893616209841,0.11937483515272464,0.13713260148455025,0.0911797425557814,0.08122182908729422
1934,1,0.377888,0,0.31213118536146156,0.3454349223118932,0.3805854739410696,0.2811234568479757,0.2531165914677989
1935,3,0.368649,0,0.31189898127735477,0.34569847551711813,0.38143967541154855,0.28072545127511117,0.25272015611159926
1936,4,0.20336,0,0.23112367727192715,0.25861728539100515,0.28843633283001097,0.20650792136307916,0.18457413688080235
1937,5,0.093576,0,0.16734674856283388,0.18987877380185095,0.21522568200017678,0.14766877103940323,0.13084559020393524
1938,1,0.999999,1,0.99999467075707,0.999995879232961,0.9999967380977376,0.9999925506507943,0.9999884772145374
1939,1,0.082149,0,0.06722049741339149,0.07661036137888018,0.08775052728222017,0.05931205815103167,0.05291533778116366
1940,3,0.142466,0,0.2481742112944017,0.27829308798020114,0.3105421781047478,0.22156895881747551,0.19897181406303957
1941,5,0.315109,0,0.3497489711293934,0.38757572856029926,0.42694182543977605,0.31372015344668774,0.2798952951086927
1942,5,0.275582,0,0.3342193897380821,0.37112513294116467,0.4095078693553447,0.29913727635228077,0.26644911928701864
1943,1,0.699646,0,0.8140104534227063,0.8382240552733456,0.8594430403557797,0.7851941285704405,0.7507240545541003
1944,2,0.009069,0,0.03520833721454087,0.040435511253225205,0.04657207328143494,0.030862153908171826,0.02733154256564138
1945,2,0.846625,0,0.8058183241945064,0.830806713927026,0.852728879388773,0.7769299484630603,0.7431685692455968
1946,1,0.11315,0,0.14428754141021807,0.16334681790646263,0.18465795748682934,0.12780102945622387,0.11383167167042997
1947,2,0.999708,1,0.9992834010359927,0.9994120132815004,0.9995107143535018,0.9991026454875689,0.9988341670609793
1948,1,0.810712,0,0.9649395507215078,0.9705966145870693,0.9751851147715399,0.957668386989759,0.9483276179427722
1949,3,0.026346,0,0.04079593882315837,0.04646546540619059,0.05304649932606645,0.035785415738081645,0.031601082247276084
1950,5,0.534754,0,0.3575394214550271,0.39213093647434555,0.42802840641575485,0.3247815665813024,0.2944197267315338
1951,1,0.331068,0,0.3508644002172683,0.3850365408272457,0.4209126992479197,0.3184495819598005,0.2883651632804909
1952,5,0.456129,0,0.45659080330222546,0.4957989101622543,0.5344900939182088,0.4193614752886417,0.38592990388169024
1953,2,0.283272,0,0.2740877083751281,0.3056216462914065,0.3392004986039058,0.24488409898931807,0.21840853640471197
1954,5,0.767296,0,0.5154774140965901,0.5552057095376635,0.593928740189024,0.4756523070342999,0.4372316772464007
1955,5,0.202462,0,0.14957015278594515,0.1705995506903547,0.19457721194983996,0.13119880783037793,0.11521221722598593
1956,5,0.058738,0,0.06465467772288913,0.07391387398108568,0.0848973520405805,0.05704887011831198,0.05090386301745341
1957,3,0.748412,0,0.7182847524774276,0.7488046806039245,0.7765102188830273,0.6856698952164915,0.6519083786673145
1958,2,0.289352,0,0.19257020116570875,0.21717989535184126,0.24422509942648932,0.17080795664912551,0.15221257089318077
1959,4,0.364251,0,0.4489906064154137,0.4892587281681746,0.5295413083556288,0.40770668986963876,0.3647708662629093
1960,1,0.672789,0,0.5397656896300634,0.5798035378082852,0.618199416387599,0.49958655764779236,0.4609753228390246
1961,1,0.219019,0,0.3214345439432219,0.3572264447150689,0.39488686200886064,0.2869473131243063,0.25427569892984336
1962,1,0.337545,0,0.3319953513581314,0.368388537939888,0.40685289625074034,0.29759259673046595,0.2656105857339772
1963,2,0.309872,0,0.1611321055636621,0.1847036446210184,0.21150679801798083,0.14077546583235465,0.12369981631129306
1964,4,0.182023,0,0.2310532393104122,0.2586541268584149,0.28878580514101265,0.20614112057846612,0.18485867674096867
1965,2,0.427115,0,0.5786664197714265,0.6168917034209443,0.653373386055538,0.5393774192460732,0.5003368745394887
1966,3,0.354388,0,0.2530471083306337,0.2837261140638021,0.31666103849994165,0.22546633837154348,0.20152125577336044
1967,5,0.049141,0,0.04780604199342481,0.05468235267754011,0.06281058713828605,0.04225125545980009,0.037895203356476566
1968,4,0.30445,0,0.24333869115723272,0.27088294487705483,0.3006182099475362,0.21879697091134587,0.19745768340482533
1969,3,0.237388,0,0.2908142321791354,0.32259942639518785,0.3559673216719905,0.2612361609956271,0.23426894146878502
1970,5,0.081448,0,0.08416274553748293,0.09627561392585483,0.11039155118495207,0.07409323232266399,0.06582960403321515
1971,5,0.024725,0,0.10710767113957753,0.12271456789121563,0.14064765063497367,0.09402761272396096,0.08329516887860441
1972,3,0.112342,0,0.17154447624130628,0.1945461999715017,0.2199112799926929,0.15138884370986536,0.1338572325185151
1973,2,0.099225,0,0.05734091686147441,0.06596389426166746,0.07597542836923188,0.05020646396143081,0.0443989006775187
1974,5,0.515349,0,0.598117990176046,0.6365071359688437,0.6722034735603152,0.5591047092997989,0.521109974394566
1975,2,0.206893,0,0.22490313687251676,0.25322471446532857,0.2837575361496468,0.19960288773491072,0.17720163638498876
1976,2,0.999275,1,0.9962299135828743,0.9969021911457815,0.9974340678046808,0.9952804964207244,0.9938173808882319
1977,4,0.112995,0,0.2511811705938473,0.28335846982275015,0.3181962449570595,0.22209749051498698,0.19636996256456626
1978,3,0.427939,0,0.29560781938855124,0.3295683630317914,0.3660359488056471,0.2643036228851217,0.23625012986696378
1979,1,0.849733,0,0.7343047697945054,0.766152821788768,0.7945954231901635,0.6991830642437016,0.6616951898253024
1980,4,0.600116,0,0.4867185904641758,0.526341364724954,0.565331783463794,0.4484462710445447,0.4124039235399846
1981,1,0.23199,0,0.26787807746566966,0.3004507814897446,0.33498965779135104,0.23790894464253443,0.21104069075046425
1982,1,0.227744,0,0.3240392894851173,0.3600497254809781,0.39762516423718863,0.2908399793334643,0.2612620787749566
1983,2,0.10824,0,0.17119924855080376,0.19475239074512163,0.22099713762886294,0.150484480124721,0.13251814947529195
1984,1,0.612839,0,0.7152675043564453,0.7477265019283542,0.776659994331706,0.6792451494081482,0.6405296452624147
1985,3,0.174,0,0.18739657457799538,0.2119890582723624,0.23958814200162712,0.1652264978245042,0.1453822741279192
1986,3,0.482296,0,0.3873603132048938,0.4270602144524799,0.46779877574651796,0.3492028268053649,0.3119677241026572
1987,5,0.999819,1,0.9994209987864654,0.999536299518547,0.9996173627676337,0.9992433543092336,0.9989552788019825
1988,2,0.716543,0,0.6323309501808156,0.6703411434607235,0.7060731425009547,0.5919725865432962,0.5497881553235338
1989,1,0.098849,0,0.19607867853325556,0.21922329672855742,0.24494994884025165,0.17571739126923122,0.15828776963623598
1990,5,0.472766,0,0.3229336120221022,0.35556896907749447,0.3902832689244658,0.29250127949071403,0.2647063284795971
1991,2,0.263237,0,0.35632487364456833,0.39343887386425125,0.4321750619293867,0.3212174013185828,0.2893788303328629
1992,3,0.133027,0,0.13487465068514035,0.15450619494594758,0.17695113646197339,0.11763281242065844,0.10234167408838023
1993,3,0.102003,0,0.11051768885215112,0.12701146732261803,0.14571369960849184,0.0968627166297438,0.08592877938813075
1994,4,0.391342,0,0.2759909987354376,0.30884130544639415,0.3438938059352068,0.2464640859425794,0.22095380008245777
1995,5,0.064254,0,0.07855384882857207,0.09019931519937932,0.10373662611488758,0.06897020742227672,0.061252763314126456
1996,2,0.619576,0,0.5950581546497973,0.6352162992217004,0.673402714864635,0.5523523999500444,0.5063465027908458
1997,5,0.631717,0,0.7245114673176363,0.7551831181914859,0.7829474207751762,0.6903831021025458,0.653240989224621
1998,2,0.074404,0,0.1513803286224024,0.17142010736404742,0.19362051130710817,0.13398842816431952,0.11939503098469563
1999,2,0.434749,0,0.48079749733191907,0.521539921492392,0.562053762539602,0.441622635033647,0.4055854353470834
2000,2,0.762571,0,0.9216113552922833,0.9328017798996159,0.9423553943424516,0.9078825274879601,0.8910630416264295
2001,2,0.800102,0,0.7141115456392632,0.7468361054284985,0.7765841051801898,0.678519527622001,0.640387345771752
2002,1,0.377137,0,0.40752899398676823,0.44408283542046956,0.48101066036270523,0.37243661865483424,0.34052567267307576
2003,2,0.226199,0,0.0887827311272121,0.1019779070224394,0.11704369852032318,0.07762704544749859,0.06837572317130207
2004,2,0.412848,0,0.47379566366918885,0.5125853661065594,0.5515345618473081,0.4353648953311784,0.398762009981889
2005,3,0.174194,0,0.19113582054367503,0.2174340208675403,0.24718003692712673,0.16750690509743837,0.14619027395825612
2006,2,0.998223,1,0.9916562491053005,0.9930785911975883,0.9942175923022983,0.9896924401677493,0.9867513263030396
2007,5,0.609293,0,0.49901223115880006,0.5400612629758357,0.579937721729454,0.4578391084065405,0.41738405793112376
2008,1,0.260821,0,0.17512359602732683,0.1985116698607508,0.22393863419450002,0.1542549275128437,0.1360906527879235
2009,4,0.255561,0,0.24162447328022288,0.27165178275347135,0.30398907318860946,0.21409631895219952,0.1885532608551877
2010,5,0.133652,0,0.1208737620513953,0.1388113452735086,0.1594582565399582,0.1051576161850317,0.09139815951697743
2011,1,0.999899,1,0.9995766087657142,0.9996571415781154,0.9997163040391708,0.9994573532626949,0.9992795764222492
2012,5,0.150539,0,0.24046571957297747,0.2712559261157741,0.30462682037979805,0.21226189684019753,0.18640242257570358
2013,2,0.519272,0,0.3206500702770183,0.3553485595929871,0.3915781096482304,0.2874967565713442,0.2568744347199452
2014,3,0.73675,0,0.6522188861166459,0.6869862603145452,0.7196909162344025,0.6159195341864945,0.5798420210148932
2015,2,0.253701,0,0.33965052890322633,0.3751544276166253,0.4123432205078542,0.30666868518535095,0.2771483169763133
2016,2,0.940664,1,0.9541429878378974,0.9608377089422345,0.9664239757568943,0.9459325393919801,0.9359942034550581
2017,1,0.181013,0,0.15553082174457786,0.17671409648693823,0.20097509592436621,0.13667740470380857,0.12022776329965809
2018,2,0.522845,0,0.32870985361090804,0.3630280151572777,0.39860264262020006,0.29692360543782426,0.2685149266296795
2019,2,0.857266,1,0.77938589340338,0.8063834410733992,0.8306195327067102,0.7490148524934325,0.7153839948569106
2020,4,0.139535,0,0.16708203565781388,0.18967191787534818,0.21502538299973425,0.1475733579991983,0.13151577782765747
2021,1,0.574986,0,0.8833771451202295,0.9011279316861649,0.9162264176673095,0.8605308296517367,0.8301638721833097
2022,1,0.171931,0,0.18503336538877763,0.2115482290968714,0.24063246820028042,0.16124833172674852,0.14007958927510888
2023,3,0.103654,0,0.28361647651237887,0.31704068634884314,0.35296079196228913,0.2532982667074423,0.22666947543730942
2024,4,0.20234,0,0.2840531141937465,0.31706763178348063,0.352339654872028,0.25446207218420214,0.22932700433407777
2025,4,0.111011,0,0.1281369835213371,0.14610388645385083,0.16643967398470677,0.11319941233598908,0.10088343470297291
2026,1,0.97458,1,0.8937893084044972,0.9081149642112806,0.9203721747626655,0.8765238861059739,0.8559911448784209
2027,1,0.021558,0,0.0897348272485755,0.10344187665423704,0.11911073576156783,0.07810523263231565,0.06853226608492885
2028,4,0.256242,0,0.21058970371246832,0.23605795120297185,0.26392428265509316,0.18790739532333253,0.1678763707657924
2029,3,0.84656,0,0.7215132238027289,0.7554038100395176,0.786655341243877,0.6825154781825029,0.6364641548310231
2030,4,0.015827,0,0.03460695685392633,0.03983934485519161,0.04608325036246605,0.030338675446343884,0.026980022052194408
2031,3,0.024828,0,0.055089055603187796,0.06334561482407482,0.07316224525789994,0.04802204913083933,0.042070019813444035
2032,2,0.133876,0,0.31973780210792185,0.35632616955535523,0.3951279213981465,0.2854724159166985,0.25410439724443507
2033,4,0.018792,0,0.04557698607574474,0.05261411682789345,0.06088314218317031,0.040025678304066316,0.035950241100721946
2034,2,0.442066,0,0.5415453912789135,0.578748056667617,0.6152282485908184,0.5041095447663059,0.46782599787843804
2035,5,0.998826,1,0.9889733276737006,0.9908793720435588,0.9923219791384408,0.9862757526872921,0.9822942015132362
2036,1,0.253238,0,0.29163344390336876,0.32638978026519383,0.36270127733849955,0.25885167490142924,0.22837001610665064
2037,4,0.142161,0,0.24728117375637523,0.27586519415807975,0.30697869933156224,0.22045581008072215,0.19576997160960663
2038,4,0.646016,0,0.5942416532317168,0.6314470484739221,0.6668048821425487,0.5565910696965121,0.5201477405083003
2039,2,0.844967,0,0.6451243748426476,0.6777000729508071,0.7080265946540906,0.6103210379424965,0.5735589004217221
2040,2,0.202455,0,0.0912596278699656,0.10408875626390293,0.11878636986714215,0.08017444995479513,0.07097575257425653
2041,1,0.997592,1,0.9885592973471666,0.9904798050515561,0.9920099259955107,0.9859752257679355,0.9824507131265579
2042,3,0.782768,0,0.7661197507174221,0.7942599610520658,0.8198735949236349,0.7343364954784428,0.6988552806846328
2043,4,0.039336,0,0.09761123099254598,0.11213599988438772,0.12894793409507052,0.08550780402077852,0.07576912229446015
2044,1,0.635615,0,0.41725218938842745,0.45444954732019577,0.49207230720131956,0.3815713246108213,0.3488892931149737
2045,4,0.109477,0,0.04216011521089767,0.0490797539180429,0.05723876354462708,0.036708622148556413,0.03283012963724129
2046,5,0.394213,0,0.32538122484800963,0.3599206495189763,0.3967405478444981,0.2922134730863196,0.26040834007161545
2047,1,0.189975,0,0.19408251940002103,0.2203649216009794,0.24960949213969721,0.17016419934095936,0.14856083128679928
2048,2,0.956252,1,0.9410345648069842,0.9493702192313667,0.9561727426023775,0.9306443935126935,0.9171565450061758
2049,2,0.891345,1,0.7788938007970774,0.8053987688702222,0.8290251909820191,0.7494798304142759,0.7176419786317461
2050,5,0.500643,0,0.39667562498782055,0.4360526045551104,0.4760901624586242,0.35781661588674557,0.3194211349915614
2051,3,0.64441,0,0.41009562431687213,0.4483388328771108,0.4871868412874427,0.37282847743892716,0.33711636714691773
2052,3,0.247154,0,0.18291129541620588,0.2075375703397973,0.2352891340790316,0.16139853021400832,0.14316388006411546
2053,2,0.698077,0,0.6197397000846048,0.65927266170141,0.6968701925483308,0.5774211057317062,0.5323961699527282
2054,4,0.132776,0,0.10200860270467862,0.1172197287996462,0.13479209252724372,0.08902684945521297,0.0780967690997616
2055,4,0.825808,0,0.9295558523042835,0.9402252019852105,0.9490256829267668,0.9161712775222389,0.8987211551541594
2056,2,0.007378,0,0.05175549139909893,0.059593983568634275,0.0686636233577395,0.045341731468563864,0.04019934084158077
2057,4,0.198257,0,0.1639695920987425,0.1859306737965442,0.2105631761452084,0.14453449894767917,0.1273877137981615
2058,3,0.41754,0,0.3431585891330535,0.3797492022643046,0.4185550008732158,0.30903553261361094,0.27870093769176973
2059,2,0.607234,0,0.5023743548311342,0.5430659826654926,0.5832110645519566,0.46098163682003995,0.4195279791684035
2060,4,0.885087,1,0.8592127511783044,0.8788559602518098,0.8956710560993576,0.8356794129023136,0.8074838043932485
2061,2,0.194463,0,0.21290793048773674,0.2403128616531164,0.26995777235554386,0.18816529848162938,0.16576383490229854
2062,4,0.483237,0,0.6244450378535222,0.6617191227704885,0.6966393058172204,0.586277329074112,0.5486936035903145
2063,3,0.44857,0,0.5341657333793584,0.5746236387540473,0.6141520789256238,0.49315667869914986,0.452634456708588
2064,1,0.620888,0,0.5154440494506765,0.5553033770744915,0.5934982661144158,0.4749871257249793,0.4355458849686313
2065,2,0.032938,0,0.04236468725368675,0.04892750033490466,0.0565720386783574,0.03706117619717742,0.032995149366179685
2066,5,0.995252,1,0.9864814415426543,0.9887434526277253,0.990440605445206,0.9835727076885201,0.9799847448541588
2067,3,0.332682,0,0.3668425267718279,0.4077325462129024,0.4504394446946359,0.3275197304250017,0.28922801596252534
2068,2,0.475872,0,0.26551174057418236,0.29736922037295116,0.33144613684909247,0.2366903347773916,0.21133946160346992
2069,2,0.845863,0,0.9346593263767407,0.945213910243024,0.9541037844565327,0.9211103135751274,0.9030279777526755
2070,5,0.285712,0,0.3297390536279184,0.36482567764701945,0.4016000590835115,0.2974629801301269,0.2689011441721047
2071,2,0.407453,0,0.3177897079210308,0.354042043806465,0.39276956416949466,0.2832923329265326,0.25066132351467896
2072,3,0.734296,0,0.7078078254326374,0.7428364345392015,0.7750821670628886,0.6685853764537184,0.6240436145188553
2073,4,0.281026,0,0.27610513930445585,0.3083262808455374,0.34283012773409993,0.2471815780631607,0.22233097947334934
2074,3,0.42845,0,0.415422199183795,0.4544848406338396,0.493911995264972,0.37835956962317613,0.34415145110886913
2075,5,0.319591,0,0.29526571340550695,0.3287396280534182,0.3642321000805396,0.26498592449998315,0.2387510188616345
2076,2,0.027434,0,0.07229521739133352,0.08283727293947939,0.09492996510491518,0.06342260663998353,0.05610725458573981
2077,3,0.009544,0,0.01410938271797876,0.016077364669280458,0.018387759667872906,0.012472001311574677,0.01117106022665108
2078,4,0.753781,0,0.626695994785283,0.663104340536912,0.6971776279466777,0.588571967124543,0.5490096170614298
2079,2,0.779094,0,0.8368153036574262,0.8591180282107977,0.8786844556051208,0.8100869450945608,0.777382011274907
2080,5,0.049485,0,0.07487639002071916,0.08659856058601802,0.1003293956971613,0.0652119193576142,0.057439940408290466
2081,4,0.101049,0,0.12462312496843377,0.14224526316276287,0.1623770605099877,0.10938127455607141,0.09653891546711724
2082,3,0.994053,1,0.9899150783980393,0.9915921738658854,0.9928986314886447,0.9878220549807322,0.9852199203150033
2083,1,0.608517,0,0.7133503314452256,0.7457891021912136,0.774911344614121,0.6779163119300665,0.6406308860061
2084,3,0.581372,0,0.35929262721305494,0.3955379060670336,0.4329727835817641,0.32407300569689873,0.2896858047599255
2085,5,0.113158,0,0.13856651242842352,0.15725463762137046,0.1787655596062021,0.12220901644855355,0.10789429632236436
2086,3,0.824996,0,0.6760559320760473,0.7085549563266068,0.7388797235575544,0.6407451056379736,0.6030228328985627
2087,4,0.282824,0,0.21524497309616475,0.24311866541637192,0.27347997670708757,0.19046688644110657,0.16850275279831145
2088,4,0.117986,0,0.26899327322065136,0.301156957481245,0.3355173647641889,0.2388620112476491,0.21051710964247827
2089,3,0.239359,0,0.19762623889136569,0.22339613188006222,0.25142965345814944,0.17501277438494872,0.1553390233540743
2090,3,0.084196,0,0.06597472182048601,0.0756493497178163,0.08696868780609045,0.05784438286594683,0.05111641401916711
2091,1,0.596868,0,0.6229604461280462,0.6608146870569006,0.6962860802867916,0.5821245512036629,0.5384985852892301
2092,2,0.530783,0,0.564561195251429,0.602285111489938,0.6389910741947732,0.524510905756351,0.4828441007975526
2093,2,0.321621,0,0.6622561570065312,0.6991521121965325,0.7335720491032807,0.6225163160512863,0.580395117798001
2094,2,0.423777,0,0.5095531492153393,0.549708276136487,0.5888263037199691,0.4692176993054902,0.4292045691776769
2095,2,0.074035,0,0.23191759298547635,0.26131727002347216,0.2931292680661011,0.2056474158580609,0.18220567098643728
2096,3,0.998662,1,0.994458477120268,0.9953983527461336,0.9961458349111428,0.9932765994727135,0.9918349930041277
2097,1,0.377662,0,0.5927210325367905,0.6307640043159846,0.6668642327069565,0.5527331487991919,0.5120098340225474
2098,1,0.326657,0,0.3192696453649558,0.35292888776294723,0.38781645454657593,0.2880125489103072,0.26022746644887335
2099,4,0.010734,0,0.05338030921926285,0.061643243885737435,0.07140806478352468,0.04626680049583397,0.04009973572902008
2100,3,0.042945,0,0.11890940713205754,0.1353198947686161,0.15425630990479494,0.10460180912352153,0.09230248439121089
2101,4,0.715195,0,0.6836798958723038,0.7190728290586579,0.7513845657743886,0.6457799482036594,0.6058815595112877
2102,5,0.280361,0,0.26345711637225533,0.2928774868711568,0.3250569991337573,0.23635370591319282,0.2115190392573188
2103,5,0.018622,0,0.02219582992186737,0.025897701933954565,0.030409496514188703,0.019275218124277727,0.017012818603248582
2104,5,0.810427,0,0.7696316119637209,0.7990241246229669,0.8245288935853609,0.7355545466174531,0.6963039954352789
2105,1,0.056835,0,0.15358052885732462,0.17472908146274677,0.19848945764302137,0.13497932463497134,0.11876302695552049
2106,5,0.600174,0,0.5183045052424229,0.5582591534970759,0.597356243664109,0.47758498143073863,0.4373141771198478
2107,3,0.047414,0,0.14973163372092207,0.16973573975077863,0.19214752181962785,0.13241788668500046,0.1179807423867274
2108,2,0.12673,0,0.10922545680483077,0.1250889869329658,0.14335809013875153,0.09573019250762049,0.08452625817765862
2109,1,0.240019,0,0.3101898480909328,0.3455071727636697,0.3825608713748327,0.27732420537688723,0.24782782059485073
2110,1,0.275508,0,0.1905447828680455,0.21429573167981184,0.24033360480502342,0.16959178756267343,0.15156780439123477
2111,4,0.829335,0,0.7020831187993841,0.7352797487675883,0.7654005552111216,0.6661120441989974,0.6272145491487195
2112,1,0.673913,0,0.5138173411637826,0.552051482127518,0.5895681573765368,0.4755269583413517,0.43917033416461004
2113,2,0.105192,0,0.06477127768912552,0.07445771416309743,0.08564969126407292,0.0567572575577847,0.05030373254123826
2114,3,0.808,0,0.610336366012238,0.6488160920991145,0.6855171011213167,0.5710060848770871,0.5319837474550692
2115,2,0.088397,0,0.15215586796689481,0.1735468924870986,0.19746581844042668,0.1333552967548906,0.11727501852979595
2116,5,0.337725,0,0.44776236411420434,0.48754827349876434,0.5271190392535298,0.4076404084838857,0.367237564748267
2117,4,0.123805,0,0.1041205889908374,0.1185702401783451,0.13514921883521663,0.09192324189310117,0.08190600874093115
2118,3,0.606169,0,0.609494353455004,0.6460593348842131,0.6812046879687608,0.5707581606230046,0.5306249910205212
2119,4,0.417746,0,0.4063925580308342,0.4462809221714155,0.48677117518769,0.36756834552813356,0.3299932395873718
2120,2,0.0458,0,0.10727045540542297,0.12279814079430165,0.14035640592419896,0.09422459398741066,0.08350916379905808
2121,5,0.839234,0,0.6023697035827598,0.6444220959324614,0.6835043258816583,0.5553081243913232,0.5016663658698746
2122,4,0.344853,0,0.33918090861519773,0.37623052798631323,0.4149028972410287,0.304201289493026,0.27212709774291555
2123,1,0.461286,0,0.33358539769014717,0.37003822351361265,0.40779174654242756,0.2987174608295744,0.26675179852301856
2124,1,0.046518,0,0.07934755279368524,0.0902208062259633,0.10277059897934065,0.07014275578767469,0.06255251565626484
2125,1,0.181426,0,0.24614122383344492,0.276175676445132,0.3085499733035196,0.21883440614041785,0.19453810611715966
2126,1,0.305651,0,0.3251060377618067,0.3612417238828316,0.3984510912349672,0.29090059732463175,0.25969834491887794
2127,4,0.938348,1,0.9038780834918891,0.9171101703884342,0.9283099366889954,0.8881664597270242,0.869726234926882
2128,1,0.432067,0,0.38531003048914,0.4251411315253062,0.4659579604217845,0.3467932373842768,0.31040959633291876
2129,2,0.998963,1,0.9964038309733069,0.9970508386682795,0.9975660907154413,0.9954811098961794,0.994037102574812
2130,4,0.444154,0,0.5707503823405382,0.6087570355346782,0.6451064719602438,0.5317638066904341,0.4919457672666499
2131,4,0.337553,0,0.24782561088103833,0.28000371711800787,0.31487003452038276,0.21825363838725867,0.191024501557755
2132,5,0.113057,0,0.1230532031893408,0.14082458174354404,0.1611207079271915,0.1078893177054404,0.09504805182821705
2133,2,0.124816,0,0.12419937554174723,0.14211842066143243,0.1627173339847919,0.10866009295112415,0.09557599454501142
2134,1,0.043509,0,0.06710227990535524,0.07660905684059167,0.0876667460956484,0.05919499269361333,0.052676241522558
2135,2,0.605641,0,0.41774817120547586,0.4562759546192908,0.4958952682727348,0.3803830962214715,0.3458144720894939
2136,1,0.418567,0,0.42369730479792983,0.4630070014056006,0.5023201330486888,0.38544867627456547,0.34936280742235376
2137,5,0.695478,0,0.5559185501223637,0.598354234508525,0.638405618295457,0.5114919910111257,0.4654835596316034
2138,4,0.408803,0,0.4438068122036787,0.4829618621787895,0.5221796010605041,0.40676342972322255,0.3731985482226146
2139,3,0.636586,0,0.5963800060181688,0.6343183209485274,0.6703602335697653,0.5569921474294838,0.5169782773738318
2140,2,0.055991,0,0.16121570055354936,0.18201791428516423,0.20501406065316694,0.1430834996302111,0.12765291002167298
2141,5,0.346637,0,0.44541445449100026,0.4859689943748797,0.5266225450287343,0.40465549017202596,0.3639109311434825
2142,5,0.048836,0,0.08086274604643318,0.09255548248621247,0.10641109372070025,0.07098905177165735,0.06261996528037911
2143,2,0.247745,0,0.25235451481114846,0.2818905321917369,0.31342842202241045,0.22517576607520928,0.2005643408787037
2144,1,0.148913,0,0.3236932065359662,0.3584258581517672,0.39528344814530836,0.29142787803118486,0.26198364303585525
2145,3,0.47814,0,0.33416166025554195,0.3694861136133059,0.40650323871632643,0.3013296877795101,0.27235462543451816
2146,2,0.517717,0,0.407701424945835,0.448052640007959,0.48980414839260494,0.3671110944572723,0.3266004220428629
2147,2,0.326701,0,0.23458770770112816,0.2618660703866597,0.29170475212352315,0.20975444885820924,0.18777942926508026
2148,1,0.166913,0,0.1587330701510865,0.18167504665047135,0.2073129283051148,0.13860528997989063,0.12140071005240584
2149,1,0.99144,1,0.9910492489504736,0.9925557877922881,0.993711218353868,0.9890716929237837,0.9865803225511213
2150,4,0.107737,0,0.054950331892220684,0.06356847037709432,0.07375659361090876,0.04768723249011971,0.041645720150656665
2151,2,0.059731,0,0.10897776637023714,0.1241024007393478,0.14130219197297872,0.09595929876923046,0.0849509679016474
2152,4,0.436636,0,0.25236826052923383,0.28319991626095564,0.3164882741548392,0.22396492522439906,0.1978971306598016
2153,5,0.812944,0,0.738181579511662,0.7692457948796536,0.7969884303632718,0.7015649532093325,0.6577881393147839
2154,4,0.236136,0,0.24468152556258055,0.2737773581760702,0.30519523860320447,0.21909326353309364,0.19767387919156765
2155,2,0.366485,0,0.38131270675751694,0.41984946058064065,0.4599361421782481,0.3439678918766501,0.30794690966060106
2156,5,0.592267,0,0.3525221216350258,0.38809126736542554,0.4253046717956718,0.31856426190399406,0.28661693060857474
2157,5,0.839875,0,0.8267455360082233,0.8495917894339122,0.8691854501043264,0.7990988807770454,0.7651846263215768
2158,1,0.126062,0,0.1955043870251392,0.22172211647574006,0.2504293105203698,0.172435269543545,0.15269770116502185
2159,2,0.990538,1,0.9885208442616665,0.990346044578394,0.9918214944377097,0.9862202828397609,0.983400685150132
2160,2,0.407276,0,0.34729422993605097,0.38643434048410846,0.427319169957741,0.3102564560862159,0.27486344191153594
2161,2,0.463351,0,0.47310687764228126,0.5139362740390545,0.5550925429583167,0.431988448756205,0.39154098404757276
2162,1,0.101921,0,0.20299648688251856,0.2283565608217323,0.25621045506605705,0.18023214649193123,0.15998303476135656
2163,5,0.396373,0,0.29835943978414736,0.331779539465376,0.36724581716938126,0.26804408890698256,0.24155057351724515
2164,2,0.998099,1,0.9936587278751359,0.9946923706929334,0.9955269327220168,0.9923333084463712,0.9906828939862764
2165,5,0.686832,0,0.7643430169237211,0.7931369046631208,0.8184666315780418,0.7313577512479206,0.6943774270825189
2166,2,0.410137,0,0.3405916368420271,0.37608503137179955,0.41293389376765083,0.30675934535335453,0.2744860995833331
2167,3,0.998466,1,0.9974257974568346,0.9978812055530082,0.9982367564040061,0.9968420949525355,0.9961082524654135
2168,5,0.161309,0,0.3753281558709023,0.4130028987012501,0.4516100979790425,0.34016806516775894,0.30894005419846254
2169,5,0.919149,1,0.8224796686007683,0.8441902363397406,0.862938657501018,0.7976899201470222,0.7701978263228599
2170,5,0.468456,0,0.6293886698401278,0.6653084061500126,0.699192483767713,0.5913783349984667,0.5526375615673441
2171,3,0.185234,0,0.22035947191369248,0.24665383443441077,0.27497057990579993,0.19677864245399543,0.17658013044594853
2172,4,0.801217,0,0.7379693222962375,0.7702757251008518,0.7991044636136189,0.7018962962198898,0.6616021737050897
2173,3,0.380794,0,0.542252213644717,0.5818105356507725,0.6203351473629233,0.501953561123913,0.4622178745615418
2174,4,0.374227,0,0.4064298297054687,0.44564715795270554,0.4856533228324911,0.3690433127108511,0.3352107461499213
2175,1,0.435644,0,0.46118344476756823,0.49897604155217345,0.5370920361809404,0.423415659692459,0.38628119330642835
2176,1,0.968782,1,0.9556045848216053,0.9620581653162187,0.9672965610708723,0.9474519755989672,0.9374292360522869
2177,1,0.038003,0,0.08375219331396205,0.09601254576292366,0.11000190389184332,0.0733161509991622,0.06482911426662466
2178,1,0.069831,0,0.17637206062764224,0.19964034829316948,0.22500276835349034,0.1555920395572821,0.13746783517639513
2179,2,0.578849,0,0.4495887956882055,0.48779700460492775,0.5266838618461094,0.4113514638461338,0.374668777246383
2180,2,0.738176,0,0.5902813427148705,0.6283284788827744,0.6651441495703047,0.5509564518239749,0.5118787144416374
2181,3,0.994957,1,0.994195571228678,0.9951807977881196,0.9959693310113855,0.9929595527885839,0.9914716771878318
2182,4,0.129753,0,0.20825574121304347,0.23481236199626543,0.2640044837177291,0.18443386607570397,0.16372400309868904
2183,3,0.125909,0,0.16519888290282078,0.18721181054018593,0.21185723141580792,0.14592293306087858,0.12965958831626476
2184,1,0.377038,0,0.3399767088435727,0.37622259681379067,0.4139889871995876,0.30624379868117146,0.27587376864781227
2185,3,0.140792,0,0.1517520347020091,0.17233564845377278,0.1954318316739661,0.13374240659466888,0.11806095387473153
2186,4,0.067853,0,0.07503278924171396,0.0859709362748358,0.09871175693882207,0.06587151876311367,0.058307838303742886
2187,5,0.956964,1,0.9725912244531609,0.9769847500076108,0.980368204205169,0.9668546321226382,0.9593626021110866
2188,4,0.738384,0,0.5374172641449987,0.5760896905327061,0.6135472628129623,0.49935999068701076,0.46350027697375
2189,5,0.518406,0,0.48813759710740223,0.5244139996187882,0.5603621947433226,0.4524014728818418,0.4186873317889929
2190,3,0.058729,0,0.24495482657459708,0.2753228081993748,0.30813615329923405,0.21724101117290565,0.19240535338197226
2191,4,0.83743,0,0.7627908586261655,0.7918810485906757,0.8176652865528329,0.7305387844435359,0.6948980672808007
2192,4,0.29305,0,0.31408344457803644,0.34884525900127955,0.3853919574308731,0.28156856581882284,0.2511495397462864
2193,3,0.219755,0,0.12634487680650092,0.14353023257299022,0.1628215533949491,0.11158121480121862,0.09978865570610707
2194,4,0.977342,1,0.9729280569376414,0.9772333202422308,0.9807092841993836,0.9677166169640826,0.9617096075836405
2195,2,0.117892,0,0.3149084443802822,0.3483775628215277,0.3839193829073545,0.2839196379267854,0.2562114298230684
2196,2,0.269047,0,0.3003990734823064,0.33467887568138693,0.37110712614563407,0.26874166154928414,0.24045377539447102
2197,3,0.221663,0,0.30553647009969287,0.342936188156985,0.3826735426541394,0.270260463066975,0.23635581361210484
2198,1,0.636796,0,0.5499080476930402,0.590297396207937,0.6288344509565299,0.5076724111305111,0.46425161055692016
2199,5,0.174282,0,0.14184551829140396,0.1620408093413591,0.1850127117662967,0.124597981884158,0.11034629476872083
2200,1,0.476857,0,0.44865037217727183,0.48747811603802915,0.5270450640923321,0.4108823375844139,0.3747073355743566
2201,5,0.347923,0,0.262736580273886,0.2934014179499092,0.32647781222891065,0.2342702231774242,0.20791545192040436
2202,2,0.067406,0,0.20328797516177627,0.2284115871045571,0.2558506377614383,0.18063450442866524,0.16102694778816717
2203,1,0.367557,0,0.42194761884443793,0.460803971794755,0.49967291763845123,0.38455163237644796,0.3501592232043551
2204,1,0.854557,1,0.8084894030065699,0.8301136224850073,0.8492003342878703,0.783757955636273,0.7564231088732919
2205,4,0.188678,0,0.3677889718023232,0.408628341740443,0.45041890276484076,0.3285259282964625,0.2908746243856878
2206,2,0.076883,0,0.11837296280120434,0.13524133361770227,0.15441112742042246,0.10404977995440293,0.0924372801256685
2207,5,0.635704,0,0.617846605588486,0.6550771078021772,0.6899599030192057,0.5785904955002993,0.5382246960346331
2208,4,0.464147,0,0.7134081117347699,0.7469900214222356,0.7772511479564316,0.6759775798086797,0.6333119765984131
2209,4,0.211407,0,0.13012584637198887,0.14858637262570187,0.16966340854427575,0.1140187895680245,0.10018845971413312
2210,1,0.999586,1,0.9991825862755974,0.9993364313811491,0.9994498875059739,0.9989641068418266,0.9986588167178212
2211,1,0.091738,0,0.10455830749498432,0.1192050422826177,0.13561725127942778,0.0919180057002426,0.08147216541582916
2212,2,0.397955,0,0.3953577631953542,0.43308485052403234,0.4715487290474686,0.3592261949789621,0.32554774246447554
2213,5,0.065367,0,0.13960012721450166,0.15941169068010874,0.18199427901012089,0.12237560513958637,0.1074947819439871
2214,3,0.158788,0,0.24209426159412906,0.2715306916950655,0.30328507953442607,0.21598548745583931,0.19363063170448963
2215,5,0.244427,0,0.31495160357956553,0.3479198402745451,0.3825481595485573,0.284375258767774,0.25652194673082007
2216,4,0.779914,0,0.6981076912346493,0.7323595009211091,0.763470405029972,0.6614317683160398,0.6229768478592875
2217,4,0.243197,0,0.2711009535885275,0.3013171919139838,0.3336418572850057,0.24333310583659967,0.2179476074131904
2218,5,0.071977,0,0.10220675610109234,0.11672816102707086,0.1336172168464345,0.09004933250734429,0.07992800859529653
2219,4,0.381169,0,0.4605255559069123,0.4994592253375177,0.5381941795502659,0.42206220384124693,0.3840891491054351
2220,3,0.336968,0,0.4125295054506341,0.45013216210931145,0.487896781889436,0.3771541809225861,0.3455643469206191
2221,1,0.306888,0,0.2692647933557224,0.30145147704339376,0.3360678567985519,0.239988726741521,0.21387286057131635
2222,2,0.738428,0,0.7601594289507716,0.7898156687626936,0.8162154870063703,0.7271719426137437,0.6906523081012091
2223,2,0.998033,1,0.996482710592889,0.9970553855714053,0.9975061775086048,0.9957422324173395,0.9948032526284067
2224,5,0.999986,1,0.9999301151133492,0.9999449368660214,0.9999550268272798,0.9999065444844876,0.9998675238710307
2225,5,0.900873,1,0.8691292075408485,0.8873864717149343,0.9026390557314641,0.846830820960526,0.8195030684554307
2226,5,0.173794,0,0.20329961287209028,0.22821970516901835,0.2557370589916577,0.18166771795212167,0.16356817285696026
2227,2,0.035961,0,0.128887850693383,0.14742743534281777,0.16821188500706402,0.11288812067071116,0.09914039927274058
2228,2,0.245389,0,0.29031859269151583,0.3222029451968668,0.3561428765246546,0.2611491932031654,0.23531819790910166
2229,5,0.116288,0,0.2050237267328278,0.23085982814536096,0.2592087197876445,0.18258482050682046,0.16357876456191658
2230,4,0.647747,0,0.4761751154121272,0.5151753551532969,0.5538901573760611,0.4380156016622558,0.40194861207772636
2231,3,0.090938,0,0.08889996866228715,0.10134348683902017,0.11551754620434897,0.07814003583463357,0.06901872600681463
2232,3,0.30505,0,0.3758649983626326,0.4156617036641216,0.45679155191706206,0.33768492654264337,0.300867928998718
2233,2,0.665437,0,0.6174082305569756,0.658396442848617,0.6972130246882531,0.5730555278840275,0.5246511213227862
2234,3,0.061812,0,0.1953212247377631,0.22160826508717307,0.25125138124304447,0.17220362507388268,0.15271489087451937
2235,3,0.454122,0,0.31911805422117956,0.3545092753480813,0.3915083025968462,0.28669071677605956,0.2577879318094355
2236,5,0.207994,0,0.3270369940846056,0.3614233180437485,0.3976518646883651,0.2944602036847826,0.2639459858097356
2237,5,0.376675,0,0.30171979236270013,0.3375191457211766,0.37473952817717665,0.2678517112904432,0.2358208623219876
2238,3,0.278817,0,0.24574919452023997,0.27597347326591637,0.3092487006627805,0.2182312004689077,0.19357330541446713
2239,5,0.466411,0,0.6307121580887673,0.6689036524765491,0.7044257490827968,0.587945396776814,0.5391779412170927
2240,1,0.553515,0,0.634642217766042,0.6712757756654185,0.7052041462696939,0.5964682964122507,0.5585252988381946
2241,5,0.722304,0,0.6786239261816587,0.7129210453915859,0.7441262259857667,0.6410671766338766,0.6008331103022074
2242,3,0.106103,0,0.28193377661698693,0.3140291598797497,0.348322089555403,0.25279469617639194,0.22753294435910607
2243,4,0.463016,0,0.4389262693862267,0.4817510799720329,0.5244469139685329,0.3956248420912475,0.35127271616604705
2244,3,0.604497,0,0.6070473893826581,0.6428050955053786,0.6772735100065495,0.5698048412499357,0.532287603946332
2245,5,0.063768,0,0.20921394252018177,0.23335676360174862,0.25994452739996443,0.18831292205795647,0.17092961259980205
2246,2,0.291152,0,0.32176824980773105,0.3556266525982665,0.39149334783700007,0.29029829791056805,0.2620015135931243
2247,1,0.210005,0,0.27376947345654784,0.3050024282862542,0.33779910692427495,0.24492169439471945,0.21905475072041217
2248,5,0.005615,0,0.03373993242628436,0.03929823723174833,0.04594620653334104,0.029237621810021854,0.02560596416372398
2249,1,0.404114,0,0.5396634896479434,0.5816015043280179,0.6212820260265386,0.4958624160888066,0.45126940538379806
2250,5,1.0,1,0.9999999807197714,0.9999999861918307,0.9999999893796895,0.9999999696916337,0.999999944470219
2251,3,0.9027,1,0.8493680736214774,0.8701054498275766,0.8883858022985887,0.824667616386854,0.7950641433562721
2252,4,0.91172,1,0.8269218069448674,0.8484843050981404,0.8673197483647448,0.8024272575077134,0.775019670352209
2253,2,0.011034,0,0.030033446182169236,0.034650934856131334,0.04007411729740863,0.02627253477777189,0.023303613480182582
2254,2,0.4575,0,0.561588789701926,0.6021290921016795,0.641787575149886,0.5190845422106325,0.47549878084581215
2255,5,0.009549,0,0.0076486249385789695,0.008834714179979055,0.010315594553733872,0.006714423950207896,0.005985257987466711
2256,4,0.861487,1,0.8610615176089559,0.8802793641796517,0.8966903798860054,0.8386777066443291,0.8129134808781099
2257,1,0.184126,0,0.2309070697975649,0.260375579376171,0.29251558106608955,0.20411121159197856,0.1801084243766796
2258,5,0.198235,0,0.27048263272889694,0.30304807967895137,0.33768240549758916,0.24143727548779226,0.216622380595678
2259,2,0.213053,0,0.36528733167283933,0.40214164439093386,0.44015644042061985,0.33087773124636616,0.30041740327202743
2260,5,0.370735,0,0.44018084369618193,0.48222590724904546,0.5242940664505535,0.39677330148987955,0.35147004547842037
2261,3,0.104442,0,0.11108501035092844,0.1278898264841424,0.14699480071807786,0.09724863349609011,0.08629590656463089
2262,3,0.200777,0,0.35864015823939493,0.3951257838760924,0.4329681635774559,0.3240959459554601,0.29199405896124536
2263,5,0.309239,0,0.20406875227871601,0.229601108243925,0.2575803714057099,0.1819291161589463,0.16345823486166053
2264,3,0.325123,0,0.4315612430429573,0.4707273548935474,0.5097754272893688,0.39343433315016857,0.35666834541692083
2265,2,0.476329,0,0.2847700334988721,0.31724734925872394,0.3519540276507155,0.2543362463227258,0.22601701780024072
2266,1,0.362162,0,0.2716759198578605,0.30133825025550237,0.33282172084275047,0.2445077496540036,0.22040567480225187
2267,5,0.176878,0,0.32535267497595943,0.36306721646252893,0.4026330916548023,0.2895099025417679,0.2556997365554466
2268,4,0.032114,0,0.06022001208933146,0.06929979634657563,0.08000707403866057,0.05247157039964118,0.045731703107569535
2269,3,0.065399,0,0.07191248397983911,0.08234179402367353,0.09446529078309114,0.06279807037652246,0.055076133524986554
2270,2,0.033752,0,0.1616765932824217,0.18291172030185399,0.20677427674263701,0.1428232161378929,0.12633442108904197
2271,1,0.99999,1,0.9999662790057103,0.9999732907234712,0.9999782279577152,0.9999551533184566,0.999937135638356
2272,4,0.737033,0,0.7023294962245292,0.7338290744644077,0.7626419212308867,0.6682568839199827,0.6320817882187365
2273,1,0.235406,0,0.11081724240465239,0.1276617344111364,0.14696793624307358,0.09628106238137715,0.08407356984832111
2274,1,0.236073,0,0.3181565398835478,0.35167848505994176,0.3870351793167314,0.2870625675735872,0.2591068728863601
2275,5,0.523935,0,0.4823909047950405,0.5228600134322356,0.5627716028548067,0.4413861434095308,0.40055769261920054
2276,5,0.275042,0,0.28733521624083325,0.3205510769583602,0.35605749649222895,0.2572011533601952,0.23085895485824812
2277,2,0.999955,1,0.9997392156155193,0.9997903912200715,0.9998295708983544,0.9996625197008354,0.9995356771217636
2278,3,0.323995,0,0.40315764022398703,0.4397611013475763,0.4768104918854554,0.3682583767117034,0.3360300641332499
2279,4,0.766605,0,0.5370437676429951,0.5797529044315797,0.6208296962480866,0.49032822435860474,0.43801129858030263
2280,4,0.074224,0,0.07295750507184956,0.08376386159335303,0.09638840658739935,0.06384267261193714,0.0562953023964107
2281,4,0.435221,0,0.3832573090924674,0.42046270124770707,0.45871848181743163,0.3478048052917841,0.314924434233141
2282,4,0.478324,0,0.28591185109266964,0.3202107395717348,0.3567576540274168,0.2540546168510812,0.2246262092723016
2283,2,0.087268,0,0.1540466512511905,0.1757376648238,0.20039729009907695,0.1352631985942518,0.11932921261388618
2284,2,0.412398,0,0.6497609871274878,0.6868612156828865,0.7219745510290679,0.6105476886852079,0.5700892529942073
2285,4,0.025857,0,0.03337187082240672,0.038315272591207844,0.044186178517250936,0.02938501671739149,0.026335817898407013
2286,3,0.104854,0,0.15071537491636033,0.17100484738428126,0.1938699807105252,0.13298180524140535,0.117560491570285
2287,3,0.383534,0,0.23799435918069317,0.2691351145246182,0.3029890267900601,0.21028988185677347,0.18608031180166387
2288,4,0.999251,1,0.9966512417692817,0.997235691233521,0.9976885009932503,0.9958676591491245,0.9948034278074859
2289,3,0.357231,0,0.338439610367137,0.37367430641822236,0.4106103626421505,0.3057930950850394,0.2768127897699158
2290,5,0.462384,0,0.4000321050688468,0.4348848643560188,0.4711338900612787,0.3665108661012361,0.33497053342143235
2291,1,0.054255,0,0.10865404454998702,0.12452714865431765,0.14229378524610375,0.0948529346485266,0.08312384854760843
2292,1,0.289336,0,0.5286631595860682,0.5686959434445769,0.6071141978572491,0.48671132651686877,0.4444044440000884
2293,1,0.530735,0,0.6418044246186427,0.6779949864604674,0.7121767136716378,0.6033833918043637,0.5638685108974871
2294,5,0.999989,1,0.9998811221516059,0.9999065886862553,0.9999238883496632,0.999839185570257,0.9997647310894261
2295,1,0.998665,1,0.998008331567392,0.9983614883729867,0.9986306902939006,0.9974906152522458,0.9967108487452577
2296,1,0.268297,0,0.3800946775665125,0.41584190248516756,0.45273964293100605,0.3458964857094838,0.3141587325423379
2297,5,0.527828,0,0.4255193235996973,0.4661379153866292,0.5065630629604466,0.38641696584687973,0.35015143953236916
2298,3,0.999977,1,0.9998541789871678,0.9998839602074288,0.9999059233354823,0.9998093729493253,0.9997329074180441
2299,5,0.664465,0,0.6521929178798866,0.6877319369693706,0.7204557546885783,0.6142635927394408,0.5750991611947618
2300,3,0.262323,0,0.15115423208252668,0.17185492623057172,0.19504886436600855,0.13318713656137102,0.11777343944863611
2301,3,0.999852,1,0.9996876888579808,0.9997488814716781,0.999794738308291,0.9996016292770465,0.9994724198675917
2302,1,0.999317,1,0.9971407019782691,0.9976361639666199,0.9980083043725971,0.9964548077176281,0.995527655924074
2303,4,0.301801,0,0.38465865210880396,0.4229780312630223,0.46216948963423093,0.3493577409140683,0.3192170189069728
2304,1,0.264577,0,0.2878266394366621,0.3200682937508107,0.35408722467092,0.2578919702479599,0.23086219027674285
2305,2,0.554815,0,0.5317757940779209,0.5721665895066431,0.6118662389330436,0.4908392451188423,0.4504830139585806
2306,4,0.999998,1,0.9999815156694264,0.9999855265468841,0.9999883652414779,0.999974909383768,0.9999625263043387
2307,3,0.96952,1,0.9805865110929637,0.9837189853131688,0.986278784481511,0.976493222546498,0.9708936415150444
2308,3,0.008278,0,0.019735951042399568,0.022878566791770368,0.026635439263973274,0.017234358767811327,0.015296656542903159
2309,3,0.200779,0,0.3805687690763942,0.4148516624660781,0.44991724501917535,0.3474212739334323,0.3169892102556887
2310,1,0.228435,0,0.2320171211850592,0.25913841796359927,0.28839771639566036,0.2076950980718597,0.18652133783826136
2311,3,0.787507,0,0.9242518958777785,0.9360425199696538,0.9460195755923616,0.909375338001229,0.8895458937921379
2312,5,0.483316,0,0.49001442294499653,0.5354938228707814,0.5793743783580495,0.4405694796351048,0.3856589136204253
2313,5,0.294693,0,0.3547485719828463,0.39450844463005386,0.43544370728981635,0.31624498168034537,0.2792611054467363
2314,5,0.595275,0,0.511523328903412,0.548940637652935,0.5859521050243045,0.4739912065763047,0.43734584741047927
2315,4,0.233834,0,0.39959368530495964,0.4379468654571704,0.4770702437561751,0.3635146248290528,0.33087870922130597
2316,4,0.170808,0,0.1208178839899809,0.13797758108911726,0.15761867897981216,0.10613708836704402,0.09403000833301434
2317,4,0.183649,0,0.1701572304350473,0.19305258239012718,0.21868548730215215,0.14976009228192322,0.1319982658802548
2318,5,0.626657,0,0.4618230180167036,0.5035060318797362,0.5448981788189509,0.42028945334598466,0.3795929745883104
2319,5,0.352871,0,0.25683465251708826,0.28767643978488516,0.32096955228368923,0.22897229043232922,0.20463118830300386
2320,5,0.128116,0,0.12314605121450858,0.14058412045027183,0.160493396013759,0.10836669105666515,0.09597606423920702
2321,1,0.458196,0,0.5196293438321397,0.5627598831046792,0.6042415824257463,0.4751066361704217,0.4301589948663698
2322,2,0.14163,0,0.20093559790180418,0.22852737112189897,0.2591278586299603,0.1765424036823007,0.15540977232788716
2323,2,0.64681,0,0.45542722529711627,0.4931222946242625,0.5313237642698944,0.4181335942859771,0.3822650248942406
2324,1,0.993067,1,0.9957323876378925,0.9964849467244856,0.9970672052303423,0.9946807791683263,0.9931936335292872
2325,1,0.18229,0,0.2586225846490989,0.2914434327319358,0.3263547750127085,0.22881665954878683,0.20246442366601125
2326,1,0.342471,0,0.29716410043574343,0.32980902167235465,0.3646281652524224,0.2674177888175825,0.24115948931441777
2327,2,0.183111,0,0.19384898561723196,0.2174542773561178,0.24322842851238233,0.17286717988607486,0.1548996962780239
2328,4,0.961669,1,0.9527450451905175,0.9599111630504558,0.9657760802244879,0.9436296700934877,0.9315564501558125
2329,5,0.742642,0,0.49534771511236697,0.5324027058215018,0.5687235546543618,0.4594256479465375,0.4265456581899638
2330,2,0.558943,0,0.6784170938605747,0.7134152460583075,0.7459586082826821,0.6402477471144018,0.5995442752512832
2331,4,0.022006,0,0.044240139968669566,0.051001380920862746,0.059034956884321005,0.03858338351855709,0.03389114217510735
2332,4,0.22593,0,0.18711493682259575,0.21185501352465502,0.23924945240794557,0.16464631950396064,0.14429421027260314
2333,1,0.286312,0,0.34238113589380914,0.37818580410888686,0.41569035867593557,0.30911473233364584,0.27897735166047205
2334,4,0.272068,0,0.12880136215714644,0.14713305916012545,0.16806742674683103,0.11258350478081043,0.09815849960293489
2335,5,0.323823,0,0.42911408594103473,0.4718236960973682,0.5143823504014066,0.3862618510819701,0.3433821158392894
2336,5,0.999731,1,0.9984291698065542,0.9987138930982687,0.9989218154326204,0.9980316936722894,0.9974854176942947
2337,3,0.00112,0,0.0030358355797875797,0.0034744445196695124,0.00400632614895391,0.002680553426349138,0.002411296144741106
2338,3,0.269192,0,0.25693663843458214,0.2886650377418568,0.322958888658245,0.2279248086924367,0.20232564718493587
2339,3,0.093814,0,0.2230991554373246,0.25188145383218996,0.28311974697749165,0.19720644114720762,0.17361358111970504
2340,2,0.051506,0,0.14930544534649318,0.1705057630948629,0.19446867362093745,0.13105193676094998,0.11598139403390481
2341,2,0.050063,0,0.05989437171322704,0.06918066018401102,0.08004931795723126,0.05221403443107931,0.04619803689612339
2342,3,0.219731,0,0.24386525924285127,0.272844819564805,0.3037355535021695,0.21792684224298373,0.19501849121995776
2343,4,0.11989,0,0.19876229351851657,0.22256955551323743,0.24864813396489485,0.1778467360068094,0.16019124905620394
2344,5,0.440521,0,0.547963398503689,0.5896614250266721,0.6294441561089769,0.5043310139397618,0.45937072082450026
2345,4,0.615024,0,0.5832620013400909,0.6223203717597807,0.6593232578824172,0.5427668220540551,0.5005023370483425
2346,3,0.805615,0,0.6514843272261308,0.6907594433206876,0.7269063561397049,0.6099572924398518,0.5660315544307171
2347,4,0.78673,0,0.7030679478678608,0.7362025539053048,0.7663567427655139,0.6675671683427915,0.630500438104274
2348,2,0.994206,1,0.98700964881053,0.9891356857776632,0.9908434415040263,0.9841522097296965,0.980043271194537
2349,2,0.308899,0,0.4209478428568898,0.46253229908017,0.5051322099917265,0.37998788052076515,0.3398636543187653
2350,1,0.421779,0,0.29121077854194577,0.323442816812261,0.3578529605269146,0.2617259679200282,0.23542690845273737
2351,2,0.787465,0,0.657911652210197,0.6968148888984271,0.7333017273600373,0.6151568011183803,0.5682068681621212
2352,2,0.51961,0,0.4128297619434613,0.4524184692803316,0.49311144348140284,0.37462831622110865,0.3382464789503656
2353,1,0.002654,0,0.016138204658076097,0.01854787006171507,0.02146043790704476,0.014170251321949868,0.012651563481485948
2354,1,0.203933,0,0.3647482431476441,0.4015976067944964,0.4396615105387641,0.3302498004021983,0.29896496660406957
2355,4,0.453947,0,0.41244711522461636,0.45119597815771173,0.49055762404874487,0.3757971476377595,0.3424920575127924
2356,4,0.02238,0,0.13956549784737707,0.15878888366652075,0.180367905207122,0.12336939275806327,0.11040136418188658
2357,4,0.214636,0,0.3192331553420893,0.35315280072280075,0.3887563420832252,0.2884082116315111,0.26152294654427427
2358,5,0.436453,0,0.44695318828706304,0.48428286559722344,0.5215800553073285,0.411366332417628,0.3790765050607677
2359,5,0.130139,0,0.20687104925024913,0.23201230421623328,0.2600652851086878,0.18457040490553372,0.16513764447482687
2360,4,0.99878,1,0.9983876884395302,0.9986859304386574,0.9989131173024888,0.9979945851687287,0.9974889785134565
2361,5,0.998535,1,0.9939883656888023,0.9950143774854272,0.9957821781285151,0.9926507867106091,0.9909917988975645
2362,1,0.40222,0,0.5280549054082655,0.5650465766106949,0.6011819395168705,0.4910465133793989,0.455617110356322
2363,2,0.029234,0,0.08525196491718848,0.09716109530696877,0.11070847373530887,0.07509346843842016,0.0666801862946686
2364,4,0.461827,0,0.44799804544621463,0.4886229661606826,0.5292130183809354,0.40751993849326684,0.36703275630672894
2365,3,0.184496,0,0.19104413291685465,0.2188188094362301,0.24975685383831742,0.1668579996938478,0.14600596961401613
2366,5,0.011852,0,0.024281160325603072,0.028199202472700555,0.03296625669742423,0.02108796435861857,0.01847213063606662
2367,2,0.301098,0,0.3032028378832696,0.33528977234123647,0.3686848044664696,0.27377822717096506,0.24736426014712504
2368,3,0.231941,0,0.15784278514113764,0.17821275765221672,0.20098991732816093,0.1398225984264242,0.12414978018643506
2369,4,0.517709,0,0.5272124063396714,0.5653170878125905,0.602367717323736,0.4878810751138463,0.44727011503622427
2370,2,0.080862,0,0.18661218645569724,0.21103147632920197,0.23790206044836426,0.16544751219650108,0.14786372261856429
2371,5,0.095961,0,0.14430808412903257,0.1632999162937053,0.18493381217458926,0.12792228074130146,0.11401619445562725
2372,1,0.662164,0,0.5465677762063963,0.5856155695671404,0.6238040308136439,0.5072693720749863,0.468869837057439
2373,1,0.836215,0,0.7787972473138419,0.8063461377509022,0.8310261646451453,0.7475159852476655,0.7123783822690192
2374,2,0.297883,0,0.26619809639869196,0.29914784649129245,0.3350136487897383,0.23526177026504103,0.20634814519948383
2375,2,0.042158,0,0.13316545527863133,0.15149426581704611,0.17204489577438073,0.11745267539835101,0.10431372571304194
2376,2,0.832868,0,0.7525538864167922,0.7846498643462102,0.8134330023829833,0.7147030224287751,0.6678542727586428
2377,5,0.167237,0,0.2661235462581517,0.29622015034972127,0.32863400160234946,0.23909427438379896,0.2156536298732882
2378,5,0.201242,0,0.13107214707955847,0.1491477914445121,0.16995858386151722,0.11550924037536013,0.10220342390963469
2379,1,0.693831,0,0.781977718722711,0.808166084493314,0.8311856650822704,0.7526565131324523,0.7211458518152042
2380,5,0.998244,1,0.9960042279006537,0.9967067785738503,0.9972259310481272,0.995061937951422,0.9938373035424328
2381,2,0.805491,0,0.5494144689104633,0.5906484884413288,0.6310670839883724,0.5058063759525653,0.45901156246384367
2382,3,0.391815,0,0.3072856606428587,0.34135237707721083,0.37725007264528043,0.2760240891467165,0.2483347231006538
2383,5,0.999184,1,0.997876250664991,0.998265177512934,0.9985451464113627,0.9973466475232892,0.9966485779707543
2384,2,0.522312,0,0.489497721214515,0.5303336128319562,0.5704907575170782,0.44817494687926646,0.40655937632667616
2385,2,0.335092,0,0.26205179102344733,0.293862550732282,0.3284106105901787,0.23242529902756914,0.20497342885098255
2386,3,0.561677,0,0.3913839878427274,0.42970724830120194,0.4687820959425477,0.35567625862146884,0.3238372216991354
2387,4,0.891413,1,0.8908900259812812,0.9078364215733621,0.9219137613058317,0.8687996777408843,0.8375453447579075
2388,1,0.725069,0,0.7155485497695402,0.7505892864886042,0.7823002852194353,0.6740369501941945,0.624654677222406
2389,3,0.308909,0,0.2909057802148186,0.32410612617878437,0.360048523029894,0.2601452022025791,0.2327090853205191
2390,3,0.278107,0,0.22838556145762706,0.2578316307636789,0.2899831082512836,0.20255178647427868,0.18063506070310548
2391,1,0.402148,0,0.34172399183207414,0.3776485066792407,0.4148033875863904,0.3076518028099216,0.27626086051073545
2392,2,0.216156,0,0.2953231187797854,0.3279940948121586,0.36227791605288695,0.2651934687960902,0.23806949586068724
2393,3,0.626717,0,0.47865077601193584,0.5181796230829119,0.557435335645272,0.4399796814844696,0.40315811779222877
2394,3,0.449063,0,0.4518534041394208,0.4928766096401461,0.534411980520527,0.41148141073332445,0.37231290917014104
2395,4,0.567892,0,0.49592769107417367,0.5361961737917068,0.5759070853189925,0.4543092235851294,0.41175445185022147
2396,5,0.690758,0,0.7316234965149322,0.7617719962066162,0.7887825420774158,0.6975954491510923,0.6592829935596493
2397,2,0.353275,0,0.38653921725234724,0.42518727335395184,0.4644350865326201,0.3502424735416046,0.3171256456943216
2398,2,0.549574,0,0.4710415961056528,0.5090676527365121,0.5475243167963884,0.4331763706208674,0.3971352037790265
2399,1,0.20777,0,0.19005388342022203,0.21585213343149456,0.2442648651808282,0.16706862196897884,0.14744718541484317
2400,1,0.660023,0,0.5062621104695186,0.5447952638240654,0.5831822783402153,0.46834469272540513,0.4324373145585251
2401,5,0.130188,0,0.28302044125724235,0.3162873206930576,0.3520024882017997,0.2527345761593006,0.22597942123848813
2402,2,0.999999,1,0.9999959382103955,0.9999968554020837,0.9999975281421248,0.9999944572918441,0.9999917858811089
2403,5,0.038905,0,0.06939957530328576,0.07932214828140222,0.09103167451960249,0.06123958812639796,0.054626981992024135
2404,4,0.248664,0,0.12788171061241457,0.14541151338911845,0.16530999904034355,0.1127634739968739,0.09975096746709795
2405,4,0.467174,0,0.3317323072311276,0.3687466462706647,0.4073983957338429,0.2968553910264855,0.26447053948122157
2406,3,0.028378,0,0.07369979642752973,0.08520939565837496,0.0988160256794618,0.06377763961223934,0.05529079575383768
2407,5,0.096683,0,0.1347148506464507,0.1549798540884578,0.17824898862087607,0.11742335979910842,0.10280208341931177
2408,3,0.150014,0,0.17011024546751782,0.1930935917409768,0.21882833491948225,0.1499565498519034,0.13252207137628189
2409,2,0.290022,0,0.2732364215996021,0.3028785317599364,0.3346647731023205,0.2456086346684134,0.22063239312920052
2410,3,0.047952,0,0.07342012357492432,0.08442715844310208,0.09748250503667931,0.06402875863070961,0.05608422072923498
2411,2,0.159949,0,0.32872804743816775,0.3649463408060786,0.4032011658025669,0.29444288658452444,0.2627461227837151
2412,5,0.999997,1,0.9999799519058422,0.9999844803190956,0.9999874559950265,0.9999722784241671,0.9999582877856575
2413,1,0.108641,0,0.2404038217969748,0.26931082749121943,0.3001030891801973,0.21402830484180937,0.19068457882073317
2414,4,0.087807,0,0.048022837377718064,0.055247186231073636,0.0638187468139072,0.0420739241555402,0.03730137338448507
2415,2,0.153594,0,0.267675304175336,0.2982067227877563,0.3305119982959533,0.2394186296349339,0.21391335352565521
2416,4,0.236817,0,0.21525258489409566,0.24094852239274947,0.26925274166600544,0.1913922697765742,0.16953257547091696
2417,3,0.259496,0,0.1608127058271319,0.1826446968323771,0.20692505053710272,0.14212241171862983,0.12698282225002752
2418,4,0.447464,0,0.324116675849467,0.3599516277057692,0.39753279187008483,0.2893094066615598,0.2553870419209875
2419,1,0.010916,0,0.013269442271079774,0.015243312746876231,0.01771510998361398,0.011672802412554577,0.010437557836877503
2420,5,0.919971,1,0.979029985873379,0.9823515693978353,0.9849399241327719,0.974808037949344,0.969639491944144
2421,5,0.635376,0,0.3400673787955399,0.3750794968367082,0.4115773460717775,0.3078028569793746,0.27886122222256754
2422,3,0.004793,0,0.019161928562414443,0.02200096758327457,0.02532846928459468,0.016823046653533232,0.014962367960349105
2423,5,0.400083,0,0.34232547877055514,0.37840242181158645,0.41603184999191434,0.30853402053050083,0.27757741888233645
2424,2,0.745419,0,0.4695150163976587,0.5112775942836407,0.553309935351436,0.42645688480979776,0.3815704615640854
2425,2,0.992429,1,0.9867584966083104,0.9888721184522673,0.9905455993914553,0.9839819220097816,0.9801442242664432
2426,4,0.314678,0,0.33025872241942306,0.36629621631081893,0.404114193591028,0.2966633096622907,0.2665169534464837
2427,2,0.53221,0,0.4574970557866006,0.4988893693562148,0.5405652914911445,0.41588139788218553,0.3739651480219566
2428,1,0.374538,0,0.5688752640295024,0.6098063880512974,0.6488781155253803,0.525465689149688,0.4799653110139616
2429,2,0.675224,0,0.7638797597373553,0.7939880953844032,0.8208655399887557,0.7290223066515124,0.6881820261921813
2430,5,0.531913,0,0.4902407864553423,0.5292330444042282,0.5675696077265537,0.45163389172865726,0.41499149306776906
2431,1,0.253988,0,0.2876576319599703,0.3209467756675215,0.3561484879665093,0.256536821279863,0.22789107617559362
2432,3,0.693393,0,0.5392804540572822,0.5790232635707322,0.6180338483411439,0.4979602436426466,0.45470842043065535
2433,2,0.362362,0,0.4588828501999222,0.4995875628635659,0.5403177341203749,0.41831887177187793,0.3788472138594515
2434,1,0.312954,0,0.2561623431450375,0.2879932052884672,0.32178510782477615,0.22673589484958187,0.19998323098244017
2435,4,0.425205,0,0.2997304205807012,0.3351416620270718,0.3725648508175126,0.267607773722188,0.23951121633280892
2436,4,0.730927,0,0.5260218873359137,0.5648024265441609,0.6026138714986531,0.48727859311409766,0.4499728551620769
2437,1,0.99998,1,0.9999523263183656,0.9999621804651416,0.9999692109582178,0.9999367332161685,0.9999113229715633
2438,1,0.826625,0,0.8666682157253436,0.8847254643420716,0.9003955551480654,0.8448178400336157,0.8183799793643985
2439,1,0.150185,0,0.11649941908326611,0.132922350647212,0.1516034545416705,0.102453621416623,0.09061955285986843
2440,5,0.140747,0,0.15547272188661748,0.17665944595700817,0.20081072484023946,0.137095386400065,0.12144417885036059
2441,4,0.177483,0,0.09854884858647682,0.11207375980782468,0.12767018908015457,0.08699188895822556,0.07746498125793481
2442,4,0.116202,0,0.1347611344461272,0.1534798155703842,0.17472095046515176,0.11803921654712085,0.10317756586085167
2443,3,0.133834,0,0.10211573654556126,0.1165409169938525,0.132989372825345,0.08964853184726988,0.07929946713624857
2444,2,0.194104,0,0.19074145505605555,0.2145488364509066,0.24044821086591528,0.16915994398733228,0.1497030800097851
2445,2,0.167871,0,0.2937680287417151,0.3255405822934899,0.3588626891527065,0.2646445198331744,0.23901653368668452
2446,1,0.297401,0,0.23279162513277307,0.2604534271944176,0.2900372864084428,0.2079526387898767,0.186510990071773
2447,4,0.17078,0,0.17459262337660306,0.19771510433496095,0.2235058458696366,0.15414703335156324,0.13623900867203398
2448,2,0.11777,0,0.09970821229456688,0.113851147675304,0.12982895541772627,0.08757741733512864,0.07737940713736993
2449,5,0.233532,0,0.19944995643259159,0.22574350439877464,0.25490291763487044,0.17615002994299517,0.15607354099353113
2450,5,0.894386,1,0.967633589866594,0.9731589162531828,0.9774402325611626,0.9600984974244525,0.9493905001225442
2451,1,0.326375,0,0.419193766040842,0.45627932110808506,0.49338995365601984,0.3831272366712476,0.3493068567908583
2452,5,0.18093,0,0.1230895511900967,0.13972557688493978,0.15891599494290087,0.10867703260034907,0.09625557324491674
2453,5,0.129131,0,0.24300775243836495,0.2717400203225348,0.30307711692509015,0.21716917385614268,0.19457062793233748
2454,1,0.651047,0,0.41009907246012084,0.45023355042847085,0.4903627175755317,0.3705382683305438,0.3324429121893352
2455,5,0.989684,1,0.9952443811869657,0.9960847906537695,0.9966990014078899,0.9941402706341711,0.9927584219662876
2456,2,0.492703,0,0.3078691019643366,0.3417217683333248,0.3774777011244878,0.27694176949955845,0.24933871329463592
2457,5,0.234338,0,0.22618885920692092,0.25326290596673684,0.28279921601071895,0.20232501086615506,0.18215868058149892
2458,4,0.271646,0,0.28066065791543626,0.31129889440368547,0.34388691009046174,0.2526334338644346,0.22762468956787746
2459,5,0.164262,0,0.2142977317616631,0.2425354147255773,0.2735986476796932,0.18866744865086552,0.16581541363156532
2460,1,0.630238,0,0.6055517403182626,0.6422710080449568,0.676941555452533,0.567473898859535,0.5294147987846481
2461,3,0.114287,0,0.17860746372911881,0.2008603084015939,0.225608004357694,0.15863081964977122,0.1411548764271741
2462,4,0.097102,0,0.2426661757245868,0.2742941329064985,0.3085036629598597,0.21324677303639125,0.18540846762371782
2463,3,0.99118,1,0.9895470671417993,0.9912717860493278,0.9926624767545418,0.987352519265807,0.9845664368011692
2464,4,0.858182,1,0.7173460426305601,0.7476754720322205,0.7752795642058069,0.6844045865391629,0.6491345475110812
2465,1,0.232044,0,0.4080968685832079,0.44519938129494513,0.4830661003246966,0.3725357133822418,0.3393569413812368
2466,3,0.02254,0,0.042710065749511805,0.0491743598964109,0.05679333626803835,0.03726617258286946,0.03271054849676249
2467,2,0.159591,0,0.14373087574729135,0.16283801002399026,0.18435596005958035,0.12704581687959463,0.11284114317960814
2468,1,0.098325,0,0.12081123789618807,0.1370393999224597,0.1555069015171224,0.10689665416481153,0.09508676829668443
2469,4,0.050248,0,0.10235397173146848,0.11774229466343322,0.13553426763147686,0.08938262497659166,0.07872901228060647
2470,1,0.902348,1,0.8225152804138274,0.845441018550732,0.8652362136951455,0.7959696934267956,0.7661042956351225
2471,1,0.342025,0,0.53401361256256,0.5731265100533717,0.6114939399203371,0.49406782626131723,0.45372676227684416
2472,3,0.032314,0,0.05003878751288279,0.057258736206937284,0.06570175410351456,0.04393332976008437,0.039002531399199895
2473,4,0.999038,1,0.9962032938356937,0.9968855507914648,0.9974123345635023,0.9953407413151724,0.9943070415327857
2474,4,0.078959,0,0.11678691302055755,0.13378355025701777,0.15324595519707196,0.10191983615681166,0.08906320359316872
2475,2,0.061477,0,0.21924300880564676,0.24792689678788324,0.2797299034216794,0.1937852886883979,0.17178064303580043
2476,5,0.052002,0,0.10271901272631416,0.11770510688584222,0.13497257937937723,0.08966972387693496,0.07820960282015753
2477,1,0.64769,0,0.6460781839270475,0.6802928600271784,0.7125137180290635,0.6100863678050263,0.5733696580271798
2478,4,0.55927,0,0.5255121519696134,0.5657391830781431,0.6048982577722581,0.48493647202373574,0.4450137113260367
2479,2,0.996521,1,0.9955074428138971,0.9962707220941439,0.996867136367966,0.9944845425583417,0.9930520257698287
2480,3,0.163276,0,0.1493979510243745,0.17016702054324057,0.19380018938726767,0.13100238859441782,0.11470055469446867
2481,2,0.902335,1,0.9560235852209816,0.962700318909815,0.9681322143160475,0.9474737968898204,0.9358454134363111
2482,1,0.295357,0,0.3340322869150391,0.3677073082841179,0.40331320026628775,0.30283436192581475,0.2747504226196165
2483,3,0.975652,1,0.9373859524714188,0.9465844833242059,0.9541181380572079,0.926659674141848,0.9145670103403772
2484,2,0.439155,0,0.3017119532602687,0.3346925616149472,0.3691614482410256,0.2713849878979164,0.24447971594301657
2485,2,0.124617,0,0.13252667823511885,0.15258946124802178,0.17552895392960605,0.11503578428555859,0.09965007964642862
2486,3,0.189942,0,0.27764870738120384,0.3099826611560942,0.34479253398976467,0.24822318453099565,0.22215477512720322
2487,3,0.53171,0,0.4985500722016173,0.5389170173716481,0.5782618797592234,0.4597808285527469,0.42423413174303576
2488,5,0.723557,0,0.5444183862281057,0.581882816885045,0.6179177896551906,0.507161953034836,0.47177815386252236
2489,5,0.994508,1,0.9925310984733566,0.9938046269028633,0.9947702364084094,0.9907660907478747,0.9882874874197651
2490,4,0.709289,0,0.6845163836785901,0.718215366756273,0.7491323617104709,0.6490522009277567,0.6128560882912562
2491,5,0.900535,1,0.8267529460045017,0.8499805122372827,0.8698543993570119,0.7993083470555633,0.7671294783412862
2492,1,0.301415,0,0.43232245265998687,0.4720620172796376,0.5123454510969662,0.39363678323379997,0.3568791070349601
2493,3,0.439563,0,0.6140154689605535,0.649908330800118,0.6839587125148743,0.5768248296405952,0.5402425466974886
2494,4,0.115968,0,0.2477878188057743,0.2779652492282794,0.3105988049778679,0.2208651853672167,0.19758466371338912
2495,4,0.296743,0,0.25181283470978094,0.2830414174617721,0.3166772557414607,0.22440864689844256,0.20110310586004934
2496,4,0.535266,0,0.5462793689332933,0.5884240147806621,0.6287346627998157,0.5041443183022978,0.4632552326223415
2497,4,0.125945,0,0.30268619884855297,0.33563970874602606,0.37046141575376174,0.27257056305621824,0.2456382914571704
2498,3,0.800635,0,0.5895473508862511,0.6274831191518684,0.663608285038138,0.5504012488065735,0.5113190622630067
2499,5,0.557547,0,0.7171205241024879,0.7490639020078843,0.7779443264138673,0.681692216962556,0.6435226949623891
2500,5,0.277715,0,0.306072356414281,0.3405876791202988,0.3770570993526187,0.27378659789840254,0.24450334486993305
2501,4,0.226425,0,0.33025888520439217,0.36263014100143537,0.39658288208577547,0.29976775019216756,0.2717492879188796
2502,1,0.029097,0,0.05357141710869884,0.06176221289012241,0.07136048460605923,0.046816789937418446,0.04129195554201766
2503,4,0.083475,0,0.09473107109666354,0.10866350181065404,0.12477877047602838,0.08291941329915689,0.07325394544261449
2504,2,0.306393,0,0.1787778128504484,0.2026055718965915,0.22895825969231948,0.15800848817225782,0.1403270826813726
2505,2,0.999843,1,0.9997214351368587,0.9997742280389317,0.9998143118445546,0.9996454529993603,0.9995290105378289
2506,1,0.072897,0,0.10843329415431834,0.12359109907395492,0.1411122091409544,0.09564392667220627,0.08496513020216773
2507,2,0.610925,0,0.531108001666028,0.5718311975782784,0.6115455280670479,0.4899951967602722,0.4491068528666933
2508,1,0.302131,0,0.5174718127779891,0.5574341165926936,0.5961583853577538,0.4776337123570774,0.4396540532616512
2509,3,0.999999,1,0.999996728869126,0.9999974927819156,0.9999980442633898,0.9999955045804699,0.9999932771706361
2510,4,0.370978,0,0.257214997285653,0.28578381023814176,0.31672794336023624,0.23039590351935585,0.20576797256697854
2511,3,0.143178,0,0.16875525241880598,0.19169802607465053,0.21772265833762866,0.14826904712987493,0.13006937456293843
2512,5,0.741936,0,0.4555241677474766,0.4974729923210459,0.5385169449286454,0.4133130126910268,0.3715264422190761
2513,5,0.995181,1,0.9911106808085981,0.9925984729514054,0.9937290959876426,0.9891179543057187,0.9864792501230554
2514,1,0.319552,0,0.28322814127641327,0.3165301364948901,0.35164662748407083,0.252287952226382,0.22417591625313113
2515,3,0.192277,0,0.16444747035046303,0.18713911172670689,0.21276357723408404,0.14440827718970034,0.12672661534996849
2516,1,0.627175,0,0.7090370983442302,0.740854226504304,0.7694377539055979,0.6740355932492412,0.6369780303761181
2517,3,0.023438,0,0.05438951612963722,0.062095925360071434,0.07102416603781789,0.047752780258142655,0.04218214861785235
2518,2,0.731109,0,0.7129832888861698,0.7461418201490365,0.7765277302998551,0.6767718186500024,0.6376935699089076
2519,3,0.339029,0,0.27708934020329967,0.31085676802439766,0.3470654348145524,0.2459620683177865,0.2177159089497493
2520,4,0.386074,0,0.4337938867990571,0.4716275517676746,0.5097865966714361,0.39709516337298845,0.36268740386037707
2521,1,1.0,1,0.9999988783972121,0.9999991416713618,0.9999993226354863,0.999998413220811,0.9999975290774993
2522,5,0.841786,0,0.960001807943282,0.966396890376858,0.9714575439851443,0.9514803243569265,0.9398185708016568
2523,4,0.24752,0,0.3560224213178844,0.3932545304202967,0.4319653245677709,0.3202466124277199,0.2864435215322894
2524,3,0.272264,0,0.28826153632044504,0.3177615616770977,0.348785228595979,0.26024359842657974,0.23444322066329296
2525,5,0.358647,0,0.4553610793883434,0.4969032761953389,0.5379434375743294,0.41352926507422993,0.3716105749554709
2526,5,0.662258,0,0.6206417894897337,0.6586142017823192,0.69421306932335,0.5797641302253861,0.536285104490887
2527,3,0.056759,0,0.058844883946206676,0.06753625035618356,0.07779986577321821,0.051103704547447476,0.044207104643355
2528,5,0.183032,0,0.12221385727439295,0.14046697192511387,0.1614977867058606,0.10603509118183724,0.09146831202757734
2529,5,0.586258,0,0.44580199231798734,0.4834827134659448,0.5216443385921615,0.4089900337000923,0.3738269960673474
2530,3,0.083759,0,0.11588211192548836,0.13219731480825267,0.15088081363892436,0.10188746964630102,0.09017506822110022
2531,3,0.622777,0,0.5756772553203579,0.6132748302911153,0.649179311278146,0.53797736219907,0.5021376957070702
2532,3,0.031644,0,0.08501487125572224,0.09742633890663063,0.11173881986372305,0.0745892661744705,0.06609705121293678
2533,3,0.042731,0,0.08289153618911833,0.09522316415203694,0.10978332498598858,0.07227249651463549,0.06318516198462765
2534,5,0.52274,0,0.5043413644248529,0.5464592601685697,0.587256052611348,0.45990444675765724,0.4128263426185133
2535,5,0.999999,1,0.9999845575938408,0.9999880923045105,0.9999904219696822,0.9999783025775096,0.9999660709287863
2536,4,0.987161,1,0.982813483063603,0.9856232916090135,0.9878637486116961,0.9791897311169944,0.9744450187340423
2537,3,0.180878,0,0.3319323871647411,0.36793802220929295,0.4061713688424629,0.2984087394420534,0.26806522441480685
2538,1,0.515325,0,0.669328099674578,0.7033724051014494,0.734782041315717,0.6318808152950504,0.5912460029760774
2539,1,0.437337,0,0.47357150050682917,0.5131891249380695,0.5526469825161592,0.43409595768526293,0.39571087865574994
2540,4,0.011003,0,0.028710928303916094,0.03306721395245108,0.03826407035766808,0.025185086357319045,0.02241835800874019
2541,5,0.406387,0,0.2676253241956561,0.29806029700811276,0.33051362934620737,0.2398836630859521,0.21557461452665985
2542,1,0.074227,0,0.11351169119335448,0.12908435240673427,0.14695739779286107,0.10019485180250162,0.08915163383345662
2543,3,0.055894,0,0.23845590210326117,0.2667288055162408,0.2974816689260662,0.2129563199398965,0.19066761998811108
2544,1,0.100129,0,0.07718445919556677,0.08836460081775575,0.10140787861151208,0.06788298755439523,0.06019207696085194
2545,5,0.999715,1,0.9982968231953441,0.9986105402712293,0.9988365917258183,0.997848490217449,0.997202154237226
2546,5,0.987982,1,0.9582702275382069,0.9645700990125207,0.9695136803223348,0.9506598759579309,0.9420368822265285
2547,4,0.059019,0,0.09006731075756945,0.10353927844533907,0.11912332264245475,0.07884713486612589,0.06969630185011796
2548,3,0.645313,0,0.5466605516922423,0.5832910637669714,0.6187341005138303,0.5096614512100226,0.47389105598105996
2549,5,0.936167,1,0.8748988357215695,0.8913108013746363,0.9048870859475309,0.8562322398313857,0.83631288427799
2550,2,0.594726,0,0.5052954513481899,0.5437288544460704,0.5821219572028653,0.4659642771933627,0.426599328254999
2551,2,0.125827,0,0.10103158454240634,0.11577434382654031,0.13262263935657423,0.08846597891081544,0.07806196555366128
2552,4,0.956346,1,0.9485545453308685,0.9562962560565785,0.96266830545497,0.939284029194083,0.9285269144681869
2553,2,0.214835,0,0.16470576377796992,0.18741885115482462,0.21298341419156933,0.14523178263017955,0.12887027110557342
2554,4,0.3417,0,0.29601331102400774,0.33076342333233527,0.3676373937547354,0.262594028163338,0.23043261987274902
2555,3,0.744032,0,0.5836197384134354,0.6229176955634453,0.6609647965316492,0.5425631145724975,0.49994396194986657
2556,5,0.265783,0,0.42673908128986904,0.46244478106912745,0.4986983637560128,0.3927733139445717,0.3616925523748162
2557,1,0.430594,0,0.3774682918087706,0.4167756060196902,0.4573371165330901,0.33924515610559963,0.3030410717127876
2558,2,0.763443,0,0.47077671815633204,0.5130406553502835,0.5550519124280119,0.42821229418903417,0.38552588569517793
2559,2,0.989705,1,0.9562909110871021,0.9627360051611834,0.9681310950547322,0.9482012211550239,0.9379746167369267
2560,5,0.029466,0,0.041261295298499596,0.04740889648720221,0.05480045586299925,0.036235398740983076,0.03216578571490457
2561,3,0.477501,0,0.4507609800566364,0.4902397554689472,0.5302015717434257,0.41197946637635563,0.37461081619839515
2562,5,0.357239,0,0.3574192421532947,0.39363340617732046,0.4310449578243767,0.3223095180914446,0.28833712336744943
2563,2,0.263325,0,0.457642176453766,0.4968699740768474,0.5363712016720157,0.41836168449814,0.3802747575177951
2564,1,0.36432,0,0.2864317683571367,0.31878510802484017,0.3533891306417709,0.2562043377935042,0.22811722451719296
2565,2,0.753502,0,0.6994741816024138,0.7311266029860006,0.7606324153082252,0.6648927905526298,0.6286699963955202
2566,3,0.367478,0,0.2667518206746196,0.2974188505905551,0.33006230497583317,0.23918556180961068,0.21475504795878936
2567,1,0.486542,0,0.44756362359905555,0.48720854371441,0.5269085821253938,0.4091702315429488,0.37334168581668004
2568,4,0.740922,0,0.5573810821735342,0.5986557581630215,0.6381407158018588,0.5128738030376708,0.46345410112392654
2569,4,0.993468,1,0.9898872512199054,0.9915839885488742,0.9929242136240345,0.9877697068161045,0.9852353607928542
2570,5,0.901799,1,0.7924896808996948,0.8164626679916829,0.8372327324735601,0.7660592906909017,0.7383443184484784
2571,4,0.998264,1,0.9939739474171385,0.9950311687194754,0.9958512543590603,0.9924934393792861,0.9902729279888309
2572,5,0.022005,0,0.08320592078839266,0.09527828790605854,0.10934259880456629,0.07311869620462966,0.06486113398984623
2573,3,0.073549,0,0.1234691847922548,0.14047527451297454,0.1595137173792566,0.10902383361609555,0.09702469400449368
2574,2,0.819351,0,0.8306175437765022,0.8546207890748657,0.8757021298000143,0.8018423712395386,0.7662021663916025
2575,2,0.102636,0,0.1855855140977852,0.21005564962290899,0.23744542667296795,0.16342401946508042,0.14351208285744493
2576,2,0.494532,0,0.4171461606341625,0.4548249523410809,0.49321961664388686,0.3808552539176025,0.34706903123355987
2577,5,0.084726,0,0.12262933218365753,0.13993726794715275,0.15994636262628895,0.10755133473592367,0.09434551665140112
2578,1,0.090584,0,0.14440118952481057,0.16371151375233972,0.18569731382842075,0.12758484823966448,0.11336063001849297
2579,4,0.284034,0,0.31042025694590925,0.345785603594872,0.3830853891248128,0.2787777535825414,0.25187997071551704
2580,4,0.356192,0,0.40182772730685185,0.4400511329097328,0.47912334370047216,0.36562969771006226,0.3330792769532917
2581,4,0.447761,0,0.6064249106798851,0.6448497978706854,0.6809868353525677,0.5673035367937443,0.5285441454441161
2582,4,0.441055,0,0.26132084829602853,0.2916351889419033,0.32427276032308505,0.23339842376879075,0.2078565109633049
2583,1,0.578996,0,0.5675264589325675,0.6069646892690206,0.6445602690849402,0.5274161848677175,0.4881202631257021
2584,2,0.592204,0,0.693463895347667,0.7285931483774574,0.7611782805507242,0.6557269406868514,0.6160448483509762
2585,4,0.538684,0,0.2823586019726167,0.3142587821493447,0.34825885691308245,0.25336202569390476,0.2274715045922438
2586,3,0.062108,0,0.18593494435033703,0.20908575155789794,0.23454205255190977,0.16505936653043585,0.14748047631486988
2587,2,0.999469,1,0.9993098292809723,0.9994403283965207,0.9995417910493676,0.999120547225854,0.9988230089331676
2588,5,0.98513,1,0.9705918726895123,0.9752224351544977,0.97880077712781,0.9649121694727878,0.9583791682732972
2589,4,0.291445,0,0.296807565306291,0.3316002759412339,0.36859064523019547,0.2642338616246144,0.2343488724220403
2590,2,0.234017,0,0.1483623943346827,0.16742471307551837,0.18838798195114126,0.1317379382050578,0.11757244401949728
2591,4,0.999951,1,0.9998740974844726,0.999899898485816,0.9999186609795219,0.9998351270020553,0.9997710569064607
2592,4,0.415793,0,0.563135402791822,0.60130171916285,0.6379695137502609,0.5250151513592083,0.48871679957348735
2593,3,0.995637,1,0.993752647195682,0.9948139304192555,0.9956554442101287,0.9924276078116177,0.9908329368818373
2594,1,0.670028,0,0.6331951870548015,0.6697726578374666,0.7036387199668094,0.5947839420370473,0.556242446433603
2595,3,0.193211,0,0.3670480726878919,0.40590194134852164,0.4459147556452735,0.3308479758009357,0.2981800698625509
2596,2,0.541187,0,0.5151242243261052,0.5567422830631545,0.5980699878084611,0.4727142707162572,0.4300076105365827
2597,2,1.0,1,0.9999999258940021,0.9999999448469307,0.9999999579638792,0.9999998921845347,0.9999998213128001
2598,4,0.243679,0,0.2154893405780873,0.24280288673256054,0.27254092644095346,0.19112010249632333,0.16942313960101604
2599,1,0.143434,0,0.2269650813259966,0.2571117707765545,0.2897964346045422,0.19948058315750808,0.17480166890744508
2600,2,0.138918,0,0.3291049907177097,0.36416794161991467,0.40061515570531797,0.29522813704691686,0.26224526570996537
2601,2,0.106343,0,0.2109646599622567,0.23617954464210045,0.2634466829583565,0.1880420627420555,0.16774258098753567
2602,3,0.728803,0,0.721544553468991,0.7530832884723873,0.7816019661360774,0.6875878001236522,0.6519624065943398
2603,2,0.22585,0,0.284877440645703,0.31805824202554134,0.3530092946602906,0.25498845126003417,0.2289383351985928
2604,5,0.232902,0,0.23016252871906445,0.2600123142288631,0.29221610525207986,0.20341907470541534,0.18011534784385394
2605,2,0.323208,0,0.35040851952445795,0.3867765806586086,0.42423879760069483,0.31677069371434363,0.28687909667041567
2606,4,0.432969,0,0.4534675650226391,0.49746641270956604,0.5410518669339676,0.4086450239810398,0.36294827020047404
2607,5,0.807764,0,0.6421007336364485,0.6791262830220075,0.7129585753573142,0.6023123840673311,0.5604241722167163
2608,5,0.158962,0,0.21843886366640994,0.24626138013401075,0.27672318726631345,0.19377279920013796,0.1726355556859903
2609,3,0.070466,0,0.07922134669113728,0.09104345671569604,0.10464103790065357,0.06920822013819233,0.06110430107667077
2610,1,0.447921,0,0.4643248909222627,0.5032915780552298,0.5417213891274122,0.4259723651931443,0.39001786695071683
2611,2,0.138541,0,0.40311947341614957,0.44215909110615903,0.48170661962366634,0.3655270419688262,0.3297072927685794
2612,4,1.0,1,0.9999993644518526,0.9999995188264633,0.9999996231762699,0.9999991080712576,0.9999986386563345
2613,3,0.030542,0,0.08764527621208937,0.10033388096374767,0.11491100456230671,0.07683697888265006,0.06777267788006631
2614,2,0.848866,0,0.9167902318386737,0.9288861809352137,0.9392452018700104,0.9019223340929884,0.8834199147209969
2615,3,0.739463,0,0.6798753748583495,0.7132354175944872,0.7440559292004639,0.6445481522634132,0.6081779424010978
2616,5,0.862403,1,0.9103939268926475,0.9236349192306464,0.9345780208735279,0.8937564779430837,0.872720378643515
2617,5,0.153074,0,0.13928352214572864,0.15748876590997848,0.17825594266720363,0.12378712373960025,0.11083840972527362
2618,3,0.454855,0,0.5244820500792079,0.5640687684047685,0.6031194414804316,0.48513787184122037,0.4472908708797593
2619,4,0.396667,0,0.27131227001109726,0.3031356329001801,0.3373044711175209,0.24254325832875268,0.21752976778612554
2620,3,0.160874,0,0.20290665465492766,0.22918368964834823,0.2581849061267924,0.17992910355076533,0.1608668646127217
2621,4,0.127048,0,0.2163613550106709,0.2447779264731635,0.2758773200607047,0.19156400622051595,0.17074133177527864
2622,5,0.999957,1,0.99979113841356,0.9998350958654059,0.9998649955108228,0.9997193045682684,0.999592118968396
2623,5,0.19034,0,0.22137322411778176,0.2511308506762111,0.2835133639383515,0.19449655881584493,0.17065525594719108
2624,3,0.097982,0,0.15342296265671734,0.17362327353187174,0.1960352537563808,0.1359496871323334,0.12128846988553278
2625,3,0.13079,0,0.11438699569392057,0.1309868364074308,0.15016268715141398,0.09966313527755931,0.08673988529297788
2626,3,0.704747,0,0.7771861785337492,0.8068504384437016,0.8332590442816429,0.7428619251734452,0.7017793802935995
2627,2,0.353687,0,0.166691517842993,0.18917136284288208,0.21413652058799648,0.14727849158882036,0.13089715032315777
2628,4,0.305956,0,0.34996369452515186,0.3870631435506467,0.42551222598474303,0.3166552759747126,0.28812558877715155
2629,3,0.148672,0,0.10408232181677513,0.11898320414712081,0.1362041168148296,0.09101676188370242,0.0795646808250173
2630,3,0.539172,0,0.5677649133921849,0.6081318368961709,0.6469885432421163,0.525267041143096,0.48067982950068955
2631,3,0.147996,0,0.10067316220013553,0.11484577358753607,0.13117448865803122,0.08859665426635382,0.0785765079692116
2632,5,0.175955,0,0.19818116024654692,0.22475451648237063,0.2542157195389157,0.1743876855826435,0.15288394223528823
2633,2,0.024572,0,0.07011657381899741,0.080190673616379,0.09164997145059418,0.061720608257263124,0.05485490679437307
2634,5,0.077416,0,0.1179015931331086,0.13436146489906317,0.1532514538973143,0.10375507126988173,0.0916825063972965
2635,5,0.056901,0,0.14847940974570548,0.1699578912532738,0.19399383814788979,0.12947470766746352,0.11284265221573118
2636,4,0.070554,0,0.08787146142371234,0.10136378337508513,0.11700890221697,0.07649219967986408,0.06736017355803452
2637,4,0.221591,0,0.22098490314520777,0.24953015135651882,0.2808351898411633,0.19458378407325935,0.16989927223393622
2638,1,0.125922,0,0.14521094027795814,0.16505060877059285,0.18740809482024637,0.1280488227826414,0.11342352783640958
2639,1,0.579355,0,0.43547410140702286,0.4751621494824928,0.515739647362394,0.3963586085024667,0.35820461286437755
2640,2,0.464309,0,0.5552664187779351,0.5959161334238147,0.6349914384850329,0.5128794856702439,0.4690219031036193
2641,4,0.196141,0,0.3641599647621858,0.40310796851263675,0.4433805004944219,0.32753101289818387,0.2946307149718404
2642,5,0.229595,0,0.250207312817853,0.28003519118127546,0.31238526226802515,0.22323633923764422,0.19913213797095117
2643,4,0.311969,0,0.19456512227747885,0.22001095570861184,0.2480937594385151,0.17207021191572225,0.15229553980416652
2644,3,0.652414,0,0.5409732305437848,0.5802902735446015,0.6186023424822987,0.5012732812133441,0.4628335182807354
2645,5,0.091957,0,0.08288912005065281,0.0952175799648073,0.10978422008231556,0.07257797611860323,0.0640468924533045
2646,4,0.498294,0,0.5621454320207503,0.6010161535450803,0.638263097192029,0.5231683327643629,0.48576508263025353
2647,3,1.0,1,0.9999973069484579,0.9999979382236325,0.9999983852117161,0.9999962751332063,0.9999943159119566
2648,5,0.98864,1,0.9805098888065167,0.9837350287664227,0.986187583211648,0.9761894528380409,0.9703226140555964
2649,5,0.32232,0,0.20660545988353224,0.23261067846619848,0.26110141776537465,0.18389248827600324,0.16473519629574584
2650,1,0.740527,0,0.7002464432905519,0.7308489122892874,0.7589796024967509,0.6674224446202178,0.6337429782480971
2651,1,0.730709,0,0.7585446462254684,0.787505941303711,0.8132707969669022,0.7252045545200783,0.6874769865890159
2652,1,0.999643,1,0.999143652761491,0.9993061521502467,0.9994264842804126,0.9989077254912039,0.9985638441789296
2653,4,0.412912,0,0.6834853508053506,0.7166941994994651,0.7472103112788047,0.6486028205177913,0.6130515275930248
2654,1,0.794801,0,0.7727248336437981,0.802333498189263,0.8283412887856795,0.7375530134083087,0.6955628532022056
2655,1,0.989653,1,0.979838410994927,0.9830020040888667,0.9854740246033836,0.975754081392288,0.9707041636505492
2656,4,0.250253,0,0.2163959151461604,0.2431331817085184,0.2725402441886333,0.19205235995281245,0.17048397957451486
2657,2,0.435723,0,0.6331761693468569,0.6674819198935986,0.6995260673404028,0.5971616230335984,0.5603130437361481
2658,1,0.308141,0,0.2903073451763092,0.32381796229198656,0.35954342469298156,0.25938916884542706,0.23123640299278722
2659,3,0.007766,0,0.011301907180611682,0.012952377917774592,0.01493817864908563,0.009938139952045658,0.008840405898112046
2660,1,0.225954,0,0.46507205158521764,0.5039731236096879,0.5429697693884982,0.4272802804613381,0.39171411745382057
2661,1,0.607583,0,0.5364803749934983,0.577680782909424,0.6171912023394172,0.4949423542158232,0.45471856492965523
2662,5,0.640901,0,0.6066768705805701,0.6447982181190207,0.6805099920648782,0.5654568299096491,0.5208277370617718
2663,1,0.389634,0,0.274766514165254,0.306431922433279,0.34025002642266844,0.24573091270971847,0.21953742206943927
2664,3,0.792082,0,0.7225310193695831,0.7541127363113236,0.7831372233263373,0.6865687630367928,0.6445338743375477
2665,5,0.022056,0,0.0403885995793087,0.04671529417502789,0.054300232895501455,0.0353127263963749,0.03134660063769622
2666,4,0.164179,0,0.17178585374118555,0.19553788982617523,0.22212657316020848,0.150793375328837,0.13236287624975182
2667,1,0.524071,0,0.3601064086077887,0.395823428596708,0.43326547391618947,0.3260482222870684,0.29432131334128303
2668,2,0.103093,0,0.13621573118070954,0.1549641735805812,0.17610057127994092,0.11996604833801919,0.10611951199139984
2669,5,0.999426,1,0.9980437962819801,0.9984053077678613,0.9986684200682079,0.9975227187917541,0.9967573751431629
2670,2,0.548853,0,0.48414251759103566,0.5243057817455355,0.5644270849676218,0.44377820360958803,0.4044927109808014
2671,5,0.682723,0,0.416679803386812,0.45610275065139816,0.4957672965124405,0.3790652602155352,0.34436446459877823
2672,4,0.936153,1,0.8501134594449299,0.8697677434733477,0.8867260203533724,0.8278994049759791,0.8037732422603568
2673,5,0.067653,0,0.08285703180389987,0.09493756279403442,0.10903496712187354,0.07304804785699746,0.06527441003769532
2674,3,0.993619,1,0.9897757265080455,0.9914400761798978,0.9927389255224303,0.9877812437620921,0.9855529572141313
2675,2,0.565646,0,0.42553256182629656,0.46484028923610843,0.504707223546461,0.38717593908041564,0.3501995186637961
2676,2,0.653577,0,0.5558357213170174,0.5961605855056427,0.6350809480473496,0.5136686373248821,0.47024963098311284
2677,5,0.393569,0,0.48097750282505236,0.5186319143758881,0.5562920247262135,0.44348364751706326,0.4071188801730983
2678,3,0.529623,0,0.2900169408446169,0.3240938091008663,0.360755404889274,0.2590709608782403,0.23216545763402338
2679,3,0.152098,0,0.10220622641415439,0.11684819262911338,0.13346326507096393,0.0894945645840205,0.07856445696668966
2680,4,0.141096,0,0.08564253506389906,0.09913685074829988,0.1147401311178146,0.0745071071741249,0.06546991211013038
2681,4,0.210827,0,0.50773188690985,0.5496157161343448,0.5904524561152485,0.4651859966968892,0.42359187345932037
2682,1,0.045217,0,0.09056158709757252,0.10343527617543961,0.11831268657240979,0.0797246462890099,0.07065961335736279
2683,1,0.271301,0,0.17190574648466964,0.19481630655668683,0.22024238059446039,0.1514255284821302,0.1332824792405136
2684,2,0.449279,0,0.321652409820569,0.35581446463263733,0.39162593284243213,0.28962505020013274,0.2604240700612923
2685,5,0.999844,1,0.9988594448652092,0.9990774967026496,0.9992326617431039,0.9985299702507816,0.9980075919549941
2686,5,0.068497,0,0.08829892115493808,0.10243509479934668,0.11885120548969969,0.07636625545173413,0.06633289801672267
2687,2,0.254151,0,0.29139244368791284,0.324070565379979,0.3589044427535506,0.26099477852747616,0.23331153364144033
2688,4,0.465401,0,0.42048496087362625,0.46544739936056867,0.5104695246041968,0.3750987094248501,0.3289144951081889
2689,4,0.533345,0,0.5695192314414376,0.6109498073624605,0.6505527944122417,0.5257409805639136,0.479875595068574
2690,3,0.323901,0,0.5450386030108096,0.5842466686854072,0.6220644211940517,0.5059820900887565,0.46838473971192546
2691,1,0.994508,1,0.9958418742874678,0.9965286928774825,0.9970464593976875,0.9949037464566813,0.9936664125724547
2692,3,0.066539,0,0.26695813482608294,0.2998952372532722,0.33582708891369223,0.23638411135966292,0.20830985120932863
2693,5,0.117401,0,0.0903032143637785,0.1035059380292249,0.11885901664268053,0.07892127408784279,0.06910123400987546
2694,5,0.424746,0,0.33276909928166504,0.3664497404970556,0.40214208369552373,0.3013517038069278,0.27270538187490573
2695,4,0.078328,0,0.05283650459963034,0.06123964625392852,0.07119572317221219,0.045859856097648116,0.040182195119128225
2696,5,0.051809,0,0.06780407890513833,0.07753761970440277,0.08902434552649013,0.059783113286605565,0.05327835724713102
2697,5,0.99572,1,0.9903273107797433,0.9919198806885944,0.9931390698943044,0.9882505961256233,0.9856374696698077
2698,5,0.377408,0,0.39328664076852066,0.42932310436830373,0.46615138610794554,0.3594453748071015,0.3288114020717868
2699,1,0.587594,0,0.38293218894254183,0.4239687980528119,0.4653979987020902,0.3423643289941557,0.3031102038457187
2700,5,0.093203,0,0.11257832300910364,0.12890120585095083,0.14770341526076888,0.098707238569229,0.08700627516229291
2701,4,0.798607,0,0.8724049979197744,0.8920420132193532,0.908458481641265,0.8473466281922369,0.8137506506445485
2702,1,0.761732,0,0.581321629866387,0.6211629810475404,0.6591544484219876,0.5395675160003325,0.4963537912341449
2703,4,0.365513,0,0.2619781345410132,0.29366874766208984,0.32786522506147076,0.2333214147610613,0.20834587592261292
2704,1,0.001238,0,0.002843609558000911,0.003254238517207862,0.003767896121341451,0.0025172092567345805,0.0022751973335158287
2705,2,0.145825,0,0.2664657456514054,0.29840503339868385,0.3324351855270239,0.23721120301266072,0.2102453402965294
2706,5,0.367912,0,0.31858910606593854,0.35361939333530296,0.39014733415561975,0.2865253434853689,0.25814994677688313
2707,4,0.995367,1,0.9843809284656053,0.9869671768506535,0.9890264762508736,0.9812520844252753,0.977721455693059
2708,1,0.999927,1,0.9998291158065352,0.9998636724581429,0.9998887114133708,0.9997764508663072,0.999694745143021
2709,4,0.110512,0,0.09933607149272576,0.11446146121698864,0.13177825252983372,0.08691987473815277,0.07747213393598944
2710,3,0.697079,0,0.771150987180416,0.7989128243894551,0.8236076709942826,0.7400443494863498,0.705341284904748
2711,2,0.536418,0,0.435118435245225,0.4763032920019786,0.5180442655185,0.3945851768843046,0.35506644300221024
2712,4,0.124867,0,0.09858369230156445,0.11340178114027188,0.1304996696607955,0.08588940951294217,0.07492897866255108
2713,2,0.449286,0,0.21616832129587876,0.24356012754734907,0.2739691354255374,0.19115361995579433,0.16907793766588128
2714,2,0.648872,0,0.3847132765378125,0.4206275120955134,0.45720100118024526,0.3505536138162916,0.31856037331657877
2715,5,0.286276,0,0.27616678699360386,0.30517667731331216,0.3363127319306981,0.25003192219607157,0.22744379412086232
2716,1,0.828109,0,0.7857713817212475,0.8128323382278004,0.8367474403939577,0.7539366937606902,0.7163055435014033
2717,1,0.56115,0,0.2943045499305386,0.32802331841508686,0.36374330207260985,0.2631185168412828,0.2351469850084575
2718,4,0.799044,0,0.8513820729657474,0.8710615439941721,0.8880067204391628,0.8283736169996968,0.8012383802594264
2719,2,0.096611,0,0.09422731229452415,0.10739777769927901,0.12223853447660826,0.08310511154824009,0.07402263051391167
2720,5,0.251006,0,0.163810963730772,0.18455875655329496,0.20777954771165946,0.14602955518297428,0.13125472485454462
2721,3,0.217933,0,0.33161224887611807,0.36738903864977496,0.40475543310622514,0.2988260276301888,0.2703420114812034
2722,2,0.302861,0,0.33742425638636336,0.3735000643749911,0.411009037992465,0.3030725637127316,0.2707377790342327
2723,1,0.191169,0,0.13910859086925834,0.15713318566749382,0.1776533154600894,0.12339995178087165,0.11012649275336099
2724,4,0.074342,0,0.18347363257008137,0.2076634693389556,0.23461634475011334,0.16123705912841288,0.1405247349198857
2725,1,0.475539,0,0.2876550916827524,0.3217527248526403,0.35779436065257453,0.25615821797143673,0.22765147526716237
2726,1,0.531557,0,0.4915338974154434,0.5303384095251865,0.569152260249282,0.45361176076794657,0.4176037938267149
2727,1,0.821283,0,0.8516290252061899,0.8729036961215358,0.8910259875220965,0.8258914898721675,0.7949845863472357
2728,1,0.279362,0,0.24870155678095474,0.2787636890213349,0.3107415342403338,0.22140963852780507,0.19757000640919548
2729,2,0.331092,0,0.5602912870782343,0.6040904533648125,0.6462541544314371,0.5140205728132475,0.4640537752581867
2730,2,0.068234,0,0.06136384193737549,0.07080866187286176,0.08190702202635482,0.05353098886031578,0.04718384313191388
2731,1,0.105854,0,0.27456579946806003,0.3075698965263598,0.34297612054055787,0.24338098429298283,0.21391788525867791
2732,3,0.811438,0,0.9125771538352514,0.9268936069039104,0.9389367430294663,0.8941430724389509,0.8690009334313301
2733,3,0.463595,0,0.42662831669947593,0.4677215180064367,0.5100280081222789,0.3852320815261611,0.343014458786349
2734,1,0.498031,0,0.5082057133311745,0.5494966570346089,0.5899306340779072,0.4652892700073059,0.4214983450993859
2735,3,0.849013,0,0.9366136522719214,0.9465120537730995,0.9548521637228717,0.9242283240630098,0.9081331576288117
2736,3,0.125427,0,0.1389949342210755,0.15940718104454077,0.18298553732766393,0.12153040290608881,0.1070293333477157
2737,5,0.835116,0,0.6201478475146163,0.6601362241172375,0.6968336403167696,0.5765785170570747,0.529757711800843
2738,1,0.818751,0,0.7578405452593717,0.7877087488503299,0.8141020066267962,0.7243140838215538,0.6876906141285626
2739,4,0.507185,0,0.9028299645211134,0.9183873010035563,0.9312374119490652,0.8826928642649078,0.8550630701313408
2740,2,0.300155,0,0.43627493885330654,0.4775508275955599,0.5192182910768554,0.39636698342036153,0.358730680623733
2741,1,0.178196,0,0.18375397461046536,0.20873827695963207,0.23611398730862268,0.16158231534748693,0.14272587612830004
2742,1,0.725447,0,0.5946443466906655,0.6330000338584256,0.6693578832316222,0.5548430957071092,0.5153520131241255
2743,5,0.134328,0,0.16303882284974258,0.1847031548646288,0.2088471121314947,0.14449782906387273,0.12906605832168652
2744,3,0.196246,0,0.3389784610585399,0.37574412382748335,0.41401115080816003,0.30509508103555183,0.27531103218041997
2745,3,0.306365,0,0.27847130413185,0.31149165523560257,0.3466426570111205,0.24891801724455342,0.22327927893462687
2746,1,0.977861,1,0.9512456204664483,0.958627936906859,0.9647915110714509,0.941836274794078,0.9296752411496148
2747,4,0.018932,0,0.03158391629870273,0.03663098672423326,0.042657541217313376,0.027542001668199246,0.02441829708873121
2748,2,0.011829,0,0.04670041214239164,0.05375909116097935,0.06201632842036676,0.040796923909548886,0.03590704465061343
2749,2,0.666125,0,0.6385079967220536,0.6763080628815803,0.7117510283601254,0.5974591022176734,0.5526165395298342
2750,2,0.032297,0,0.05507090691278019,0.06377702111681122,0.07399215970529531,0.04798674170141732,0.042329469726363825
2751,4,0.600286,0,0.33994178149860627,0.37662520588628257,0.41481899846073855,0.30589347381658344,0.27478303315963243
2752,5,0.430409,0,0.29664192281585505,0.3297530691688228,0.36442844422267534,0.26636889206982994,0.23969656036830728
2753,4,1.0,1,0.9999993142873872,0.9999994776109777,0.9999995886219513,0.9999990409401615,0.9999985347121271
2754,5,0.255713,0,0.45463041752550737,0.4975147622993693,0.5396597055660406,0.41157758898339003,0.36878088542817883
2755,3,0.196759,0,0.27214192221130556,0.3037886442855088,0.33834046864744144,0.24248651247158237,0.2149075829663513
2756,4,0.317563,0,0.5240246473657753,0.5641169057744949,0.6030974440067006,0.4830840089593249,0.4414330585645161
2757,1,0.240451,0,0.20170765607028057,0.2265172856900167,0.25392557631146667,0.1795906075419591,0.16030326142563608
2758,4,0.45094,0,0.5520427074902622,0.5931372993061866,0.6327330715150453,0.5085724617841784,0.463006649684052
2759,1,0.190827,0,0.17516972878371373,0.1977844155835711,0.22287843730343,0.15519974354277188,0.13777154573031253
2760,2,0.072599,0,0.07325860409729656,0.0841001690846065,0.09653485510431033,0.06421952357605094,0.056732615961947785
2761,2,0.808179,0,0.9477089241569233,0.9567501688239326,0.9641598997345194,0.9356187453260428,0.9179638713443142
2762,5,0.367238,0,0.49474274517602107,0.5418708315277841,0.5868850599519806,0.44438899016633215,0.390108901671401
2763,4,0.632711,0,0.750960966129645,0.7814728630615001,0.8085335136838194,0.7166243435727011,0.6775931228947775
2764,1,0.860542,1,0.5974530415157956,0.6351759287706562,0.670725706333935,0.5581801644406248,0.518587929764969
2765,3,0.170249,0,0.2901775082228122,0.3229565542263062,0.35790289251758145,0.2595540837789565,0.23132733005513842
2766,3,0.784515,0,0.8509558165036706,0.8717918443614812,0.8900770199037206,0.8258948586273768,0.7951914473134195
2767,2,0.829448,0,0.6923118225908526,0.7265700654424024,0.7582795529359476,0.6539745472062048,0.6106329261419869
2768,2,0.968146,1,0.9594202570202973,0.9653943722250858,0.9703325823743971,0.9521040752216741,0.9433067044452286
2769,5,1.0,1,0.9999970907332096,0.999997796607787,0.9999982415521624,0.9999958622625758,0.9999935745648101
2770,1,0.272967,0,0.3071268696382329,0.3442049396630526,0.38300481749985726,0.272218374954337,0.23991433209076285
2771,3,0.086314,0,0.20018963273870405,0.2259699256387008,0.2541167010346831,0.17764287079062527,0.1584597731850078
2772,2,0.656558,0,0.8227094728774692,0.845378757803634,0.8652999525027633,0.7968049830328855,0.7676385414925209
2773,2,0.634628,0,0.681999665879771,0.7147267444414732,0.7450295094963223,0.6468219482776192,0.6100617790507533
2774,1,0.779477,0,0.6252833748187846,0.6622268041857151,0.6970900647316515,0.5870931627956537,0.5489943717475775
2775,5,0.093595,0,0.10059532351619074,0.11426548326087382,0.1300122066408,0.08932363793295289,0.08035668452649748
2776,3,0.44163,0,0.34509285269158996,0.38114181860154345,0.41906299875985664,0.31067740388609727,0.2787547933952925
2777,4,0.880011,1,0.9301002503784557,0.9402737119598897,0.9487289022312504,0.9175581029691401,0.9017684626693135
2778,5,0.168037,0,0.17652045136004238,0.19884870454258213,0.22365012449073654,0.15710707873447224,0.14078121886569986
2779,4,0.5509,0,0.33379761634602434,0.3689217922221963,0.4054774938380932,0.3005553085862421,0.2691886920253587
2780,2,0.271336,0,0.2242498529639743,0.2505577815182381,0.27910419225657146,0.20017791431551307,0.1787487808474784
2781,4,0.708157,0,0.5432639414311294,0.5852623784167436,0.6257128537301666,0.5000283165816547,0.4558891078245097
2782,2,0.706669,0,0.5634947060563559,0.6016219973766899,0.6389409401170755,0.5244288615298207,0.48593366047206954
2783,1,0.993315,1,0.9939320645937002,0.9949708859924441,0.9957566336227135,0.9925472230423241,0.9907761585858958
2784,4,0.099436,0,0.1126972150141576,0.1297795211878507,0.149328585184434,0.09761257913547518,0.08420529727248657
2785,5,0.396242,0,0.22694275770424133,0.2564997390335931,0.28861302367619623,0.19968553134040296,0.17449739023862698
2786,3,0.179827,0,0.18866544894073473,0.21324631409777198,0.2403840325475732,0.16718013004956253,0.1491955705582371
2787,2,0.800057,0,0.6613939575206795,0.6946358174037368,0.7254635515733245,0.6263940232717625,0.5908737018413279
2788,5,0.106165,0,0.10459071882266607,0.11999901582850621,0.13794786143763488,0.09147871732915626,0.08037020370728325
2789,3,0.292832,0,0.3836561566452453,0.4229500951686469,0.4635266268930226,0.3466684730382472,0.3123103028408879
2790,4,0.803297,0,0.6867423426262278,0.7219925292260104,0.7541849267971843,0.6491366901870298,0.6099758916842795
2791,1,0.418645,0,0.3343464941326294,0.3693149082962341,0.406128043386226,0.30177489939336444,0.27245402434410426
2792,4,0.55866,0,0.6961544200818143,0.7299692277007681,0.760819388609551,0.6593007958621787,0.619424155250851
2793,5,0.801716,0,0.7027310163780577,0.7342099367255404,0.7627406806383539,0.6690849122958662,0.6346047354473883
2794,4,0.39289,0,0.1801718570767446,0.20485407432540986,0.23233763547137895,0.1590125595982401,0.14177988397984656
2795,2,0.617392,0,0.7055149057290089,0.7384661482794292,0.7687049625977448,0.6691156319612878,0.629180926284975
2796,1,0.190049,0,0.1374270745299708,0.1553189005340647,0.17570830525032466,0.1220017276180368,0.1090698099384042
2797,1,0.072663,0,0.256206136114358,0.2866300740840337,0.3195227673545534,0.22774471050030828,0.20126149309284425
2798,5,0.184002,0,0.1928100793583897,0.21827173510560435,0.2465149356640429,0.1707995958531134,0.15245704379644395
2799,2,0.26242,0,0.29282182650943256,0.32570003045206464,0.3607468020588166,0.2623417750361178,0.2348454967122619
2800,5,0.395457,0,0.40825337006542683,0.44974100759495256,0.491550149123806,0.36586833363868765,0.3220991617137399
2801,5,0.184982,0,0.19287144417203955,0.218634005584809,0.247388690118194,0.1699349908312745,0.149793848299035
2802,3,0.594765,0,0.6060392641805876,0.6442695290525315,0.6804641518828547,0.5669122106957619,0.5279758207126951
2803,4,0.277165,0,0.22906232980141494,0.2572692390180457,0.2880255889718803,0.20283990619576306,0.17896853140638017
2804,5,0.226079,0,0.2566974778086988,0.2877083362924121,0.321186557057644,0.2283279504414103,0.20277865041104076
2805,5,0.427876,0,0.2674922047744501,0.2979564318897249,0.3308067266521548,0.23976370612195905,0.21507447154266776
2806,4,0.00963,0,0.0434954899146585,0.05023915878002946,0.05825361077017805,0.038004702112939756,0.03384447084666144
2807,4,0.678403,0,0.6957496733535878,0.7321538211597993,0.7651395442691085,0.6547339214020964,0.6078445287082608
2808,3,0.146128,0,0.1784153649801665,0.20133251208076217,0.22661892799236594,0.15834733575613785,0.1415240286625713
2809,1,0.415618,0,0.34795600108819735,0.38589802099207976,0.42520401506625993,0.31113064820353226,0.2762627878869035
2810,5,0.634309,0,0.7002636599563097,0.7323791098105064,0.7615528130797816,0.665643347479739,0.6296011281790681
2811,1,0.720839,0,0.4776735339494981,0.5179170598644497,0.5576019782332611,0.4357102946141389,0.39202850305983045
2812,5,0.589222,0,0.6216959151224188,0.66041973400282,0.6962984311907868,0.5795088253018517,0.5339421511901248
2813,2,0.038517,0,0.08285991838435457,0.09561579331637846,0.11046628080442081,0.0718595574476708,0.062292635116887374
2814,4,0.668139,0,0.6466797749019638,0.6827041268068887,0.716205503190442,0.609433427779901,0.5725926335594471
2815,1,0.791782,0,0.8133130254601209,0.8386370568945457,0.8606813762258692,0.7829518388027011,0.7467004039857885
2816,3,0.999288,1,0.9987577666621479,0.9989869547099441,0.9991630724343107,0.9984465310751325,0.9980045787068801
2817,5,0.222939,0,0.12811346974406732,0.14705863213167428,0.16860424603456667,0.11193946408362188,0.09846691715110048
2818,5,0.035715,0,0.08338834881053155,0.09552393640254311,0.10965265105064737,0.07323356108439914,0.06479853370961411
2819,3,0.184511,0,0.47365788344336124,0.5148722392492309,0.5558785582062128,0.4324672896967855,0.3903988339327711
2820,3,0.17795,0,0.31825253441733947,0.3530687536555832,0.3898604343682374,0.2856284959893434,0.25591067932484923
2821,2,0.086876,0,0.08383642844566673,0.09616051609619093,0.11048794940874657,0.07327281092743869,0.06429157793959926
2822,2,0.388242,0,0.4645417803837647,0.5039351202709264,0.5435926258017608,0.4258376765662124,0.3891439246640361
2823,2,0.042722,0,0.08214726500335506,0.09411580714393784,0.10777511221062284,0.07219888143571408,0.06424931917725131
2824,1,0.989986,1,0.9915548817862446,0.9929651296379416,0.9940458677266875,0.9897021607258142,0.9873694962758842
2825,2,0.078045,0,0.04576956212647522,0.05331838562205298,0.06236412439042317,0.03949607886618783,0.034252166126653355
2826,2,0.277786,0,0.28360242502963073,0.31601719436783304,0.35043932155815183,0.25391824911552996,0.2270772392339295
2827,5,0.350325,0,0.2467812234510104,0.27533108680674423,0.30635772927664434,0.22124537094489602,0.19907709041108074
2828,2,0.105212,0,0.17103141235155558,0.1942140213759973,0.21995246827240839,0.15049447100055033,0.1323881524589343
2829,4,0.238854,0,0.13328978674622,0.15283498208957794,0.17504738464097266,0.11661382440650815,0.10281689948433405
2830,5,0.057135,0,0.10392936602787155,0.1192552756311007,0.1369784797020998,0.09099038045572268,0.08011125744418414
2831,1,0.708329,0,0.6998407262022563,0.7334586319115519,0.7643477924929962,0.662541931741017,0.6216936104907569
2832,4,0.436806,0,0.18466668582638293,0.20864298675969598,0.23529543986719512,0.16325329028347993,0.14438825185190593
2833,3,0.105009,0,0.10774173937174328,0.12304411853736248,0.1407693784515136,0.0945846484621449,0.08341439732524954
2834,2,0.998242,1,0.9938760778147406,0.9948719280680778,0.9956751281458033,0.9925958787193923,0.9910039860369233
2835,4,0.084507,0,0.1704073146720215,0.1933992989362471,0.21898724424983565,0.15082593937367905,0.13531999231386843
2836,5,0.996049,1,0.9953909825036162,0.9962018787350602,0.9967978872243175,0.9943051462133303,0.9928933222203735
2837,2,0.176306,0,0.20174879335580226,0.22923104805795924,0.25991755784793175,0.17661569922001427,0.15356645063175503
2838,1,0.137581,0,0.218884420955162,0.24530352950407958,0.2736498582850408,0.19504730262119488,0.17440018565484214
2839,4,0.58932,0,0.6100222549382817,0.6493183116330576,0.686153587778025,0.5684583253962643,0.524386052515301
2840,1,0.526424,0,0.3863255325580702,0.42296972316252807,0.46115424638854985,0.3518170214510697,0.3199630103384857
2841,1,0.999162,1,0.9949137380955982,0.9957483049251266,0.996377072783869,0.9937942913685742,0.9923640609882441
2842,2,0.290081,0,0.31802184375425474,0.35156238229041853,0.38712912930734716,0.28682201864077084,0.25866135653589345
2843,4,0.089052,0,0.14858026817084355,0.16883151474337083,0.19172459448708812,0.1308785116163018,0.11589118144120174
2844,1,0.214087,0,0.15902856155406536,0.17990280412139956,0.2030565433863384,0.14044335885066633,0.12412364873925102
2845,2,0.847141,0,0.9005341788929919,0.915199683269647,0.9276394648835237,0.882094395971411,0.8575903024390735
2846,5,0.815259,0,0.8296624407144153,0.8505176277447115,0.8686873611364393,0.8057553873126666,0.7792241007408786
2847,1,0.12022,0,0.1807271316721664,0.2037323369190916,0.22870128410465282,0.160348125543471,0.1429408618537125
2848,4,0.805049,0,0.7461819911407184,0.7769705941302554,0.8044677123147955,0.7110184738280271,0.67067565337006
2849,3,0.755989,0,0.73396725552452,0.7650754542493422,0.793278159516815,0.7000748920458667,0.6641462893058626
2850,1,0.363508,0,0.39447550109717605,0.4333063979024869,0.472661341228937,0.35760600623794025,0.3240147959174794
2851,1,0.387545,0,0.8976649238966008,0.9134877407139703,0.9265978356576033,0.8778013696223599,0.8526758294050296
2852,3,0.041235,0,0.11406506755725074,0.13083619998177815,0.14982623660221298,0.10009541377733056,0.08903766141024023
2853,5,0.337241,0,0.25179857877547795,0.28302135431377107,0.3167678334161414,0.22350435993723644,0.1983072694048251
2854,4,0.512376,0,0.4667870645590734,0.506683630173123,0.5463574258239094,0.4271856528316221,0.3887154313323705
2855,2,0.637364,0,0.5340904266946239,0.5736062648523009,0.6124566892073567,0.4939401786357729,0.45458587446481913
2856,5,0.999487,1,0.9979890559460344,0.9983607053310525,0.9986288492363398,0.99746164242448,0.9967084250727132
2857,2,0.317073,0,0.46565552812772165,0.505390902920121,0.5454239386170928,0.4262728515800862,0.38793983168681817
2858,3,0.272292,0,0.243878660789482,0.27361602602955226,0.30523803998609295,0.21705058553012008,0.19364997550524313
2859,2,0.052883,0,0.10699179698019412,0.12243689630970712,0.13985906725338057,0.09379326595645256,0.08252911774417009
2860,3,0.218903,0,0.3371198469744899,0.373756321627336,0.41197987460658875,0.30347343660878284,0.27409848901409467
2861,4,0.154098,0,0.2235366024844903,0.2523993416286626,0.2838240654520561,0.19847884555200251,0.17752038736902256
2862,3,0.789055,0,0.9320727429695415,0.9432190324552296,0.9523892006381462,0.9180163365285202,0.8994553158613383
2863,5,0.02864,0,0.05862825965291441,0.06721914153770335,0.07754240583227015,0.05149249954077198,0.04555100352436617
2864,2,0.673063,0,0.7018627969648167,0.7355341646039938,0.7663842821108521,0.6651916282991459,0.6258560568769956
2865,2,0.547962,0,0.604231178842694,0.6431682054951332,0.6804575407030918,0.5632820957847368,0.5199899930108312
2866,4,0.327234,0,0.21403932902163642,0.23954127157710195,0.2675177965328535,0.19075120162420717,0.16954706359114258
2867,1,0.302885,0,0.2725106320697656,0.30461532363813826,0.3387548062679617,0.24309307875535058,0.21683565836197657
2868,5,0.078376,0,0.11024045441387544,0.12684761745189066,0.1459007519855426,0.09633417349329572,0.08502705816248776
2869,5,0.444471,0,0.4070416342887247,0.4426055920408637,0.4790514090012607,0.3733494872943908,0.3427980691817578
2870,2,0.108333,0,0.17489807847548153,0.19689874200193436,0.2210754147329494,0.15543391384581204,0.13890248260841212
2871,3,0.066425,0,0.06781989887340631,0.07736658147646348,0.0883578023259882,0.059727652791183694,0.053107444755943145
2872,2,0.761611,0,0.9843633659468185,0.9869923433988129,0.9891221689221558,0.9807716576819712,0.9755263015440775
2873,5,0.177932,0,0.28873585434461735,0.32042172235391525,0.35409009025827975,0.25983694647326855,0.23433225894073154
2874,1,0.304114,0,0.29498978330778514,0.328052605389214,0.36296205729708275,0.2635794933435379,0.23413709121719756
2875,4,0.497078,0,0.38291345069006344,0.4225728980011539,0.4631764817309908,0.3456954225977172,0.3124856043181215
2876,1,0.294086,0,0.3009273498715305,0.3332708547813549,0.36700643356815743,0.2711114716666517,0.24465559219004726
2877,4,0.955963,1,0.9629510783617998,0.9687989214270438,0.9735476554848198,0.9559951347589896,0.9481749679691508
2878,1,0.103275,0,0.04840953845305216,0.05591610908370138,0.0647973991209658,0.04218785831118608,0.03714508072175881
2879,1,0.080562,0,0.11272041531874917,0.12801630424562446,0.1455223451700986,0.09951948663423178,0.08826406217745016
2880,2,0.513199,0,0.5136601346706067,0.5550389332060427,0.5955423057454897,0.4703835001561731,0.42466215781940225
2881,1,0.689711,0,0.35121872042586794,0.38762834481992925,0.4250073604446303,0.31632873891876206,0.28374652881117524
2882,5,0.150313,0,0.2169440296477588,0.24416460324797498,0.2738593162582434,0.1926944247354205,0.17158747619846632
2883,3,0.430863,0,0.2989298320356503,0.33303769516988796,0.3694549653904645,0.26741880689764824,0.23893183533806003
2884,3,0.148391,0,0.11741073932394819,0.1342488121288021,0.15330991394283766,0.10314937918267846,0.09138670733463997
2885,3,0.049793,0,0.1709001579074111,0.1952293727534569,0.22275402519102436,0.1494285609272165,0.13046533805037047
2886,1,0.522022,0,0.33825593772491436,0.37604894864496696,0.41557242971715735,0.3022157168515428,0.2680066888137306
2887,1,0.204439,0,0.365709564762182,0.40249817291865125,0.44043845877751875,0.33039602322373296,0.29729221265476985
2888,2,0.751354,0,0.621263944541765,0.6569391038491558,0.6910524949699992,0.5841679181821274,0.547750106055821
2889,3,0.679999,0,0.638039345600895,0.6754166056062336,0.7104076077581024,0.5990073786894783,0.5591960811260168
2890,2,0.275374,0,0.2810782502005662,0.3131301712016596,0.34762695968248625,0.2517154189041021,0.22571886865098376
2891,4,0.999381,1,0.9944945721870486,0.9954524506661201,0.9962002486610235,0.9932936476472198,0.9918771918568154
2892,3,0.667378,0,0.6802408686452367,0.7158902503615417,0.7491957813750587,0.6411704465169352,0.5980733419934857
2893,2,0.058917,0,0.15428854953769158,0.17557196935092306,0.19945764360427912,0.13554401870530716,0.11919663429263834
2894,5,0.338587,0,0.4532377539363937,0.49454330714137357,0.5354302260309215,0.4126097124406281,0.373450307618661
2895,1,0.762136,0,0.7714540718273897,0.8020650994845597,0.8288786168990153,0.7356708626962928,0.6944289743328552
2896,1,0.42167,0,0.31890910262790173,0.3528879453229708,0.3881627617225795,0.28705928595003977,0.2584374440307505
2897,5,0.998956,1,0.9973395879845288,0.9978136940424809,0.9981580070550448,0.9967060128892158,0.9958972605596662
2898,2,0.094387,0,0.2425082454399684,0.27327457334449173,0.30669872492044137,0.21455491262618706,0.18988677327846332
2899,1,0.196036,0,0.18036687932860399,0.20302119499488597,0.22811238424583696,0.16012533132734239,0.14215339237816266
2900,1,0.180116,0,0.1788493034829332,0.20339453221287207,0.23042743507894692,0.15688780560160892,0.1373712627496525
2901,2,0.550455,0,0.49429740042665515,0.536744449855304,0.5788106852119794,0.4512521806806976,0.40732398687441695
2902,2,0.336941,0,0.27219172222775884,0.302091053555006,0.33353678620158056,0.24518755372491283,0.22152723958360612
2903,5,0.492071,0,0.5528523511293725,0.5906101583964247,0.6270004432561173,0.5146207051940876,0.4774518596466334
2904,1,0.202175,0,0.2821730204815394,0.3161123610846843,0.3522503405675782,0.2504686611413148,0.22121532122648352
2905,3,0.272909,0,0.4603891697265919,0.4986673651055521,0.5367937398484484,0.4231824320107878,0.388899869022149
2906,4,0.576273,0,0.7211999671822072,0.754140450716963,0.7837607241059623,0.6843038183967082,0.6420715208471639
2907,1,0.868357,1,0.9504794744589294,0.9586190184314478,0.9652510754058164,0.9399285290565955,0.9261063172970428
2908,5,0.006726,0,0.014046679427983716,0.01620644564013334,0.01886126613018765,0.012333596515456294,0.010992211332307907
2909,4,0.489464,0,0.554272543543517,0.5941427583000003,0.6322757491458032,0.5134762445417208,0.47227913515647
2910,5,0.470876,0,0.6032577251486523,0.639238915941414,0.6732555930277004,0.5656122400276681,0.5273031759231704
2911,1,0.165821,0,0.27459142939370573,0.30775102833121976,0.34325404072476046,0.24389929637224936,0.216116104013205
2912,4,0.732107,0,0.6971567234741298,0.7305000808103932,0.7608915234275015,0.6618421653781947,0.6255057499955269
2913,5,0.327776,0,0.261772738757312,0.2941069285732965,0.32865511382079854,0.23274693062660376,0.20749466745400197
2914,1,0.091161,0,0.2102032029782526,0.23706677847128035,0.26569436445713895,0.18596477245199386,0.16475146052277795
2915,3,0.9992,1,0.9991336063742163,0.9992961539576908,0.9994219764156432,0.9989102220741367,0.9985897527851515
2916,3,0.56071,0,0.4811727527199785,0.5230974156912112,0.5644568025651643,0.4403356824312114,0.4010078749146197
2917,5,0.70658,0,0.37505248439792344,0.4157217492659061,0.4575364658734971,0.33527682734760966,0.29664562204314576
2918,3,0.071006,0,0.08634845148573657,0.09881716042061592,0.11314742153609868,0.07586702598954333,0.067170752238763
2919,4,0.369814,0,0.31504806148279224,0.3494783728247006,0.3859849803774877,0.2825465522980609,0.25295708460661503
2920,1,0.631326,0,0.6745729410892347,0.7082508632036497,0.7389998351965276,0.6388134579404467,0.6026551310011626
2921,4,0.373853,0,0.2731199559553114,0.30379166310633604,0.3364783088550662,0.2451673266061517,0.2195183279026714
2922,1,0.155307,0,0.14157145362504422,0.16184411022516665,0.184640640727769,0.12410469727551067,0.1094126498816164
2923,5,0.163942,0,0.17449043149220936,0.19710250584932304,0.22209435789487417,0.15468386516562618,0.13812372375873339
2924,3,0.551001,0,0.2762239579415525,0.30714254149497694,0.3408005564438955,0.24750396839619415,0.22137852446495054
2925,3,0.481811,0,0.35583045309620087,0.3937563430789902,0.43286095053420365,0.3211738787676888,0.29068239414301983
2926,3,0.156828,0,0.38388460746145736,0.4213012365411452,0.45992321645508477,0.3474961003508397,0.3120392554918555
2927,4,0.202795,0,0.24085722655365382,0.27057952812492925,0.3028105343963297,0.21451045225904208,0.19212961694190467
2928,2,0.560464,0,0.5623232274843698,0.602852881668603,0.6421456066189818,0.5194317925835953,0.4734992166498342
2929,5,0.878704,1,0.9393268834156182,0.9484459768419551,0.9558164314283069,0.92781809291781,0.913383933046151
2930,3,0.289047,0,0.41701360682276234,0.4551474773220239,0.4943223920839381,0.3800269469138306,0.3450658344871946
2931,1,0.147079,0,0.13121032087733908,0.14974896319771494,0.1706439538849439,0.11510145490691331,0.10131554329858108
2932,3,0.434216,0,0.4225806979260607,0.4633033891603642,0.5043592278148066,0.3840157062838717,0.34842088639453234
2933,1,0.426729,0,0.2562446204986508,0.28778311364627823,0.32187340861864794,0.2270731435267414,0.20010718266185398
2934,3,0.998591,1,0.9947382130956894,0.995640297666415,0.9963458033053576,0.99359716984877,0.9921790839796563
2935,1,0.532681,0,0.4273201058893691,0.47073109004380603,0.5139346063535336,0.3833219909035207,0.3398505349622691
2936,3,0.070748,0,0.10065746075022936,0.11548391627524689,0.13270142590707562,0.0880724370997478,0.07749153261695363
2937,5,0.171978,0,0.2836502358079162,0.31549966907241117,0.34974781985244413,0.2543830935454172,0.22785665610969905
2938,2,0.099451,0,0.07423375483682472,0.08621130826373079,0.10025267659171588,0.06375796734692543,0.054532306041590664
2939,3,0.2263,0,0.21093462410580663,0.23761097979761983,0.26675801405646804,0.18659538057865552,0.1647130343650125
2940,2,0.996173,1,0.9939860579006559,0.994973273137036,0.9957550558008517,0.9927102796561916,0.9910684964191029
2941,5,0.157107,0,0.24272336965475597,0.27236240682160207,0.30429958954718805,0.21562513328022678,0.19087621353658168
2942,5,0.579115,0,0.3485452764108472,0.38439858157382367,0.42159376842567636,0.31445003088057955,0.28232247034569613
2943,2,0.196815,0,0.5420068966928068,0.5832547590872635,0.6231370913210175,0.49984247567835366,0.45738120807592164
2944,4,0.260382,0,0.27503108152775907,0.3083747614153247,0.34423858466780544,0.24455570108896826,0.21766431555923005
2945,3,0.185647,0,0.2927595437470289,0.32635479016299934,0.36206211193962123,0.2615463274335656,0.23295392930373812
2946,4,0.177245,0,0.35814731526903737,0.39523281978894664,0.4337349009884367,0.32392693773095116,0.29432863962173444
2947,1,0.049697,0,0.08897943805526695,0.1014372562646886,0.11576851873788553,0.07832289521784266,0.06925190235906835
2948,4,0.529456,0,0.5978710896756538,0.6350064320263843,0.6702807513597487,0.5602768238878254,0.5249360298266513
2949,1,0.89142,1,0.842111208511353,0.8641503622370014,0.8831184416954008,0.8156318499626377,0.7838689762572625
2950,2,0.536988,0,0.5603437707631533,0.5999456639199735,0.6387155067226377,0.5191826610007007,0.47744603179584955
2951,1,0.035197,0,0.1036700055922638,0.11858620122291241,0.13556338246970936,0.0908664857431303,0.07996918589035333
2952,1,0.166324,0,0.16402073750880067,0.1860961807907795,0.21010751052425936,0.14458980779298297,0.12815252073686959
2953,4,0.432439,0,0.6228075251011789,0.6588545728315082,0.6927401163080392,0.5861805071395607,0.5506768646586364
2954,1,0.252479,0,0.2609207331615356,0.2913016923920443,0.32356590198533824,0.2330388764966234,0.20837526263004946
2955,1,0.309854,0,0.5377222001101819,0.5778261838050515,0.6166221566825593,0.49704198423360524,0.45697825436506806
2956,1,0.99308,1,0.9937777820674862,0.9948512429015747,0.9956758966787218,0.9923290427928825,0.9904108614360962
2957,4,0.322647,0,0.29625069065040116,0.3306775392957548,0.3671423840167752,0.2651678477959111,0.2375650322062321
2958,4,0.216227,0,0.20534486132231608,0.23140675811738368,0.2601333986898288,0.1821015785035223,0.16194299482251953
2959,2,0.395001,0,0.4396284932377938,0.4785390199860341,0.5176685109904824,0.4024907800943424,0.3686624349484789
2960,5,0.139567,0,0.21276685813409227,0.24004832353248717,0.2698070772581819,0.1890673662651011,0.16946710569531256
2961,5,0.341726,0,0.29130213161533813,0.32188896184400156,0.3549820588656205,0.26293772093136925,0.23695966693983675
2962,4,0.759325,0,0.505373887894709,0.5460641193311635,0.5859144909283692,0.4637296258220957,0.4223204527908128
2963,3,0.046751,0,0.10521235310002369,0.12075378144975733,0.13869337238432705,0.09194362024650084,0.08077758900584928
2964,5,0.555487,0,0.5824308379919854,0.6190675303401282,0.6539008427856604,0.5454869539340569,0.5100043255490405
2965,5,0.387612,0,0.3923686707036622,0.42809386903652225,0.4649363200158068,0.35807069342635517,0.32570597862826867
2966,5,0.198257,0,0.22736124341258176,0.25678035398772847,0.2885677502372429,0.20134834276273147,0.1790651139089326
2967,1,0.551862,0,0.6845103304703775,0.7185833656683475,0.7499619819175067,0.6467426489357267,0.6052021718427365
2968,2,0.519897,0,0.39365174566112765,0.43193697104164497,0.47152590620354434,0.35584104737063105,0.31861028666457314
2969,1,0.082009,0,0.12059310747665822,0.13793090394488453,0.15769353591629992,0.10508127827028818,0.09157215636545411
2970,1,0.109924,0,0.16686009758956336,0.1900144886572617,0.21539338994907758,0.1463052087181549,0.12835487017218822
2971,4,0.394829,0,0.33199723548601007,0.36791556275350035,0.4054354187828144,0.2986345931474037,0.26833538462345896
2972,2,0.282014,0,0.4496056813809673,0.48974677728043664,0.5298835679275101,0.41073008361535557,0.3738429638866072
2973,2,0.771755,0,0.7695659706439473,0.7965498813260556,0.8208946805252028,0.7395731926260326,0.7073856953889565
2974,1,0.327928,0,0.26578255866534306,0.29851540005684407,0.3333147996745591,0.23565830142612404,0.20866286246445276
2975,3,0.795994,0,0.8893703627424302,0.9051026798411901,0.9185970169262786,0.8700090032772959,0.8451340596240339
2976,3,0.999995,1,0.9999722097743492,0.9999781361079885,0.9999825188692564,0.9999632851941019,0.9999485463049584
2977,1,0.613152,0,0.7380985446035835,0.7684726622395011,0.795628717285327,0.7045838486383508,0.6688313802727023
2978,1,0.060833,0,0.12248799522128603,0.1387524827361945,0.1571027147201603,0.10827765779927262,0.09594463478920366
2979,3,0.314099,0,0.24638235659551716,0.27687957204806646,0.31051756183358925,0.21875701447711546,0.19456895989420042
2980,2,0.077864,0,0.1356148504150352,0.1549233075960602,0.17690959483257834,0.11904097671309351,0.1052688056630198
2981,3,0.153259,0,0.32690474951965826,0.36319242227173254,0.40201718359960303,0.2932939923515374,0.263522654601707
2982,2,0.259382,0,0.16344367815975874,0.18673267530427773,0.21303407721755463,0.14276505387024674,0.12487619698169615
2983,4,0.671127,0,0.6242706656170802,0.6615221205891896,0.6963707218573859,0.5851895767539053,0.5444931863489125
2984,1,0.745073,0,0.7460772216380045,0.7777345709474348,0.8060553170296106,0.7098956557748717,0.6688080551471655
2985,3,0.114268,0,0.09074952090580206,0.10475913088441316,0.120801482979731,0.07921207006348492,0.06997676225988929
2986,4,0.374069,0,0.27176116680472795,0.30306138363970603,0.33650193345973944,0.2432119646918952,0.21725104102656298
2987,3,0.999916,1,0.9997103510219632,0.9997677896092819,0.999810746206866,0.9996275114283738,0.9994964835135389
2988,1,0.023835,0,0.08099045431491968,0.09301929190099527,0.10714798757302935,0.0707444921049039,0.06204718188219125
2989,2,0.932299,1,0.9186591460745211,0.9298336737132405,0.9390754832058611,0.9051751097057379,0.8886544650355666
2990,4,0.42015,0,0.5147842412035452,0.5541324433558512,0.5924156058200736,0.47459963667711763,0.4325581107981386
2991,5,0.247532,0,0.30062815281612304,0.33525533373127697,0.3717260208553716,0.2679173730826924,0.23723753116271937
2992,5,0.998264,1,0.9956271432940472,0.9964061024782721,0.9969791718570998,0.9945806525010368,0.9932132568957164
2993,3,0.176781,0,0.2801831883732061,0.31302917726351975,0.34799004572881237,0.25048591187901265,0.22485940918933972
2994,4,0.490808,0,0.31293225071125785,0.3470877743735257,0.3829818661311001,0.28086533132146274,0.2505378775701256
2995,3,0.514465,0,0.4435879692808374,0.48206438893028425,0.5208862862953536,0.40568793963110494,0.36895603606763955
2996,1,0.037318,0,0.05600629922722195,0.06418359265376165,0.07369529735457105,0.04916476045822672,0.0435839472305406
2997,2,0.245314,0,0.293543791049668,0.32389115668915747,0.35552096790314885,0.2658136134937421,0.24137477916572128
2998,2,0.110114,0,0.15023614415056757,0.17074287789244352,0.19393752300948616,0.13213387443075703,0.11704825041192536
2999,1,0.251052,0,0.3711944797215337,0.4091158741220979,0.4479380913032529,0.3351910424249895,0.302427535468813
3000,5,0.848892,0,0.7816100653646431,0.8110535405425225,0.836198556983217,0.746883278347998,0.7060647175335082
3001,5,0.646279,0,0.7437001865044501,0.7717335028888768,0.7967226128127115,0.7137599159908953,0.6838943848860046
3002,1,0.149205,0,0.3326926462064767,0.3690587213088814,0.40701676302590195,0.29901441629234377,0.2688685311828789
3003,5,0.999725,1,0.9993690767170873,0.9994915180582471,0.9995772032954647,0.9991914200680597,0.9989328668085247
3004,1,0.827021,0,0.8192165160492331,0.8449562486547889,0.8670970417797677,0.7872729311586508,0.7469548887403267
3005,3,0.073726,0,0.13533219819810066,0.15448761195721858,0.1758867383375237,0.11911321932283221,0.10593991090786718
3006,5,0.996838,1,0.9936592407360685,0.9947596300028919,0.99557601823593,0.9922046556931181,0.9903519252060032
3007,5,0.596083,0,0.5563171154831379,0.5960857231641951,0.6337774451479581,0.5154121113699944,0.4743802456093594
3008,2,0.207555,0,0.21671214470603387,0.24316532617492556,0.2719975763584303,0.19297412168491632,0.17232285507252815
3009,5,0.312914,0,0.3486729857159397,0.38488218374248495,0.4228118932176205,0.3140908328362468,0.28152100016567116
3010,3,0.656867,0,0.7317685425169573,0.7617058252182624,0.7891635996138078,0.6993081407343581,0.6654299835368421
3011,5,0.592521,0,0.26513134599075394,0.2967810328860851,0.3310146074931922,0.235505938949036,0.20758530569251363
3012,1,0.575432,0,0.6200547960182324,0.6607387622880708,0.6983407832358673,0.5749183732942494,0.5255027870579968
3013,3,0.849022,0,0.8279644939548645,0.8510841153053382,0.871232660590196,0.8016254451135366,0.771819407382066
3014,4,0.427906,0,0.4928898018763123,0.5332781636087952,0.5728883606793805,0.4532044557696983,0.4165967968000493
3015,1,0.999346,1,0.9981218480766142,0.9984662664946652,0.9987229777772091,0.9976472335636173,0.9970104195625334
3016,3,0.717997,0,0.6363495294788092,0.6747461164448882,0.7104519433917734,0.5965087631205129,0.5559736052895128
3017,1,0.453245,0,0.41758254281299667,0.45344781299421894,0.4902944606572404,0.3829429804780853,0.35034579783706454
3018,3,0.453373,0,0.49667700869215964,0.5360253451317324,0.5751998249134429,0.45735196470933165,0.418363916845602
3019,2,0.998523,1,0.9914414855808626,0.9928182557866038,0.9939302204936604,0.9896700547423577,0.9874158044184513
3020,4,0.41371,0,0.3955795179508939,0.4352722916650517,0.4755234515702918,0.3573486337690012,0.32031732723188316
3021,3,0.106479,0,0.09598796357982305,0.11134989185545349,0.12922650063536809,0.08281608715177775,0.07150811340128847
3022,1,0.296288,0,0.3372966910861964,0.374427460974017,0.41300560675317055,0.3015508770151518,0.2674995293926238
3023,5,0.092403,0,0.1009982968708239,0.11514360867536809,0.13153394269024446,0.08924128485335413,0.07975701417881544
3024,4,0.665657,0,0.5319659384869547,0.570496316145191,0.6078778614258101,0.49421787623123975,0.45920043038618424
3025,4,0.239968,0,0.13744487692142524,0.1563749004238148,0.177827417988786,0.12088773134436923,0.10659034107867978
3026,2,0.457841,0,0.25660232916498754,0.2887513822080327,0.32394449841181683,0.2272393516944763,0.20117650581710858
3027,5,0.8571,1,0.7372013292675345,0.7674183019611973,0.7941528345286688,0.7041065523027251,0.6692822584984378
3028,5,0.220041,0,0.36368250870845503,0.39816963885012885,0.43424806390782594,0.33092814553238875,0.3006829687098891
3029,4,0.990046,1,0.9853038940164942,0.9877482794650146,0.9896915507843638,0.9823163860311289,0.9788768659607011
3030,4,0.1722,0,0.1828650009455223,0.205921736327919,0.23144243357757094,0.16262040631632482,0.1448626370500621
3031,4,0.284717,0,0.35083969922653113,0.3867663134950018,0.4239225400658296,0.31827231938640504,0.290310141461646
3032,1,0.493552,0,0.5114642578941051,0.5500741035847395,0.5878061206654307,0.47210466408678525,0.433808910161129
3033,3,0.024781,0,0.0715054021007671,0.08213238213843775,0.09462517186882669,0.06253237787406113,0.05519549356783405
3034,1,0.997988,1,0.9963365324227736,0.9969587958016934,0.9974330579144131,0.9954669176942729,0.9942603591807366
3035,1,0.355932,0,0.4973207914556311,0.5412938939028861,0.5836437045213686,0.45202646570498906,0.4060193010473867
3036,5,0.292602,0,0.2931060196325518,0.32528977316498403,0.3592241673533356,0.26406104380570505,0.23930674734305046
3037,4,0.257567,0,0.16574713545689798,0.18806818507462697,0.2130340355013964,0.1464055899961834,0.1298646262424892
3038,5,0.815173,0,0.7365187664810791,0.7652031873643643,0.7910021327882485,0.7056396605242053,0.6741282984529924
3039,3,0.238973,0,0.30873659889146865,0.3429945240991367,0.3793306179988923,0.2763770274755878,0.24566745086247954
3040,2,0.998981,1,0.99885053347129,0.9990602835493231,0.9992219723456096,0.9985530597186196,0.9980973647850089
3041,3,0.77981,0,0.8961144469736901,0.9111308015338392,0.9240651847474538,0.8778083541650099,0.8548314388217646
3042,2,0.171656,0,0.15241927633023025,0.1731382490567312,0.19622128379108733,0.13440550435017035,0.11903929965277013
3043,3,0.820814,0,0.9797519204853541,0.983356942789168,0.9862779879247415,0.9749220022590541,0.9679455827350535
3044,5,0.065166,0,0.14953287352249478,0.1689541514403895,0.19121809451330055,0.1326992298283425,0.11831570519771288
3045,4,0.201446,0,0.30958931946754686,0.344084875127259,0.38048359804134524,0.27837841331499447,0.25116112065330437
3046,4,0.414461,0,0.2249337214992007,0.2526553588259976,0.2830167882741477,0.1992723141460153,0.17554756989558157
3047,5,0.449503,0,0.47709981252251893,0.5189231638566414,0.5596906525692139,0.4342412335482682,0.39019364453621436
3048,1,0.153476,0,0.1377797411476495,0.15673594909372504,0.1779735363462369,0.12133418202110881,0.10757804520765529
3049,1,0.998716,1,0.9951540193510776,0.9959694191992439,0.9965954608776508,0.9940150939191787,0.9924262510987658
3050,1,0.775649,0,0.6755121363048447,0.7096759042221399,0.7409995396667214,0.6391069567237725,0.6018895133825516
3051,1,0.008766,0,0.015712955582283736,0.017965462578029952,0.020660274436536917,0.013884136279724107,0.012443933460025163
3052,2,0.381009,0,0.4494530967329879,0.48977427908649884,0.5301063748013845,0.4091550077642225,0.3686295618626756
3053,4,1.0,1,0.9999996407199333,0.99999972789751,0.9999997865342656,0.9999994881969049,0.9999991828240019
3054,2,0.613704,0,0.5836817764914141,0.6213385534355668,0.6571626064510253,0.54464996845446,0.5054326203932035
3055,4,0.451974,0,0.3020053996737338,0.33629556237294467,0.37273410547433317,0.27033532973866475,0.24248369135299758
3056,5,0.589826,0,0.6506465752629297,0.6856446208597152,0.7180972151435039,0.6134834952681372,0.575307820805556
3057,5,0.27384,0,0.5203261326658722,0.558371353828145,0.595556339267796,0.48246893814589004,0.44604154008617103
3058,1,0.158467,0,0.2552073339637586,0.2843779673898045,0.31574038984102004,0.2288300729796137,0.20598139319468944
3059,2,0.823474,0,0.5810172938233302,0.6209306067632662,0.6591214575488089,0.5380121959510675,0.4908128249333584
3060,2,0.098651,0,0.19732572718360747,0.2219601830115976,0.2487893894438297,0.17488662658988233,0.15469252845439713
3061,2,0.193469,0,0.422694898583222,0.4610664426944345,0.5004974407798874,0.3850770356409592,0.3501078889691724
3062,3,0.083676,0,0.14434730873173185,0.16504424915163057,0.18813402066399074,0.12667063657058747,0.11173189722237174
3063,5,0.048934,0,0.08479305222289271,0.09744246981918732,0.11222820650784948,0.07432327200432015,0.06577952066464834
3064,4,0.377528,0,0.2801331880973678,0.31287626318661804,0.34799600566026,0.2503481364493362,0.22444559690576718
3065,3,0.228776,0,0.2968235006516434,0.32853651188288907,0.3621255476238089,0.26715788047977895,0.24041013631081984
3066,5,0.273286,0,0.1389493408887306,0.15930103045992772,0.1824961815785105,0.12121971590979569,0.10584051512164902
3067,5,0.242757,0,0.3973251084114356,0.4342049131145102,0.47180901095325817,0.36194095811556465,0.32866884444228894
3068,3,0.575054,0,0.3967571795468982,0.4342920500419816,0.4730827930190291,0.36012105099683717,0.3248714223742734
3069,2,0.064448,0,0.09096120404593538,0.10429741683029689,0.11970895568276596,0.0795368730975637,0.06991903517852563
3070,4,0.931765,1,0.7964310099571044,0.8207409558428231,0.8422400788355371,0.7690144563628416,0.7383580875064807
3071,3,0.0266,0,0.04997913005407019,0.05756507664345496,0.0665787164224311,0.04363981725647584,0.03841110733135069
3072,1,0.361196,0,0.4910251457144841,0.5279507744775268,0.5645321500874626,0.4543475220272724,0.4190418430525497
3073,3,0.082843,0,0.07368975676256155,0.08400885663566023,0.09611172095445533,0.06477939826081841,0.05733817487972473
3074,5,0.625968,0,0.5729736983991226,0.6157722554763541,0.656006519042587,0.5269874925085678,0.4778131067461186
3075,2,0.292708,0,0.43696168556180454,0.47566552685864427,0.5146722678672193,0.39898865586524435,0.3621114718594412
3076,5,0.177678,0,0.14739379906691155,0.16795963643269338,0.19109334132084388,0.1300027261951106,0.11586502586630575
3077,2,0.982707,1,0.8473865251506578,0.8662646611824315,0.8826502064043755,0.8254719211262372,0.8002828626482708
3078,4,0.483223,0,0.23369389775576557,0.2623649753067965,0.2935912528113549,0.20814652720770302,0.18621513724248867
3079,1,0.770206,0,0.7426472937954389,0.7756147536287149,0.8047628398580389,0.7048043126057719,0.6618139726691844
3080,2,0.97068,1,0.9489225746144394,0.9562608923620693,0.9622914942488047,0.9397326417703566,0.9278312612267995
3081,3,0.707451,0,0.4771912729080316,0.5165255724777169,0.5552549997172088,0.43892068954138846,0.40295315683463834
3082,2,0.524841,0,0.48274052687218644,0.5204723418829155,0.5575754354814089,0.4448316518208442,0.4074665456217693
3083,5,0.243787,0,0.19587446270721037,0.22196454039316052,0.250503674589538,0.173249757399941,0.15419196987389017
3084,2,0.05532,0,0.05579359617438848,0.06422437846152047,0.07392456135366135,0.04885072983744383,0.043228483179971355
3085,5,0.024257,0,0.031115972290223542,0.03592751335549439,0.041827034740987035,0.02720047969152174,0.02400473886275723
3086,3,0.24802,0,0.20567601058082582,0.23182776291564705,0.2606077667302607,0.18268165822572408,0.16357698744733148
3087,5,0.27171,0,0.16209275988712737,0.18399410878403427,0.20852432515099817,0.14314619568041567,0.1272467129006919
3088,4,0.436978,0,0.4724317180093724,0.5132528020444217,0.5536917726424008,0.4321610507989014,0.39312098820477126
3089,1,0.084695,0,0.2021725686769579,0.22799751112039615,0.25656200888461944,0.17953829125142495,0.1601120307920481
3090,5,0.716463,0,0.7276660882236466,0.7590181721845924,0.7871646980774193,0.6922583050863588,0.6525264521975599
3091,4,0.526295,0,0.466157535492736,0.5052862529524632,0.5440655510405463,0.42763427051491587,0.389392551738382
3092,2,0.43901,0,0.6052425621096389,0.6442822892121984,0.6817015859721783,0.5649973177834375,0.5248585239560307
3093,1,0.835594,0,0.7735792725476706,0.8000585309941705,0.8241024177072682,0.7433753124864467,0.7091368546462562
3094,1,0.761423,0,0.8654699130252064,0.8846426110027577,0.9008818684458075,0.8415722796854793,0.8118076730424316
3095,4,0.265562,0,0.3156093781724843,0.35191385974854456,0.39013254263911973,0.28145705239352875,0.24998788569272432
3096,5,0.532942,0,0.5115378107878544,0.5514189734587976,0.590649685265023,0.47093178738567754,0.43068085462088457
3097,2,0.510676,0,0.5589278108551461,0.5975471205841568,0.6345800467566496,0.5192455792478444,0.4794951827643035
3098,4,0.647088,0,0.4935386367543273,0.5352061199279744,0.5760385748791914,0.45158651774323094,0.4102716689663076
3099,4,0.396117,0,0.3292820731197999,0.36483958905648595,0.4020423637743918,0.2958986274577998,0.2647485899066104
3100,1,0.838437,0,0.4966792739864743,0.5368007834600004,0.5767833618866562,0.45669681728027023,0.41741917870988854
3101,5,0.298051,0,0.444696498422385,0.4811191307336523,0.5181889145823246,0.4088531723611305,0.37436924526032545
3102,3,0.838695,0,0.8087372081400895,0.8339129609256279,0.8561484668477298,0.7800287775123235,0.7473864496502601
3103,2,0.102645,0,0.13789116633359746,0.15717973742020921,0.1790245524148997,0.12144300149420152,0.10780939577187053
3104,3,0.140673,0,0.32044098937211796,0.3563053128625604,0.3946353777728898,0.28664733757559596,0.25592331332633966
3105,2,0.099654,0,0.0604000027183538,0.07002028650781193,0.08132864709768885,0.05245356836658038,0.04599318472036656
3106,3,0.301142,0,0.3729316578934249,0.4098018016589082,0.4482194692928596,0.33802308333941544,0.30569759159138443
3107,4,0.277181,0,0.2875806281451618,0.3217734832426964,0.3582300394164243,0.2542713580646681,0.22103253724365554
3108,2,0.719999,0,0.34699913786580877,0.38421845756530565,0.4230927274821407,0.3120609165752428,0.28010006035593193
3109,3,0.421718,0,0.5582100125116581,0.5967639758130703,0.6337382567491417,0.5201122577860704,0.48453067990059373
3110,2,0.352139,0,0.4201322929559175,0.4572966490695036,0.49478965187702106,0.38408955483695645,0.3504751946014911
3111,1,0.513738,0,0.5340360348059084,0.5727169720264255,0.6097702213167417,0.4943596851047616,0.4553083808220048
3112,5,0.999596,1,0.99840610956872,0.9986963265833572,0.9989084582958491,0.9979943296243742,0.9974097989665345
3113,4,0.429601,0,0.42285027227619176,0.4605422467631221,0.4987731733610628,0.3861478664836643,0.35138738758452626
3114,5,0.767594,0,0.817615101551605,0.8415699537401423,0.8620788202718638,0.7890173169183864,0.7546817979282228
3115,1,0.995766,1,0.9929507311719709,0.994153899554846,0.9950754531715267,0.9913659426378122,0.9893580103122253
3116,1,0.170818,0,0.3689366710326683,0.40521722639723357,0.4432035240008904,0.3347504505130871,0.3033206596516018
3117,1,0.263244,0,0.1598083958141223,0.17982716999517984,0.2022655950375776,0.1423333160989597,0.12748242812553376
3118,1,0.144374,0,0.235573821340844,0.26416695368937865,0.29538506288164695,0.21002317890256816,0.1878758649941742
3119,2,0.090079,0,0.132394439055929,0.15200668979807933,0.17434189234979672,0.11566037757957447,0.10161316224575916
3120,4,0.694947,0,0.5366566819329768,0.5761529850460602,0.6144441085087201,0.49676165007723877,0.45806714868912335
3121,3,0.441555,0,0.558554859442829,0.5983391638929262,0.6372250881399809,0.5171686235914998,0.47460816815492046
3122,5,0.103957,0,0.18878839970004835,0.21336720198695847,0.24043263912150786,0.16722146204220023,0.14882241418849068
3123,2,0.999831,1,0.9996608679534945,0.9997249534330579,0.999773582652823,0.999567842768528,0.9994214633404281
3124,5,0.998926,1,0.9968800198008881,0.9974473034130558,0.997863336226274,0.9960581649953648,0.9948269179335842
3125,4,0.194829,0,0.23285152076730378,0.26087866697179946,0.291305138151373,0.20754836449940628,0.1847335763994701
3126,3,0.370751,0,0.25158695918220114,0.2813790199192331,0.3133652707013525,0.22501918786729788,0.20219535945126613
3127,2,0.109082,0,0.18413869295936602,0.20845694459497346,0.23563203589609344,0.16269879039191149,0.1443685645111464
3128,1,0.027004,0,0.14817436256858085,0.16823389489500637,0.19091778209168944,0.1308363176150531,0.11603194769232464
3129,5,0.288364,0,0.3984920286623296,0.4354903584746921,0.4733082937780527,0.363655882855986,0.3319804092975054
3130,1,0.427832,0,0.5645580337885404,0.6012871399963218,0.6367123484731132,0.5268662047185549,0.4894151610346932
3131,1,0.725796,0,0.5741764377961445,0.6129463045618687,0.6505587756036872,0.5333253133123889,0.4908314474446647
3132,3,0.167978,0,0.16716474653348182,0.1901086504506026,0.21587167821150502,0.14693099371907486,0.12905259739131464
3133,1,0.290888,0,0.3304131378850134,0.3654602128879022,0.4018671114546186,0.2969596940251011,0.2658259967383631
3134,5,0.11875,0,0.18397920153830036,0.20755073348595265,0.233991623870446,0.16338850272028257,0.14576591459566168
3135,5,0.693256,0,0.5599434451996544,0.6003367526774891,0.6385459526662821,0.517372663557114,0.47284910875416947
3136,3,0.179433,0,0.2828433687374076,0.3142826408650264,0.3475247023359402,0.2543491946175632,0.22981367597682661
3137,1,0.999984,1,0.9998534814935612,0.999883369236901,0.9999049164490619,0.9998083209948444,0.9997391993084184
3138,3,0.468359,0,0.4448290065636573,0.48405245086219995,0.5231348372726374,0.4065294441268683,0.3698423053556936
3139,5,0.562937,0,0.6252982226842214,0.6597637302573277,0.6925575070162624,0.5889125622232739,0.5515882061544133
3140,2,0.269862,0,0.3680181718141089,0.40544719895740605,0.4439154403319023,0.3331131015116665,0.301751001014588
3141,4,0.194465,0,0.2443538930522281,0.27409728665595967,0.3061366186106754,0.21722695184133436,0.19212358511786912
3142,5,0.65525,0,0.3620123834169083,0.3995229161816119,0.43835924523378783,0.3263063330335368,0.29270199754068965
3143,1,0.971627,1,0.9447672284769882,0.952684984489103,0.9592782148428578,0.9346172927697218,0.9215454268971315
3144,3,0.394771,0,0.49351725837284843,0.5317399819357196,0.5692644765127923,0.45499266012604617,0.41653284097068605
3145,1,0.999998,1,0.999988815645186,0.9999912300032009,0.9999929195245585,0.9999847957744192,0.9999777948776104
3146,4,0.730131,0,0.7474033252184232,0.7759151348938167,0.8015756027468829,0.7163025543177947,0.6833813273337789
3147,2,0.084362,0,0.1334993284560178,0.15212488977445887,0.1729924534670509,0.11749516001571517,0.10398543322062812
3148,5,0.297998,0,0.24173043868845634,0.2718754241876503,0.3046147864069263,0.21500804697611126,0.19205839060208585
3149,3,0.061421,0,0.07546884481479595,0.08665424304025517,0.0995235788977685,0.0659958186696607,0.0580410527999849
3150,3,0.14475,0,0.3296794404757598,0.36428733020526954,0.4009386712601976,0.29706642532539307,0.2667655637114643
3151,1,0.055169,0,0.12041663348066581,0.13733198699913127,0.15659730052178858,0.10589236915162616,0.09380095860715294
3152,3,0.42114,0,0.4953368463030788,0.5338014599977537,0.5719639820313621,0.4572068726083246,0.4211149923380458
3153,2,0.904122,1,0.9188253140202969,0.9301832514801043,0.9397611711535786,0.9048042183293737,0.8869341251856068
3154,4,0.702079,0,0.742951134585343,0.7728583942940295,0.7996830852416861,0.7096897294474492,0.6727627863630136
3155,2,0.070322,0,0.19663055548713773,0.22031073516179667,0.24590396197813721,0.17539044390144273,0.15684691763848596
3156,4,0.065159,0,0.1063804115498765,0.121488204931039,0.13875666366909983,0.09323994431426029,0.08188267051396711
3157,4,0.984246,1,0.9760615224499536,0.9799567279518445,0.9830805344615237,0.9712526071634648,0.9654527664928382
3158,1,0.585459,0,0.6018485056412654,0.6404578900059159,0.6768717516439451,0.5601094608791114,0.5151769834050514
3159,5,0.590662,0,0.5887973941539549,0.6251639525114606,0.6598333187709252,0.5516233402823854,0.5152993161702003
3160,1,0.997782,1,0.990477462508791,0.9920226397888676,0.993258782197519,0.988312026741813,0.9851780844957252
3161,5,0.183637,0,0.11567303789280338,0.1338062055984022,0.15438850506384252,0.09964606371817665,0.08532602914534543
3162,2,0.458935,0,0.3675837110263829,0.4051582117520289,0.4445232971294982,0.3315770468570721,0.2977310642889748
3163,1,0.400929,0,0.2973286009684172,0.3287090059808411,0.36184956092137993,0.2685416089701488,0.24307463206896612
3164,2,0.294808,0,0.4539187948596421,0.4907643326613688,0.5275447855652242,0.41762184680981534,0.38296273691803423
3165,1,0.102033,0,0.23911071756413588,0.26841563996859014,0.3005626223211106,0.2127985670195856,0.18976778387423973
3166,5,0.132821,0,0.06757200207163026,0.07723196072991008,0.0887305114946179,0.0595984167807334,0.05312442042612398
3167,2,0.267615,0,0.22247264859920038,0.2503819916386209,0.28062266293547655,0.19753995259793938,0.17572201807033863
3168,3,0.749073,0,0.9026252208539225,0.9182495321924602,0.9313115635322494,0.8832368033846506,0.8575679654505092
3169,2,0.057618,0,0.11659835444769624,0.13263811398128805,0.15078940426051368,0.10261843809610358,0.09058024185274434
3170,1,0.066682,0,0.11840811720451404,0.13379274690668067,0.15128894742640192,0.10524619967170157,0.094216368568953
3171,1,0.233062,0,0.31667894643650546,0.3502844818135125,0.3853802792975392,0.285287686678746,0.2573799717096788
3172,4,0.087305,0,0.09726904708927869,0.11151782760540552,0.12798937101910485,0.08482281253533298,0.07391680018746802
3173,3,0.511407,0,0.4107644584823287,0.44940066898263964,0.4891601220558892,0.37321095392061565,0.3379751176777328
3174,1,0.829568,0,0.6992988436469237,0.7312174026013913,0.7606168192102011,0.6640986933448734,0.6259279285399344
3175,3,0.891678,1,0.853404772273116,0.8743294210418411,0.8921826874639449,0.8282175847156972,0.7965339356513647
3176,1,0.565113,0,0.40989009733555104,0.44785935222852985,0.48690165736753444,0.3738240014147932,0.34051822718904695
3177,3,0.786133,0,0.8559049044599432,0.8745945489557148,0.8910850133496894,0.834055834087526,0.8090168176766334
3178,2,0.036662,0,0.07297086373827599,0.08430857284615956,0.09730775879819539,0.06353359998723729,0.0555850971455302
3179,5,0.417467,0,0.33210421246625854,0.36547445127458866,0.40015270504555867,0.3014483885723947,0.27473957997285164
3180,1,0.999964,1,0.9998202641599647,0.9998561251622518,0.9998827299740108,0.9997641531861372,0.9996716676005046
3181,2,0.396653,0,0.1712346332957149,0.19507751071824375,0.22198882581581958,0.14952748583011594,0.12996632938742658
3182,1,0.435515,0,0.48153702688498345,0.5225112689156047,0.5632864576353802,0.4397718521718201,0.39803001111464553
3183,3,0.412684,0,0.35038260320468756,0.3859379462374509,0.42277861477912787,0.316674091770349,0.28514981760707403
3184,1,0.087387,0,0.12418364010884252,0.14052043185062563,0.15892093320530773,0.1101010581311186,0.09830206810516574
3185,5,0.778716,0,0.6348940814320149,0.6710567941206189,0.7045083316010603,0.5965558730048018,0.5570884534426533
3186,5,0.616591,0,0.653780771722065,0.6903360021563938,0.7241459703729636,0.6141695528090697,0.57209931775039
3187,5,0.166314,0,0.12661914578836234,0.14404449124553734,0.16401564075507807,0.1118639475181783,0.0996527780509836
3188,1,0.570479,0,0.3720470320596675,0.40989511941073276,0.44873874311947,0.3364755131541103,0.30439661789427847
3189,1,0.653531,0,0.6995290996330853,0.7322119561140493,0.7621102845830467,0.6642339378691304,0.6277628417514406
3190,2,0.122433,0,0.15163690336021943,0.17255923212179144,0.19601619766080566,0.13287816516015946,0.11599344233930593
3191,2,0.294165,0,0.28158397294946735,0.3134337432444579,0.3474178586868657,0.2520355108156839,0.22506514154850055
3192,1,0.999291,1,0.9988847411114393,0.9990905193688308,0.9992473516071932,0.998578392588707,0.9981038116281681
3193,2,0.166939,0,0.20727385479490806,0.23365002443859567,0.2623229881034715,0.1836667410700082,0.16335067404402845
3194,1,0.486947,0,0.42971353057499617,0.47059396981383234,0.5116856307264891,0.3895391833163801,0.3509477548956191
3195,4,0.670174,0,0.46903360016135054,0.5093086915734206,0.5492271468201901,0.4300031094954614,0.39320467546528176
3196,2,0.101513,0,0.11482444742925886,0.13128505198867585,0.14984391396984778,0.10097783769624682,0.08969097320420022
3197,4,0.08288,0,0.1738321934430514,0.19752654321148114,0.22406724108037462,0.15312019063655385,0.13548532803877245
3198,4,0.358674,0,0.21540506981246313,0.24212957269130356,0.2714088967826203,0.19152744658224022,0.17066981893780733
3199,2,0.996613,1,0.9910782664877268,0.992507528680582,0.9936460452338046,0.9892202071343121,0.9867853451055382
3200,1,0.307258,0,0.330026454966112,0.36449810178441927,0.4005123511370975,0.296783360046502,0.26545598087773853
3201,3,0.660102,0,0.6044203956835442,0.6453953434971393,0.6846704568234985,0.5613510131417703,0.5158594440755194
3202,1,0.196705,0,0.29193054813605673,0.32480610802378973,0.35939214558499344,0.2613502149203311,0.2335303181447889
3203,3,0.285996,0,0.28484134881263007,0.31653685605737153,0.3507130641813548,0.25539216767667194,0.22955428126422564
3204,3,0.087402,0,0.15525292207653757,0.17581243961819462,0.19907704321425437,0.13680971423206503,0.12033438406895744
3205,3,0.192241,0,0.20535440436901947,0.23222968071630065,0.2621372529618177,0.18130572496144282,0.16011573247063046
3206,1,0.600822,0,0.3666647414905982,0.40204849246439844,0.4386550697245917,0.3329860824129197,0.30175088900523855
3207,3,0.504554,0,0.44922896359008624,0.49017395277138254,0.5312149546511773,0.4085719067519177,0.36848461662528925
3208,1,0.675034,0,0.5636295763444994,0.6054378452118239,0.644965856065382,0.5194432227160529,0.47413152784340085
3209,1,0.38584,0,0.5028468728999703,0.5424492043234761,0.5805819450902844,0.46298984313973846,0.4245406368879542
3210,2,1.0,1,0.9999999961698318,0.9999999972274987,0.9999999979377308,0.9999999941905908,0.9999999897334176
3211,2,0.104973,0,0.21463836011671797,0.2427142956107534,0.2734606554927862,0.18913104681117476,0.1657483736875048
3212,1,0.345242,0,0.40954827677689404,0.44590153551540485,0.48290015112401136,0.3747265408203808,0.3429992889844176
3213,4,0.090175,0,0.1246487629927257,0.14325773624624916,0.1645456686127211,0.10826930364213569,0.09373756983190713
3214,1,0.06849,0,0.13749978945740257,0.15611703758144715,0.17703495271434566,0.12125475392508446,0.10728185661503876
3215,1,0.57537,0,0.19187261297222094,0.2175507630908328,0.24568503177329715,0.16891468529027845,0.1489036832152255
3216,5,0.356006,0,0.4615112519517433,0.4989899267855182,0.5361816603344809,0.42501071391258577,0.3908956586760292
3217,4,0.48792,0,0.45968417732267985,0.4990688671209899,0.5382392449562008,0.4214040727305193,0.3853426961682454
3218,4,0.687692,0,0.5634360129700784,0.6013155621964418,0.6378537003998133,0.5247987417749206,0.4870064708082788
3219,5,0.6027,0,0.3644965001632545,0.40322918540395974,0.4431145677965213,0.327321607170878,0.2921865108836841
3220,1,0.998037,1,0.993247613783093,0.994372352328153,0.9952458781366617,0.9917055406666044,0.9895971105043995
3221,5,0.316553,0,0.23038899472495603,0.2601813598234221,0.2924241867918406,0.20379587475067545,0.18047942011649185
3222,2,0.368081,0,0.4174152957876358,0.4566686443151035,0.49694302267653884,0.37987894968648334,0.34570624226292207
3223,3,0.037418,0,0.0370164639825974,0.04269306784416902,0.04931956821321845,0.03243376760407117,0.02880190590418186
3224,3,0.64028,0,0.3563894631420308,0.39298339426006956,0.43086258354842516,0.3225310574572098,0.29290334275265884
3225,1,0.915935,1,0.8936099204605018,0.9077212254729903,0.919778902369113,0.8764168968984261,0.8556300805261098
3226,5,0.0857,0,0.10686220053602058,0.12290609780568304,0.14132633731577046,0.09320005117098158,0.08170000652198268
3227,2,0.159435,0,0.19428249771600362,0.22055804121121259,0.24950190918326617,0.1708635153828044,0.1502360070466423
3228,4,0.157526,0,0.17986209035902204,0.20332234016182632,0.22950911686292694,0.15927692009652958,0.1420494558465582
3229,5,0.231846,0,0.1393758611852276,0.15838092644609408,0.1798440131278953,0.12338466447011495,0.1103085994599754
3230,1,0.347385,0,0.4856524806170029,0.5272599112349722,0.5677377101994369,0.4443212726196463,0.40475774504739376
3231,2,0.464883,0,0.48056109768442773,0.5189591572292453,0.5573353228645789,0.44256985582518676,0.4063536809636272
3232,5,0.327737,0,0.3541407347576997,0.3888843445401972,0.4249867931532347,0.3214448536193946,0.29148793431118397
3233,4,0.37628,0,0.4934243463799426,0.5327326842200256,0.5714004210994633,0.4538264977601394,0.4152676205395907
3234,1,0.019275,0,0.03108940782988898,0.03581191643893465,0.04145013860974419,0.027173389041991996,0.0240010531918706
3235,3,0.365909,0,0.4569440106621087,0.494548756729421,0.532115917152047,0.4200759627215,0.3860553101995045
3236,4,0.993627,1,0.98643352237378,0.988679753440134,0.9904622922322249,0.9836053030960632,0.9801062425862093
3237,4,0.53197,0,0.8044963440608092,0.8297949063161582,0.8518619827577968,0.776175423339703,0.7452758448701101
3238,5,0.424439,0,0.340277389081535,0.3751672885134858,0.4115634910938826,0.3081109530018233,0.27951093279371875
3239,2,0.200619,0,0.3029785836072507,0.3369438045791588,0.37311006439170635,0.27138708697979114,0.24283024526427513
3240,5,0.163595,0,0.10040268170935623,0.11515243201067052,0.13214380636609094,0.08789533476935905,0.0773367074305314
3241,4,0.246055,0,0.3234308902954473,0.3560574735399234,0.390443214752086,0.2924042092825793,0.2635010273015562
3242,2,0.403241,0,0.36903770100805544,0.40584273727705494,0.44342355040616505,0.33367381978062033,0.3000772658143354
3243,3,0.142114,0,0.09477327796135988,0.10818919600742566,0.12327485733720463,0.08350255504401691,0.07419584052126116
3244,4,0.012021,0,0.01949773925653123,0.022595006895491102,0.026333330389642844,0.01703814694717014,0.015239011733151678
3245,3,0.185903,0,0.13165350155522143,0.14966770916053268,0.16987725877586676,0.11608785961886291,0.10289530283362644
3246,4,0.06512,0,0.07705187754916132,0.08937223910045916,0.10380955018155515,0.0667607862883141,0.05853458352467023
3247,3,0.442375,0,0.5322102526764744,0.5745057430663038,0.6159480378888236,0.48890543381272583,0.44386423604844616
3248,1,0.310647,0,0.18507376687145505,0.2087174696589247,0.23483158757602401,0.16392564434695955,0.1454660887315658
3249,5,0.581921,0,0.26478665610149466,0.2945795858496946,0.3270630096303599,0.23761829413051705,0.213465044453954
3250,3,0.514552,0,0.5999450170383716,0.636940055400253,0.6721976209042368,0.5614983184271096,0.522552117050561
3251,2,0.056308,0,0.1265401007703335,0.14382649587023255,0.16336977680746537,0.11131720578560074,0.09809232517163628
3252,2,0.999994,1,0.9999931303946146,0.9999947098420684,0.9999958641907418,0.9999905329297967,0.9999856040926172
3253,2,0.040485,0,0.08155192004096196,0.09319618894113181,0.10643042189167166,0.07171807430100664,0.06364518256474803
3254,5,0.428319,0,0.4227270715221067,0.46116609983987683,0.49968813764726183,0.385451028011978,0.3501128132680193
3255,1,0.280383,0,0.1704231298669754,0.1926350846589062,0.21724210537734231,0.15086568545379322,0.13397060171282218
3256,2,0.106352,0,0.07780216755128905,0.08920284306631132,0.10245564688551395,0.0681751555894177,0.06023117561973291
3257,3,0.424528,0,0.40668641957938495,0.44704799052544913,0.487545639244652,0.36819157574563405,0.3311140001732691
3258,1,0.823703,0,0.6032464770284565,0.6414144756149559,0.677971890669204,0.5631891570121017,0.5218780699624729
3259,3,0.21447,0,0.17125082882381765,0.19549401979398073,0.22224807832336768,0.15052792063125284,0.13316696255792232
3260,5,0.739587,0,0.7586660306990627,0.7894436529157202,0.8164784004575306,0.7227292115960068,0.6809291141299091
3261,2,0.415969,0,0.5189118737909751,0.5572064977025076,0.5945813064068691,0.48076128595515344,0.44364686427399175
3262,1,0.128094,0,0.15164324334535284,0.17278323508380575,0.19655734482846754,0.13334719788836147,0.11764646419027655
3263,2,0.334698,0,0.20128088574194816,0.2286973758676532,0.2593392012622053,0.17634733380685336,0.15438153155392578
3264,1,0.228157,0,0.32604057124275,0.35975886375624444,0.395497935787426,0.29452778745693975,0.26558029742112316
3265,4,0.232711,0,0.22384395323753312,0.2525642383444452,0.2840312893702496,0.19712095253639755,0.17199893282140732
3266,1,0.333625,0,0.21342049939127533,0.2412100652342831,0.2708938019807775,0.18842087412052233,0.16663787868141144
3267,4,0.380346,0,0.41224121742518305,0.451150409057711,0.49046852170458616,0.3744076167472737,0.33941983934807946
3268,3,0.187969,0,0.27346128122932156,0.3067016948378186,0.34271332251680353,0.24320326508760157,0.2164495677929416
3269,1,0.211934,0,0.2834413602009464,0.31511891489084304,0.34827957803283366,0.25443549041740154,0.2288706596036279
3270,1,0.871859,1,0.7478258438023346,0.7799520553454025,0.8082992205791449,0.7110299627962692,0.6696015553108374
3271,3,0.074856,0,0.2804881275908871,0.3131197430889304,0.3477483790829062,0.25117010420277425,0.22593789834020797
3272,1,0.459092,0,0.4661412244066188,0.5040329565385883,0.5415411644143486,0.4287493675548658,0.3931452635120688
3273,5,0.28406,0,0.24689190691172708,0.275909995092871,0.30724731665012334,0.2212087897562953,0.19917142647419073
3274,3,0.195305,0,0.3087814203332689,0.3420438743890536,0.3774901364857793,0.27740153441751897,0.24833456297239317
3275,3,0.201904,0,0.24988759316127723,0.2787749605101871,0.31005830510247184,0.22341241713582013,0.19952294842962073
3276,4,0.100421,0,0.15051437833173442,0.17119777310190543,0.19459339911330026,0.13243234951009805,0.1171016750510791
3277,4,0.99734,1,0.9935593675122109,0.9946796725211656,0.9955531389668505,0.9921039388938192,0.9902121857368792
3278,2,0.68052,0,0.4999537457675105,0.5386239988873728,0.5771474198842766,0.4607724500917348,0.4217861737880296
3279,5,0.422683,0,0.3867027612968905,0.4245394841901958,0.46317667677792207,0.35097230139867,0.31867913259293285
3280,1,0.663842,0,0.7469679812349871,0.7757859834098148,0.801451067054728,0.7151162808351946,0.681474359237283
3281,5,0.692941,0,0.6352802863805393,0.6696185725022308,0.7016777941346503,0.5995212895052404,0.5637509715693431
3282,5,0.4708,0,0.3261302955585006,0.36144137127654574,0.39848484001369777,0.29249392975026745,0.2606562141003004
3283,1,0.114866,0,0.1879564155369249,0.21150924328433104,0.2374625380176609,0.16695306088633452,0.14923118359200188
3284,5,0.119041,0,0.0940310512842263,0.10825435275338297,0.12486975611771801,0.08169190063411629,0.07080552641823261
3285,4,0.785737,0,0.9622226018830807,0.9687384487807998,0.9739175436463576,0.9533926462068447,0.9403596266224256
3286,3,0.512136,0,0.5372277232691184,0.5743496726289073,0.6102932206565564,0.4998104849345964,0.4640122887795632
3287,2,0.037016,0,0.13785269431114627,0.15647279045876497,0.1775196286125989,0.12145144154851541,0.10727822019679474
3288,3,0.623108,0,0.4299224224307901,0.4712128613445669,0.5135897859304548,0.38965737012351853,0.35069694559737763
3289,5,0.761874,0,0.8507599094196273,0.8704807972907306,0.8871254614767106,0.8276578632064647,0.8011689471662465
3290,4,0.159632,0,0.21455960549423386,0.2414345446709454,0.27103908940580296,0.19054615123712276,0.1698696717931335
3291,1,0.776446,0,0.47527676087701093,0.5152192728188236,0.5542584374220263,0.4354267118269032,0.39712142235678594
3292,4,0.276913,0,0.38746671590177534,0.42511249235938287,0.46378544922175174,0.3518833895970627,0.32012215983955017
3293,2,0.993666,1,0.996285165939338,0.9968992444914796,0.9973874932578973,0.9954795139718693,0.9944308243294888
3294,2,0.454045,0,0.516071101693492,0.5553643182027574,0.5943617100872738,0.47615111398816873,0.4365347084001435
3295,2,0.999797,1,0.9988547282385661,0.9990569714653529,0.9992139074663186,0.9985749263042702,0.9981715267187408
3296,3,0.629449,0,0.5125196320980279,0.553334779905199,0.5939388350480358,0.47130859584331736,0.43057822226627473
3297,2,0.250036,0,0.3426317946946064,0.3798294122060826,0.4191781565817465,0.3077432238209799,0.2759078363787853
3298,2,0.388434,0,0.44881758578985037,0.4914422605084623,0.5347054333595405,0.40605624247809075,0.36284608872393215
3299,5,0.102044,0,0.20089905459613402,0.22772487402030103,0.2574630823392976,0.17702386901532255,0.1560052552651143
3300,2,0.422443,0,0.5335537521142764,0.5743502720660364,0.6141735771201182,0.49085758192167744,0.4455786858775197
3301,1,0.775486,0,0.6769044403600802,0.7100121763718195,0.7407344370348325,0.641188086637063,0.603636739189118
3302,1,0.801621,0,0.7185635889381371,0.7493367074332444,0.7771500799111654,0.6853074959497341,0.6510858415320653
3303,4,0.460704,0,0.4014697187011057,0.44013733000358074,0.4794491346519849,0.3636496785100299,0.32645826508525705
3304,2,0.627105,0,0.8510110105135859,0.8702727797716407,0.8872705795768926,0.8286267714064457,0.8030216053294307
3305,3,0.256765,0,0.29251370524823334,0.3255795523368178,0.36122231955601947,0.26175028395589406,0.23366003476368385
3306,2,0.102377,0,0.25709704172513625,0.288458248955961,0.3227090503061742,0.22822340449771047,0.20269999719817403
3307,2,0.30421,0,0.3982366064393307,0.43523064878458534,0.4730263138962789,0.36274720347159434,0.32974127297778005
3308,5,0.210769,0,0.22961762423360577,0.2592821252103689,0.2916290797435855,0.20322153223100237,0.18040024468536875
3309,1,0.00463,0,0.011922392504271595,0.013701406114539098,0.01584314322646156,0.010465270471077313,0.009315902024626595
3310,2,0.023546,0,0.039746977686254126,0.04602681969367032,0.05350663384332365,0.0345783046285562,0.03048750635945651
3311,2,0.159627,0,0.24017777950604693,0.2688868342053512,0.29996082853308687,0.21428738731949165,0.19197936589166223
3312,4,0.320094,0,0.4168042701680967,0.45624858108282806,0.4960798800377108,0.3793702215651466,0.3443812408638159
3313,4,0.021156,0,0.038592995966161225,0.04465159099711722,0.05187346590205307,0.03363847379455969,0.029605936617229132
3314,2,0.139587,0,0.3667229948874188,0.4048471632809938,0.4445211684093974,0.330657546441423,0.29738355405023503
3315,3,0.244565,0,0.2198253720698379,0.2463253182030988,0.27489242332927866,0.1963025222058667,0.17595699322872027
3316,4,0.093458,0,0.06840256201882937,0.07893931674186618,0.09120775764053159,0.059746627512765625,0.052693127208485596
3317,2,0.489172,0,0.3998431774293065,0.43857015690908085,0.4783378387049207,0.36247313175184126,0.3275500981459347
3318,4,0.113523,0,0.1511212751218628,0.17209428510485003,0.1956733730990961,0.1327318987806043,0.11661093224957911
3319,3,0.414066,0,0.39927290974410895,0.43727085671683485,0.4759220685721901,0.36248634946330327,0.32746988244547337
3320,2,0.589506,0,0.7340615384060023,0.765776924822289,0.7948817666064736,0.698781522509288,0.6593600295438437
3321,1,0.291347,0,0.34257931442975714,0.37674669325886084,0.4122846543172493,0.31076325023590284,0.2821749026934414
3322,4,0.683502,0,0.40072814452234407,0.4378525298860142,0.47572716853211,0.3638300910871847,0.3268280856574135
3323,1,0.509935,0,0.40812843543871435,0.4452544304854175,0.483047089861434,0.3725108243894351,0.33969564762051047
3324,2,0.806783,0,0.8836329749615847,0.9007023402436073,0.9152865985664052,0.8620721922209295,0.8333150977965217
3325,5,0.779529,0,0.8890537791508857,0.9047492910981288,0.9177629952884038,0.8699687576317476,0.8470686339097022
3326,5,0.180936,0,0.16158910578822586,0.184342087737339,0.20977372048212103,0.1418674076727465,0.12506505480107036
3327,1,0.509386,0,0.30708281319719577,0.34024119795196683,0.3751817226895751,0.2762031411524486,0.24826556362468868
3328,5,0.630197,0,0.2994954837375048,0.33361584106352576,0.3698280556882089,0.2677758775631162,0.23871191816908827
3329,2,0.206093,0,0.26161316069204077,0.29371176921709696,0.3285538280494104,0.23240896629630325,0.2067013166370124
3330,5,0.7909,0,0.5971625788776221,0.6351467706324057,0.6708625362675673,0.5566044672561854,0.5134679798382337
3331,5,0.045031,0,0.14800153694499163,0.1678919420660808,0.19057407176850755,0.1309396784036348,0.11646728761039761
3332,3,0.495719,0,0.5911206349581933,0.6289521924631848,0.6649627794686003,0.5522023435135406,0.5137666723870654
3333,1,0.165789,0,0.3493591835525222,0.38723243123739476,0.42618648003880105,0.3132681000471308,0.279705887730943
3334,5,0.969097,1,0.9526838576244362,0.9596882956480665,0.9653151789473465,0.9439715664824073,0.9334091692367213
3335,4,0.131785,0,0.13128032651929372,0.14936566195042053,0.16996146198578352,0.11566636286343424,0.10246025932624676
3336,2,0.999204,1,0.9985359064423934,0.9988042242515884,0.9990133223046272,0.9981526211319669,0.9975591783799035
3337,4,0.999545,1,0.9984774653307424,0.998758048531782,0.9989707071934152,0.9980687701128359,0.9974178734361632
3338,1,0.020329,0,0.04195293352822347,0.04809499156706625,0.05540240641387802,0.03689774916994226,0.032808927853367205
3339,5,0.473612,0,0.532189533309317,0.5747067304611873,0.615440219170638,0.4867333068753784,0.437433688768847
3340,2,0.317347,0,0.3021656061700258,0.33535604753758425,0.3705215261573542,0.271245586628405,0.2431102411108983
3341,2,0.31894,0,0.31067287353033773,0.34512172309461453,0.3817525429570618,0.2779910101313086,0.2471984909241052
3342,3,0.43651,0,0.28660672044005553,0.318615740521005,0.35225107041973863,0.25715535490570707,0.23037573935373962
3343,4,0.180801,0,0.22838538230346903,0.2572300486002136,0.28863885805164574,0.20133750377402046,0.17567943048178336
3344,2,0.277405,0,0.3637393113072745,0.40299216992504966,0.44324491334213717,0.32535476614723324,0.28698497378405535
3345,5,0.044672,0,0.04973547213454657,0.05710988569035455,0.06601992755977536,0.04369019131130453,0.03875165197545389
3346,3,0.171588,0,0.31907715787926993,0.3528390680730018,0.38883139983230525,0.2870331509521836,0.25760277760805833
3347,4,0.074904,0,0.21409693334434324,0.24037118049785444,0.2691022739871867,0.19091399184825647,0.17079277484888347
3348,3,0.608006,0,0.7517990460677088,0.7812686620018183,0.8079253663660022,0.7194232674878375,0.6846758949923234
3349,5,0.483356,0,0.4716410637748493,0.5090296006142345,0.5462934569530156,0.4345105157389465,0.3990757079657563
3350,1,0.595706,0,0.6629371576882314,0.7001383814259133,0.7346178242725762,0.620697066246133,0.5725979900200314
3351,4,0.999775,1,0.9987857271321519,0.999012617693893,0.9991843554598134,0.9984744076899205,0.998037685331173
3352,1,0.471423,0,0.3139740360822132,0.34707312722570643,0.3822661393477137,0.2833929873117427,0.2560302071888081
3353,1,0.195522,0,0.1665900144881486,0.18789019862330658,0.21171063295071685,0.14765835271711814,0.13103595843717164
3354,5,0.620544,0,0.5351012715850197,0.5758198118641492,0.6149933242900929,0.49288471046116783,0.4496736504414227
3355,3,0.862358,1,0.8377090398608757,0.8606336340471228,0.8806912162018109,0.8103091282954278,0.7759454305289571
3356,1,0.045348,0,0.12681411250870783,0.14588940460054395,0.1673601569502737,0.11036317397238131,0.09642585457101858
3357,5,0.999643,1,0.9992648049373531,0.9994074088663204,0.999508874519788,0.9990539497930955,0.9987357877618356
3358,5,0.383573,0,0.6485200195016627,0.6864222617773772,0.7212526215120607,0.606938883750494,0.5618831374397415
3359,1,0.279942,0,0.24070953080646618,0.2693221349470686,0.3008927403930779,0.2152152386948731,0.19314489749493358
3360,3,0.842456,0,0.944279362399054,0.9529445761772651,0.9601331325889476,0.9332265111574444,0.9184328239217578
3361,2,0.645646,0,0.588945510289891,0.6269120620586971,0.6629906468445611,0.5489910653933366,0.5071864462272163
3362,2,0.463347,0,0.5130153146925206,0.5509246143547513,0.5880398836588495,0.47406813546230214,0.43438646422867777
3363,1,0.267661,0,0.4457192053525678,0.4842304440589079,0.5224287521512327,0.40772599155638517,0.3715972290533884
3364,5,0.479758,0,0.6604940863165845,0.6933464600300581,0.7240506781947567,0.6254309481980103,0.5892786073563293
3365,1,0.144518,0,0.2074205927894079,0.2354694827350268,0.2659811100717201,0.18251155156942453,0.16120830593321314
3366,2,0.125191,0,0.1683748851267811,0.19038664067804562,0.21452321435544305,0.1491962272490459,0.1329676147603305
3367,1,0.494155,0,0.43595222459536886,0.47327487980967803,0.5117026821404539,0.4002455703070135,0.36688471298732345
3368,5,0.718394,0,0.6247810832095195,0.6636643677129116,0.6993599514603752,0.5833461563247486,0.540123822629658
3369,2,0.558759,0,0.47050268166808734,0.5110794389082651,0.55140889056288,0.43062596621892923,0.3917503953518279
3370,3,0.135753,0,0.11391262494484844,0.13066227921399065,0.14995870125943292,0.09965428984161119,0.08770571249447895
3371,3,0.953198,1,0.9181859316137713,0.929821797552817,0.9395091623415478,0.9042302592118973,0.8872841160354501
3372,2,0.110372,0,0.14744275142190233,0.16744805429038073,0.18996403492199385,0.12964208675189304,0.11396793892012334
3373,2,0.125851,0,0.1244844738663404,0.14134638129772767,0.16037240693589852,0.1097888025432198,0.09733858930548162
3374,2,0.090621,0,0.11284942017601535,0.12836305861791478,0.14584228240524744,0.09977678705440798,0.08907014677970838
3375,5,0.162426,0,0.3738465618036769,0.40977707438123206,0.4464746985592196,0.34039715692920014,0.3108169946117303
3376,4,0.998907,1,0.9985328100433069,0.9988015116862267,0.9990054000720107,0.9981421310689105,0.9975224174622096
3377,4,0.099391,0,0.14086941323590918,0.16132897038193356,0.1845694625447277,0.12331718444477179,0.10869848064559316
3378,4,0.112634,0,0.13751140734203895,0.15552936590006367,0.17596291536427353,0.1214848714645597,0.10731291179873892
3379,1,0.297923,0,0.5682596580122448,0.6093081396648901,0.6481411385730461,0.525909931534228,0.4835225762268676
3380,2,0.350146,0,0.532433635200195,0.5728433283616372,0.6121662675362771,0.4921087204725724,0.45294963439754815
3381,3,0.427672,0,0.6705025469400686,0.7045738552751306,0.7366047310416576,0.6339895984823272,0.5955419878460132
3382,1,0.896916,1,0.839926123542512,0.8615249981299823,0.8799434015406077,0.8140940011040522,0.7837646019057631
3383,4,0.310804,0,0.3092024345089322,0.3425091079013669,0.3777238774103367,0.27813627349275455,0.24994477098138956
3384,5,0.656349,0,0.3872705289894217,0.4252583487543425,0.46417768083562305,0.3511887437157641,0.3181984897906314
3385,4,0.06638,0,0.0857082550504739,0.09892595263156531,0.11432445569953759,0.0744775568805854,0.06483665139978514
3386,3,0.988308,1,0.9758712331569002,0.9796565235837452,0.9826633745273451,0.9713311353479493,0.9660702824826553
3387,1,0.230282,0,0.18490549556980376,0.20751409659961595,0.2325570819929541,0.16495777709347828,0.14779946342771277
3388,1,0.447583,0,0.17509437926960758,0.19976636139642942,0.22676178227940808,0.15303015192086916,0.13387214179370197
3389,3,0.806901,0,0.8567678330546851,0.8755207110088288,0.8919161366831716,0.8346856079752483,0.808509813797909
3390,5,0.998423,1,0.9956611420297856,0.9964120536450327,0.9969722418114113,0.9946615865055431,0.9933805278122656
3391,1,0.329622,0,0.4491178356963286,0.4893063353326684,0.528681082474357,0.4089990615449076,0.3701034989136842
3392,4,0.517146,0,0.5286713086948646,0.5676183079092672,0.6056318541713465,0.4886583733465538,0.44837823991092024
3393,3,0.99364,1,0.9890077976486624,0.9908187187727876,0.9922561661514769,0.9868022805008477,0.9842503104997057
3394,2,0.464689,0,0.5549706312992071,0.5966240442330144,0.6371768598160463,0.510589474966261,0.46264790811602274
3395,3,0.148655,0,0.12917074837225634,0.14723040952529484,0.1674471923928519,0.11370310091709146,0.10060646802597253
3396,4,0.985543,1,0.981432824716604,0.9844962133598426,0.9869307213370979,0.9773430339282663,0.9715603684089914
3397,4,0.140285,0,0.10893417708893108,0.12507796084205988,0.14354404436244922,0.09521610854941415,0.08365660984763854
3398,4,0.644029,0,0.4131080817190547,0.4554058523907909,0.49821946026436775,0.3704027914359532,0.32663985724877115
3399,2,0.242217,0,0.27471269603986115,0.30825150183259675,0.3441701369915537,0.24450660333733854,0.2183892221305003
3400,2,0.031347,0,0.027649654415394884,0.03206831880881081,0.037331679614096794,0.02391877415553372,0.02079131112636662
3401,3,0.042552,0,0.05057134325320646,0.05762285023900765,0.06583724834731647,0.04449957367671345,0.039454615196288116
3402,5,0.392918,0,0.31541969826359406,0.34942049714498474,0.3851809684299694,0.28423450285070806,0.256897599144258
3403,5,0.558599,0,0.37766265163160423,0.4133174995977579,0.44990541383978927,0.3446810824873694,0.31544034742751526
3404,2,0.825873,0,0.6831771923465108,0.7178940251267893,0.7500676554335644,0.6463031466781126,0.6082481404295611
3405,2,0.213928,0,0.20268619695989762,0.22916525255543924,0.2580459751724142,0.1793500932063884,0.15921849164639834
3406,5,0.115051,0,0.16794493809628308,0.1908858476185602,0.2163348742502655,0.1473987950251421,0.12924457416835203
3407,2,0.170433,0,0.276127361638289,0.30786092202003995,0.3416853980800374,0.24717506182532353,0.22161490147501575
3408,3,0.297018,0,0.3168539610373421,0.35048274925664485,0.3860601833605801,0.2855251365967078,0.2572988404816348
3409,1,0.733675,0,0.6026495778610768,0.6402606949403609,0.6760545130688587,0.5626372060485695,0.5207675225021445
3410,4,0.22917,0,0.17467103541978668,0.19860747415788607,0.22534989701993824,0.1538960079886883,0.13624701255978547
3411,1,0.133643,0,0.12124819975180501,0.13829486280361794,0.157841636588047,0.10659925913315449,0.09404029870177494
3412,2,0.070944,0,0.13490071257934985,0.15389579393759398,0.1753308064647968,0.11836413903445474,0.10415959156133528
3413,4,0.080497,0,0.06365549799869585,0.07361974986205543,0.08532028710636862,0.05530356493154162,0.04835586770168915
3414,5,0.19734,0,0.37682895676360517,0.41265551647213666,0.449539834665889,0.3430362191069183,0.3122363230320386
3415,1,0.840011,0,0.8604495825266771,0.8803637285159035,0.8972441470206427,0.8362172789804738,0.8069902622186432
3416,1,0.097872,0,0.22089657349661654,0.24826618263278277,0.2776646191166427,0.19623175876238358,0.17489241634420813
3417,3,0.428623,0,0.22554763051751497,0.2534899116949175,0.283852743656091,0.2005783129976513,0.1786316398118695
3418,1,0.343096,0,0.4189151925947474,0.4601637346770904,0.5015093616621108,0.37804043632890766,0.33869036183400625
3419,3,0.215919,0,0.2664964119951934,0.29894208364765673,0.3343945049023941,0.23664892839342114,0.2093724244348563
3420,4,0.839414,0,0.6952867931562531,0.7325732776686783,0.7658952212961156,0.6524782304200613,0.6017925607344394
3421,2,0.270534,0,0.2661744021728281,0.3009623696981348,0.3389903830805457,0.23305627881879168,0.2009349867722123
3422,3,0.031909,0,0.0583120227085573,0.06687274099625354,0.0766337307063203,0.051194192858063266,0.04539567232787268
3423,5,0.803718,0,0.7292941458998997,0.7584815281992443,0.7849589935697364,0.6977602560245679,0.6652022251315797
3424,1,0.0776,0,0.12086791041256163,0.13869468691413972,0.1590807155393876,0.10549842215418079,0.09260659478578277
3425,5,0.965302,1,0.9190199134664855,0.9304188210173974,0.9396916406703809,0.9055140470060725,0.8902796945805475
3426,4,0.257881,0,0.263442413426212,0.29537479984314274,0.3295969659504941,0.23472652989611104,0.20955966578003293
3427,1,0.355237,0,0.20968219542415417,0.2374301382536799,0.2674651931078686,0.18434306150545557,0.16210566468896065
3428,4,0.096989,0,0.08258873479142795,0.0948985795282115,0.10924640932399299,0.07240472121844695,0.0642106640440602
3429,3,0.865263,1,0.8590169414742027,0.8780475616965745,0.8944572322108328,0.8369301546151666,0.8116058023002691
3430,2,0.185436,0,0.28643937404904396,0.31916993411075334,0.35373342285170223,0.25602492987988673,0.22870453828363949
3431,4,0.89901,1,0.9037197574237357,0.9175167969319931,0.9291047247391101,0.8866611061724332,0.8649107161250817
3432,4,0.44904,0,0.477705432146268,0.5187514600924381,0.5590735181376364,0.437484641208418,0.39954016204424275
3433,1,0.101104,0,0.1585067340926259,0.1794906083697956,0.20310790453496985,0.1403211056498323,0.12489184216313806
3434,4,0.153115,0,0.33322764071723115,0.3667555567555674,0.40183967795034986,0.30204889570407767,0.27389697887158626
3435,2,0.677153,0,0.7899307519230676,0.8155655210540401,0.8382339990659304,0.7600037046090675,0.7241670618286328
3436,2,0.506035,0,0.24324177005420947,0.27299810648290224,0.3055233941795952,0.2162283287788283,0.19243687135449636
3437,2,0.025282,0,0.05271101688582157,0.06078453989015986,0.07032081347874111,0.04588965625298035,0.040167610157177486
3438,3,0.197068,0,0.3702306377275526,0.407481820750756,0.4454562449680351,0.33493861886805765,0.30135686288892843
3439,4,0.8179,0,0.9754112570579105,0.9794310321370485,0.9826466507348114,0.970117672491951,0.9627735559792726
3440,4,0.657938,0,0.335460266536199,0.36997676230683335,0.40602048607126373,0.3027247711988449,0.27218404483854125
3441,1,0.238579,0,0.18199530951249965,0.20670747269608544,0.23422170100016151,0.160127877376155,0.1410861950537888
3442,2,0.184119,0,0.49439755877852976,0.5346047553877724,0.5748705124181469,0.4532614515809478,0.4114972862660164
3443,4,0.028821,0,0.07711001272639827,0.08817202646064055,0.10110516170634103,0.06768891701903373,0.05976744961237191
3444,2,0.071959,0,0.10163711922727306,0.11639678283811487,0.13310015035590483,0.08920804421344612,0.07904090865893353
3445,2,0.502277,0,0.42613028794216773,0.46492734012296305,0.5038260801843865,0.3893745728148353,0.35598290414070577
3446,1,0.154858,0,0.2358574375152911,0.26311853848134975,0.29255956649918446,0.21141043581953345,0.19029220775465946
3447,5,0.331722,0,0.3833648982897743,0.42360626427255577,0.46431380305263975,0.3435547040477137,0.30429463514326527
3448,2,0.346209,0,0.22851090212886965,0.2572662805992199,0.28867145493007323,0.20265022229814358,0.17974745635775366
3449,2,0.519483,0,0.6926858244293022,0.7310023062121794,0.7660657112261611,0.6493935885828862,0.5985191214617485
3450,1,0.545237,0,0.2953023138534794,0.32815839825450793,0.3625645189074468,0.26464320725121454,0.2366974333527873
3451,1,0.220035,0,0.34913798602394613,0.38833631794910894,0.4289769004533416,0.3111713935943372,0.27441582608332116
3452,4,0.784277,0,0.9116562563063821,0.9254748481586458,0.9368326887862387,0.894420399063212,0.8721789359688149
3453,1,0.018908,0,0.046928582982193975,0.05385105467210676,0.06199116369499211,0.04116600601541187,0.03638553906478716
3454,5,0.800935,0,0.6239286859159077,0.6625617778985111,0.6983301788867212,0.5810420884114276,0.5328895019238302
3455,2,0.296695,0,0.37959478694335547,0.41726668152679086,0.4563471201799538,0.3431070014646703,0.3083011368866667
3456,4,0.156296,0,0.27415749973734466,0.3073177947218553,0.34289824046165546,0.2440123041500687,0.21741683688705357
3457,3,0.39574,0,0.6182898359014686,0.6560198716230922,0.6912584432955708,0.578564949857473,0.5374883560670222
3458,4,0.640737,0,0.2819777548499796,0.312916499045791,0.34590262801741173,0.25348526643756686,0.22739704975858402
3459,1,0.814324,0,0.7874720301406449,0.8141719277767453,0.8374312507754086,0.7564230502806158,0.7209398547187011
3460,1,0.083243,0,0.09273141692073351,0.10622841328703751,0.12172752099512023,0.08103255957750255,0.07098394073329958
3461,4,0.008408,0,0.009248445345239902,0.010763305317326713,0.01261481615469905,0.008073194783234093,0.007263021138601023
3462,2,0.147511,0,0.17256073060512184,0.1951821340374175,0.2204279304697701,0.15236917791565727,0.13459524307464238
3463,1,0.008982,0,0.03721698357373116,0.04255359247025846,0.04889002570264382,0.03280763473993694,0.02929359491105141
3464,2,0.557838,0,0.5441601351966633,0.5836626995772815,0.6218538601677885,0.503514167432948,0.46132400801449314
3465,5,0.6145,0,0.6116171314964516,0.6492438565904046,0.6846257886249933,0.5712550592997442,0.5281101997648499
3466,2,0.103743,0,0.14388228595033567,0.16392124309108444,0.18663777042993282,0.12622355942260172,0.11084090186767719
3467,1,0.816904,0,0.6045623952417546,0.6416945482506062,0.6768841973274732,0.5652085663401911,0.5249475035345814
3468,3,0.571369,0,0.484156687342992,0.5254076712538536,0.5661873125447061,0.44326645167070516,0.4032678405160953
3469,3,0.805862,0,0.8239280337083439,0.8463186356383239,0.8659145736188056,0.7984224082746021,0.7698862665246387
3470,1,1.0,1,0.9999999980169352,0.9999999985820482,0.9999999989412711,0.9999999968808033,0.9999999943199527
3471,1,0.7161,0,0.6202496273316385,0.6569414577400973,0.691515077879055,0.5824482099888326,0.5451742174431997
3472,5,0.143044,0,0.26431709065740916,0.2938676900675676,0.32560799111295136,0.23794406930885273,0.21520719046512116
3473,3,0.265089,0,0.3868574165092222,0.4229441943264318,0.46026041210184093,0.3521940405650116,0.3194886716086257
3474,2,0.251814,0,0.13118704075262674,0.1493954057356514,0.17020881076013045,0.11545264778567552,0.10242720612326438
3475,5,0.995318,1,0.9896111668235923,0.9913549523193863,0.9926763802760863,0.9873079090871485,0.9843245525146618
3476,2,0.157919,0,0.31583650653694517,0.3515900980490628,0.3895879338711572,0.28131479454834957,0.2483951923337138
3477,5,0.406581,0,0.45133774033701474,0.4905589205488392,0.5295655605662176,0.41325886755312163,0.37783479298330447
3478,4,0.426222,0,0.3125110155662809,0.3478456375085341,0.38507669622804924,0.27973805982692346,0.25000891639291123
3479,3,0.999998,1,0.9999911915329077,0.9999931972993853,0.9999946497867667,0.9999879219494552,0.9999816747619059
3480,2,0.042621,0,0.07963183551886521,0.091220194926357,0.10476442812273021,0.06975623961063783,0.06176796325832117
3481,1,0.413678,0,0.6016231551948625,0.6406535237208985,0.6775455272373444,0.5607302786741567,0.5192095080752042
3482,4,0.311814,0,0.20660888464804097,0.23340764331034833,0.2630436769345811,0.18297685046379655,0.16311956939742359
3483,3,0.273269,0,0.3078559843991357,0.3410681040932988,0.37615703620227914,0.27693292299110855,0.24868599735717956
3484,5,0.068907,0,0.10525595434823691,0.12106202403449975,0.1392773869975809,0.0920660175209724,0.08137890284689724
3485,4,0.051164,0,0.07072035571412032,0.08116150456724587,0.0933251715335098,0.062111179235291095,0.055285591027806266
3486,1,0.708017,0,0.7041350237700007,0.7376695731800057,0.7680149415523149,0.6661841222643431,0.6239722462172352
3487,5,0.810464,0,0.6915124990801689,0.7261726213716566,0.7572015655752193,0.6535820982955877,0.6133090138196053
3488,3,0.687089,0,0.591747614735923,0.6300529283557659,0.6670080492337727,0.5510821355027847,0.5082532777471316
3489,3,0.635789,0,0.49425905105083595,0.5346100442714089,0.5744257984121613,0.45472290669123916,0.4176965986750354
3490,2,0.626991,0,0.6486536786737601,0.6825753272993079,0.7145580968791999,0.6124826695025672,0.5744506856679804
3491,3,0.234982,0,0.4129371266873111,0.45022536625423726,0.4876640230830623,0.37718431380430917,0.3436894952027843
3492,3,0.815464,0,0.8024684924523539,0.8279999217014639,0.8507737521625142,0.7725410212572152,0.7372719822368011
3493,2,0.591109,0,0.5453073540907722,0.5849793897560263,0.6237122818170987,0.5054577272649317,0.4668482344238073
3494,5,0.189011,0,0.15921988942671475,0.1798191795621231,0.2029177024620396,0.14175975045294015,0.1275676846797881
3495,4,0.017666,0,0.06587686959974305,0.07590864798012557,0.08770078741878366,0.057367858281060634,0.05030481985336304
3496,5,0.191305,0,0.17364766532826778,0.19563127044825168,0.220226731703254,0.15452299522373059,0.13813356198493332
3497,4,0.293794,0,0.38481194395750434,0.421609937949183,0.4592200545431809,0.3495534481612099,0.31612318648819493
3498,3,0.385486,0,0.39520610008304174,0.4342702224930197,0.4742223524012176,0.35693846941906776,0.31896465299548626
3499,1,0.00709,0,0.018319726760179383,0.021108105963250443,0.024507484771982432,0.016071262198517913,0.014285220719977334
3500,3,0.516506,0,0.5565575736185617,0.5965640731969909,0.6354600557271158,0.5156943841816987,0.4747617075457268
3501,2,0.999999,1,0.9999925421456359,0.9999942629949496,0.9999955248132414,0.9999896601455714,0.9999839953162939
3502,5,0.845244,0,0.9411788556866696,0.9505304714743396,0.9580259408010802,0.9286889174127586,0.9113765009210504
3503,1,0.369802,0,0.5510939154620195,0.5925826274845954,0.6320633569582275,0.5084457238067335,0.4657931540346537
3504,5,0.775599,0,0.3883771409342482,0.4255404770882101,0.46324039638464504,0.35235066841356133,0.3183162908087738
3505,5,0.187693,0,0.16127471487582618,0.18272377324046618,0.20683246902611607,0.14263613053999163,0.12668618814615323
3506,5,0.859805,1,0.9125396336639144,0.9266259943214568,0.9379256801003363,0.8941524265857885,0.8695721805382342
3507,3,0.568807,0,0.5513641396721335,0.5915424554021815,0.630393337692739,0.5097808912542983,0.46616792032808363
3508,3,0.66666,0,0.5622262973148535,0.6026609189788148,0.6420333827327914,0.519906435860372,0.47482515658224217
3509,4,0.120014,0,0.09285729203938003,0.10663793454947902,0.12256421624419715,0.08084521588063934,0.07026989544285765
3510,3,0.169838,0,0.19112442099259183,0.2157782612501208,0.24328368277006862,0.16803467828224716,0.14639145354524616
3511,2,0.126805,0,0.3099520732885262,0.3438390943473972,0.3792662927597968,0.27908869878055864,0.25246134933303543
3512,4,0.812691,0,0.5627271653581841,0.6010269115152127,0.6377243267893788,0.523120538617029,0.48197147617938857
3513,3,0.019688,0,0.0928148215723179,0.10638892922912384,0.12217288332541838,0.08127996911769983,0.07179035837361364
3514,4,0.593703,0,0.38630632140256893,0.42363000831378433,0.4620169161134426,0.3503939665762092,0.3166939556788127
3515,2,0.562596,0,0.7050478269050433,0.7386223987078124,0.7694814438083386,0.6674362581305333,0.6246496559641418
3516,2,0.086524,0,0.1053584724977855,0.12111422553253016,0.13931006988956654,0.09197363200724483,0.08088311138656847
3517,2,0.202506,0,0.2260282679998394,0.2552438337531096,0.2873155856664496,0.1995767818871523,0.17591770130137752
3518,3,0.02493,0,0.05144322657024435,0.0587576255490683,0.06723915561296526,0.04521789438302106,0.04005023077756832
3519,3,0.99808,1,0.9968983327383983,0.9974395624839997,0.9978615241966893,0.9962099020473697,0.995353134919852
3520,3,0.313267,0,0.24842154973283256,0.28084946168799263,0.3163392823222645,0.21795131206737034,0.18856749350634627
3521,3,0.952756,1,0.930080524184679,0.9402162854026495,0.9485563658394693,0.9180534277512762,0.9038603599166423
3522,3,0.4593,0,0.3000024764308305,0.33386749011389744,0.3698814643360914,0.26919022761518385,0.24272999912362764
3523,5,0.197878,0,0.16316511910798415,0.18646771833322814,0.21246635909806044,0.1430870376954704,0.12619573225892977
3524,4,0.07831,0,0.12502946533750037,0.14419404069747946,0.16600705908619384,0.10870480942035139,0.09514224995914114
3525,5,0.206647,0,0.16487960165094337,0.18720498003761654,0.21249403164296032,0.1451388507437022,0.12765356665263972
3526,1,0.396237,0,0.44740266406944945,0.4869960334025357,0.5262947456783506,0.4080869379586834,0.37073148727196586
3527,5,0.254133,0,0.2756797249685801,0.3081956985419766,0.34307064972166673,0.24614250653858152,0.22003955967756547
3528,5,0.275514,0,0.1548714720910329,0.17432158109636056,0.19649749259745872,0.13795203998040745,0.12352062189596687
3529,4,0.583877,0,0.5386374827816983,0.5791659195691105,0.6181993403009528,0.4970631138342785,0.45513598557346335
3530,2,0.35053,0,0.3925754986756182,0.4327093755589771,0.47411293779973085,0.35393076770061505,0.3165389081574526
3531,4,0.101606,0,0.18524135892082266,0.20926646129450446,0.23604382834940557,0.16393188396959332,0.1456770477625064
3532,2,0.506073,0,0.561283852228833,0.5983917831355938,0.6344379908968028,0.5234957380827634,0.4867177245544066
3533,5,0.032971,0,0.032560553425872565,0.03758826745683002,0.043625761998719696,0.028555691388413584,0.025457789219112768
3534,3,0.329422,0,0.3507277347810146,0.38755528311670834,0.42579112616648407,0.3154530263331862,0.28211283411023014
3535,4,0.33956,0,0.31548672784173126,0.3498731622705872,0.3859398849270285,0.28364335979023453,0.2547156687452212
3536,4,0.358079,0,0.3205328054337257,0.35546401684241863,0.3921445152308124,0.28846945726194456,0.2597836902968201
3537,5,0.99935,1,0.9960787417852007,0.9967780984346076,0.9972921335749629,0.9951096956446698,0.9937670953065999
3538,5,0.320415,0,0.22557423076876595,0.2535024124410952,0.28386138738614974,0.20093967911394855,0.17988258960242134
3539,1,0.304095,0,0.2508352497990274,0.2801524471766576,0.3123400555715065,0.22451327621314157,0.20131207508503354
3540,1,0.56156,0,0.5844051114397013,0.6240177533112061,0.6616886294906067,0.5428318572493971,0.5003369421960167
3541,4,0.489452,0,0.456307578114824,0.4940590117540575,0.5317078675068896,0.4197271622916117,0.3848710399562475
3542,1,0.997239,1,0.9929638797346645,0.9941479969045594,0.9950512317228648,0.9914006163124425,0.9894264569111917
3543,4,0.220726,0,0.19240737256346488,0.2194971955201283,0.2492904662990506,0.16902887807654945,0.15011548762173402
3544,3,0.698323,0,0.6417881942289577,0.6771291803971089,0.7107255627230517,0.6049132553972729,0.5684243007357358
3545,5,0.131079,0,0.24524529088224678,0.27231078662074687,0.30179310515687074,0.22122332855347132,0.20049862379549724
3546,4,0.060602,0,0.06418100122395536,0.07381589689151347,0.08512339736486763,0.05597071916222686,0.048879454224871575
3547,4,0.052998,0,0.13513483002096527,0.15454557213529097,0.17645157708506676,0.11897506531827445,0.10617528454732005
3548,1,0.082916,0,0.16058654233742103,0.1819056582955459,0.2058584190561526,0.14197093633417804,0.12585657566589126
3549,4,0.861734,1,0.8019858116071511,0.8255732523499918,0.8464166412344589,0.7755746785818599,0.7466146048255015
3550,2,0.794976,0,0.9607101339572118,0.9670362433943999,0.9723058592580841,0.9525440734856355,0.9415606534994965
3551,5,0.996413,1,0.9926268594267048,0.9938852063867664,0.9948291524572316,0.9909688843549871,0.9888577687628871
3552,3,0.1378,0,0.1999771513466341,0.22594443582254314,0.25498722210736957,0.176742884518003,0.15637458404621568
3553,4,0.166976,0,0.31929496419228737,0.35257811491495666,0.38785872756011197,0.28708449243658,0.2566519562007344
3554,4,0.328524,0,0.610077233145692,0.6483429100907372,0.6844825303436588,0.5701462014748231,0.5298004275677796
3555,4,0.623112,0,0.6069514091925108,0.645956900016869,0.6826516033035324,0.5667157860547022,0.5259677353994812
3556,1,0.558256,0,0.5218776817110679,0.560084760235134,0.5980777443987303,0.4840627625785051,0.4476330218352591
3557,5,0.999928,1,0.9997744845549037,0.9998216086881322,0.9998542580129699,0.9996961183814576,0.999553719748633
3558,5,0.152831,0,0.20799292013473936,0.2349781119410042,0.26472189882715935,0.1843386975282138,0.16423845612796645
3559,3,0.788841,0,0.687884282038546,0.7219318297424265,0.7536549528616355,0.6506217724679031,0.6097767422934625
3560,4,0.346851,0,0.3392733394086953,0.37462632998175677,0.4115815225249258,0.3054844292430427,0.27354549206999196
3561,2,0.999576,1,0.9977211491786723,0.9981359618865607,0.9984564268346531,0.9971238145254139,0.9961644134976665
3562,5,0.886121,1,0.6444362152946895,0.6833734994845656,0.7191161536768865,0.6017138056758686,0.5550225290288116
3563,2,0.126738,0,0.1606048898076702,0.18167014108381832,0.2052238364875569,0.14203733981425504,0.12616137411257805
3564,1,0.81522,0,0.5341398193134563,0.5731580440528586,0.6109492663303453,0.4951373338589239,0.45772004501310637
3565,3,0.626291,0,0.5195728082472978,0.5610420347493391,0.601487868911477,0.47633823694783806,0.43034155681719877
3566,4,0.947521,1,0.9466083198930302,0.9544862988358056,0.9610012223253269,0.9370542313761826,0.9257046657344249
3567,5,0.240862,0,0.22240698023176028,0.25064816955925634,0.2816947166069471,0.19696071298292447,0.17448078765681635
3568,4,0.837182,0,0.6886744896883866,0.7222604353783967,0.75298159011186,0.6530146317512203,0.615898031922653
3569,3,0.739963,0,0.7230927294726707,0.7532270415177686,0.7809477853505912,0.6894658219903576,0.6521397121219326
3570,2,0.64385,0,0.7190505733835936,0.7537149872985589,0.7853570841525184,0.6796113305947247,0.6343264230558204
3571,2,0.042739,0,0.05157079740642081,0.05958756242993304,0.06909397342900866,0.04474662433458081,0.03917388449070239
3572,2,0.355288,0,0.32518547692343497,0.3582899371038574,0.3927944220565598,0.2945167662779675,0.26720858015919075
3573,4,0.178299,0,0.33384682850624253,0.3679850740984572,0.4036387457786814,0.30121535684808715,0.2701346579780987
3574,5,0.419965,0,0.44508876182509965,0.485564577152604,0.5261779816646464,0.40526135613312964,0.3671613131571059
3575,4,0.066653,0,0.08468774366277179,0.09690022699644053,0.11110053223225867,0.07414097913673914,0.06492523674103874
3576,5,0.069872,0,0.14095040540960804,0.15948228351399343,0.1806654915481233,0.12508879252301933,0.11185844943597728
3577,5,0.065586,0,0.0920576113899735,0.10548648872818615,0.1212298416699973,0.08089584374573197,0.07180940542191816
3578,3,0.062372,0,0.08143262687971524,0.09334158703686919,0.10737482704029104,0.07122997928341206,0.06256934587028415
3579,2,0.07638,0,0.12263465522340147,0.14060048877230116,0.16117490092906062,0.10716768153488122,0.0939495255768665
3580,5,0.239578,0,0.20686146746641096,0.23422986799870515,0.2638683102145631,0.18253992812599737,0.16150562792156983
3581,3,0.76163,0,0.6827653043786065,0.7188720176984046,0.7519720135123603,0.6425967003558634,0.5967385162951935
3582,1,0.587273,0,0.6733026379282778,0.7091278233668353,0.7419429063471281,0.6349580077305135,0.5955321300522136
3583,3,0.794547,0,0.5092164534696946,0.5490378550642491,0.5880403416616533,0.46923009348985534,0.4300813832351004
3584,5,0.629553,0,0.5328461384721792,0.5716169368074633,0.6088610135535436,0.4935127839324247,0.45488296241320547
3585,3,0.361141,0,0.2529327191013895,0.28498238277180016,0.31999251551197616,0.22453952372355945,0.20028146389007978
3586,1,0.27409,0,0.29333829467337963,0.3263376898021218,0.36089819801457135,0.26247498138134806,0.23426274668130487
3587,5,0.305558,0,0.24734245499831256,0.2763487925463156,0.3081153241446113,0.2210673762724551,0.19774860339837913
3588,4,0.827479,0,0.8841892326097034,0.9012439165703621,0.9156348792436982,0.8628115831173621,0.8351868559135927
3589,5,0.145992,0,0.14194483564710905,0.16205669039715342,0.184831214050941,0.12418016970437583,0.10837319624145406
3590,5,0.999997,1,0.9999769149446428,0.9999820537842771,0.9999854665002414,0.999968439640437,0.9999537022533136
3591,4,0.347644,0,0.2927891944590144,0.32627650397996083,0.36174935283266857,0.2625561204098912,0.23643596005737996
3592,3,0.089521,0,0.118221898127883,0.13454213106239157,0.15312775644919638,0.10405947139670721,0.09219918958954346
3593,4,0.987438,1,0.9739919301707628,0.9781358140919324,0.9814794800539269,0.9690470462920012,0.9635420130135556
3594,4,0.574961,0,0.6696928134634941,0.70486992601997,0.737276342141465,0.6309858582293016,0.5878004893940304
3595,5,0.022279,0,0.038400843571609916,0.04435320036838334,0.05143549022182088,0.033613270676736896,0.029871734221735745
3596,5,0.176834,0,0.11509749343256696,0.13217105150939398,0.1519144009138538,0.10053916463100071,0.08839287381953446
3597,3,0.103034,0,0.18427529821216745,0.20751383138392082,0.23314285294380827,0.16345462992822846,0.144926761778188
3598,4,0.562407,0,0.5560854912204682,0.5953231511867322,0.6331575944807655,0.5156063116969294,0.47466461266270266
3599,3,0.34401,0,0.3020320907602523,0.3374079941931638,0.3749783598397948,0.26885410183457886,0.23747548163264698
3600,4,0.792542,0,0.8083838248976158,0.833015979688602,0.8545537321725487,0.7789437846836647,0.7425604951163399
3601,5,0.028955,0,0.06432616002439372,0.0742029838004732,0.08583232309353399,0.05624869380486002,0.049781292114199883
3602,1,0.351276,0,0.21696896897686907,0.2436676829265356,0.27250513518316977,0.19301708894550626,0.17241410608623994
3603,5,0.540909,0,0.413154074628026,0.45273717578871514,0.49300094121416654,0.37459245181138745,0.33789387141391286
3604,3,0.817364,0,0.8194023301414719,0.8435939441497662,0.8647394319076422,0.7908557070774861,0.7560653320949882
3605,2,0.86613,1,0.7650442615732227,0.7910268350297798,0.8138431353128102,0.7361714078366063,0.7042049243156882
3606,5,0.737985,0,0.6535203609213877,0.6877871980593535,0.719754615609832,0.6174871798932186,0.5809337458207192
3607,3,0.051633,0,0.07843847840862288,0.08999242064414174,0.10328109973326671,0.0686768549938446,0.06049319470738782
3608,3,0.10903,0,0.07733383160156858,0.08864394500284475,0.10202224487239636,0.06746925967756857,0.05897133181948451
3609,5,0.028808,0,0.04729525173209443,0.05431715452422286,0.06266703611030573,0.04153746900609847,0.03691030984454387
3610,5,0.595435,0,0.6486222530517479,0.6847301612262742,0.7180225834158631,0.6097138122951338,0.5690425702128871
3611,4,0.031221,0,0.08936652359315783,0.10243243693464751,0.1175250828058881,0.07829941673283748,0.06909062758921276
3612,1,0.074607,0,0.07223182141104258,0.0824598997602005,0.09431379734235011,0.06367308272732289,0.05659059958530659
3613,4,0.843661,0,0.9359923981403756,0.9459710101578587,0.9541796559726877,0.9232432978272845,0.9067352815860601
3614,1,0.390165,0,0.20064180438171053,0.22473535006303091,0.2513760027331028,0.1794455587570953,0.16120688056907106
3615,2,0.484945,0,0.19379145973076425,0.2190401166122896,0.24717597205081876,0.1713111430151187,0.1515743332980063
3616,4,0.477471,0,0.333540076469505,0.36987346251122055,0.40789169013324256,0.3002665226640211,0.2708829874338755
3617,3,0.038687,0,0.0679783468380733,0.07767787402410446,0.08896623281437831,0.05969973685657605,0.052797011777177744
3618,4,0.13173,0,0.17653007439023397,0.1990350521712783,0.22419751309940247,0.15621448395647416,0.13842670325707443
3619,1,0.091713,0,0.2916607327051598,0.325243853632414,0.3606413221642465,0.260873199245372,0.23340479278402654
3620,2,0.255091,0,0.16922766475685164,0.19177730863561557,0.21719257688514162,0.1492015558360486,0.1316663968422183
3621,3,0.987378,1,0.9663522131205988,0.9714512372003988,0.9755662693327776,0.9602909128287206,0.9533813106833198
3622,5,0.349867,0,0.34735006447256195,0.38386668991964995,0.42168572676939936,0.31283158924742543,0.28104442374427385
3623,4,0.547713,0,0.5207914833664448,0.5611602166578711,0.6003222713516025,0.4813027674846583,0.44473228245764684
3624,3,0.756711,0,0.7131459943418652,0.7484438241256249,0.7807301406305025,0.6739881344515003,0.6295101150318595
3625,4,0.038587,0,0.08538213765303197,0.0979056401147775,0.11248143353198954,0.07466449813208387,0.06554159707877291
3626,2,0.000897,0,0.0021083391430337683,0.0024424509978822617,0.00285066054074291,0.0018480106797187743,0.0016615705006742963
3627,1,0.0636,0,0.21677188658442925,0.24596556894284827,0.27755140230561653,0.1891809984513001,0.16380858642547513
3628,2,0.999943,1,0.9998753598902673,0.9999017191859048,0.9999215842572367,0.9998339907154795,0.9997593349193621
3629,3,0.184508,0,0.17607672937698884,0.19956326108247918,0.2258622596337663,0.15553557926616926,0.13813398833453078
3630,1,0.299939,0,0.38160271094836645,0.42133706582687935,0.4619871275382485,0.34309394125148457,0.3070036212673524
3631,3,0.238516,0,0.33000767634206923,0.36617234033109197,0.4045662605453671,0.2956359609162824,0.2638801115036357
3632,5,0.997249,1,0.9922134607439279,0.993560047364412,0.9945575490529095,0.9904711623499287,0.9883288439536124
3633,1,0.157312,0,0.08256931192570026,0.09472646976065872,0.10874447543966254,0.07235837155923747,0.06393041155439075
3634,5,0.292897,0,0.25305169824982904,0.2829557530563253,0.3153043130456995,0.22623800608045952,0.20295883584754526
3635,1,0.161407,0,0.29754667873599977,0.33067597310436825,0.36548150847363986,0.26649764468002085,0.23855627203278693
3636,1,0.732605,0,0.6457811790113918,0.6838104171454668,0.719014422326268,0.6043528802172209,0.5606318594940408
3637,4,0.66962,0,0.6207138483643103,0.6586363326678045,0.6941773942218363,0.5813518711160368,0.5414343554116525
3638,2,0.239705,0,0.3574447045405515,0.3919853843098155,0.4281668928461015,0.32427150178050557,0.2931308951311332
3639,2,0.445696,0,0.5730826793724463,0.6150267939235231,0.6557846130363948,0.5286640606816116,0.4818769491943157
3640,4,0.672469,0,0.7178997281297868,0.7483158815331296,0.7760194380501964,0.6845577008292345,0.6485665494597121
3641,5,0.744186,0,0.7772266179894205,0.8074544493960479,0.8334099953077526,0.7413316862311028,0.6985990207102046
3642,4,0.815214,0,0.6720932052295233,0.7071522436350474,0.7393280653290463,0.6343616268390798,0.5939804568951201
3643,3,0.641604,0,0.5401225070997422,0.5830546121936471,0.6246471336430327,0.49563891842044777,0.44922270706155787
3644,1,0.845482,0,0.9884518068499565,0.9904627974951411,0.9920777444169275,0.9856326829912662,0.9814810173730221
3645,2,0.093934,0,0.10514465620742645,0.11963595654892922,0.13595510679640413,0.09277018239113362,0.08249009161735778
3646,1,0.357256,0,0.3755833528261746,0.41375820727628776,0.4532250994948273,0.3392518346322362,0.3052259053251706
3647,1,0.82631,0,0.8178018727913964,0.841219696035988,0.8617613055198311,0.7900014670752792,0.7569501619400715
3648,2,0.60109,0,0.552356811722015,0.5916405581272418,0.629324881654933,0.5122484605978809,0.4714928330697639
3649,5,0.239279,0,0.5112187508838021,0.5535090371449479,0.5942393409832915,0.4673091843512698,0.4224440677546725
3650,2,0.469883,0,0.5439788940188781,0.5829635067817143,0.6209489686919843,0.5046022362735432,0.46638051295920857
3651,5,0.174387,0,0.10341072213839975,0.11828089098730092,0.13552644183650853,0.09105556892139186,0.08105895140648689
3652,3,0.390342,0,0.32147247978505916,0.35614776021314815,0.39226975838767525,0.2889346856288184,0.2587930906914627
3653,1,0.35519,0,0.33366796994569,0.3736499635272836,0.4154168156808683,0.29428326160061047,0.25540037526294507
3654,2,0.227497,0,0.2540106522638402,0.28432579510587735,0.3168263829975348,0.22672341306644708,0.2027822633948767
3655,4,0.686647,0,0.6037550978575142,0.6410653198206513,0.6763787504173951,0.5653517626043895,0.5268138746359814
3656,2,0.285338,0,0.2533396893905106,0.2833033512688812,0.31555692306659244,0.22656965772907128,0.2036752449471467
3657,4,0.380071,0,0.4139572814630058,0.4541240202039183,0.49460254749214144,0.3763963572363674,0.343477977209762
3658,4,0.329,0,0.45824674877374394,0.49599482817820895,0.5337343513605118,0.42139023241496903,0.386433090972353
3659,1,0.205369,0,0.19333238016236565,0.21983832296845263,0.24851033264163713,0.16932734895486423,0.14793734651437251
3660,4,0.561296,0,0.5935487102124349,0.6307999946569035,0.6662120867448477,0.5556890106848839,0.5193411482435463
3661,4,0.038688,0,0.09911630231015801,0.1141439736211638,0.13149278918627702,0.08678441458395586,0.07704003312129772
3662,4,0.878583,1,0.9079410839823998,0.9208410012789954,0.9317186259661789,0.8923067746141714,0.8733233423130706
3663,4,0.104306,0,0.060396520873126316,0.06991423655931381,0.08113161932755876,0.052254822111632425,0.04530925286955679
3664,3,0.204729,0,0.29591187784197726,0.3309132357421751,0.3680434749657167,0.263181265025488,0.23270694416160284
3665,3,0.056801,0,0.14566642756369788,0.16531853000302715,0.18768101373928464,0.1283699886750475,0.11333044069599346
3666,3,0.098219,0,0.15048090721550514,0.17116603627432406,0.19436990074513077,0.13230132193126073,0.11637487404325908
3667,3,0.904885,1,0.8191678291987727,0.8416640492491118,0.8610077461370425,0.7938876514772747,0.7656107129648134
3668,4,0.393308,0,0.3394388581418694,0.3740790319793244,0.41013281192680384,0.3072650573144942,0.27761453740585496
3669,1,0.31477,0,0.13979531896919317,0.1589574911616127,0.18042903080204656,0.12286755255313386,0.10796039323226633
3670,4,0.791695,0,0.7728000107968547,0.7997820147350132,0.8238148535948482,0.7424330365663886,0.7085151185898937
3671,1,0.999663,1,0.9984888350464098,0.9987604602358905,0.9989670839638397,0.9980880403586961,0.9974791622609077
3672,3,0.575846,0,0.8438370513409089,0.8663601256108974,0.8859416691124719,0.8157789764811494,0.7791163354135008
3673,1,0.2398,0,0.26096350631254583,0.2912348988305447,0.3231480012936244,0.2333480213854222,0.20945249602978744
3674,2,0.961071,1,0.9665301533991465,0.9714592363149845,0.975486719069293,0.9605002449895885,0.9532743826740576
3675,3,0.24587,0,0.2738780725306481,0.30579326593275225,0.3396931929404211,0.24483093535669267,0.21864594676318685
3676,3,0.042894,0,0.047629239944293585,0.05475710103964251,0.06311625129554439,0.04153131788438006,0.036345606835982876
3677,2,0.439096,0,0.26924737479068844,0.3025078773344497,0.33853989243778027,0.23795798225769654,0.20916545911094991
3678,4,0.16627,0,0.16711439125803762,0.19001731158385124,0.21568332128001572,0.1472719988060145,0.13093462188274205
3679,1,0.994732,1,0.9937863924231616,0.9948448459091714,0.9956588867081426,0.9923400656348383,0.990383899530045
3680,3,0.136777,0,0.3300027228214295,0.36458696708276644,0.40086860018042214,0.29776194794672245,0.26911349587893724
3681,5,0.178713,0,0.1152367606390281,0.13063045297202097,0.14844384278224768,0.10197251152494469,0.09073620046744996
3682,4,0.067234,0,0.12884656916022894,0.1460476241347658,0.16562229675753098,0.1137901521335061,0.10077629289162225
3683,3,0.456164,0,0.3541453628436055,0.3912420756318324,0.4301159117978944,0.31945294161813337,0.28808879232528245
3684,2,0.116374,0,0.17681031660778554,0.2007441511052955,0.22759411136731847,0.15534414805929977,0.13618668380268786
3685,1,0.077071,0,0.17676130234643844,0.20067637925455672,0.22757153547681,0.15548777139899714,0.13662415714873893
3686,3,0.01161,0,0.013424423281601223,0.01542018909613253,0.01780917087281495,0.011739717153787571,0.01033061143053213
3687,5,0.128925,0,0.19283673604987628,0.21724030775819472,0.24448690390746128,0.17144611866200574,0.15304881423369046
3688,4,0.811012,0,0.8053875145700469,0.8290304842208149,0.849942053261057,0.7789067970628664,0.7505173021996598
3689,4,0.252398,0,0.5348455788599854,0.5756572279509982,0.6150431100867368,0.49338219218144386,0.452662645609373
3690,5,0.63807,0,0.8171016753111607,0.840151827969111,0.8599629122136353,0.7907891608494998,0.7617102492234407
3691,5,0.243323,0,0.09824220274598586,0.11241580209406372,0.12911980584607635,0.08625366247391102,0.07617041446247906
3692,4,0.151091,0,0.09565379488913127,0.11014453363389347,0.12689893548780212,0.08320339344178034,0.07253985217306094
3693,1,0.46413,0,0.4721533598096178,0.512442316792189,0.5528192531181128,0.432103401224346,0.39329384762117514
3694,4,0.247429,0,0.38296624182074,0.41956915955068536,0.45716936925957724,0.34855483950777244,0.3172137780509229
3695,2,0.321847,0,0.2039991319451377,0.22901194185876417,0.25649590398147587,0.18147010144804135,0.16174635831426265
3696,4,0.082807,0,0.19234083685528472,0.21576023746108242,0.24170629902472782,0.17097259452517197,0.15173150300652014
3697,2,0.270083,0,0.41931105167356614,0.4589061790995076,0.4993383360531475,0.3817518266493194,0.34781603390323235
3698,4,0.108815,0,0.1762451137291846,0.20005515606330804,0.22666033308540492,0.1553182769361305,0.13750843724475353
3699,5,0.178602,0,0.22888934830754049,0.2575608095943237,0.28912985355423726,0.20316120420121864,0.18034345093352847
3700,4,0.046488,0,0.11437939656402231,0.1304860945156841,0.14893079043474072,0.1006627798222884,0.08916591168470162
3701,4,0.382112,0,0.45429789094271095,0.4942699219943593,0.5342557977237015,0.415994645360534,0.38104730348275595
3702,3,0.345524,0,0.13418935768715182,0.15377127593289436,0.17610166113437975,0.11753015018265732,0.10377197779630051
3703,3,0.449749,0,0.4311246001005449,0.4683703601596595,0.5063295016958445,0.39491151725580537,0.36090804042772767
3704,1,0.976766,1,0.9327372827133339,0.9421607029577831,0.9498761302944324,0.9210916675823663,0.9072457004820468
3705,1,0.306221,0,0.18688518782851626,0.21118671006705436,0.23807827884063662,0.1653658471575967,0.14670157026911926
3706,1,0.145049,0,0.10125691188744705,0.11501702075105356,0.1307572356757957,0.08955208724339428,0.07978874209144028
3707,2,0.990537,1,0.9806979117010465,0.9835766061557256,0.9858984978374042,0.9771282746690576,0.9728065581581117
3708,3,0.02676,0,0.07164911182484383,0.08210469522383489,0.09401983403695206,0.06293581021351097,0.05598720879003883
3709,1,1.0,1,0.999997275274718,0.9999979098438851,0.9999983444225484,0.9999961994503492,0.9999942862377429
3710,5,0.179033,0,0.29002305891881947,0.3235354342097581,0.3588937567597047,0.25994377999584917,0.23427298603221466
3711,4,0.052719,0,0.042280808866736914,0.04903794212891474,0.0570708891184651,0.036740947795171355,0.03238092284633395
3712,1,0.186886,0,0.3573318391389411,0.3934324553560496,0.430588899303279,0.3225876176632493,0.29060059665871096
3713,5,0.245228,0,0.2515425370171603,0.28096306557236517,0.3127436969815954,0.22487942687725831,0.2011569388738742
3714,1,0.518169,0,0.3611591503997666,0.3954341616231785,0.43092408589405307,0.3287574965512531,0.2995771843429137
3715,4,0.278657,0,0.314915886177058,0.350653237179166,0.38817280838859675,0.281735240935573,0.2521972223169292
3716,1,0.031614,0,0.11703992940109824,0.1339122510266597,0.15305328140433094,0.10251117698696591,0.09006655767678484
3717,2,0.590792,0,0.4715703893299629,0.5180724516583457,0.5647229170807798,0.42403385382389613,0.374101228610105
3718,2,0.267798,0,0.2618571138531972,0.2929909005626411,0.32639401424265413,0.23338619378581843,0.2080808823449267
3719,3,0.02692,0,0.08514889848474241,0.09833754324632915,0.11342071413056679,0.07430081225843498,0.0656598911430657
3720,2,0.840507,0,0.8197471993603389,0.8447152577871962,0.8666213480061489,0.7898945601677788,0.7528031612914535
3721,5,0.137724,0,0.168128578465185,0.1914075820095947,0.217643239322497,0.1475427649492678,0.12947647674231708
3722,4,0.665299,0,0.5826003107908657,0.6214116380244191,0.6582883601956879,0.5435170042471761,0.505922308563736
3723,3,0.73469,0,0.6582572574146187,0.6933098175497949,0.7262871379940415,0.6213104393668231,0.5834846875971621
3724,2,0.072333,0,0.07271361728403679,0.08359708927633178,0.09630570696182707,0.06333982665321711,0.05530382063552557
3725,5,0.269357,0,0.3401857925303726,0.3781741085875081,0.4177381089086488,0.30437725365661067,0.271389745429599
3726,3,0.085137,0,0.11417142504040177,0.13103037602081913,0.15012533648803655,0.09985842618995684,0.08814271775828096
3727,2,0.735785,0,0.7147938159380184,0.7475472913938401,0.7778604999523235,0.6789060673415458,0.640031652064446
3728,4,0.844191,0,0.7328231875993348,0.7644260600404511,0.7928071719253192,0.6985515781985483,0.66258066703693
3729,1,0.190759,0,0.24374316984755573,0.2725955803012076,0.30340322041812434,0.21760372153534457,0.19470653660650122
3730,2,0.425641,0,0.35411435100341637,0.3942877883522573,0.4362822534650897,0.31494157921588417,0.27591834815288896
3731,4,0.279506,0,0.23591294501884752,0.26479907226556554,0.2962500347073504,0.20982022349858795,0.18702296839437324
3732,5,0.190174,0,0.16013507368589686,0.18112232308472007,0.2047031143850042,0.14222312310716542,0.12756128798263908
3733,1,0.034755,0,0.07109880295460465,0.08108762598207128,0.0926253576893851,0.06262363225659417,0.05548650916491327
3734,3,0.077813,0,0.10068523125856621,0.11461844988943899,0.13068754992554926,0.0884350610559267,0.07786806073884156
3735,4,0.793939,0,0.7001606647262604,0.7320490470652099,0.7612416218194208,0.6664103209932555,0.6319415904732056
3736,1,0.999989,1,0.9999417847595947,0.9999537464003506,0.9999623503376797,0.999922808503654,0.9998915812674304
3737,5,0.166737,0,0.24338176987226104,0.27146173066887336,0.30177505397640775,0.2187409161586018,0.19799030074101595
3738,1,0.805846,0,0.8630960815696863,0.8825479797278577,0.8992546675283276,0.8395980490433204,0.8111979293582544
3739,5,0.368186,0,0.3689953876195299,0.40580982249586145,0.44376107274615084,0.3336554807393473,0.3000163979181779
3740,1,0.307195,0,0.537362733955968,0.576549866615123,0.6143340462857408,0.49632000219892997,0.45422116559899467
3741,1,0.073524,0,0.15053557571136705,0.17148847032322082,0.19503194737927185,0.1318932814949284,0.11520904538973557
3742,5,0.190344,0,0.2286069183560731,0.25628001666669836,0.2865319811833776,0.2031689656044616,0.17995110110602117
3743,1,0.571403,0,0.5402720902938892,0.5795949795099179,0.6177091712351456,0.5009893393286654,0.46345312181301274
3744,3,0.158469,0,0.3277779830297096,0.3625713907470799,0.39966686212035446,0.29516477793734913,0.26573124232710205
3745,2,0.491066,0,0.39899106512740373,0.4364544236305696,0.47437199408482783,0.36269052631126425,0.3281480805014861
3746,3,0.783335,0,0.5392188865980266,0.580733392130538,0.6208318891982385,0.4957300179490437,0.4495758596516855
3747,2,0.38057,0,0.6571704677022377,0.6990798101567204,0.7375778082723784,0.610192590415802,0.5548190904067631
3748,1,0.016331,0,0.021818842084639356,0.025015048398682453,0.028829505515309252,0.019202049828668594,0.017085816545648558
3749,2,0.492751,0,0.47194263547994325,0.5113204944060673,0.5505289942537772,0.43256385664975394,0.3942122255645052
3750,5,0.068745,0,0.08611877794114747,0.09890862949942081,0.11388063254897475,0.07563129075517619,0.06727422972984134
3751,5,0.992251,1,0.984903436093489,0.987385348892219,0.9892908694025372,0.9815821221367502,0.9771174436413191
3752,3,0.14967,0,0.2533634693617767,0.2832451191971483,0.3157889787782911,0.22604658866462632,0.20208494800370272
3753,2,0.174183,0,0.1916326064985473,0.21656210698233355,0.244084359028129,0.1694336769147021,0.1503307709205586
3754,1,0.030015,0,0.10405616660385132,0.11820692507066974,0.1343400490529505,0.09191088053811665,0.08156139505188646
3755,1,0.113295,0,0.07538897504395327,0.0861616424673894,0.09853473989673422,0.0661735399447734,0.058463394089170964
3756,3,0.999991,1,0.9999748215440001,0.9999802280935833,0.9999841786124704,0.9999666465733211,0.999953001181525
3757,5,0.518231,0,0.536806670450975,0.5782876943140561,0.6178937805466556,0.49274482544851217,0.4454326503832023
3758,1,1.0,1,0.9999997957854028,0.9999998465131454,0.9999998811393912,0.9999996989599136,0.9999994922659992
3759,1,0.091345,0,0.04581194925357599,0.052473395706427964,0.06026735847607617,0.0402475992241759,0.03573833905626054
3760,2,0.093559,0,0.1589751584323393,0.18034444543781192,0.2039288291346546,0.14019310904609386,0.12371715632215304
3761,5,0.693627,0,0.7759065497390654,0.8071488556686345,0.8336925103259012,0.7377062325571476,0.6902980973822884
3762,1,0.705595,0,0.7211143841601373,0.7550842355983097,0.7854494257571499,0.6811879383518145,0.6339455458839004
3763,3,0.3855,0,0.4228072396969586,0.4632514001156937,0.5040417177342564,0.38316648132259923,0.34543545953002947
3764,3,0.063441,0,0.14157239207521316,0.16175826056650203,0.18427713860375647,0.12403289767238725,0.10883167814803377
3765,1,0.277455,0,0.26247609191594445,0.2931951231314371,0.32616353581120566,0.23461554758690908,0.2101045349974868
3766,3,0.997743,1,0.9915637375109032,0.9929813121520149,0.9941077666563399,0.9898204831760146,0.9877728629270156
3767,4,0.420241,0,0.37339465271561323,0.4108923306964838,0.44940243026658216,0.33825232963716956,0.3062754469450356
3768,2,0.236177,0,0.33369115009284744,0.3698649972309433,0.4073577567494412,0.30019941443661585,0.26980224985800605
3769,4,0.227646,0,0.3042802063210737,0.33782204884974687,0.3733788810238085,0.2730003745858625,0.24480130775951325
3770,4,0.596844,0,0.6187059910647106,0.6565242668796902,0.6919884799635049,0.5802558194531431,0.5427120692488553
3771,3,0.522562,0,0.6803054723225126,0.7150862644203217,0.7470224866207779,0.643255254835765,0.6045042719340534
3772,5,0.01341,0,0.0268580663214118,0.03082160475124449,0.03563322697570544,0.023665537866824023,0.02114183791486554
3773,2,0.482343,0,0.617989870132197,0.6543051655439455,0.688898278636446,0.5799975355193049,0.5417412604423486
3774,3,0.675082,0,0.582358047174336,0.6229447580827854,0.661897386456998,0.5387621116650045,0.4910390453199403
3775,5,0.081562,0,0.17098412148744646,0.1936927650799756,0.21905347626399244,0.1515007872526863,0.1352673033995267
3776,4,0.291376,0,0.4023668146713796,0.44196598813443483,0.48236606962900896,0.36476015072886964,0.330820067061078
3777,3,0.605281,0,0.5128995443776269,0.5517713300758288,0.5894780225311828,0.4736747332177865,0.4339791409068635
3778,5,0.764544,0,0.5453022660211787,0.5843404125703546,0.6219197325884172,0.5052952573383328,0.46531538994293886
3779,1,0.695664,0,0.5719192552011954,0.610060350186608,0.6467555299502417,0.5329613034503734,0.49468643936952506
3780,3,0.29489,0,0.449959600629057,0.4877186816596416,0.5259425526844592,0.4128427214104064,0.37717863304542604
3781,5,0.461953,0,0.3563586402747943,0.39346258205329304,0.43160796107593763,0.321759033726283,0.2906740190717204
3782,4,0.150754,0,0.16466637696706715,0.187284050079764,0.212446118275518,0.1450727130616125,0.12835844258559342
3783,5,0.395641,0,0.2161401228661137,0.2438404970968543,0.2743141423972804,0.1909815171373031,0.1680513108965597
3784,1,0.26016,0,0.34821409657987884,0.38274919289918174,0.41808458068779997,0.31580061067013065,0.2866840879109176
3785,5,0.126143,0,0.2584866423187989,0.28754958922494517,0.3193533589601163,0.2315800801717069,0.20680254851154334
3786,5,0.329085,0,0.24405058266658,0.27426537839523585,0.30719570698685633,0.21687086932836017,0.1927751394680485
3787,4,0.301797,0,0.27859656231116003,0.31141829591715303,0.3463618362389281,0.24917535963859092,0.22412103942265352
3788,1,0.070074,0,0.1643032200633385,0.18764912426285782,0.21346467615977222,0.14374330138546873,0.12599504108991702
3789,3,0.022579,0,0.04488569601799311,0.05199966064209348,0.060381748538101646,0.03894885722861218,0.03408065553852508
3790,4,0.191183,0,0.16852565079673343,0.19205988574723395,0.21835036838157093,0.14823482947421027,0.13126336694058593
3791,1,0.083315,0,0.09815061710781141,0.11190802396879182,0.12739722090261815,0.08631556298791443,0.0763652179704647
3792,5,0.850089,1,0.8123800118428306,0.8347351920256584,0.8541256610665836,0.7870779616628528,0.7593511346922835
3793,1,0.7888,0,0.8477522122410269,0.8685306440481992,0.8863924353970906,0.8236254173985642,0.7963854339058003
3794,1,0.022228,0,0.04437168857685614,0.051002427744663,0.059019552348310834,0.03892629778855349,0.034563689825812864
3795,3,0.035844,0,0.09277637947065347,0.10624312759347375,0.12156808784339042,0.08141594477576607,0.07201482990551245
3796,5,0.124713,0,0.21714180460858495,0.24247454455744383,0.2703965147680221,0.19473131797927212,0.17548524379381425
3797,5,0.437574,0,0.4669253183882992,0.5059252832191513,0.544446481967734,0.42909940150500264,0.39385279308408416
3798,1,0.994964,1,0.9931159315889787,0.9942655537128247,0.9951387124603336,0.9915691026085481,0.9895603251366973
3799,5,0.436444,0,0.27535346646383624,0.30757549303662773,0.34225579365391773,0.24556333320627718,0.2180690519580946
3800,3,0.591448,0,0.6449031251910599,0.6806513158527308,0.7139862791699437,0.6077490777331483,0.5702696838219783
3801,2,0.995841,1,0.9941580944595091,0.9950849423610635,0.9958164587823123,0.9929639449841114,0.9914372129392325
3802,4,0.125444,0,0.1707641956285932,0.193755750829869,0.21944084284205692,0.14996973254140938,0.13106967418036458
3803,1,0.697089,0,0.7784529621643332,0.8082289266287092,0.8342926588382805,0.7438005555510596,0.704180012768663
3804,1,0.320627,0,0.28976878080395435,0.32263813494159477,0.3577611765154315,0.2591706999109904,0.23103963537860367
3805,2,0.213949,0,0.06711521846887254,0.07761852075516837,0.08985868242697816,0.05808684554980746,0.050325787872966245
3806,1,0.426876,0,0.5049845099339224,0.5467689936053485,0.5873543642139366,0.4631815806928696,0.42294354099054987
3807,5,0.337694,0,0.2917717282352825,0.3233397987224281,0.3572879317992965,0.26260691372911127,0.2361537784314744
3808,4,0.739687,0,0.3997841139289679,0.4385724742590551,0.47796154353154696,0.3629544308742118,0.3283907077439674
3809,3,0.234395,0,0.3802489686438806,0.4178325947388424,0.4560490744440525,0.34465243638316445,0.3110633398130241
3810,4,0.250741,0,0.1595500761965762,0.18214990281745258,0.20745164414545628,0.14016248855438593,0.12372929612274775
3811,1,0.135789,0,0.18167240071799629,0.2069926777298114,0.23485011120961868,0.15912716392335985,0.13947074563407313
3812,3,0.035806,0,0.06962144981187497,0.0808504738452649,0.09410873468445961,0.060267442810662104,0.05231664779188572
3813,3,0.301623,0,0.1881530127787342,0.2116449332408452,0.23734064713499986,0.16743051770929276,0.14953351523678496
3814,1,0.185382,0,0.32669735677547623,0.3613855836731663,0.3972506691821358,0.29422916255782616,0.2647749103972537
3815,3,0.148986,0,0.06610074820439017,0.07600548101543934,0.08768977475383377,0.05776972492316069,0.050939889059476544
3816,5,0.876799,1,0.8891477664355993,0.9066849608904312,0.9209480189476503,0.8657870716828836,0.8330733061680937
3817,1,0.107381,0,0.13679461626480413,0.15415650048983343,0.17378899644799256,0.12183089674218116,0.10925350678944407
3818,3,0.550488,0,0.456744706309191,0.4988768010461447,0.5409651157590474,0.41409926808256403,0.3697809008891184
3819,3,0.398839,0,0.2807977468764285,0.3125561123808428,0.34613924844645616,0.2517514091744573,0.22558340232485113
3820,3,0.306717,0,0.30508275482155506,0.3373355261714731,0.3709978576500881,0.2751641443527341,0.24867151723759842
3821,4,0.08079,0,0.13813680337173306,0.157004760476176,0.17839182729232292,0.12175744952881233,0.10772722390693791
3822,3,0.683495,0,0.5628521544513203,0.6024987287845993,0.6405150746608723,0.5226193623901942,0.48308411725581824
3823,3,0.670774,0,0.83315463364401,0.8555180357352514,0.875340562948986,0.8073384526170853,0.777798830059993
3824,3,0.177726,0,0.2537453955608862,0.28199037979578656,0.3119901985745464,0.22804554073142405,0.2052261803198787
3825,1,0.666309,0,0.4039672927833285,0.44156781045113824,0.47978559441468355,0.367637303103075,0.33332266391371995
3826,3,0.50361,0,0.3813849307890186,0.4189319390164307,0.4579771751888972,0.3459279546309707,0.3141151777908125
3827,3,0.493994,0,0.3788099956903139,0.416602735880884,0.4560078669003052,0.3428867080569594,0.31036352355992053
3828,4,0.413832,0,0.36227726112793757,0.3994682055912439,0.4377377972568399,0.3277153904924486,0.29710574619011487
3829,3,0.037402,0,0.04512140252934999,0.052014122996486424,0.06005780641031902,0.039482996567725394,0.03498834835431408
3830,1,0.034141,0,0.07962660123571094,0.09095881125497658,0.10415331598100595,0.07008772747675739,0.06224783098394534
3831,3,0.393764,0,0.33864611322825283,0.37610866380829067,0.4155348083473546,0.3034609864803625,0.2707409009502218
3832,3,0.337825,0,0.3725588602698947,0.409260665674285,0.446688691150846,0.33839224744116636,0.30815475043897705
3833,2,0.865636,1,0.9664364998839517,0.9720568232690855,0.9766647768467257,0.9589944308043638,0.9484455603751082
3834,5,0.74524,0,0.5435892961598965,0.5812392866602155,0.6180605985933401,0.5040445363673762,0.4626500303678171
3835,1,0.869366,1,0.9457470686848097,0.9548766668350549,0.9621952763704271,0.9334105297416722,0.9161923955248211
3836,5,0.693941,0,0.8250999603043635,0.8478369392874372,0.8673689958308016,0.7981185682652959,0.7663181215177223
3837,1,0.040795,0,0.04732488579750756,0.0546125634999553,0.06318193536200255,0.041267581018569234,0.036383596723153944
3838,2,0.214796,0,0.2511437792536534,0.28124317124320364,0.3133994279035116,0.22388350217193023,0.20000361054494875
3839,1,0.125544,0,0.1598450024651668,0.18109843671847045,0.20490077028085096,0.14087850933235954,0.1239692148843982
3840,4,0.633868,0,0.7071250423034451,0.7391629622895417,0.7682888085277361,0.67166203059185,0.6315708851709654
3841,2,0.173499,0,0.24235673750545758,0.27160332794855935,0.30319942807666095,0.2159234857525656,0.1929805069625064
3842,3,0.219818,0,0.2796927543510075,0.3140272020593166,0.35108113338417785,0.24745989238003588,0.21718124781372447
3843,1,0.022525,0,0.04815678964167819,0.055525569165828265,0.06422626671585119,0.042026631322044046,0.036959881274287905
3844,5,0.150534,0,0.2574122841153759,0.2897876750010863,0.32501241747293685,0.22708396881837153,0.19847932261180506
3845,2,0.080026,0,0.14417829023541276,0.1633814677129754,0.1850107923789093,0.12736589379846094,0.11297456216338742
3846,4,0.133441,0,0.15378087880941588,0.17604986668829772,0.20116728653418448,0.13438956431447122,0.1177368355942953
3847,5,0.545758,0,0.6050292597470855,0.6414844032078622,0.6759013481167131,0.5674835091628783,0.5302260244942938
3848,1,0.724144,0,0.5777852248353386,0.6139498747436832,0.6486321064626397,0.5407078532356975,0.5042605994714923
3849,3,0.075459,0,0.08695206417974399,0.10010180476200947,0.11550287348817259,0.0758309635291049,0.06682052208263413
3850,3,0.372845,0,0.33834704583489633,0.37461835545448086,0.4128375670666206,0.30376645810977115,0.27095713506753333
3851,5,0.636379,0,0.46051601862914365,0.5025449654153632,0.5440764145768937,0.41773372355840294,0.37424058722916465
3852,2,0.451484,0,0.3645613115647049,0.40291377435901626,0.4431509088976296,0.32785374962591984,0.2931778510797247
3853,2,0.288263,0,0.529080022250139,0.5670441006661382,0.6042851992374703,0.4909543023345098,0.4539877565046704
3854,2,0.378939,0,0.27995773966710497,0.31198151438075844,0.3461998309647603,0.25054991663916787,0.224261638722437
3855,3,0.573753,0,0.5418620694304256,0.580839273611916,0.6191852192068007,0.500913673075724,0.45787443345454565
3856,3,0.22482,0,0.20289770361705797,0.22721992920167325,0.254124936827981,0.1806841601611301,0.16096878585481086
3857,4,0.247176,0,0.1582560297971286,0.18013911739006047,0.20466363917019853,0.1395539383365554,0.12407636481620456
3858,1,0.046917,0,0.047598507742668945,0.055192328483685715,0.06426407935743003,0.04119289013131405,0.03588037447956517
3859,2,0.572364,0,0.5020145127695558,0.5458077299872596,0.5893415389886667,0.4574329856332359,0.41248678041854286
3860,3,0.016804,0,0.07290134078489405,0.08397424313538296,0.09689967973398081,0.06350473409289811,0.055467786400703274
3861,2,0.37734,0,0.5232307966577734,0.5633794363153827,0.6025338949882681,0.48323012197723697,0.4447136892385132
3862,3,0.559967,0,0.48770602822583703,0.5281131421425103,0.5686357427665144,0.4465797432187446,0.4056622480779152
3863,5,0.752287,0,0.6800277268023168,0.7156799236472517,0.7480965106023928,0.6394574160702529,0.5929078335460191
3864,4,0.015173,0,0.030929734924114716,0.0357707952053439,0.041554915791538194,0.026925190554458488,0.023680461280523764
3865,2,0.301187,0,0.19952827401921522,0.22494472858966397,0.2525785340145279,0.17703483443681559,0.1575744959165997
3866,4,0.97509,1,0.9816582245706266,0.9846892564353202,0.9870991663299271,0.9777252518604151,0.972450087012972
3867,3,0.449226,0,0.5400794266119933,0.5790130753180248,0.6173487867532287,0.4996073461234083,0.45725568417212004
3868,3,0.994464,1,0.9948351267598168,0.9957440388124084,0.9964644339717253,0.9936396448262323,0.9920208436601113
3869,5,0.195514,0,0.2794413352732927,0.31050134664906615,0.3437800481185341,0.25113630029538975,0.22610441812127574
3870,3,0.329367,0,0.4424415650629188,0.48360990819544525,0.5255543031129652,0.402975980284958,0.3662985420593862
3871,4,0.466634,0,0.4348085887408783,0.47415076345650425,0.513680978179981,0.39532756024233295,0.355761717643915
3872,2,0.993327,1,0.9875162463568771,0.9895366827209179,0.9911733566933748,0.9848563564903595,0.9812381245822718
3873,2,0.12848,0,0.11261924036429334,0.12902510854838112,0.14800789119607935,0.09837560063185076,0.08659786108429543
3874,4,0.448632,0,0.572999382010076,0.6109147149448385,0.6472519447024279,0.5352177213499583,0.4996872889550153
3875,3,0.49993,0,0.5240462737577477,0.5638412980814238,0.602215635268014,0.4851851494451585,0.4489052042787672
3876,5,0.087018,0,0.14607391963204536,0.1687613149521261,0.19452818129334362,0.12578550155848678,0.10731948906392769
3877,1,0.53523,0,0.5274342433451564,0.5695039376882496,0.6102306095491419,0.4829151442938233,0.43583158980948944
3878,2,0.822239,0,0.7326735351582454,0.763982316726,0.7926680964567926,0.6978662459499997,0.6597402025439401
3879,2,0.437383,0,0.46080026474441294,0.5038769989500169,0.5472759296284564,0.4177235366635383,0.374800890588953
3880,4,0.166507,0,0.2113493722733327,0.239648566830771,0.2708139684185348,0.18649906866647495,0.165455682617411
3881,4,0.825318,0,0.6989414633053098,0.7302732807290232,0.7590957090186068,0.6648820530100387,0.6286211261500663
3882,4,0.042547,0,0.049763969203942944,0.05726855416770744,0.06615290060209973,0.04345875202776122,0.03823860457949406
3883,3,0.187731,0,0.14996776176529655,0.17083275360837039,0.19416185080803625,0.1320484639335706,0.116982570220252
3884,5,0.134859,0,0.1549297381677396,0.17508741613438325,0.1978454776585679,0.13779569940849282,0.12368538816262228
3885,1,0.999589,1,0.9988904361337784,0.9990977912928773,0.9992518632456443,0.9985923146685882,0.9981637418300683
3886,2,0.478383,0,0.6042041718850745,0.6429866721046992,0.6796721477903606,0.5633830031177796,0.5206606265951548
3887,3,0.843021,0,0.8844308730133976,0.9019347445547299,0.9168831733404427,0.8630096769478697,0.8354170369814895
3888,4,0.997327,1,0.9971445730141414,0.9976568162550339,0.9980504320193129,0.9964521588018806,0.9954912409180725
3889,3,0.560561,0,0.5709881164125336,0.6117617992419067,0.6508608805999813,0.5287464134614718,0.4852063156731063
3890,1,0.60822,0,0.5498496720145792,0.589958691128278,0.6283595423134104,0.5070125670323956,0.4616738132769476
3891,4,0.356658,0,0.5322823340473116,0.5714599530160908,0.6095659081294676,0.49269351171197634,0.4539130513672855
3892,2,0.999973,1,0.9999039203447038,0.9999239109581418,0.999938859243864,0.999872624048849,0.9998164113013343
3893,3,0.995638,1,0.9915718681524829,0.9929897390752299,0.9941282706959652,0.9897865083941318,0.9875831205821145
3894,5,0.999968,1,0.9998874983431205,0.9999111998505323,0.999927265448696,0.9998502739659071,0.9997895128723745
3895,2,0.147809,0,0.20826704684826414,0.23507890770032414,0.2643179177294049,0.18466685775954364,0.16462017174923907
3896,1,0.504183,0,0.5830804059639704,0.6222083438575008,0.6591005989628207,0.5429524271880297,0.503428731152437
3897,3,0.081581,0,0.06768196503281311,0.07780736431821417,0.08970616960865153,0.05899793345093045,0.051643771151491394
3898,5,0.983174,1,0.9713091953239505,0.9757933438786923,0.9793185495793199,0.9656668964787903,0.9588148213299904
3899,3,0.016489,0,0.07549565720203144,0.08711067506898897,0.1006607922596832,0.065902259185725,0.05810437983069584
3900,5,0.135021,0,0.1939218944937286,0.21878558537622217,0.24621989143656772,0.17203169350228872,0.15322622655807727
3901,5,0.230803,0,0.403416324894197,0.44285577754890354,0.48313835701970903,0.3646693964233402,0.3270103537639943
3902,4,0.554399,0,0.7030733431548178,0.7378502314995465,0.7693584091908705,0.6649477146958632,0.6237736008428227
3903,2,0.365933,0,0.21823263070877777,0.2461975145162172,0.2764560211089115,0.1927989460840757,0.16952503244296488
3904,2,0.217039,0,0.18470079727567448,0.20906325847545865,0.23636245831779926,0.16271198703044862,0.14328943500146102
3905,3,0.842293,0,0.7961978601898378,0.8231621126346212,0.846889245501114,0.7644561999364127,0.7260877447741148
3906,1,0.482643,0,0.38880097740743935,0.42727134689452295,0.46637831808298214,0.3512363499837469,0.31556887250551696
3907,2,0.422197,0,0.3056075410526756,0.33974675831605106,0.37636974148105173,0.27297607663060197,0.24231741882822777
3908,5,0.70707,0,0.6752103712662704,0.7102397143196659,0.7423119962036214,0.635395196384023,0.5898544020317587
3909,5,0.767516,0,0.5904904743815687,0.6288302417162088,0.6653867009391576,0.5504587170772614,0.509833718487475
3910,5,0.32524,0,0.4193884990523109,0.4589916028646197,0.49864919663942503,0.3804666739944914,0.3425579201942135
3911,2,0.336674,0,0.35269719662707794,0.3884940672477093,0.42522182004336095,0.31904310308070455,0.28809113567170586
3912,4,0.325862,0,0.20966518943068393,0.23815476934996097,0.26952785294926385,0.18397165978678498,0.16078377923284126
3913,4,0.620013,0,0.42667420266387,0.46526521046251074,0.5043849735627501,0.38960944794158936,0.3557888791355311
3914,4,0.226787,0,0.3153726554142823,0.35092616426231854,0.38836113256069127,0.2818975507150922,0.2503885665838588
3915,1,0.961118,1,0.9767965792310247,0.9803130213976794,0.9831482612908563,0.9721178753507185,0.9658754102609534
3916,1,0.469752,0,0.48872740840750123,0.528126783148924,0.5670134978622071,0.4498497401131039,0.41288957088253314
3917,3,0.073793,0,0.17962847484220545,0.20346466459507478,0.23045755843959154,0.15852050805948448,0.14067099938290772
3918,4,0.413027,0,0.18779696026761536,0.21277679955408715,0.24039812765628943,0.16520550167269912,0.14499813824107033
3919,4,0.402942,0,0.2618601325121533,0.293391577360997,0.3273282935347624,0.23173257103408354,0.20250792585987523
3920,1,0.115172,0,0.14979449345253074,0.17010875730743982,0.1925143399603582,0.13190737155266383,0.1169362393655162
3921,5,0.188804,0,0.23852934385420294,0.2681273743224342,0.30053921269574224,0.2111542745999101,0.18575769200599082
3922,2,0.235046,0,0.29882881569619835,0.3344418587583084,0.3722838721060213,0.2654417268901311,0.23407255005996397
3923,3,0.312463,0,0.1329892209532695,0.15276270017196328,0.1754810944853224,0.11620964859878564,0.1023505528117932
3924,2,0.035605,0,0.05428286759463398,0.06280919509549128,0.07294861271324853,0.04715310852718501,0.0413202899167948
3925,3,0.165032,0,0.21411744702078586,0.24110776497438796,0.27109567678347585,0.18949038323114265,0.16760734662240626
3926,5,0.366393,0,0.30049146883369815,0.3327689868497484,0.36717090532510244,0.2700853821474058,0.24174484297389434
3927,2,0.071313,0,0.1404950166540381,0.1605894951836109,0.1833408596312743,0.12271422668533537,0.10717367701075925
3928,4,0.683504,0,0.6869336775702328,0.7201577653459951,0.75065393427238,0.6516804246370556,0.6151375625316612
3929,5,0.237399,0,0.3283482539047756,0.365882722913027,0.40524115939725097,0.29280317231468983,0.2595034580949265
3930,1,0.320922,0,0.3559483328443794,0.39473447609751783,0.43434192899754087,0.31869335774987645,0.2835818651135235
3931,5,0.061235,0,0.09115650286897482,0.10480435168570802,0.12064778988081855,0.07970038704922358,0.07021257369813547
3932,1,0.095287,0,0.17304369558024216,0.1940613261688473,0.21760556536288297,0.15463987996501433,0.13900162854074347
3933,4,0.024486,0,0.06422732282472385,0.07360173404360389,0.0845791899009638,0.056334445750888244,0.04981892894451815
3934,3,0.347161,0,0.3972844713073466,0.43758359049945744,0.4786760987789328,0.3594813913835657,0.32490619087655626
3935,1,0.336199,0,0.31583525842650834,0.34877507385579154,0.3835900742884703,0.2851914619551907,0.25724330395863004
3936,4,0.120529,0,0.17710059665720318,0.20020391051884492,0.22603927005693691,0.15638100026267165,0.13872200659788983
3937,3,0.152597,0,0.2641742477934924,0.2948737535771242,0.32805463741934976,0.23612417740980238,0.21160704703709898
3938,2,0.075312,0,0.10776542965741169,0.12294800797379854,0.14039180652688757,0.09464902420802904,0.0835013387773688
3939,1,0.570149,0,0.5146859343723605,0.5534549868077214,0.5920054728877364,0.4760685689245843,0.43874572741061635
3940,2,0.310045,0,0.20087367498937106,0.22531835494908528,0.25183034389854836,0.1792389393826548,0.1607051604088191
3941,1,0.99757,1,0.9979244905240523,0.9982997332481297,0.998585728804302,0.9973827765417403,0.9965838480182166
3942,2,0.084539,0,0.08725772013371046,0.10012709353846408,0.11477073805301463,0.07635420650314649,0.06716235081492376
3943,3,0.071353,0,0.15726291004060663,0.17963412408218107,0.20519336817903314,0.13792284179664005,0.12163997085614592
3944,3,0.676185,0,0.5141099179990363,0.5557388753563378,0.5960191000671651,0.4732802113012055,0.4337222505150127
3945,2,0.554497,0,0.46775976680915055,0.5053160296898488,0.5427170577139551,0.4310590017518816,0.3967366661599706
3946,5,0.559211,0,0.5621692016135286,0.6004762315392697,0.6368286688116012,0.5235458867526643,0.48590335888338265
3947,5,0.419101,0,0.37310715880753925,0.41346054519266306,0.4542130767847153,0.3334619543897028,0.2944398948750171
3948,5,0.771435,0,0.5543692395567225,0.5922120807764056,0.6288092967929765,0.5157917113721153,0.47801202307221713
3949,5,0.152729,0,0.24128858717274987,0.26843510959683453,0.2981082916633427,0.21699284216647333,0.19584349741149498
3950,2,0.272773,0,0.3964150313938377,0.43689547432559717,0.47821751996524653,0.3566512615855765,0.3172845000534191
3951,1,0.218522,0,0.34482226506010744,0.3814793382643004,0.4193646619823639,0.31073788881733694,0.2801709089809248
3952,2,0.563209,0,0.6512920691421747,0.6863569668183372,0.7191383249330632,0.6138923158161996,0.5750255440130909
3953,2,0.015476,0,0.029655046586173236,0.03430395163374687,0.039790289500644144,0.025902326781113573,0.02290989079426707
3954,5,0.252245,0,0.5850228356823162,0.6218839907927687,0.6567249882150575,0.5477674789453344,0.5122443605083243
3955,1,0.348487,0,0.5692706856399878,0.6119845758703794,0.6525815831099856,0.5220323493274628,0.46998989212303444
3956,1,0.830102,0,0.6759264663704989,0.7102877925685054,0.741987110005779,0.6379248589806016,0.5962592389108176
3957,3,0.998559,1,0.9959313573432746,0.996662966932665,0.9972424450051742,0.9948967672422868,0.9932821239640021
3958,2,0.588925,0,0.6392923362169638,0.676234911262474,0.7110471263050291,0.5996619485498177,0.5569877576608624
3959,3,0.362689,0,0.5474005356400995,0.5857270750378802,0.6227200680774654,0.5082852828859683,0.46991134835934745
3960,2,0.126469,0,0.15486600422474225,0.1762156714811046,0.19993196994021992,0.13619499182822642,0.12008399494222664
3961,5,0.086687,0,0.10181872530553683,0.11633020113355345,0.13310341998403216,0.08981804421164027,0.08023857054229971
3962,2,0.062173,0,0.0901203469611336,0.10357524750273374,0.11929713466030015,0.07868191310439059,0.06931015311891478
3963,2,0.19659,0,0.1849917160851893,0.21053240030693787,0.23862134965387433,0.1627906765181857,0.1439169386060542
3964,2,0.999906,1,0.9998663992093613,0.9998930221212452,0.9999129354630351,0.9998259220480089,0.9997568737459397
3965,2,0.073496,0,0.1365526975152922,0.15584024078797057,0.1776176186126188,0.11990271535359154,0.10559892357786371
3966,1,0.083875,0,0.04638593349380774,0.05391238439082043,0.06268785328879774,0.040154758349954564,0.03516506914572517
3967,1,0.531562,0,0.4119240947256057,0.45114359725633313,0.4912922521907043,0.37368238424256295,0.33755898929426587
3968,1,0.816004,0,0.8490290182817415,0.8695256060914985,0.887143852769394,0.8252934756183263,0.7985877972962101
3969,4,0.438595,0,0.3955756438828454,0.4343325870857996,0.47379580915600006,0.3588891726988872,0.32519460171349107
3970,2,0.326858,0,0.2066941524569711,0.234550946859635,0.26507092059433784,0.18157329905375835,0.15905462960601918
3971,4,0.839411,0,0.8596910836737189,0.8782651769361587,0.8942340142303683,0.8376377936360201,0.8111618905010372
3972,1,0.307618,0,0.24397510317046414,0.27335744567966846,0.3048974595649419,0.2171069781899349,0.19322702451790671
3973,4,0.07389,0,0.06110244437739604,0.07043938836925874,0.081430127181939,0.053306229355372145,0.04678205353655385
3974,2,0.071189,0,0.06899766860591598,0.07908147628635485,0.09064694594099118,0.0604218221499649,0.0532289342020047
3975,4,0.247688,0,0.18913709392994546,0.21392809113649622,0.24121422230892156,0.16732753566407146,0.1482819651422543
3976,2,0.096859,0,0.08228497301681169,0.09464697817386161,0.10873089383598925,0.07185791977494314,0.06303829295729431
3977,5,0.346886,0,0.295318614597018,0.32744033113723586,0.3615495345579512,0.2660875936431453,0.24031523769429722
3978,2,0.027892,0,0.12059349272747762,0.13766185534089853,0.1569343509078998,0.10600417986033651,0.09383907044946364
3979,3,0.428165,0,0.42456322974919825,0.4635135492642701,0.50307724477733,0.3867270088192098,0.34996542067130426
3980,1,0.053398,0,0.058343619066882596,0.06642930794112518,0.07581612586394387,0.05158317976793771,0.046006139730042354
3981,2,0.780672,0,0.4953223757944788,0.5336237686882872,0.571733316828806,0.4570221640135518,0.4202660238914135
3982,1,0.131975,0,0.1369000519902555,0.15601480978108068,0.1778708039794169,0.12043513180138529,0.1065439766527748
3983,1,0.604652,0,0.6301830034232282,0.6707185848895925,0.7077269579916858,0.5852395013648721,0.5359417325681282
3984,5,0.036842,0,0.07123113648115251,0.08219992401443953,0.09520092136357386,0.0619351304012833,0.054062192475393865
3985,1,0.080869,0,0.17768491725995206,0.19954649517323414,0.22397364229099564,0.15854977822887278,0.14214414862206637
3986,4,0.456115,0,0.41617939774281015,0.4524586969582926,0.48938078296607107,0.38094698767589297,0.3481253504170705
3987,4,0.983572,1,0.9896079270246083,0.9913541618354608,0.9927340327762333,0.9874260038752416,0.984807164733941
3988,2,0.392489,0,0.5618180223132014,0.5989980513316321,0.6349621572482386,0.5239154279987125,0.48674518034671793
3989,1,0.310629,0,0.31592358338939636,0.34990004088049714,0.3858913085715833,0.2845256086109489,0.25621434277309807
3990,4,0.612637,0,0.3465645735212489,0.3837153704456727,0.42240465566499114,0.31189901341442844,0.2811917685314095
3991,5,0.665058,0,0.5051929181006548,0.5458733654447582,0.5851451835856034,0.46468788019493623,0.4254262100144063
3992,2,0.473514,0,0.34216746528380665,0.3788084868743191,0.4170898898398914,0.3076229821275145,0.27602579539186284
3993,2,0.166146,0,0.27190376067746447,0.3055564538414087,0.34195411720788876,0.2410663353943328,0.21319079659689869
3994,2,0.038399,0,0.1325338167486156,0.15108824545036287,0.17211331901121216,0.11658132534958036,0.10326524861140615
3995,3,0.364714,0,0.3420956025158782,0.3775697537254484,0.4145790116059824,0.3082522342989411,0.27617671531047616
3996,4,0.1395,0,0.13028303409871023,0.14937755550905707,0.17097880652427597,0.11324732316131363,0.09812077592155437
3997,4,0.40194,0,0.5364055598788553,0.575182195608942,0.612694514776057,0.49713021821491726,0.4576082718277076
3998,2,0.014645,0,0.019021879778949074,0.021998420448775206,0.02551174144379005,0.016639511865093097,0.014762342315648996
3999,4,0.636837,0,0.52533576330381,0.5654044626459762,0.6043413194276746,0.4854374567765283,0.447873631381369
4000,2,0.286674,0,0.12811213991385006,0.1462433390889864,0.16678628972774456,0.11246167442592918,0.09914319372598197
4001,1,0.173454,0,0.14810783870526673,0.16788162486092326,0.1899637683038129,0.13097051515753397,0.11645996266234057
4002,4,0.041872,0,0.048190342403213966,0.05591916649752064,0.06508989160968913,0.04163109290191662,0.03604023008909771
4003,4,0.562038,0,0.6330001725807077,0.6687089883254981,0.7021339726428141,0.5952875900393019,0.5555713146023086
4004,2,0.999998,1,0.9999833553501932,0.9999869806052097,0.9999896900668035,0.999977573927462,0.9999672227567681
4005,3,0.375211,0,0.36330371743784656,0.4031677590532573,0.4443113239871811,0.3253592732366533,0.289741907255543
4006,3,0.273932,0,0.13861800433083465,0.15737969422387213,0.17851298151983683,0.12235057331549047,0.10856790615312951
4007,3,0.29244,0,0.2889288742421093,0.32303376964101627,0.35917878211554255,0.2585881775441481,0.23238019980500654
4008,4,0.998809,1,0.9973860981673193,0.997858104848199,0.9982200843505676,0.996739810808458,0.99582242374404
4009,3,0.725314,0,0.5330517869955655,0.574484799477945,0.6150141844927207,0.49016272189692184,0.4462689845610237
4010,2,0.301443,0,0.2244589760236737,0.25411081267262614,0.2869487584119144,0.19721835664500523,0.17245368145807108
4011,2,0.200159,0,0.1110376257611686,0.12611117703428332,0.14329590022091218,0.09782009804827067,0.0867422633192013
4012,2,0.21371,0,0.1692969725894514,0.19092554229572276,0.21457246255214954,0.15049754070416718,0.13467432877579857
4013,5,0.166753,0,0.2592175259522493,0.2892971259341956,0.32179809035909795,0.23220437252865617,0.20863031624754635
4014,5,0.565064,0,0.5309350137494652,0.5724077131401935,0.6126024701497405,0.48751103034813137,0.4421738432865841
4015,1,0.479248,0,0.3927701213989421,0.4327091089367699,0.47372947835914536,0.35390464782635395,0.3166915432252893
4016,3,0.784437,0,0.8797709719151512,0.8969858730628106,0.9119659061022888,0.8588558422744805,0.8329812733318487
4017,5,0.85054,1,0.7669384109844709,0.7952777481657017,0.8200542002804699,0.7346815474870848,0.6985821411934107
4018,3,0.176974,0,0.2656163810650136,0.2983335687492074,0.3340953698814846,0.23543356289945994,0.2077397824523195
4019,3,0.21458,0,0.21984377833360388,0.24758098048289914,0.2781830413261746,0.19520801056949266,0.17389939225946066
4020,1,0.564963,0,0.3134455235043183,0.34674181083718875,0.3817813904413468,0.2825352406163577,0.25476225164822836
4021,3,0.398529,0,0.3803941924790848,0.4162825063131523,0.45307160357645626,0.3465212270394724,0.3168550390663368
4022,5,0.051869,0,0.13438167116869862,0.152349145716163,0.1730448359965521,0.11884101432040317,0.10554196163453983
4023,5,0.447134,0,0.3206520905706392,0.3533817289527442,0.38810756396951884,0.29024037511395434,0.26278987608330817
4024,4,0.176142,0,0.22956328105870247,0.2578438030020038,0.2885343683546925,0.20480910180064427,0.18358732771388933
4025,1,0.483152,0,0.4256137229372479,0.4642613581556699,0.5029829210763469,0.38829019034954715,0.35361927433882323
4026,5,0.06445,0,0.11043262487416322,0.12574854282536038,0.143562925693317,0.09749918757983883,0.08669533772899618
4027,4,0.864413,1,0.8974090986231138,0.9136550062656854,0.9270837232345028,0.8764364250720654,0.8475254385365163
4028,1,0.522293,0,0.5426890174216208,0.5828685140070484,0.6216203513378453,0.5011987901892522,0.4598360536571945
4029,2,0.12239,0,0.11073720667713051,0.12662064198894785,0.14489810113431814,0.09710468617126417,0.08574066023842494
4030,4,0.116504,0,0.13209820455842844,0.15080226721358056,0.17206345314183544,0.11562307489975296,0.1009174649681541
4031,1,0.053834,0,0.04386834159805687,0.05072653360984503,0.05883760596060374,0.038137055994497925,0.033421140011072804
4032,3,0.213238,0,0.10439253352583246,0.11988170764816534,0.13779787675430963,0.0913036144856825,0.08071134216770448
4033,2,0.224728,0,0.21229503563627455,0.2396535725015687,0.2699976534687949,0.1876294872053032,0.16598550761975556
4034,4,0.996031,1,0.9942477904253364,0.9952414906311623,0.9960154747723002,0.9929203125820291,0.9910931939397687
4035,5,0.233722,0,0.3047262191296944,0.3406556866559461,0.378686504658746,0.27125043735176557,0.2405500763488716
4036,1,0.49137,0,0.3399710783735007,0.37550633774188086,0.41235800873364875,0.30612509015510786,0.2744932602233381
4037,3,0.77323,0,0.46083418727635533,0.502881759625678,0.5448843420523733,0.41914013857614774,0.3782002531430145
4038,2,0.215708,0,0.24213725594081573,0.2718723188193595,0.3043249650527644,0.21483776088738465,0.19018386022341807
4039,2,0.120844,0,0.17012633306501593,0.19386815246253777,0.22069670697028876,0.14890131760183453,0.1305780007850324
4040,1,0.22924,0,0.2998441139289725,0.33457209891201417,0.3705404185398106,0.2676938370892607,0.238929381510597
4041,2,0.069574,0,0.13578422643169402,0.15605845867434387,0.17930259132490348,0.11756190476593131,0.1009578278084474
4042,5,0.195382,0,0.24047350009054896,0.2684403123466625,0.29870759050560663,0.21500113835114254,0.19245734242318033
4043,3,0.264904,0,0.1416425610254289,0.16139822219772695,0.1834824997332136,0.1248168554173368,0.11093538543127894
4044,1,0.101623,0,0.09357230474010328,0.10776606973695699,0.1241378948104807,0.08138692829708649,0.07111332235484223
4045,5,0.48924,0,0.3729550951113513,0.4093733961365221,0.44698213382286595,0.3386977557449585,0.3075838507301751
4046,3,0.317886,0,0.3314378504022812,0.36717663426722225,0.4052247913121873,0.29803555476441396,0.2676923976044539
4047,4,0.237708,0,0.2847923983161783,0.31695869889069367,0.35127615656659433,0.2548193957000945,0.22718828782841405
4048,3,0.090951,0,0.10638513158251336,0.12117576588420745,0.1381467395066813,0.09366102733380541,0.08299140589327601
4049,1,0.198514,0,0.17055668812363747,0.19280939116712148,0.2175165734134847,0.15034934630563987,0.1321616163308716
4050,5,0.138696,0,0.17992583873891116,0.20422385573613622,0.2309756044223413,0.15804959629079718,0.13833800429149912
4051,5,0.153464,0,0.1175091227649898,0.1360142528811174,0.15697950844860223,0.10160384502941307,0.08811752987635157
4052,3,0.006719,0,0.02853839463179664,0.03271862482893047,0.03771356175035767,0.02497264273280449,0.02203714414467955
4053,5,0.125782,0,0.05416101981465946,0.06228612423314999,0.07206584313081946,0.04741978709243681,0.041793980494292
4054,5,0.261244,0,0.3777165909711642,0.4161418834868811,0.45565200807662615,0.3409333237445863,0.30659501942111284
4055,4,0.697428,0,0.6313119093959604,0.6672805977842594,0.7009254572561061,0.5941296526914998,0.55645675925215
4056,1,0.151979,0,0.24742314183141442,0.278648793377264,0.31221686314404035,0.21912828678885624,0.1944708857566192
4057,2,0.127345,0,0.2816923057398034,0.31574614189828615,0.3524402691010028,0.2500290052746686,0.2209577340026346
4058,1,0.19911,0,0.22534404783167583,0.2511930426895207,0.2792752472517018,0.2022599013659499,0.18232686477098478
4059,2,0.539723,0,0.39568214827187687,0.4344836631271784,0.47426537352866566,0.3571505159572318,0.31912642153626297
4060,5,0.999004,1,0.9974133463766766,0.9978859171414712,0.9982313863688763,0.9967471008428422,0.9958053960113135
4061,1,0.203637,0,0.26608228976758913,0.29961637831788274,0.3349857007434675,0.23530100186642192,0.20764104241072798
4062,5,0.765479,0,0.6695071007657073,0.707484034108243,0.7416405221502393,0.6267853289141532,0.5790050006261788
4063,2,0.750012,0,0.7921707836486799,0.8161033960050424,0.8375732988496847,0.7653781039967762,0.7367050568858574
4064,5,0.013673,0,0.030943184672462046,0.03576342399191506,0.041604855203783424,0.02708927717305285,0.024037094108997344
4065,2,0.303377,0,0.34893452484772347,0.3910342216110721,0.4350232874118881,0.3081793351736425,0.2680125178728188
4066,2,0.069352,0,0.18121905750115602,0.2061066975531816,0.23410272011742853,0.1591109078016352,0.13994770817221477
4067,1,0.602457,0,0.425957568549071,0.4663508332016054,0.507087097642216,0.3867576943134265,0.34973566361916447
4068,4,0.820122,0,0.7861472901892059,0.81323830163999,0.8370671747276264,0.7555423283602476,0.7210274721268631
4069,3,0.98885,1,0.957396047323582,0.9637778305333705,0.9690137302707493,0.9495795020715742,0.9399715428908493
4070,3,0.251764,0,0.24467752342165086,0.27646314197321875,0.31082863568773833,0.21683130380973908,0.19320802312478608
4071,4,0.816597,0,0.807730363504799,0.8328048328758373,0.8546853326318451,0.778864234816479,0.745985517678303
4072,2,0.84516,0,0.8241161529219454,0.84744383629476,0.867846169740357,0.7963122812136488,0.7618612187657267
4073,3,0.013915,0,0.05675074350155327,0.0652842768053914,0.07519614418144571,0.04956915666948446,0.04378044846918808
4074,5,0.708817,0,0.7510934373336724,0.7805244927869458,0.8064627540627723,0.7174866257878942,0.6793361700564085
4075,5,0.58711,0,0.4577868444558154,0.5014285826423946,0.5446151463584145,0.41189560073364434,0.3625893369025393
4076,3,0.04501,0,0.1548493559042694,0.1758540145705518,0.199193365763483,0.13687265612163552,0.12189705566592429
4077,2,0.359327,0,0.41051921494614385,0.44842671073679696,0.48672470416800684,0.3741058624343716,0.3402715683913101
4078,3,0.064871,0,0.21172562346294058,0.23987935243984676,0.27131915780704496,0.18630633285085724,0.16341650420649784
4079,3,0.797562,0,0.7118886749941576,0.7434220375558711,0.7723446956537638,0.6779780618979141,0.6423114619973761
4080,5,0.014656,0,0.028718309651930608,0.03315701943103586,0.0384637917489231,0.025170792780509963,0.02241112969703223
4081,4,0.514877,0,0.37304334940080935,0.4092149002088252,0.44644132987514973,0.3388382531098185,0.3071992772966235
4082,1,0.833409,0,0.8034631667074486,0.8283728366173889,0.8501075032339215,0.7749327708279534,0.7433483707376441
4083,2,0.998366,1,0.9960674320759653,0.9967351521549491,0.9972732227220046,0.9951702222523771,0.9939473445185762
4084,5,0.094432,0,0.1786864631557282,0.20149994254193176,0.22700190960606412,0.15900052033923182,0.14247081920814025
4085,4,0.087814,0,0.19395322955318925,0.2189506980953592,0.24668816940556731,0.17093623734365945,0.14998910795056242
4086,4,0.847206,0,0.9665526368770999,0.9721720464149454,0.976684433319392,0.9590257188490179,0.9484608636381302
4087,1,0.896492,1,0.8226759549218722,0.8443775044291765,0.8635558923399016,0.7976519270946802,0.7693521870429537
4088,5,0.290098,0,0.3993542907665086,0.4368380312444357,0.47542585759140016,0.36305722213498465,0.32854980399820144
4089,4,0.599442,0,0.4192423490781667,0.459456377303408,0.5000514121518695,0.37909026634863846,0.3390123752503226
4090,5,0.072688,0,0.18373652195945778,0.2075493592259248,0.2340893802009524,0.16279567031345513,0.1446537363560088
4091,3,0.770337,0,0.6473843926588315,0.6823789123244554,0.7156705855960607,0.6101664275755782,0.5721412671973873
4092,4,0.601311,0,0.40614324774505,0.4466481503330282,0.48775550904160686,0.36572939406366056,0.3246521328080474
4093,5,0.68393,0,0.5942612081028192,0.6303999513009737,0.6650804203410752,0.5565348424483374,0.5180557176581813
4094,1,0.508816,0,0.3850745283940871,0.42467950620931716,0.4642509251965284,0.3464094805657845,0.3096824435083065
4095,1,0.129857,0,0.15433177219690458,0.174882584664999,0.1982593064910624,0.13641502793232615,0.12110398184019226
4096,2,0.999997,1,0.9999927534097651,0.9999943465431482,0.9999955092761371,0.9999902069781725,0.9999856331601719
4097,3,0.306325,0,0.13770230331445396,0.15813850517384753,0.18135070775268056,0.12036703018755317,0.10601209791609169
4098,3,0.335161,0,0.610520483707345,0.6484724623655548,0.6845545435285807,0.5720285743830258,0.5345008764589151
4099,3,0.257263,0,0.14173872550210814,0.16181444012318205,0.1844362004403812,0.12458279101558661,0.11045697535670863
4100,1,0.363583,0,0.41942233346148733,0.45962797950746803,0.5006360297876048,0.3793788974905875,0.33942126498932357
4101,3,0.996001,1,0.9930621155120898,0.9942310362182094,0.9951396762703622,0.9916314846759663,0.9899617345928114
4102,2,0.713044,0,0.5058471848177962,0.5449009831562378,0.5834776718418915,0.4671202526593475,0.43065104304040364
4103,4,0.192626,0,0.3121942085086907,0.34764033107723497,0.38511730004649186,0.27888692172604407,0.24833320948007143
4104,2,0.546783,0,0.77395844144434,0.8022838891832813,0.8274537149591041,0.7416702270722617,0.7041497494850327
4105,5,0.848667,0,0.6637590511383251,0.698174271468624,0.729961487807966,0.6270926112759448,0.5895635817146353
4106,1,0.104834,0,0.1885983408659609,0.21373348303858267,0.2415566140187477,0.1661591850848249,0.14693823577980533
4107,5,0.293466,0,0.3239210732440712,0.35795302572608495,0.3934710938983211,0.29269610205761964,0.26560773255505593
4108,4,0.235408,0,0.21847810390367287,0.24598610458941533,0.27612881929342625,0.19275685159113934,0.16838549624131519
4109,5,0.122924,0,0.21466114970993672,0.24147146792840116,0.27106237384406895,0.19075385464804648,0.16977529600856114
4110,3,0.19,0,0.20493764520706492,0.2305399718602031,0.2586743665036662,0.18212318424305676,0.1623039533408787
4111,4,0.193437,0,0.251688216992246,0.28122218348986744,0.31302670826528806,0.2253243027172807,0.20260221520441535
4112,1,0.390221,0,0.2561764857110893,0.28573180025593153,0.3178334997703098,0.2294797617285367,0.2062563572831812
4113,1,0.594875,0,0.6861456763828593,0.7188251869897363,0.7485092183563584,0.6510449740331061,0.6151154123036193
4114,3,0.651531,0,0.5497070025753912,0.5886681334113351,0.6268878586820715,0.5089111070105957,0.466254754146765
4115,4,0.409056,0,0.3803306430774673,0.417259431568075,0.4553344231360092,0.3449597991283717,0.3121000790282149
4116,3,0.190623,0,0.2854924357718669,0.3197098448667858,0.3561770427304112,0.2538385401725132,0.22428511074523935
4117,4,0.210142,0,0.25067933424466604,0.28132379277220876,0.3145221079978449,0.22141990910383538,0.19295534664334255
4118,1,0.156879,0,0.4532888054431725,0.49567315081317503,0.5371618124014509,0.41070034205960715,0.3689831257611376
4119,4,0.110844,0,0.11357150396997318,0.1293552247158845,0.14741485445135794,0.09995288207013767,0.08822657240019212
4120,5,0.841588,0,0.9645988213612986,0.9705353333529345,0.975151210687447,0.9565276235836264,0.9451621669836506
4121,4,0.506928,0,0.4136862343950037,0.4522166275472145,0.49139729321933867,0.3772271258071685,0.3445103298299477
4122,2,0.562028,0,0.3208770320120368,0.3559010023450274,0.3925382524823453,0.28730811564498077,0.2553019181370701
4123,1,0.554078,0,0.5422382636415588,0.5831311676742781,0.6222722637464256,0.5001566499904434,0.45803943899097505
4124,2,0.307961,0,0.5414128337024292,0.580767884848582,0.6189584536849372,0.5008947235807616,0.4601782824483556
4125,3,0.351974,0,0.22668957618678623,0.2560796871596063,0.2887938611328191,0.1997529754518537,0.17582567730401863
4126,1,0.991216,1,0.9888570027614437,0.9906662358315758,0.9921061499642035,0.9863641865364857,0.9828580456889835
4127,3,0.372477,0,0.31063991954184633,0.3468116320229222,0.3848110319375455,0.2780495336450883,0.24945535411188327
4128,4,0.017141,0,0.04619515595679806,0.053171057816525244,0.061433635193967356,0.04037632572069179,0.035532721119119745
4129,3,0.369005,0,0.4878212512036984,0.5288037690813777,0.5691155771412827,0.447625294679779,0.4086631961344097
4130,1,0.101306,0,0.1906072447759052,0.2140148790895232,0.2400540134959452,0.1699630942234583,0.15224402511560053
4131,1,0.400015,0,0.3279897120813918,0.36264924717361424,0.3993475623071871,0.295755246733481,0.2663958930008139
4132,3,0.133771,0,0.15719026251165627,0.17927843789570158,0.20434724129111173,0.13749119226650253,0.11976335906210997
4133,5,0.358574,0,0.35943350998466717,0.39634443601091274,0.4344358968046425,0.32307095128001356,0.2874020919013748
4134,4,0.586687,0,0.46309956829650856,0.5058422066369189,0.5483021442123167,0.420520554826251,0.3788884940760953
4135,5,0.383034,0,0.31904666367787243,0.35172623455863683,0.3862983818789244,0.2890081330017547,0.2621271944418823
4136,2,0.146701,0,0.22994179701099698,0.2580559064398304,0.2882439697579191,0.2049737590804029,0.18374721657694756
4137,5,0.029759,0,0.03174922681551489,0.0367280296704213,0.04273875455698044,0.02774052059756251,0.024507460610070853
4138,5,0.999756,1,0.9986416317768406,0.9988940115403494,0.9990750901067503,0.9982902250270324,0.9978107943557064
4139,4,0.125782,0,0.28179315983661074,0.3152059197430831,0.3507668361543923,0.25195141529888654,0.2263397932560661
4140,4,0.414694,0,0.37548899533194935,0.41139401010797483,0.4483005092927123,0.34135458312976086,0.30937427209902063
4141,3,0.086187,0,0.2777493918675275,0.3122705192988041,0.34981059126598285,0.24588028120149968,0.21707750268038944
4142,3,0.227003,0,0.3572449175467885,0.3956016981985161,0.4347692129091166,0.32227382474899136,0.2914779440639864
4143,2,0.100106,0,0.1572511661565029,0.17842879574743323,0.20230206017828634,0.1387865235702453,0.12307841513166194
4144,1,0.791853,0,0.802144419090806,0.8293348039862954,0.8530525262776112,0.76997124277524,0.7322303229481917
4145,4,0.596381,0,0.4412036838447734,0.4771393480855453,0.5133634615489344,0.4062911387521583,0.3734785289932967
4146,1,0.345814,0,0.3007745703113587,0.33573909753182013,0.3728348906495947,0.2679796170222979,0.2377083487791001
4147,1,0.358355,0,0.39354580521449517,0.4305552890915859,0.4676827902584494,0.35788129779697775,0.32498015299087496
4148,4,0.336696,0,0.20108424169675973,0.22719011214021978,0.25606692693259225,0.17815087684957304,0.15894213701915302
4149,5,0.525292,0,0.48887149143963343,0.527800380823514,0.5658169808800001,0.45114994025409855,0.41657496327600685
4150,5,0.3301,0,0.6530149033123154,0.6858045481734407,0.7163749681423703,0.6178832892205777,0.5810905683419207
4151,1,0.646352,0,0.5676755496056999,0.6038252639796224,0.6385705011484338,0.5308111071716808,0.4947414237502076
4152,1,0.064075,0,0.13615704817328245,0.15473973300526417,0.17578048925866355,0.1199099714673583,0.10573156527151664
4153,5,0.868426,1,0.9040751299064408,0.9169935542814058,0.9277162697668452,0.8887496454184631,0.8712119779175739
4154,5,0.146914,0,0.24539786381324888,0.2745305199552674,0.3060391556560048,0.21891992609028169,0.1954363609071659
4155,5,0.197693,0,0.39772164369669705,0.4361697347312109,0.47522596606483564,0.360197497735331,0.3238221307056644
4156,4,0.457625,0,0.22562666247374832,0.25393499792841695,0.28476063067665813,0.2005416716797791,0.17855492615174495
4157,4,0.188378,0,0.17885695652678416,0.20116107986909937,0.22588831465895504,0.15931850581672638,0.14248437401588693
4158,4,0.408944,0,0.5386217876112596,0.5805255687135934,0.6207551578086148,0.49662519680871453,0.4558772249469823
4159,5,0.880918,1,0.5234472327919261,0.5637140090153948,0.6027108565546795,0.48210233860236174,0.44079671171653695
4160,5,0.625771,0,0.5611567035582837,0.5979814361959934,0.633774554053333,0.5229019209184342,0.4838321273258377
4161,2,0.194683,0,0.23675414258471303,0.26420997725382767,0.29361083953203215,0.2122312240588752,0.19121164739732868
4162,4,0.302505,0,0.2700614332693321,0.29947657753328233,0.3310234175516408,0.24280102798781933,0.21788540585402652
4163,4,0.29574,0,0.16161324794915816,0.18248652571198218,0.20579260667117735,0.14345439681341535,0.1278184053867454
4164,2,0.051551,0,0.08663392805958725,0.09938881317667736,0.11422943514507308,0.07574876669640962,0.066539245541713
4165,3,0.037043,0,0.05979816530301779,0.06877448370150961,0.07938369317466416,0.0522922566122208,0.046080768617551934
4166,1,0.402936,0,0.41520383883130313,0.45543578592704076,0.49572329647526403,0.3759726362138352,0.33891183142080594
4167,1,0.153743,0,0.2057488281148654,0.2305347165164504,0.25785020734877334,0.1835902225774303,0.16409160694595964
4168,5,0.413489,0,0.48760242743451043,0.5251364736654431,0.5620001922567376,0.4511710758850077,0.41772048461587313
4169,2,0.047658,0,0.1366201890162908,0.15687415744195277,0.17994586312566413,0.11857021642147898,0.10236954067546596
4170,2,0.053815,0,0.09228852228210611,0.10475282421871362,0.1188162090619687,0.08141634008583841,0.07229923711329363
4171,2,0.425414,0,0.552087361005428,0.5908389210306785,0.6285230888020276,0.5118055125485563,0.4700275054435801
4172,5,0.972462,1,0.9616275537608685,0.9674084876176987,0.9720397592319814,0.9543657714724213,0.945474553436246
4173,1,0.02054,0,0.10310996056609767,0.11755722593131229,0.13419175885709558,0.09054952519274263,0.07989224570973877
4174,1,0.796889,0,0.6474325517825247,0.6856678511783291,0.7209780558046954,0.6062610139975008,0.5633924969790163
4175,3,0.544076,0,0.6296532184757273,0.6657053512434902,0.6999142156086695,0.5917693163174828,0.5528883745606957
4176,1,0.121046,0,0.10000997688701647,0.11431239127750388,0.1310535609618645,0.08777367001487285,0.07753930265350123
4177,4,0.075238,0,0.14271705208951693,0.16245757777304357,0.1848326549190767,0.12533254945085912,0.11014193947941482
4178,2,0.915886,1,0.9304224067211229,0.9401945254793219,0.9483578869420957,0.9187213149663391,0.9049716320123901
4179,1,0.633191,0,0.8142230909005864,0.8391751351429484,0.860556295458208,0.7846706247597284,0.750150571477513
4180,2,0.05962,0,0.18177851883775895,0.20642071779623558,0.23358381177103238,0.15971429368852869,0.14022405291753004
4181,5,0.618909,0,0.5568403581387941,0.5944372138963061,0.6306668607081996,0.5183478735029369,0.48016776654306953
4182,4,0.407603,0,0.4174013826825036,0.4564561562156814,0.4961341457125307,0.37903489968299764,0.3424371987256379
4183,1,0.722934,0,0.5672768770653029,0.608062098235336,0.6468466296378654,0.5245163144484969,0.48143691273606515
4184,1,0.39833,0,0.19728594935041358,0.2244556445995737,0.254342712943155,0.17291602237577108,0.15163297909804804
4185,5,0.277849,0,0.30272298034849165,0.3376972441968571,0.3745578888162935,0.2702365600528134,0.24067220832468564
4186,3,0.457165,0,0.2727608865581902,0.30473456848977465,0.3389716779578722,0.24353612698243896,0.21730789633192407
4187,4,0.702082,0,0.32589970852151856,0.361215495163161,0.3982929419056398,0.2921115093699199,0.25965801979440795
4188,5,0.966327,1,0.9174493729067205,0.9290911726413721,0.9385847705815846,0.9036178139563407,0.8878979923648528
4189,2,0.78728,0,0.8646370481034017,0.8836780120191094,0.9000962635824878,0.8421453125429881,0.8152829718816125
4190,3,0.159057,0,0.24122328267880763,0.27079559912281403,0.3032671881826827,0.21389412681937792,0.18935939499465942
4191,5,0.22908,0,0.23280594740861635,0.261009312490593,0.29152542493067707,0.2084178350482565,0.18820908289293947
4192,5,1.0,1,0.9999999859879658,0.9999999900041782,0.9999999923298791,0.9999999778947286,0.9999999594420615
4193,2,0.384086,0,0.22678575403522386,0.2549330067987166,0.28541188800014855,0.20164654472079158,0.1801573973656574
4194,4,0.112458,0,0.21456006467581717,0.24323816784241545,0.27474308425814425,0.18787297043464718,0.1623396185712474
4195,1,0.078985,0,0.08361842693298746,0.09619404632533245,0.1107367745439878,0.07313222674366918,0.06445964940296339
4196,3,0.303996,0,0.22299898520523906,0.2505278723064357,0.2809136689206855,0.19771699200833906,0.17459058310199052
4197,4,0.078928,0,0.1752502431058478,0.199364839962197,0.22617016639285023,0.15430933142151226,0.13660791935919545
4198,3,0.28989,0,0.46818044232173517,0.5076619053360649,0.5465768527186844,0.42965066086405085,0.3929728813962959
4199,4,0.549548,0,0.5001725208789053,0.5406400160388409,0.5801714892107459,0.4602404301872836,0.42316120584163996
4200,4,0.997027,1,0.9967299511194686,0.9973103068890277,0.9977591145710138,0.9959940050302925,0.9951116680323456
4201,4,0.240808,0,0.26636146670917327,0.29805970579896884,0.3321496275875861,0.23711506826578183,0.21094200038341462
4202,2,0.237872,0,0.6379988270500796,0.6762636692284196,0.7122489745680533,0.5967509993937584,0.5523470435423518
4203,1,0.811414,0,0.5190439483045816,0.5579132365451829,0.5954327644845648,0.47965613307859584,0.44156961149971075
4204,3,0.156934,0,0.21404219556056325,0.23962647936021964,0.2676857358940133,0.1909150005024624,0.17036811044846756
4205,1,0.259478,0,0.22899178403082407,0.257395359165894,0.2880367590212979,0.20358178325460918,0.181487023339748
4206,4,0.886752,1,0.9393442917010129,0.948827775976066,0.9565901563655597,0.9275996510199466,0.9127584127511451
4207,2,0.785061,0,0.6516996013300413,0.6893436032914599,0.7246618906171974,0.6110294625472182,0.5669120958781736
4208,4,0.038095,0,0.0790250302239182,0.09157788970325378,0.10626110703237511,0.06875960195819479,0.06069074547630401
4209,3,0.132582,0,0.2643491535002127,0.2968931485968595,0.3317201916678865,0.2351646221967803,0.20981961092028112
4210,5,0.964834,1,0.9617383255148396,0.9675910921066436,0.9721602068468155,0.9546431805970833,0.9465838509907162
4211,4,0.472037,0,0.4898301565189401,0.5285831682087725,0.5667147834316327,0.4511281785595198,0.4126721698932657
4212,2,0.995874,1,0.9936714074950936,0.9946837873355288,0.9954816601253453,0.9923836548930391,0.9907816552477106
4213,4,0.387602,0,0.3303892571823854,0.364074182746489,0.3994140121363805,0.2985626067979119,0.26917647988388266
4214,2,0.397736,0,0.2661678697680675,0.2969001903951208,0.329589391217058,0.23847516695169219,0.21417892883964038
4215,3,0.999378,1,0.9965088550138463,0.9971198591814572,0.9976018190195068,0.9957164820997312,0.9946873674059342
4216,1,0.166727,0,0.1717913443562363,0.19464147412074947,0.21960137681269265,0.15168260744750825,0.1344946354812445
4217,4,0.692517,0,0.4426269956246036,0.4819123197704048,0.5212616142886518,0.40366416200539756,0.3647546415159653
4218,1,0.734504,0,0.608963261493458,0.646902284668021,0.682409117364049,0.5686292407634266,0.527279210306107
4219,4,0.056641,0,0.02773009003546847,0.032086970774263576,0.03732181126660794,0.024177945049380475,0.02133547671715043
4220,2,0.093875,0,0.12923500742607433,0.1467548999278748,0.16648343507833813,0.11401740978355734,0.10109370668053752
4221,1,0.370219,0,0.3431966584762225,0.37978556522503776,0.4175569457274423,0.30885993247470267,0.2776938889308123
4222,4,0.216831,0,0.1540309907556033,0.17552010708441815,0.1997035760287948,0.1351885716654241,0.11864951653401036
4223,2,0.839865,0,0.9775168636776032,0.9814231551760407,0.9846133011828473,0.9722604929542497,0.9647403417600702
4224,4,0.303517,0,0.2520521490951724,0.28352171345438565,0.3173108917975252,0.22421146025747302,0.20042723564251871
4225,2,0.085115,0,0.12359659469602588,0.14167718578786548,0.1619780897547686,0.10828999553452634,0.09559016932450898
4226,1,0.366018,0,0.3874877489121621,0.42710747855612674,0.4671369559357139,0.34846589253417676,0.3104806719744742
4227,2,0.05823,0,0.09015886980213202,0.10351797619518642,0.11879073095931775,0.07894550242087184,0.0698119858041961
4228,2,0.529958,0,0.4516114865704479,0.4898270139485789,0.5280069251934988,0.41426019232717687,0.37866576997303825
4229,2,0.351711,0,0.4077942528536898,0.44585819684621314,0.48483926582235437,0.3716872193754,0.338747715226366
4230,1,0.115629,0,0.19984292711925858,0.22695055619950183,0.25689281818609955,0.17533498759811325,0.15363070975456147
4231,3,0.579846,0,0.6251671133585557,0.662242522635698,0.6968158282492339,0.5872709103305573,0.5498561345706985
4232,4,0.138732,0,0.1644186286717929,0.18534848473798748,0.20883382465135203,0.14571769860732278,0.12945883131995845
4233,5,0.221887,0,0.11403582516365215,0.13082045501274767,0.14988502927187355,0.10008264417502401,0.0888157808886374
4234,4,0.234942,0,0.11862965880336511,0.13584469959200396,0.15543075909651488,0.10409675279765511,0.09198743752536842
4235,5,0.110217,0,0.15062607282075138,0.17066472686034756,0.19346828222572923,0.13317880342581023,0.11820393499880562
4236,4,0.038376,0,0.041652380215860166,0.04794356595455329,0.05541131423175654,0.036481745076829414,0.032212457685576144
4237,2,0.148747,0,0.13923888983172136,0.15875186464229815,0.1804907721512465,0.12219353091161901,0.10719901255749367
4238,4,0.129201,0,0.3024238201186806,0.33542236568892986,0.37031835835374705,0.27088796688666533,0.24060177768312635
4239,4,0.299048,0,0.2587731394154476,0.2879711271153493,0.31924010247829093,0.23275204823515794,0.2107940960732946
4240,4,0.075481,0,0.11256813930739867,0.128371553364795,0.14641583516252962,0.09924772503748608,0.08807181450890363
4241,2,0.249998,0,0.2296057692520532,0.25763216331571753,0.2882668596780237,0.20452811709285473,0.18305688067747358
4242,2,0.332329,0,0.33136440303993575,0.3691468665449501,0.40913299244570966,0.29600026269456386,0.2637586446973419
4243,2,0.566181,0,0.5409758196112432,0.5797746398870247,0.617293659831372,0.5004001288530916,0.4583038389938065
4244,4,0.430401,0,0.3308978976807032,0.36485645173526543,0.40030614083734173,0.29972706100400015,0.27191748913421854
4245,2,0.090206,0,0.0920929362322913,0.1054570296742847,0.1207411332613049,0.08060431619794582,0.07075664005773581
4246,4,0.978463,1,0.9620388100894908,0.9680132725276405,0.9728582320953107,0.9545742275314316,0.9451502170962218
4247,3,0.053156,0,0.13502884505015558,0.1541097734817897,0.1760499350371943,0.11846534666232393,0.10444515572854692
4248,3,0.086007,0,0.13193426213495976,0.15055828612676378,0.1719105249728852,0.11559303219051426,0.10120454945726598
4249,3,0.76739,0,0.8240736507844091,0.8473131703208734,0.8678174912253293,0.7977087437506051,0.7681546964394235
4250,4,0.248787,0,0.1892231730658264,0.21287904809518154,0.23910824798160238,0.16797033007659742,0.1494043281412504
4251,5,0.419267,0,0.5006769090119818,0.5407979788137476,0.5801895507315304,0.4608788018369942,0.42249398638001306
4252,4,0.090176,0,0.16526351645775564,0.1883785110679773,0.2143271493664294,0.14544162082113612,0.12947755077685286
4253,1,0.990337,1,0.9907336211276201,0.9922340157991573,0.9933782599783619,0.9887599519241396,0.9862938189304709
4254,2,0.586255,0,0.7040561431639971,0.7400954334267605,0.7731779366385273,0.6635968895807564,0.6166187114979576
4255,4,0.008453,0,0.013155715604101604,0.015169859700171439,0.017624373884933747,0.011538307101787649,0.010269426759654617
4256,2,0.869686,1,0.8438416219771148,0.8663970209588546,0.8858569173540379,0.8162498270472611,0.7807440903927159
4257,5,0.747105,0,0.6384120554211345,0.6758718303460243,0.710483611541959,0.5982002111677452,0.5558932858007661
4258,5,0.705728,0,0.48381170879623214,0.5222138748282225,0.5601116966568496,0.44540952087336255,0.40751951872817455
4259,5,0.01301,0,0.03634765365366461,0.04188163223839454,0.048476457139847474,0.03190620730250614,0.028424459896383345
4260,5,0.81803,0,0.683624050665607,0.7182401346711411,0.7495852706042652,0.6451555033189696,0.6025381718256849
4261,4,0.038103,0,0.11015730260426904,0.12575334587906278,0.14362351333385565,0.09693564248398005,0.08600084172112243
4262,4,0.029844,0,0.05231629057626988,0.060614169375722414,0.07043651286816663,0.045245626547604,0.0391192557927983
4263,5,0.306127,0,0.2842771627920077,0.31769643159784744,0.3535295792506836,0.25344770778177794,0.22555637337867346
4264,3,0.577969,0,0.47543786986526815,0.5132061298728269,0.5503533497642681,0.43869055624629066,0.4050973667008071
4265,4,0.063636,0,0.10925570954011994,0.12458127234134522,0.1420437383078474,0.09625025666879743,0.08540156178028807
4266,1,0.259206,0,0.1945837456824135,0.21918216637100746,0.2465311960801238,0.17259363516466752,0.1531213870077586
4267,3,0.307753,0,0.30177294473715655,0.33590320234372106,0.37218790062742785,0.2700800040870826,0.2405568406673285
4268,4,0.963376,1,0.9321019495175795,0.9419982736083254,0.9502294164726841,0.9202976705802054,0.906502507391806
4269,5,0.217886,0,0.21426439738641914,0.2431575751484146,0.2746115858960447,0.18858886953070247,0.16619570178673507
4270,1,0.26941,0,0.40970506689712716,0.45017845427814673,0.4907693737426387,0.37043608149756857,0.33372740905547177
4271,2,0.182977,0,0.31374552876703493,0.345642555640203,0.3794355101317709,0.28374280154542514,0.25663047405238687
4272,2,0.450605,0,0.4076123647802076,0.4504397378709823,0.49446500248188263,0.3649938949220233,0.32189958894275666
4273,1,0.657848,0,0.5464668151527687,0.5860650168432967,0.6242509725323125,0.5061485630272095,0.46638849410244276
4274,2,0.189755,0,0.254454136956224,0.2848151602317307,0.31768169308791555,0.22690619850524477,0.20305776704076933
4275,3,0.136918,0,0.24126567273278274,0.269783488455862,0.3012685378571668,0.21523304298588727,0.19229284937497204
4276,4,0.27127,0,0.30456054015033157,0.3399225943562287,0.3772796663622423,0.27059899284744676,0.23755270204582993
4277,2,0.03693,0,0.053120134404848626,0.06115443141537632,0.07053403911692026,0.04638143309532808,0.040803447472665996
4278,4,0.884543,1,0.9416651677727605,0.9512052144649366,0.9589436339132046,0.9289900316285877,0.9107742898849518
4279,5,0.697137,0,0.5448225167798972,0.5838853225883096,0.6217323681299346,0.5046259371126853,0.46439327688927956
4280,4,0.827222,0,0.748252762580562,0.7770911493685082,0.8030702148528016,0.7168251556764178,0.6839500065416235
4281,1,0.309956,0,0.3305417521268953,0.3665766862090942,0.40380236412583326,0.29651704749405144,0.26564131486200326
4282,1,0.672931,0,0.8834589199603221,0.9014289598536032,0.9162350895355728,0.8605670642217569,0.8310846520713076
4283,1,0.717398,0,0.7245554482644606,0.7573936461969427,0.7873619036886601,0.6875611313750067,0.6470907613463763
4284,4,0.008252,0,0.018698120928505625,0.02174086675471774,0.02539926141959051,0.016274775075071454,0.014431421794805513
4285,2,0.208541,0,0.335630718794253,0.3715525149127213,0.40896477233450196,0.30124547922196093,0.2682580507710464
4286,1,0.250081,0,0.23713348157209302,0.26688429824358106,0.29887677876592783,0.21028440043592303,0.18659491505117654
4287,2,0.557799,0,0.8746299509546857,0.8944793792797983,0.9113794771742546,0.8491165804546366,0.8138541915497661
4288,3,0.574357,0,0.6372532553894198,0.6747534845512324,0.7100462027126655,0.5979216486291816,0.5577600958694467
4289,2,0.34996,0,0.23336247463363682,0.26325822455833453,0.2960845866302741,0.20604861556341292,0.18162762409635133
4290,3,0.409973,0,0.5739513338961886,0.6143207043903665,0.6530856543515008,0.5314159685251066,0.4856556505986597
4291,1,0.004923,0,0.03689076843918266,0.042555038666340396,0.04932457171999906,0.03226407919105809,0.02850522613774819
4292,5,0.388664,0,0.41789524878342726,0.45729094052029373,0.4971567158067118,0.3793780893946286,0.34301077276759095
4293,4,0.772167,0,0.7675603532206646,0.7958698310080068,0.8209716467505668,0.7355366492159814,0.6987557142292266
4294,4,0.230279,0,0.18666845058081907,0.21023707623806287,0.23645713860917603,0.16588860245891632,0.14820024893689618
4295,5,0.511114,0,0.3889821255258356,0.42571878660472395,0.46327376927953434,0.3537173926748199,0.32076436725940194
4296,3,0.148747,0,0.15833109437954215,0.1795007389403861,0.2029855031796959,0.14012386011110098,0.12480652208805303
4297,4,0.211371,0,0.306427915818213,0.3408069808958578,0.37705845461701354,0.2752672865453922,0.24767231510623755
4298,4,0.788247,0,0.6890645272631488,0.724061160781263,0.7560051063932867,0.651132669973797,0.6115121186116788
4299,4,0.78225,0,0.6957059263001858,0.7286306385974761,0.7588413953733816,0.6600761226155657,0.6227272594772416
4300,1,0.999996,1,0.9999845590928256,0.9999879541782118,0.9999903893871604,0.9999789026323388,0.9999688097036588
4301,3,0.042176,0,0.11677595884164019,0.13377114637275803,0.15333845167150106,0.10233801246544111,0.09035464064940169
4302,4,0.735514,0,0.7814233878854026,0.8088824715817722,0.8331225749745891,0.7505439260847396,0.7162653497472247
4303,5,0.017618,0,0.05401686341968552,0.06202343077767914,0.07161116376419649,0.04741600193990834,0.04202878098478182
4304,1,0.078493,0,0.26769759226898,0.29882406511802123,0.33271093378208827,0.23955369524130216,0.21445133694218044
4305,3,0.101873,0,0.2877424791049532,0.3223477143314038,0.35973055285717986,0.2563553205981456,0.22889588403168779
4306,2,0.082861,0,0.1038772161794137,0.1190396077279831,0.13653755276678844,0.09079616452336461,0.07957432672648687
4307,5,0.383033,0,0.549552581489649,0.5953954592022396,0.6381292365328713,0.5005066153644705,0.4481838180982488
4308,3,0.026769,0,0.041928464746787644,0.04820156368331827,0.05551189544604043,0.036687173665820035,0.03242486437884532
4309,5,0.146008,0,0.41497248010567794,0.4523667883044451,0.49065346449875374,0.3789662975362194,0.34526655206100165
4310,3,0.232901,0,0.20152636165595997,0.22627049367626112,0.2531119076613637,0.17941589271722252,0.16033080527074456
4311,2,0.010988,0,0.043558545824364546,0.05002140760388907,0.05749595671642735,0.038290376439829264,0.03415206360710678
4312,1,0.174177,0,0.29223376758040476,0.32312706622785387,0.355802735876271,0.2639671280415442,0.23903449847675268
4313,4,0.086661,0,0.1041296038523568,0.11922840713324816,0.13659720646966353,0.09095443328131922,0.0794190171698367
4314,3,0.948411,1,0.8552133159312718,0.8739288613170012,0.890050614197029,0.8337744064330932,0.8095785652550749
4315,3,0.123788,0,0.19721197241364208,0.22350243424162272,0.25256741037080754,0.1742958632323386,0.15505392689392072
4316,3,0.497032,0,0.5020127340752664,0.539622505619041,0.5763849880193758,0.4649026747198968,0.42990374628030487
4317,5,0.092574,0,0.11486943140096763,0.13049490776628764,0.14852781436317486,0.10165707819656757,0.09070903116746132
4318,4,0.34687,0,0.22995166902647937,0.2589180788998234,0.2904308959290156,0.20428896720929018,0.1820064065026061
4319,1,0.077832,0,0.13631229527340522,0.15584038112571788,0.17789984485520408,0.11914354684843663,0.10449489713433754
4320,3,0.999995,1,0.999984889519854,0.9999881771106283,0.9999906038224007,0.9999798370213178,0.9999712524838137
4321,5,0.175935,0,0.16243951025229128,0.1843718400159016,0.2091416411411494,0.1432300305479488,0.1265820285709816
4322,1,0.446787,0,0.3260032960722497,0.3602402456521776,0.3965406874565318,0.2945529604320881,0.2663224283075821
4323,1,0.951815,1,0.9594561907648694,0.9654767671757264,0.970292175503817,0.9518712774272832,0.9427672213793556
4324,4,0.09612,0,0.14060927361102743,0.16189072028549195,0.1859794972916036,0.12197525734608265,0.10631748640215616
4325,1,0.871905,1,0.8794596022343183,0.8970636280106774,0.912043744456214,0.8577141323761819,0.8304740312493982
4326,3,0.419453,0,0.5503748193155219,0.5891102998649903,0.6270752502278506,0.5104105642201293,0.4703882737588997
4327,3,0.524364,0,0.6453971395667915,0.6796090192539558,0.7119158844739653,0.6090063156657891,0.5712640651808865
4328,4,0.524222,0,0.5401705395897979,0.5812084880770243,0.6207289495672259,0.49846353489871614,0.4561488986284986
4329,3,0.672972,0,0.6755597992357752,0.7098746694469309,0.7417319993198248,0.6392807984114757,0.6019018577874053
4330,3,0.042438,0,0.06668059186628077,0.07704808843177194,0.0892177357462815,0.05803218196745657,0.050861845802252406
4331,1,0.279842,0,0.29521539991587725,0.32762563080560025,0.36230662160485116,0.2654561426612783,0.23856262237959056
4332,4,0.984146,1,0.9659913836432638,0.9712845109579592,0.9755884079381643,0.9594411165613378,0.9514721261234812
4333,1,0.016017,0,0.030669547703039257,0.035292563135424886,0.04080533321652835,0.0268208071796582,0.023657684563528816
4334,4,0.959424,1,0.8890215238840558,0.9044261500427896,0.9174858568842065,0.8715899041370554,0.8529349579464404
4335,4,0.998924,1,0.9911856660199104,0.9926964010987575,0.9938841772080107,0.9893513759062995,0.9873048300302819
4336,5,0.028737,0,0.10753281144106926,0.12273530553624251,0.14054981144777168,0.09443994276680075,0.08313432653131003
4337,4,0.707347,0,0.7853719452521197,0.8130043584891853,0.8373321090593476,0.7529159633705819,0.7144940609023195
4338,1,0.999818,1,0.9992400081806433,0.9993839375891665,0.9994932490725004,0.9990213839907911,0.9986717382827036
4339,4,0.325018,0,0.4507894433064291,0.4894856074864274,0.5280736559851945,0.4139606846620402,0.3801002754724477
4340,5,0.39508,0,0.5733869848729846,0.6105681356781688,0.6460496678473209,0.535625239476182,0.49920641489832734
4341,5,0.372893,0,0.25494940853125314,0.2852688688875443,0.3180198662360053,0.22765378722151047,0.2037335000528447
4342,2,0.481603,0,0.4401072949425681,0.48357176075317154,0.5276659235079973,0.39621904060752267,0.3508609766061623
4343,4,0.125282,0,0.16376825995602462,0.18692064266154193,0.21286882179721042,0.1436027755380804,0.12652039476761587
4344,1,0.954866,1,0.90014544845424,0.913726979003265,0.9253677928425178,0.8836742112347644,0.8638611683155806
4345,3,0.99655,1,0.9936659264907233,0.9947235463870869,0.9955535865931728,0.9923734458949401,0.9908858214551314
4346,2,0.63714,0,0.44343456669662895,0.4812050990015416,0.5193329664090259,0.4063077944413935,0.37148068461262373
4347,5,0.996116,1,0.9963038601375503,0.9969526994214909,0.9974265665819405,0.9954429979174324,0.9943512235382473
4348,2,0.110992,0,0.20387674637719588,0.22910028712975722,0.2569835936807489,0.18138167979490374,0.16191788583201036
4349,5,0.003748,0,0.005449891753009973,0.006265925305437108,0.00729524753176983,0.004811010882921652,0.004316937165766135
4350,4,0.83608,0,0.8709890777471032,0.8889317919942182,0.9041888950289155,0.8490414627764014,0.8213718425220198
4351,3,0.483131,0,0.42365831162187007,0.46306022816597114,0.5034402639761589,0.38548978791778155,0.34944974262558476
4352,2,0.108656,0,0.14211684932229351,0.16204223001726462,0.18434065499605443,0.12490517537370481,0.11037082449008752
4353,2,0.109914,0,0.17888448908613297,0.2018903084443049,0.22767354089080025,0.15808360205945832,0.13982290101651376
4354,3,0.53338,0,0.4486423170868023,0.4883275771762306,0.528434253065169,0.409846480508625,0.37371430356969465
4355,3,0.125118,0,0.15788634177929545,0.17851488425123155,0.20162172153277294,0.13981549837488075,0.12423306885840271
4356,3,0.195386,0,0.09225389974157579,0.10541885910196619,0.1204644121883183,0.08114548177596646,0.07225191601512433
4357,3,0.657275,0,0.6463089190229059,0.6843588808994754,0.7197408436060913,0.6048689075369763,0.5590971157315728
4358,3,0.844151,0,0.9617871917920638,0.9680307215084238,0.9731496078820597,0.9536947555687039,0.9425453396501523
4359,3,0.306171,0,0.1521119997699071,0.17363574880155935,0.19828281785884821,0.13297607371012862,0.11585739578589305
4360,5,0.099793,0,0.2748843234145368,0.30753306644807965,0.34247604764185713,0.24370354899989105,0.213626359950504
4361,3,0.242415,0,0.24232281502742845,0.2728774172045792,0.3064933193419177,0.21444155593353342,0.18880684727357536
4362,1,0.363094,0,0.48759458999690747,0.5279207303072395,0.5675119190673613,0.4476639176874258,0.40949322143693645
4363,1,0.191445,0,0.15872737687751784,0.1787682613863469,0.20122057479105462,0.14133606724107153,0.12659820798461507
4364,4,0.998325,1,0.9980809223084633,0.9984328819296616,0.9987006403129736,0.9975789579677554,0.9968067280633869
4365,4,0.066447,0,0.08147357431482134,0.09307710470937289,0.10659826056947812,0.07142384439578292,0.06275944938383074
4366,5,0.008816,0,0.04705836384458377,0.05403272397386387,0.0624143632310677,0.04139403109779943,0.03682929274205349
4367,5,0.057095,0,0.12191045011818084,0.13846716954601668,0.15745720628012583,0.10785905724067334,0.096139080814637
4368,5,0.993012,1,0.9912443541872438,0.9926977003503142,0.9938016930088376,0.989348244015228,0.986965416458736
4369,2,0.017564,0,0.05071237911451749,0.05860680235118548,0.06794360711513915,0.04419895110571732,0.03887771230210726
4370,4,0.729541,0,0.6842323515135831,0.7193910871121536,0.7515630287170547,0.6449674153719809,0.6006007862563918
4371,5,0.065216,0,0.07604432361104764,0.08712280859853708,0.1000732880712103,0.0669084362947577,0.059534837829418645
4372,4,0.519112,0,0.6209962476097896,0.6587047811987974,0.694181008935202,0.5810048493291549,0.5394228768436952
4373,3,0.999024,1,0.9979007697934965,0.9982829372737435,0.9985778410768898,0.9973875254474713,0.9966677450713847
4374,4,0.131882,0,0.1649030330408948,0.1871948798056021,0.21211121002390768,0.14596134436214636,0.130279269878564
4375,1,0.605406,0,0.5204127117369705,0.5574639122080667,0.5940671364186472,0.4838442439730313,0.44904049068653884
4376,4,0.704365,0,0.7621679545482755,0.7915189970032207,0.8175158071362413,0.7296634490653449,0.6948587639408891
4377,3,0.030897,0,0.059677267497070315,0.06827223847547154,0.07834458521745931,0.05240678622129302,0.046411254068281727
4378,3,0.961843,1,0.9452447618274854,0.9534696184575244,0.9601257384255729,0.9354142850703641,0.92368152406588
4379,4,0.59853,0,0.4974488973274439,0.540380344325562,0.582349519799566,0.453425108215124,0.4074598600210532
4380,4,0.655851,0,0.5523586273768916,0.5932900383942638,0.6325301622460335,0.5099135290730985,0.4655981290442634
4381,2,0.03172,0,0.09496556384459254,0.10832310697053417,0.1237081184546864,0.08341371415164027,0.0736388551516903
4382,5,0.065433,0,0.07073531007759774,0.08067976972676408,0.09243573789500123,0.06263240452380425,0.05621064484137691
4383,5,0.999978,1,0.9999286396307462,0.9999442836471393,0.9999548252654922,0.9999018186947833,0.9998510941179051
4384,2,0.716266,0,0.47282751268660406,0.5138280505478999,0.55458437554174,0.4331200841413743,0.39600280557426437
4385,1,0.426821,0,0.39303562569969375,0.43099677927080116,0.4700520522737376,0.356679404597419,0.3227209234135015
4386,5,0.365444,0,0.43942372234167554,0.4775227308532643,0.5157573801102064,0.4027694166963676,0.368706761838819
4387,5,0.226818,0,0.4344275536912236,0.47459990215859305,0.5149156490180518,0.39364011180721664,0.3521395984856341
4388,4,0.460267,0,0.42610747526474635,0.46554095085638864,0.5052958489442023,0.38898195456870044,0.3556839911503566
4389,3,0.492407,0,0.48515771128624186,0.5281671759325215,0.5710833992717271,0.44227643042024095,0.3999488472154449
4390,5,0.461568,0,0.5384381328278284,0.5810059761531702,0.6215795317466559,0.4940389202892016,0.44837858623457405
4391,5,0.337115,0,0.4924342269243273,0.530987715957068,0.5690950823408609,0.45401542674713213,0.41647428060829494
4392,4,0.503673,0,0.5089001153031286,0.5494172000159978,0.5889747166273349,0.46893124784552653,0.43077562126926383
4393,5,0.969561,1,0.9657368886127813,0.9710467056488934,0.975240842664437,0.959024477613057,0.9507566555579183
4394,3,0.175623,0,0.1559714714249092,0.17762835064959914,0.20165645949108812,0.13734581833306517,0.12187844666186753
4395,4,0.311895,0,0.4568642849967977,0.49568551178778997,0.5343365990630803,0.41797371227342156,0.37836094486774347
4396,3,0.085878,0,0.1106313933194893,0.126003629054285,0.14336189768551905,0.09754630330418482,0.08664956162815991
4397,3,0.408324,0,0.5209057246783191,0.5588704866003453,0.5957161412530828,0.48320096060262524,0.4475748593099245
4398,2,0.391415,0,0.612679760157876,0.6507856151311215,0.6872258601900613,0.5730223707880926,0.5325962043058641
4399,1,0.041345,0,0.08174997954238222,0.09311668507320356,0.10623399414697045,0.07211163386476525,0.06420918294717136
4400,4,0.040921,0,0.11428041421142389,0.13102745889612882,0.15025685588869575,0.09995830911315283,0.08815101870577405
4401,4,0.999924,1,0.9990091126361297,0.9991926159022523,0.9993310957653623,0.9987373712936266,0.9982954528469767
4402,2,0.475843,0,0.46551904372744396,0.5020881507572164,0.5387365360904062,0.42954686660751246,0.3955352442431381
4403,4,0.120361,0,0.12370299699665739,0.1403672623812061,0.1592981910125471,0.10944918673570242,0.09734558422928966
4404,2,0.643102,0,0.5678908736168402,0.6080416308534322,0.6471048541748772,0.526774069106026,0.4856696292430136
4405,1,0.121292,0,0.1464398451814913,0.16603524406151912,0.1880451934943807,0.1294013126300445,0.11473074272271504
4406,3,0.565208,0,0.3540477679693054,0.38861752355636464,0.42450372330884306,0.3211585311611112,0.29045655392628766
4407,5,0.849201,0,0.8843186756885604,0.9011002868732024,0.9150607114192316,0.8636589257212133,0.8380568156902389
4408,2,0.097603,0,0.05860671518014443,0.06784188317751394,0.07854860457304999,0.05081097767613287,0.04421093664916364
4409,1,0.99553,1,0.98874886414379,0.9905776746228754,0.992018328155528,0.9862128835471012,0.9826602581763543
4410,5,0.15919,0,0.09580908870822183,0.11009229371887215,0.12658606571071904,0.08382812822269366,0.07401629948413542
4411,4,0.345989,0,0.32939903467141746,0.36427100089664977,0.40073263728551367,0.2969490840559764,0.266996850660229
4412,4,0.930806,1,0.8862878972643465,0.9020467773713505,0.915418222125495,0.8681775475724219,0.8481296401900781
4413,4,0.195571,0,0.13977193423080292,0.16001343918780345,0.18294553372854924,0.12250221424117617,0.10804542295585248
4414,1,0.644562,0,0.568789135990184,0.6066143458249146,0.6426299588909506,0.5300579796589601,0.49200023709288315
4415,1,0.796263,0,0.8859395906629758,0.9024822007558772,0.9166985784179321,0.8657868092454574,0.8410329869936717
4416,5,0.085745,0,0.12818661585922977,0.1452269685463622,0.16463858323418148,0.11383087471374727,0.10215495502910947
4417,3,0.059136,0,0.03727826924174712,0.043216732238888396,0.05021626701455101,0.03240603306484771,0.02840507478114905
4418,2,0.301019,0,0.21409914842688377,0.24144673403901368,0.27126556918702627,0.1890449118520991,0.1661410254685065
4419,2,0.238986,0,0.3089639046769851,0.34213762429174527,0.3766900480894646,0.27838633706789384,0.25109477380620837
4420,4,0.294635,0,0.3812073556764567,0.4217391786877991,0.46341616674121405,0.34179826992409923,0.30432042597783293
4421,2,0.057574,0,0.10114164918563395,0.11627224121563354,0.1338888094880304,0.08826787746729553,0.07770850540627881
4422,5,0.443738,0,0.58137671791522,0.6172914750342021,0.6514840302164114,0.5451145663472304,0.5101763013990523
4423,1,0.776694,0,0.7198638835692504,0.7539477543844505,0.784268296354784,0.6805061808254151,0.6356168236457447
4424,4,0.048299,0,0.07913892998790019,0.09094517171431729,0.10462677134465984,0.06948196985859674,0.061921934857077233
4425,4,0.994951,1,0.9942746048300215,0.99527041555817,0.9960482333186224,0.9930287592298028,0.9915639604332561
4426,2,0.514568,0,0.5217470312224377,0.563266789595969,0.6042809666958137,0.47800760318280394,0.4315098337624538
4427,4,0.999651,1,0.998895382224466,0.9991008007205497,0.9992563834327768,0.9986167298579331,0.9982366749841798
4428,3,0.803715,0,0.8824888110534338,0.8990916375656175,0.9134854011110098,0.8625806529758147,0.8384504363629012
4429,4,0.220544,0,0.13163339380421155,0.15068121587966254,0.17233466734542427,0.11518529038043525,0.10097436635887062
4430,1,0.610904,0,0.7127067693134327,0.7467733575881753,0.7774743011534877,0.6748950757223406,0.6338125650687069
4431,1,0.997578,1,0.993870110679077,0.9949134198280056,0.9957126169009128,0.9924585536406846,0.9905868130594654
4432,1,0.196652,0,0.2352472492608038,0.2648397359083527,0.2968718321500836,0.2086062845199186,0.18540888798467262
4433,3,0.999981,1,0.9999143411273599,0.9999319584100105,0.9999449421819956,0.9998887566160216,0.9998484668648924
4434,4,0.999987,1,0.9999702547304232,0.9999765228378185,0.9999809981985884,0.9999600471601547,0.999941194096175
4435,5,0.837586,0,0.9297248833850716,0.9401258648114658,0.9485609850265065,0.9167879847778994,0.9008618803352687
4436,2,0.424747,0,0.6161227573252742,0.6518157415244229,0.6859186949541383,0.5782137098156717,0.5388140383098252
4437,5,0.999609,1,0.9994730487644677,0.9995780727370495,0.9996516760824244,0.9993075439552127,0.999029464538028
4438,2,0.999995,1,0.9999943425611244,0.9999956266132798,0.9999965736070355,0.999992247758192,0.9999883812675441
4439,2,0.093003,0,0.16079785867562268,0.1821990571594619,0.20600661041948543,0.1422520470336998,0.12639941421116302
4440,4,0.333197,0,0.43630562274901213,0.47297919592821325,0.5098835857845294,0.4006619184208985,0.36677544168460835
4441,3,0.13447,0,0.2535828600481924,0.2843333509726061,0.3181570479554254,0.2251775779889992,0.19961561043156165
4442,4,1.0,1,0.9999994163627035,0.9999995576111583,0.9999996529176932,0.9999991716721275,0.9999986869030291
4443,3,0.11782,0,0.1865917009077687,0.20938352331904445,0.23460127290250088,0.16610825778014904,0.1481159082379155
4444,3,0.999013,1,0.9968563036198765,0.9974179731687597,0.9978575913678831,0.9961236402629087,0.995156715313172
4445,5,0.999944,1,0.9994650253580725,0.9995731088805048,0.999647977581526,0.999297276943426,0.9990218945965255
4446,1,0.24304,0,0.23790561195129456,0.2673827183856176,0.29885017051712165,0.2110534234112895,0.18759830135672204
4447,1,0.888122,1,0.844996090957814,0.863918072854906,0.8802838998796795,0.8229503486439663,0.798149059649525
4448,2,0.555809,0,0.38419098237616933,0.4219163782362117,0.4612171814535141,0.3484440562117279,0.31610832014167056
4449,4,0.237857,0,0.33612565530918875,0.37090036023887435,0.4072636703282279,0.3032355618729447,0.27265201175997755
4450,1,0.057155,0,0.0510451746401418,0.05922674352452574,0.0689531534105478,0.044054079280238904,0.03830715176439374
4451,5,0.65319,0,0.6032708532844184,0.6401907936417486,0.6746844973882875,0.5651941099458717,0.5273728374848327
4452,4,0.120173,0,0.2161758951856866,0.24403714171893365,0.2744725882610162,0.19215273704273086,0.1719582350832928
4453,2,0.896853,1,0.8940715088894988,0.9082007791042673,0.9201689854931794,0.8772587018823728,0.8571099668729791
4454,5,0.077145,0,0.16342004195585885,0.18536492379155367,0.2102518816451481,0.14423626068591816,0.12790763801525987
4455,5,0.254428,0,0.23596634625262905,0.2649312658206805,0.29669606745164095,0.21004138123308183,0.18754261587456852
4456,3,0.189819,0,0.1329490252363878,0.1504793954564464,0.17008332317541075,0.11774776838300638,0.10503014915554026
4457,3,0.528358,0,0.5347065251318636,0.573454991319229,0.6116930278334826,0.4946245847093506,0.4532344956542267
4458,4,0.030774,0,0.0741106709093887,0.08496860951166056,0.09763198043325803,0.06505785459117369,0.057898426145168824
4459,3,0.275326,0,0.3542351714092906,0.39090167588841895,0.4285219584302748,0.3202297876796576,0.28923909308410667
4460,5,0.21704,0,0.2960715257292028,0.3302509511280724,0.3663746132229133,0.26491357960352485,0.23745384508534018
4461,3,0.764209,0,0.6941448711710603,0.7280181310680622,0.7589521410226019,0.6577324347879758,0.6192378706305091
4462,5,0.996017,1,0.9861250463322154,0.9884505895661536,0.9902228742408956,0.9830156153212994,0.9788541995020553
4463,2,0.312364,0,0.2970142951350014,0.3294325691760028,0.363741083722087,0.26652723258711614,0.23814738989810727
4464,5,0.788799,0,0.7820459168586407,0.8083004294785273,0.8311754543051478,0.7525551171152584,0.7204029075051529
4465,5,0.57287,0,0.38417984268591654,0.4212678773284312,0.45903964436159794,0.34937026869467713,0.3178618356575356
4466,4,0.998252,1,0.9962531636645561,0.9969206618591523,0.9974367066529486,0.9953875383178941,0.9942883028029661
4467,3,0.519627,0,0.42703581782468975,0.4663459635725806,0.5062834014035881,0.3891461283816844,0.35305183332224627
4468,1,0.210354,0,0.37745687714832704,0.4141232478416352,0.45183296658833116,0.3423040386139266,0.3100521757557232
4469,5,0.803244,0,0.5667639115244734,0.6051811513142012,0.6416619863988978,0.5280993372954113,0.49098888553279685
4470,1,0.660357,0,0.6480802749332673,0.6843810242621798,0.7180642154351077,0.6097301094090004,0.5708319181867629
4471,3,0.15563,0,0.1914463066448155,0.2180637738139051,0.2481949955175444,0.16703459161131823,0.14431467935967981
4472,3,0.862499,1,0.9411547281409808,0.9504791347371812,0.9581976456553708,0.9296055835932482,0.9148805742096147
4473,3,0.113152,0,0.17383330396762783,0.19701274852563946,0.22250916336379828,0.1538921869608732,0.13750300028330784
4474,1,0.232808,0,0.24653362727430037,0.27549696241972726,0.3065711429112728,0.22030978517638547,0.19713145320758096
4475,1,0.111162,0,0.2572106042194987,0.289047755945741,0.3229591614262741,0.2284465640055423,0.20313485633392528
4476,2,0.811497,0,0.8885809516422982,0.9042701937326248,0.9176705194917256,0.8699650104543375,0.8477389271188152
4477,2,0.100798,0,0.2237876738952349,0.2510318779320427,0.2808799444207903,0.19932382602494064,0.1779283050246718
4478,2,0.054056,0,0.17008996926582315,0.19210412938639118,0.21630173391453233,0.1506428861085422,0.13369859541484455
4479,4,0.472791,0,0.31830109042523486,0.35089769868996357,0.38513459615208107,0.2879996451017841,0.26063213511051064
4480,4,0.63583,0,0.7773217083474703,0.8036037467939778,0.827008774270856,0.7482519212190866,0.7170575765192296
4481,1,0.078036,0,0.10801558406622203,0.12230780884451699,0.13850658995371817,0.09579277588522629,0.08563074964516165
4482,4,0.460703,0,0.39968457380601013,0.43717060924929924,0.47554743923850845,0.3636690162101064,0.3302263662310466
4483,3,0.999999,1,0.9999871557055096,0.9999900002154822,0.9999920916407716,0.9999827568579178,0.9999752067810652
4484,1,0.274699,0,0.17897279578363615,0.20343213925997702,0.2308199040462947,0.15685078370262473,0.1368999923092936
4485,1,0.457223,0,0.38827291889061455,0.42668104260119377,0.46575742102160794,0.3500058327154621,0.3126608931768365
4486,4,0.10516,0,0.19143470615851613,0.2152053464833758,0.24135307072663958,0.17036812929058626,0.15210774661929674
4487,5,0.028242,0,0.11128242159782688,0.12614685449635246,0.14325396087799055,0.09884214840191853,0.08880170795626842
4488,4,0.071371,0,0.05117117065392308,0.0588396512036515,0.06791364650536574,0.04476361192483873,0.0395713765281969
4489,3,0.441015,0,0.30631821314663893,0.3405544126645297,0.3766942730875887,0.27419460023109093,0.2440871582930858
4490,1,0.140682,0,0.24263156333034872,0.27157973073540764,0.3030510423294814,0.2155631472394633,0.19045488051632867
4491,1,0.2782,0,0.1554542932007801,0.17634588087401704,0.19999243797179767,0.13703417816516913,0.1210647663066773
4492,1,0.011274,0,0.031280999358431046,0.03594685370057899,0.04156493765729325,0.02746141412453066,0.024390584308185075
4493,5,0.520582,0,0.3648943091837005,0.4034127777003039,0.4428827140767254,0.3276653574438205,0.2919227187958018
4494,5,0.351111,0,0.5515061362949889,0.5897093138248857,0.6262981807449384,0.5117272380907799,0.47071065226893904
4495,1,0.133019,0,0.26221637471296627,0.29300371508625933,0.326108397739037,0.23388628046847199,0.20944363332840865
4496,3,0.793911,0,0.5965022033991988,0.6348396469580596,0.6711644753813725,0.5573221031418477,0.5187891632384505
4497,2,0.796471,0,0.8807825656277665,0.8987214943263804,0.9142246123221707,0.8587637170560133,0.831089192156465
4498,2,0.202092,0,0.2562533933325394,0.2880925473832839,0.3225764427286548,0.22758224519244014,0.20246082076845173
4499,3,0.092178,0,0.15076528971163564,0.17135461252927311,0.19475568584207087,0.13261917006167281,0.11667868888788163
4500,3,0.207217,0,0.16508965908824136,0.18673772933415028,0.21133748247196105,0.14579079850193258,0.12908504174166732
4501,3,0.101941,0,0.1896644709757292,0.21453020611528606,0.2421052066011658,0.16779668522152066,0.1494737912803335
4502,4,0.702492,0,0.2687955729535197,0.30203590626424714,0.3376376246012074,0.23904112231555633,0.21348163448999835
4503,1,0.332226,0,0.3679712735021187,0.40643059229061984,0.4465190792719702,0.33087678038343576,0.29516209640359337
4504,1,0.259283,0,0.42383140603835123,0.46252600798176763,0.501363209228817,0.3856751261739456,0.3489470983698446
4505,1,0.245071,0,0.19965248482812287,0.22596558024868305,0.2552530576865098,0.17608560567106374,0.15512483600463622
4506,5,0.144563,0,0.22551181862463407,0.2545298445196935,0.2858979849830191,0.19884442413832767,0.1746071281050345
4507,4,0.158335,0,0.11968105790279841,0.1368561611862721,0.15655312259693907,0.10511518772777301,0.09316485156203176
4508,2,0.715501,0,0.6753729731916526,0.7099052509729149,0.742240643628475,0.6377010576841597,0.5974502160503695
4509,1,0.538842,0,0.6288522614560782,0.6652922643700367,0.6994167348069575,0.5910211327167512,0.553614967243758
4510,2,0.19124,0,0.26522872335687336,0.2963732877298732,0.33001369755036236,0.23696328931929778,0.21197914871861395
4511,2,0.642407,0,0.6997671147081727,0.7319021750134043,0.7618387670857533,0.6648963608752796,0.6282432764995387
4512,2,0.12544,0,0.1392741584415795,0.15927101152027492,0.1819816765660661,0.12148037548874058,0.10551002169073703
4513,5,0.547624,0,0.616889112172894,0.6524720069324721,0.6860458812904142,0.5801505811623177,0.5439179925960991
4514,1,0.995675,1,0.9863478397949471,0.9885516283919336,0.9902754117829583,0.9834288045873633,0.9796425046372732
4515,1,0.468413,0,0.5421314752765666,0.5851807302127879,0.6259770002725281,0.4965148344742568,0.44869249566087516
4516,5,0.805786,0,0.9011288164250529,0.9151449885368719,0.9267574860859841,0.8838683545643474,0.862692505093299
4517,5,0.723755,0,0.7014618250383503,0.7362551457139095,0.7676928711668993,0.6618317883506593,0.6171436383357921
4518,1,0.014919,0,0.06999629478975887,0.08020020853622768,0.09208078531756894,0.06144202664703205,0.05440467883282636
4519,3,0.122903,0,0.12896656860986078,0.14717916275403448,0.16767763944246306,0.11359190258250403,0.10080813032548434
4520,2,0.642995,0,0.5156141684188369,0.5573281215218581,0.5984904343760452,0.47325974695276424,0.4302783764787364
4521,3,0.06339,0,0.10533872296500271,0.1203918431029535,0.13762947921310553,0.09248977415270215,0.08156868524119733
4522,2,0.597628,0,0.6428223533903487,0.6801554304735258,0.7151864903192647,0.6027445049948833,0.5591974788527363
4523,4,0.041377,0,0.040849496779594714,0.04709785882560743,0.0545193326136024,0.03571269253609539,0.031555492471121126
4524,5,0.258824,0,0.29965276468735813,0.33417410846418877,0.37092128965518845,0.26786564715002054,0.23933091162427372
4525,1,0.640152,0,0.49883183635768186,0.5394446443140625,0.5796388286140824,0.45780053488645944,0.4167083204675102
4526,3,0.845034,0,0.5875571447366885,0.6277512952214475,0.6662103248759438,0.5460377922137766,0.5035598835148738
4527,5,0.610035,0,0.6755828998311427,0.7072795990730163,0.7368808357820367,0.6415238413026377,0.606009626568334
4528,4,0.727342,0,0.7025855742947024,0.7353839463997947,0.7653211179809489,0.6668433786647116,0.6286101559158004
4529,1,0.099658,0,0.17135022784519052,0.1944442267923512,0.22033825259378823,0.15125656709660304,0.13406110000047375
4530,3,0.231756,0,0.30957442607677643,0.34315216967217993,0.37834214885753803,0.2789221972421094,0.25145302696318433
4531,3,0.028539,0,0.0935985858215975,0.10639830362389843,0.1207856234290842,0.08269411701459377,0.07364317350886683
4532,4,0.375729,0,0.24767894671904334,0.2773370199920941,0.3093925989794732,0.220869094326181,0.19688839301145264
4533,4,0.760207,0,0.5229938787244814,0.5646581321023296,0.6049343333570827,0.48152340861252574,0.44173164988115987
4534,4,0.650555,0,0.6672071688421899,0.7032844228195587,0.736501874110776,0.6281493821431255,0.5859849881902125
4535,5,0.270545,0,0.3406169284626064,0.3746359026331558,0.41016627837127234,0.30927417518960315,0.2814655531808557
4536,1,0.724635,0,0.6762972899977086,0.708654482948825,0.7385171027241277,0.6422040745028503,0.608032828195841
4537,1,0.8302,0,0.8513595760940427,0.8720845965772525,0.8898376131177296,0.8267651462715362,0.7980442572958454
4538,5,0.35275,0,0.22055631550056076,0.2478235459517724,0.2774457244098283,0.19669050507695734,0.17650364236579666
4539,5,0.027514,0,0.03336290909341124,0.03850860713990307,0.04476361340191953,0.02906415284666634,0.025424812018848504
4540,2,0.706566,0,0.6504770965537469,0.6881309471639331,0.7236704637271502,0.6093739313214077,0.5651841897862366
4541,1,0.120782,0,0.36075110792017295,0.3977378564076609,0.4360101481952726,0.3257230613867157,0.29375691365642725
4542,1,0.05525,0,0.09098621491754955,0.10354577247498283,0.11809660131631412,0.08028551677719119,0.07128979028436715
4543,3,0.854577,1,0.8491942436968257,0.8688047485123966,0.885235766712806,0.8275455441341855,0.8045699631538819
4544,4,0.014225,0,0.035123077163160675,0.040714133750102924,0.047408905932949594,0.030622656031299527,0.027136422278850738
4545,4,0.528906,0,0.458282039190532,0.5013405269944398,0.5439685313496625,0.413566546672257,0.36599075227039535
4546,2,0.370817,0,0.43343381720272245,0.4712654481789611,0.5095818303997798,0.3965486686138359,0.3622287179269367
4547,2,0.026335,0,0.03854630529867415,0.04440792101003041,0.05131425495387809,0.033683570658173595,0.029753881687302662
4548,2,0.746006,0,0.6233995115714184,0.6607234787007641,0.6962206347940856,0.5845410634311939,0.5448089951480319
4549,3,0.311668,0,0.49094751508608714,0.5306777966168776,0.5705353895868712,0.45131159657142395,0.41344388838583407
4550,2,0.244332,0,0.27528837834709796,0.3083329754531792,0.34417966047582593,0.24421302305786105,0.21498596970662434
4551,3,0.128517,0,0.2877376230532533,0.31972804719020426,0.3536446644142021,0.25812723489561124,0.23165870573367092
4552,5,0.066799,0,0.10683718254422613,0.12234390529691529,0.1405049055432732,0.09372114371903734,0.08271524217391461
4553,5,0.059054,0,0.07441256735032464,0.08530480742545879,0.09817318207365447,0.06536450257622772,0.057976869805545256
4554,5,0.136777,0,0.15837350164555708,0.18258952597096076,0.20978046304465336,0.1365961477623862,0.11669679034817011
4555,3,0.353129,0,0.34146889407786196,0.3776055606871928,0.4149930752152617,0.3074847695559305,0.2753388780001234
4556,4,0.184209,0,0.23335333134344252,0.26048997131545426,0.29003120142686856,0.20841271747523407,0.1857955514932919
4557,2,0.631647,0,0.6510959790995522,0.6857563021882704,0.7181633763760267,0.6149733416302462,0.5790280600113402
4558,5,0.020139,0,0.05000171454276866,0.05770871748706533,0.06700500428358096,0.04367143406451455,0.038508998047022944
4559,1,0.052236,0,0.04671997052083921,0.053571272278775416,0.061506401469007446,0.04100367004896504,0.0363789816363649
4560,2,0.980325,1,0.9736652286575537,0.9777769553573398,0.9811628208025801,0.9682784961516256,0.9608781185617904
4561,2,0.104328,0,0.16656612832752854,0.1879021923487371,0.2116097672272184,0.14748354443406125,0.13110845414532526
4562,3,0.197365,0,0.20543230388333905,0.2301647400611577,0.2570379907184611,0.18286846548557012,0.16260852589801753
4563,1,0.996026,1,0.9925614681893417,0.9937706583518366,0.9947140100527668,0.9908788275453899,0.988519250736581
4564,2,0.325666,0,0.35108715762269793,0.3894755760576573,0.42935192144384077,0.31412163328665876,0.27791720254827135
4565,3,0.040159,0,0.08309890066178562,0.09536527619651784,0.10946874100050985,0.07278203619922416,0.06428402148429009
4566,3,0.401061,0,0.37927039030046095,0.4153083574530945,0.45216868315132297,0.34505541328481826,0.3141553701611173
4567,3,0.106324,0,0.07959991311148455,0.09113882086054251,0.10447353975277922,0.06977245204465027,0.061571678494073016
4568,1,0.95577,1,0.93659951867929,0.9458311705313905,0.9535066635526379,0.9251668784006278,0.9112395086956653
4569,3,0.15011,0,0.3518217725380554,0.39060029380960093,0.4309440789677687,0.31456097262577565,0.2791537470002064
4570,1,0.987994,1,0.9709042755252134,0.9753718145725518,0.9790158423887605,0.9650729567103138,0.9574159357032564
4571,5,0.421676,0,0.43520144811322503,0.47373734025264513,0.5122574428842652,0.39817186061535265,0.3640445461252937
4572,4,0.760259,0,0.92211407318649,0.9337672600186596,0.9434373131100197,0.9072831663734918,0.88743248873508
4573,4,0.299322,0,0.43105118938748305,0.47345706268219223,0.5160766838623009,0.38955887240159115,0.3497835111645596
4574,2,0.046503,0,0.08528940067811333,0.0977870936273183,0.112143602177103,0.07458947977335799,0.06558650065952397
4575,3,0.350854,0,0.4110984616067711,0.4488638247279494,0.48737694302067996,0.3749309272591727,0.3410333299213977
4576,3,0.843306,0,0.7931185266915352,0.8191723660072793,0.8423752325857065,0.7641905409180967,0.7327602841545487
4577,1,0.273425,0,0.2625658414926725,0.29299475566699673,0.32598605681864345,0.23512979921802393,0.21111877233410942
4578,4,0.397196,0,0.48779802132864125,0.5262936613445702,0.5643642348934567,0.44893059778217725,0.4100191537229466
4579,3,0.814498,0,0.9787150629052904,0.9824127009427347,0.9854275803270136,0.9738518529030128,0.9670611601218884
4580,4,0.814551,0,0.7544501423577101,0.784083601238123,0.8104450121517901,0.7216927400014178,0.6854114505062443
4581,2,0.039629,0,0.060934235496393555,0.07007143392726417,0.08067459504322354,0.05320764223815304,0.046728962607206825
4582,2,0.451064,0,0.48974639733336833,0.5281289591713314,0.5662241505778394,0.45123244301455706,0.41352968364355924
4583,4,0.2455,0,0.22840531873702755,0.2558964679997261,0.2858889151995663,0.20373270048377173,0.182132829253865
4584,5,0.186159,0,0.3357109149932797,0.36947572033851966,0.4047827908288689,0.30404851878707195,0.27543715878630093
4585,2,0.748778,0,0.7611401126567369,0.7927352259277286,0.8208255122312046,0.7248740037618302,0.6821234122562304
4586,5,0.338227,0,0.1909777386549196,0.21588196054656306,0.24340676942458295,0.16899174995384234,0.15000172505980636
4587,1,0.292591,0,0.4190038056278121,0.4601295916466643,0.5011051855557646,0.3788224597012034,0.34056981004163
4588,1,0.554231,0,0.6388621794099052,0.6754853835480947,0.7093731507500186,0.6004180651209964,0.561854667767201
4589,3,0.440387,0,0.5733040418707467,0.6128170120436025,0.6508797598055953,0.5310974889440531,0.48526456330502793
4590,2,0.759956,0,0.4666225241446817,0.5043700089753367,0.5418876572367562,0.430005433082812,0.3960033268060074
4591,2,0.70697,0,0.7971430845198545,0.823168733098906,0.8465268826296949,0.7670723581179149,0.7323764709030125
4592,5,0.276328,0,0.4022211819453281,0.4443840301286071,0.48696650268884134,0.3597838961016798,0.3168244786054089
4593,2,0.03977,0,0.06994424998458842,0.08053992738167025,0.09273953455128289,0.06119487227919004,0.05403635308133224
4594,3,0.545714,0,0.4599826786799941,0.5015856400858602,0.5432204374545752,0.4199690917092084,0.38259174247824657
4595,5,0.291642,0,0.36286268141985445,0.401593488758923,0.44165380712938024,0.3256574588489527,0.29063227416834075
4596,3,0.793833,0,0.6072395048470499,0.6458262503215697,0.6828206870401984,0.5661809389663619,0.5229296063370321
4597,4,0.051976,0,0.0723192435493701,0.08312872430220453,0.0957080300865125,0.06316611620581664,0.05555068825901081
4598,2,0.075329,0,0.19980377773614755,0.2259550875332158,0.2548726305795477,0.1767266905365084,0.15714713540365824
4599,1,0.309649,0,0.4095053131270232,0.4485839510160221,0.48832636687508385,0.371337407306197,0.3355680288467845
4600,4,0.991182,1,0.9764137830977081,0.9802941441269276,0.9833914512050814,0.9714523456894688,0.9649615717893575
4601,5,0.127899,0,0.21168741614476097,0.23625196888826544,0.26334473127214947,0.19019067842597356,0.17201551066489515
4602,2,0.500459,0,0.49754344787455324,0.5385065270277409,0.5786619505616237,0.45523303036140444,0.4109391914170336
4603,5,0.175677,0,0.14845887299717414,0.16962748888516369,0.19359791117306457,0.13030640632637747,0.11507805256116982
4604,4,0.144144,0,0.17788654353833624,0.20201057143016365,0.2289301463514006,0.15702493284219377,0.1397122320246759
4605,4,0.240625,0,0.313723246031321,0.34716676995224444,0.3825628552268146,0.28133886134587166,0.2500517820222885
4606,2,0.149539,0,0.15870779023555687,0.17971121029567796,0.20287690255498425,0.14029073027543806,0.12485212148827786
4607,1,0.492111,0,0.513298000254236,0.5512795018062663,0.5887766630571883,0.47460530936766293,0.43588663608697764
4608,2,0.651708,0,0.5803763356004317,0.6189079227337678,0.6556977906417621,0.5395448620675561,0.4962372217251166
4609,2,0.384036,0,0.3283875144319487,0.36299006657726296,0.39891052785012826,0.29660017944505973,0.26820063034992675
4610,1,0.373896,0,0.3862319890352397,0.4260197464480437,0.46639900245693583,0.3478362122237285,0.31166544534099117
4611,1,0.285386,0,0.5398544816962942,0.5798971258489102,0.6183296629064134,0.4989849838543372,0.4590401814345275
4612,2,0.049144,0,0.05845303923263186,0.06780109297940391,0.07891779329513632,0.05056803421824228,0.04394789076329029
4613,5,0.998985,1,0.9949003325141862,0.995806458380318,0.9964701827002831,0.9936707093509974,0.9920244938225539
4614,1,0.533129,0,0.147153795391732,0.16674494622858096,0.1886716112686257,0.1299121148561887,0.1151591019821612
4615,2,0.783405,0,0.6750323241313466,0.7125129560723925,0.7475283124256232,0.6332038891897933,0.5854195466090683
4616,2,1.0,1,0.9999984909900788,0.999998839035414,0.9999990882831468,0.9999979198974399,0.9999968599083545
4617,5,0.012747,0,0.006908151408590253,0.008077359856500096,0.00951082807399532,0.005984277582189314,0.005259574599682212
4618,3,0.799648,0,0.8563257874919014,0.8757662766698835,0.892759822021702,0.8327707146635175,0.8034822152378926
4619,2,0.455265,0,0.5231105348905665,0.5610129992587783,0.5980336972088915,0.4855504133423738,0.4496509413361012
4620,2,0.773124,0,0.587511756356932,0.6266908829596999,0.6645102652220594,0.5456515866773171,0.5007713091009474
4621,5,0.120615,0,0.1760825362988618,0.19931932851758224,0.22530130368321977,0.15546114932610197,0.1373563844812238
4622,5,0.70348,0,0.5092475146582088,0.5542481426582503,0.5975967511262408,0.46146480215437125,0.4104435010362813
4623,5,0.782909,0,0.8523718015019536,0.8722360250475361,0.8890231062701328,0.8280511133085844,0.797835927788341
4624,5,0.757172,0,0.7668590853445756,0.7942886069718456,0.8187903548620029,0.7347067249636561,0.696460326761442
4625,1,0.201787,0,0.12652185585678039,0.14440830637071042,0.1645900549135841,0.1110405911090661,0.09786989544415664
4626,2,0.195404,0,0.23002339299798213,0.2586973084930725,0.2903013842521592,0.20426147054121846,0.18178403657229966
4627,2,0.278428,0,0.30436990892010146,0.339227098871069,0.3761135355464102,0.2720161095686666,0.24295203849268696
4628,3,0.998091,1,0.9974615123274572,0.9979137021456557,0.9982711803720523,0.9968414059205014,0.9959414811139908
4629,5,0.229165,0,0.3230894450817041,0.3578359526216731,0.39467143709109404,0.2901285845814115,0.25943177763504305
4630,5,0.588501,0,0.3417331352116016,0.37653783249019235,0.4132445941268249,0.30862870613218696,0.2774848310069979
4631,5,0.145801,0,0.18140842049335182,0.20387495626065016,0.22903794974848146,0.16151365966611667,0.14425939969454207
4632,2,0.068781,0,0.11154560573900288,0.12836861503119196,0.14750994368070466,0.09749289263287363,0.08613484043724375
4633,4,0.384164,0,0.16459241298993998,0.18773585425468814,0.21372543778658887,0.14399063879120474,0.12558400758901148
4634,4,0.446252,0,0.3214744335287839,0.355985303014216,0.39238340607804106,0.28908597685053855,0.25960437020104593
4635,3,0.299467,0,0.3094547042237339,0.344763302944329,0.38278613365387604,0.27534315882523597,0.24222323735159346
4636,5,0.155149,0,0.14865900922094955,0.16943678145680788,0.19281151239883484,0.13114176253013446,0.11688828073087063
4637,2,0.113598,0,0.10575558595731882,0.12180188489888279,0.1404144874851544,0.091916455284354,0.07995066068552632
4638,4,0.108378,0,0.18719131929518462,0.2110745459397201,0.2375591580380162,0.16601487095369538,0.14777130817085968
4639,3,0.304688,0,0.3946867157226187,0.4315426135950698,0.46894040889009764,0.3587058789653316,0.32382622944953166
4640,2,0.191906,0,0.1867412584993412,0.21198128197636448,0.24001832100919104,0.16431569637746132,0.14483161894752083
4641,5,0.996971,1,0.9865323935003659,0.9887771047287808,0.99048343743897,0.9834472343968883,0.9791010051401585
4642,1,0.110091,0,0.2296827104254446,0.2581765455126681,0.2889166682430225,0.20428888239322088,0.1822977154626655
4643,4,0.71739,0,0.6863920212654008,0.7206647130127549,0.7518976083271911,0.6486707639154264,0.6059075339679596
4644,4,0.274948,0,0.17148624689138128,0.19565437649615688,0.2227411433191998,0.15006350723032033,0.13115299412810005
4645,4,0.254768,0,0.35034162162550697,0.3861545690918063,0.4232615865914526,0.3171428096102217,0.28668800148213136
4646,3,0.82034,0,0.8823832439261037,0.899366369872385,0.9139285326412757,0.8621992401254579,0.8380436097821629
4647,1,0.144637,0,0.15261215545628296,0.1743804661980825,0.19858819447415482,0.13376041788163096,0.11792306242151325
4648,3,0.753377,0,0.7246897704398544,0.754718838386899,0.7824489313941777,0.6920845441782579,0.6577244236687211
4649,4,0.265968,0,0.14401105159782132,0.16464547171392915,0.18788326341410672,0.12633874020409494,0.11174837574367436
4650,1,0.297387,0,0.36796430037898503,0.40334976092930125,0.44001601669935075,0.3337984577743001,0.3011497334186926
4651,4,0.053516,0,0.10190478606091469,0.1163892195787308,0.13311554201286047,0.08923587260519819,0.07811348800413355
4652,3,0.986933,1,0.9842872868219333,0.9868630298713441,0.9889113314055741,0.9811825502628334,0.9776164050798987
4653,2,0.180554,0,0.1313819439180104,0.14958701701643926,0.170303132226028,0.11521102263352771,0.10098978759981199
4654,2,0.817836,0,0.7200665042756464,0.7514061921304486,0.7799819671789785,0.6852769350372588,0.6473764773299816
4655,5,0.236758,0,0.20063862675060654,0.2270699279541796,0.25647196186814125,0.17706736425884279,0.1562443806685836
4656,4,0.42545,0,0.4095133631124874,0.4488071632136516,0.4886151664521877,0.3718164821211789,0.33614923830213866
4657,3,0.220813,0,0.3372219307179432,0.37322949654319654,0.4114577183211338,0.30305375257418177,0.2714706400352312
4658,3,0.796566,0,0.6895229063622499,0.7241453859146341,0.7558099371578959,0.6508888245125876,0.60729069167508
4659,1,0.999994,1,0.9999673042688695,0.9999740826965224,0.9999788821274331,0.9999564320037507,0.9999384863270109
4660,5,0.999982,1,0.9999125259997617,0.9999310176867441,0.9999435975603361,0.9998830561479322,0.9998339398193157
4661,5,0.14847,0,0.33828071186741443,0.3744235397489118,0.4117746353880406,0.30412697888951884,0.27247017059718615
4662,2,0.851319,1,0.651497026551987,0.6871044840186538,0.7204183463700291,0.6134077027834132,0.5725266214136202
4663,3,0.173128,0,0.225028635557664,0.25274527399173385,0.28280448241446093,0.20063400993070488,0.1801689870761121
4664,4,0.492609,0,0.27757414479891296,0.30949234933134484,0.3435571478614285,0.24871859312786518,0.22365929714487445
4665,4,0.129795,0,0.18317952011261826,0.20585871339533016,0.23100546570364253,0.16285357724481445,0.14488461932571078
4666,5,0.402822,0,0.48299196356173274,0.5251541593638079,0.5667727706857016,0.4391423790698484,0.39324033532709474
4667,1,0.444344,0,0.3762923485797649,0.41407213293237366,0.45286961503579676,0.3402321559456206,0.3066785991777375
4668,4,0.0737,0,0.1668902095234123,0.18934476874661796,0.21439401491395804,0.14767201243054304,0.13146372087098535
4669,4,0.630271,0,0.529606273620067,0.5686918600456595,0.606563026164204,0.49071534655846716,0.45350561852449234
4670,4,0.426019,0,0.3513800862641427,0.38879537545740983,0.427585854493884,0.3170243873837658,0.2866599692786445
4671,4,0.395096,0,0.3268010701614704,0.3625015296074518,0.3996600779425163,0.29342414453662996,0.26221418285762155
4672,5,0.994534,1,0.9831989019761753,0.9859193606531952,0.9879908509983758,0.9797510337967733,0.9755811707077219
4673,2,0.468134,0,0.5383751016662586,0.5771060759869435,0.6143975433452481,0.4995940587214437,0.46187019660255924
4674,1,0.264777,0,0.3400774904445416,0.37576662135031025,0.41281627351946315,0.30635088001482713,0.2754148263754876
4675,1,0.123265,0,0.27816238673909466,0.3106395077624761,0.3453688839468496,0.24815603050544172,0.22112284737471305
4676,3,0.271878,0,0.17091415391640014,0.19501220170306133,0.22178873620001854,0.15039244360078527,0.1336210913040495
4677,1,0.498722,0,0.41677712492981184,0.4539488784806339,0.4914649944188785,0.3810907002570112,0.3480808247134439
4678,5,0.934378,1,0.9282885238744863,0.9385805559482476,0.9469765016162524,0.9155580723271346,0.9000231034229313
4679,1,0.222796,0,0.2354092013665911,0.2646201644711375,0.29644061167519403,0.20870347411887882,0.18441685345840653
4680,4,0.36469,0,0.37870854295107986,0.4168461230312476,0.455934907392494,0.34307217113665595,0.3108944016377339
4681,1,0.785985,0,0.8262740394763047,0.8501185480916219,0.870609712448012,0.7982665379327843,0.7659829007863123
4682,2,1.0,1,0.999999996610011,0.9999999975722922,0.999999998219766,0.9999999947840355,0.9999999905796252
4683,2,0.511926,0,0.48601066079595817,0.5261374708754675,0.5662663706003606,0.44682828710388645,0.40999722719347637
4684,5,0.715065,0,0.45223373297983244,0.4899401794950316,0.5275502614590727,0.4154125498558601,0.3801049156831889
4685,5,0.397618,0,0.5427537295019974,0.5810976339929662,0.6180021755435708,0.5031513796586905,0.4624144660103159
4686,4,0.547926,0,0.3588788510732089,0.39684390206984244,0.43615111981184274,0.3223309643973357,0.2872079992882392
4687,1,0.272942,0,0.2528312899802628,0.2840378378497904,0.318072812233533,0.2240360780238665,0.1975318544692575
4688,3,0.248784,0,0.16665791354927392,0.1880266661771414,0.21154169258486355,0.14781670139214176,0.13138478754126684
4689,3,0.321237,0,0.2487269159371266,0.27971503442495244,0.31342114253394515,0.22099381888464606,0.19648876129286427
4690,3,0.710667,0,0.7343070839029954,0.7661112086291256,0.794737727658911,0.698617436139989,0.6576573143487492
4691,3,0.387039,0,0.17569424661852634,0.20005748634396212,0.22752125206402726,0.154596936083734,0.13668600283893478
4692,2,0.714366,0,0.630404135406156,0.6697249211544081,0.7063564740972328,0.5878700436830435,0.54155422864612
4693,4,0.347037,0,0.40684172588863515,0.44602217296381624,0.48579126161979425,0.37027162987252826,0.3374856764460986
4694,2,0.778428,0,0.7255228595766294,0.7579634577383365,0.7876917069223538,0.6883881664274527,0.6456879077320911
4695,4,0.874787,1,0.8574784482016081,0.875922950707123,0.8918408381462245,0.8362961136569256,0.8123386202229272
4696,5,0.278429,0,0.12333924517594538,0.14139408404636136,0.1619971616835661,0.10798309933920265,0.09524824705774075
4697,3,0.455292,0,0.43987099798495294,0.4817153488020443,0.524232019886569,0.3982748875292726,0.3564055667890197
4698,2,0.726819,0,0.7319566019374816,0.7621392252064223,0.7899216539109732,0.6981592349247483,0.6605294825422631
4699,4,0.468844,0,0.37990038131978726,0.4158060679725409,0.4526857054140318,0.34609512884149507,0.3150248174530058
4700,5,0.181072,0,0.2820252399158321,0.31386600753657573,0.34768959424261403,0.25362844813577107,0.22957107730025036
4701,5,0.34087,0,0.4991107197078448,0.5387133254512763,0.5777180657410602,0.4596626999823887,0.42175733111537433
4702,1,0.006578,0,0.022767572505589282,0.026176529111868376,0.030318465885305217,0.019987408153742947,0.017810906681450484
4703,2,0.247432,0,0.25058031146625775,0.2803337886785104,0.3124916762056598,0.22342765978773735,0.1994775315552475
4704,4,0.143431,0,0.33022283404929087,0.36611922810935454,0.403764020160693,0.2968661242285948,0.2668731640069368
4705,3,0.192202,0,0.24279634023536917,0.2714857014375107,0.3020947503198904,0.21722915091313164,0.19510316465938188
4706,4,0.59872,0,0.5617023507048894,0.6028016826591095,0.6421200121692855,0.5195486080211233,0.47703999503585587
4707,5,0.633022,0,0.42621275074148746,0.465505594984476,0.5047583765738988,0.3883607605546167,0.353242132382695
4708,1,0.333476,0,0.18053553908434647,0.20450553397375268,0.23061642904653407,0.15906375776376988,0.1406990132348416
4709,2,0.884984,1,0.8410657646409857,0.8605581031727431,0.8772074024395108,0.8184613346544727,0.7918322692384827
4710,3,0.135825,0,0.1759630595039454,0.19860192877255978,0.22346446963949082,0.1558541356459373,0.13825198528790006
4711,4,0.04238,0,0.09806600118485338,0.11339351274425234,0.13106827572350216,0.08528111190045792,0.07513459872767449
4712,5,0.833527,0,0.8297875537501691,0.8549984879202297,0.8761067016676433,0.7980164840108456,0.757050011722375
4713,2,0.512374,0,0.5882010426629202,0.6249517566479416,0.6602112717136716,0.5501573413554492,0.5114739375137726
4714,4,0.059506,0,0.13634832177508885,0.15600037639579697,0.1783118242837751,0.11871581319996288,0.1026489345430552
4715,3,0.234396,0,0.2031564218688927,0.2290031811013817,0.2573735587220547,0.18042778497918713,0.16161569104114915
4716,4,0.209726,0,0.19162510450941672,0.21891680011907022,0.24910418710505666,0.16590692500614435,0.14150657925812032
4717,2,0.337858,0,0.2978660393110019,0.33011956321427804,0.36400025778835915,0.2685841759028645,0.24291341497813387
4718,2,0.477993,0,0.520642572965341,0.5630149966271929,0.6042658168925205,0.47785582411361965,0.4350013861786283
4719,3,0.544402,0,0.5501126564788097,0.5882668227896818,0.6252461723192726,0.5105447713662988,0.4699374298704325
4720,4,0.539077,0,0.5115572360916696,0.5507207986721769,0.5889072426423454,0.47320136298048426,0.4371771458800141
4721,2,0.863753,1,0.9345281387116514,0.9454279572240238,0.9544533043579462,0.9199958737160132,0.8988833518917209
4722,5,0.05763,0,0.14641659847873206,0.16699710421383096,0.1903161238367897,0.12861156803965001,0.11344534736907191
4723,2,0.044699,0,0.17068614388205225,0.19226635153180943,0.2160251410625509,0.15176885456512357,0.13563550282638068
4724,1,0.301554,0,0.38820845029628404,0.42599693824109225,0.46425888010182365,0.35123283999250443,0.31581352002784485
4725,4,0.055907,0,0.031562398760594766,0.036462893749984654,0.042335512346176905,0.027552195541149453,0.024444942595248695
4726,4,0.219632,0,0.25070048533708067,0.27946609689344515,0.3106296615646393,0.22469408805425164,0.20210014238596408
4727,1,0.596177,0,0.5891563307520964,0.628305397315752,0.6657776474626045,0.5481056158157827,0.505478929144852
4728,5,0.623705,0,0.5816299401508144,0.6205870417116028,0.657697723823626,0.5398148285967308,0.49441750370746085
4729,5,0.278765,0,0.30271815878991887,0.3379305883385966,0.374631659900069,0.27021253581139665,0.24093698802806252
4730,4,0.183959,0,0.2860948288977534,0.31906741009100054,0.3541046786751467,0.25575180343730636,0.2278498134944379
4731,5,0.84696,0,0.7303120155393565,0.7599749341980576,0.7867975006317935,0.697464296086938,0.661760663566249
4732,2,0.109128,0,0.3502356904410309,0.3885575579440629,0.428122326691679,0.31321335409872725,0.2770023699946653
4733,4,0.508224,0,0.44232118976974727,0.4824089209478772,0.522586209516069,0.4038732619875904,0.36838513735329254
4734,2,0.342863,0,0.5499947854321536,0.5889398798267537,0.6270044435313813,0.510006029262767,0.4699558762665473
4735,4,0.058093,0,0.07352898796127817,0.08507571219252767,0.09862313852282947,0.06388978392664883,0.0561185792755042
4736,1,0.314489,0,0.5546433313240902,0.5925305724709686,0.6293340383008417,0.51501615459798,0.47420796885577615
4737,5,0.611007,0,0.5650328261425985,0.605233309307222,0.6438440139580063,0.5222951310118409,0.4771207084864761
4738,3,0.239257,0,0.36621277008294,0.40212939726522307,0.43925620756399075,0.33213876213042837,0.30031381149045916
4739,1,0.078948,0,0.11179638263110483,0.12695751071126543,0.144115485779767,0.09875643951724908,0.0876804196419396
4740,1,0.348717,0,0.27606668934530365,0.3068238898975754,0.3393657709091651,0.24783777880249805,0.22279420649593473
4741,2,0.99995,1,0.9998536783277756,0.9998824179271852,0.9999041610497995,0.9998111983701019,0.9997431806065911
4742,3,0.591231,0,0.45087626474841774,0.4919168464076305,0.5332775394158239,0.410625476576095,0.3713791674314509
4743,4,0.397036,0,0.4751958965383369,0.5154194333111389,0.5550941786330187,0.4348587260467135,0.39381699570902007
4744,1,0.766862,0,0.6640106789720164,0.7012357848152392,0.7356789167660567,0.6221824330650086,0.5748629984924116
4745,3,0.049525,0,0.04359060875819502,0.049946093341068615,0.05744546315264252,0.038152277143519694,0.03366019303531368
4746,2,0.996928,1,0.9970012291359232,0.9974996761030758,0.9978944265095772,0.9963443749359928,0.9954821056180391
4747,1,0.992609,1,0.9716752985859732,0.9759647407459481,0.9793845764182114,0.9662384299913838,0.959625815403229
4748,5,0.226963,0,0.4635028518581261,0.5040064246165277,0.5443215774997117,0.42283637556757625,0.3825932249799248
4749,5,0.719047,0,0.7774544665500654,0.8043406578446107,0.8279796240064944,0.7469996099945035,0.7134595898223894
4750,2,0.408245,0,0.33625974208306353,0.3728294859287813,0.41162881914221383,0.3020247114130616,0.2712230206487924
4751,4,0.315027,0,0.2619259498417964,0.29187405617031603,0.32420059759621395,0.23453633027691848,0.21023476084504505
4752,1,0.770548,0,0.8121776451326992,0.8364410154438027,0.8578127996795492,0.7829019991256988,0.7471080801577796
4753,4,0.773154,0,0.534608180188113,0.5747241189296972,0.6134859018164258,0.4957347314588007,0.4599670641217655
4754,4,0.294853,0,0.5033937214144807,0.546112740912273,0.5876386891418086,0.45919645241422513,0.4129631858022508
4755,2,0.822689,0,0.794019666316396,0.8198540046626359,0.8429736385738008,0.7637492031663965,0.727368806248215
4756,2,0.551418,0,0.6273636970806661,0.6635908538364326,0.6977223025369264,0.5896288360660102,0.551820504146962
4757,5,0.314647,0,0.22844907056918545,0.2557180825005192,0.2857411786620356,0.20374576452725957,0.18163738337587124
4758,4,0.886366,1,0.7454774012978657,0.7736147781882885,0.7989914201478119,0.7148662566190264,0.682227929172268
4759,3,0.187115,0,0.35351063473934413,0.38900231175061384,0.4257476071121486,0.32050962778453623,0.29106567620029855
4760,3,0.412829,0,0.49444097395386566,0.5338734991326469,0.5733752411429968,0.4548473778381637,0.41562035460821983
4761,3,0.66035,0,0.5824493772678586,0.6209758905843393,0.6575065873696009,0.5433172430492613,0.5044773682835453
4762,4,0.999999,1,0.9999906475521203,0.9999927009423318,0.9999941456234076,0.9999873645994468,0.9999815970667529
4763,1,0.810668,0,0.5238499511744036,0.5643490905582536,0.6031393702467077,0.4822900010753099,0.4411254495053584
4764,1,0.308177,0,0.1316780782333488,0.1497615588764399,0.17007726405255544,0.11583720292436511,0.10212514987446997
4765,1,0.048954,0,0.05567083097015979,0.06429143846603318,0.07428341035518884,0.048403068534535805,0.04239692761627774
4766,1,0.065485,0,0.09429355836216967,0.10801068024569946,0.12360255700575397,0.08239384614435023,0.07257890007890413
4767,3,0.088466,0,0.12379890790996634,0.14068813536433208,0.15980976004754674,0.10927449103329638,0.09707601105642764
4768,1,0.592255,0,0.5545220798458755,0.5949231968678313,0.6334955903762968,0.5124407304756619,0.46940474115687414
4769,3,0.06673,0,0.09408943238000098,0.10806209231830875,0.12412803989815407,0.08234587089035732,0.07261610365020052
4770,2,0.363632,0,0.6260728231711273,0.6621054886696756,0.6963788774159442,0.5871392239939792,0.5452492527165724
4771,3,0.592137,0,0.6291230941759773,0.6657368953670212,0.7000438184794888,0.589978237918945,0.5475735204085445
4772,3,0.203117,0,0.1505316664301985,0.1712443173873397,0.19497411020896313,0.13187082836337208,0.1152351246671625
4773,1,0.598953,0,0.5196795721568056,0.5625579047869429,0.6034324944282942,0.4740644268670325,0.42590039518316697
4774,4,0.086045,0,0.2002802086414459,0.22607567832850683,0.2546180622032322,0.1763073172030655,0.1537349446958891
4775,3,0.294435,0,0.15402994909088366,0.1747241524032783,0.19794689661057638,0.13595039273704748,0.12027498330425554
4776,3,0.276725,0,0.18841157526908495,0.21284696514629894,0.23993460894755703,0.1669285663732765,0.14918538819000962
4777,4,0.191574,0,0.18119131914036676,0.2058110641442213,0.23317039216385776,0.159472320903441,0.1401630840818269
4778,5,0.013754,0,0.05143249327411404,0.059218142613982935,0.06842441537025322,0.04516263115216198,0.04033767289508704
4779,2,0.135188,0,0.1280260458019789,0.14624373202418622,0.16695051134468883,0.11231333754664971,0.09907394223769125
4780,5,0.183912,0,0.3047607720491041,0.3384592774625675,0.3738826443243,0.2731813084828713,0.2436796784681819
4781,2,0.606007,0,0.6746165632560976,0.7119727177874833,0.7469351579448638,0.6329771807118868,0.5862677845935269
4782,1,0.857506,1,0.9718008637333864,0.9767497610053214,0.9806831310127107,0.9650885886135714,0.9557321330133216
4783,5,0.055814,0,0.0574869486503889,0.06625738727155055,0.07665333533715742,0.05036353366679149,0.04464273761538912
4784,4,0.394893,0,0.4215483574863657,0.46058010346309974,0.4999878405657243,0.38339867443466263,0.3463521637614803
4785,5,0.241497,0,0.2771805737031693,0.30686740461711937,0.3388411843501416,0.2504742452636654,0.22715631988595447
4786,2,0.282752,0,0.2501519095258132,0.2815477984600664,0.31599168066363825,0.2208500357318381,0.1937512833352803
4787,4,0.757144,0,0.6099583916459768,0.6506586490272032,0.6886411342447316,0.5670743388526217,0.5221768386068485
4788,3,0.188384,0,0.3733009359465645,0.4110960857459228,0.45007548682557147,0.3366253315703867,0.3008711173667527
4789,1,0.101812,0,0.2048928201769291,0.22915258227620372,0.25597556940652305,0.18346201301339812,0.16497054388185958
4790,1,0.598724,0,0.6348350278554685,0.6722573885787737,0.7068125166744313,0.5949038775874007,0.5535488895297199
4791,5,0.102457,0,0.13769706802711015,0.15640083296428306,0.1776071248404228,0.12203469830179856,0.10942692001966235
4792,2,0.464685,0,0.4927424387791647,0.5317028566376092,0.570306350411475,0.45387554257021506,0.41592642626559756
4793,1,0.260305,0,0.20075868615788867,0.22600025494627193,0.25386499137721746,0.17801300345882684,0.1577077855727865
4794,4,0.995423,1,0.9936043226353594,0.9947043691918124,0.9955647663059751,0.9921815969845283,0.9903606366768798
4795,1,0.999008,1,0.9987693424571631,0.9989950074616711,0.9991620388796839,0.9984477968613655,0.9979947829385619
4796,3,0.234369,0,0.21378574057676328,0.24042814356189882,0.2699959581708641,0.1896417032100649,0.16790431216739432
4797,2,0.298156,0,0.4124750836490394,0.44897490269192836,0.48578484725658017,0.3768644527811086,0.3429734406616044
4798,2,0.354051,0,0.259435939297639,0.2896700069010077,0.3222615736067433,0.23189809276905282,0.20756088539718448
4799,4,0.343899,0,0.3769665359409839,0.4159035959844993,0.4557753868808469,0.3391552011924949,0.3016111178476496
4800,1,0.371364,0,0.5064634182136158,0.5468181733482437,0.5868799937486244,0.46520137309717036,0.42344136391454873
4801,5,0.864481,1,0.7583682159852844,0.7851750257170512,0.8086007158704629,0.7294517778276445,0.6999878057435116
4802,5,0.445841,0,0.24340497184404342,0.271878022329139,0.3027537730948717,0.21798355373751244,0.19601609365905942
4803,5,0.257469,0,0.30510826352946696,0.34004787873895204,0.3771926890852472,0.2724612926588029,0.24232333376513104
4804,5,0.334694,0,0.4865569756503017,0.5259248610269545,0.5645872817771375,0.44759844756195133,0.41082182084290797
4805,1,0.065487,0,0.04571950745920671,0.05274953729009597,0.0611036195105709,0.039809124355093185,0.03487423554294042
4806,2,0.286467,0,0.2929195943410726,0.32575101665285866,0.36074047965568856,0.2625301133240891,0.23517807551895994
4807,3,0.117965,0,0.2415256302042285,0.2714115501660171,0.3035093429650104,0.21516546447593085,0.19265523145272442
4808,3,0.998877,1,0.9974141122958853,0.9978734486647279,0.9982342930530448,0.9968049780837827,0.9959792566874179
4809,1,0.296703,0,0.46855791352072584,0.5104319887606673,0.5519479873749084,0.4268112598103083,0.3858555858995227
4810,2,0.999554,1,0.9986260956211738,0.998868867235957,0.9990580351073147,0.9982947996359839,0.9978293263947124
4811,1,0.854789,1,0.7534583787510721,0.7800342361679797,0.804040708913664,0.7238093386281126,0.6916975893161367
4812,3,0.07401,0,0.054790300290360174,0.06356918594652493,0.07397495837091812,0.0472696190720098,0.040679163234755455
4813,3,0.188654,0,0.34986596277444315,0.3868340541394331,0.4258243008397211,0.3150393584604054,0.2836187435714231
4814,5,0.019669,0,0.0817088256707863,0.09386767504128232,0.10825731276325014,0.07130954036994859,0.06244134076523275
4815,1,0.209408,0,0.09806160461504376,0.11266934829569224,0.1290732827104678,0.0855818178658118,0.07528273414500487
4816,3,0.178919,0,0.1062744273727033,0.12128412340147791,0.13856463126167948,0.09294163117108374,0.0811196663760195
4817,1,0.479906,0,0.44003127173729367,0.48079472683525076,0.5213467387453653,0.40001571716406703,0.36199013208201053
4818,4,0.636699,0,0.7965815370247015,0.8231439407640372,0.8463549129863762,0.7647771888700728,0.725139683239043
4819,1,0.462241,0,0.276379160281444,0.3088505083774156,0.3436094278604836,0.2467720649576997,0.22030005043295545
4820,3,0.488668,0,0.5002864639461576,0.540352818473534,0.5802210386393281,0.4600663635353923,0.419933240116057
4821,5,0.71889,0,0.7742870943395714,0.8018908333654137,0.826150029137467,0.7418320724192854,0.7032965161020277
4822,2,0.301326,0,0.18608248705204192,0.2139077227043047,0.24521229657896598,0.160787160546362,0.1379356490236479
4823,1,0.068524,0,0.20259470058524798,0.22884887101686946,0.2574237312095716,0.17934561293402862,0.15949280094478996
4824,4,0.997438,1,0.9983354646809859,0.9986393814924286,0.9988707672361004,0.9979041100176278,0.9972521929690626
4825,4,0.87119,1,0.9845637438705582,0.9871344036121094,0.9891703041802907,0.9810304433310004,0.9758248422784522
4826,4,0.537365,0,0.3951694634359327,0.4334144892627514,0.47261055096141535,0.3575082659710181,0.320850651683228
4827,3,0.061961,0,0.07846066133060288,0.08961663093114734,0.10241811789591387,0.06890678312803446,0.060884475475604924
4828,3,0.361035,0,0.5631524635184267,0.6000873331668004,0.6360696196510011,0.5254649699138794,0.488455843960536
4829,1,0.529586,0,0.5177277806780324,0.5569413314679952,0.5951288509826943,0.47793689994476174,0.4389337771505186
4830,1,0.024004,0,0.08368192084612973,0.09605497386792176,0.11039911887296364,0.07327742783152096,0.06464406685939991
4831,5,0.20299,0,0.20575008823639118,0.2309879466520802,0.2589723177122083,0.18361087460654416,0.1645446735719053
4832,5,0.34445,0,0.3959129208891497,0.4320579302566832,0.4688140989534867,0.36219265194929434,0.3323717422353972
4833,1,0.621095,0,0.6004189817545198,0.6388178427820621,0.6748586562912458,0.5591842555142699,0.5155856188521868
4834,3,0.268557,0,0.24083738665058005,0.268845362969217,0.2991573810352868,0.2152036378144916,0.19244450181426323
4835,2,0.439819,0,0.474788248896924,0.5147795131320549,0.5551184621980488,0.43530141021606905,0.3977384887580118
4836,5,0.910513,1,0.9463282909410998,0.9544141975853145,0.9609178728462355,0.9362694111272272,0.9240883490619248
4837,1,0.981373,1,0.9678193768187594,0.9726170258124368,0.9764358018409288,0.9617394198492358,0.9543944117886574
4838,2,0.080278,0,0.21401060162780947,0.24250021226363977,0.27360432496786596,0.18857200765116316,0.1661496411956945
4839,3,0.256407,0,0.36382706176050916,0.39998207819452025,0.43778797708373424,0.32951605778995247,0.29782404643682014
4840,3,0.359103,0,0.3370533385801951,0.3711887896868547,0.40678977582380593,0.30510266387047846,0.27606603865293244
4841,4,0.51033,0,0.644026739580082,0.6780670817094359,0.7098988906800814,0.6078980483881543,0.5705151853801534
4842,5,0.876398,1,0.8945562481184316,0.9101722142065691,0.9231303146879163,0.8747764238468659,0.8492571579473003
4843,4,0.587471,0,0.5703072752783959,0.6125000159900442,0.6526751019379827,0.52444954117205,0.4736544299587345
4844,3,0.277377,0,0.3507964137287453,0.3867972930131411,0.4244984050441331,0.31625315381425423,0.2831140986249887
4845,3,0.266476,0,0.35418006294826265,0.3905681891513979,0.42802347613294434,0.3199196054654952,0.2889680341094891
4846,4,0.087861,0,0.11035165422192723,0.1258440577967404,0.14353750165828613,0.09683376804510961,0.08516895027726192
4847,1,0.502107,0,0.48251987152113324,0.5243766609079734,0.5661233454406661,0.44002026966227964,0.39680933578868294
4848,2,0.219814,0,0.10746584532781105,0.12330192605359518,0.1414864036447743,0.09387183837663182,0.08244180833656559
4849,5,0.823826,0,0.8637544945707389,0.8816442034261228,0.8967454080626082,0.8425417485522669,0.8179346215715795
4850,4,0.997304,1,0.995712744498017,0.9964673158204593,0.9970528308203819,0.9947303140657344,0.9934690037100716
4851,4,0.098176,0,0.36894255639855567,0.40743546797560526,0.44699520295989836,0.33349504528933277,0.3017134877007645
4852,2,0.824914,0,0.8408301220122518,0.8628786996183623,0.8819627552215974,0.8141990643793297,0.7804244714217338
4853,5,0.999974,1,0.9997147122693347,0.9997722202720926,0.9998122249259231,0.9996273624031572,0.9994910964884031
4854,4,0.363089,0,0.43738746257805916,0.4794708194359867,0.5215720443962036,0.39726716786493094,0.3599795240566947
4855,4,0.501085,0,0.509472887225596,0.5511405999573156,0.5917042334267293,0.4675467805312487,0.42568029482536973
4856,2,0.355816,0,0.4914156381737579,0.5317215345184747,0.5713907263850968,0.4516154997708894,0.41337875614384795
4857,2,0.712449,0,0.7682501028807435,0.7973855275995779,0.8237485008679228,0.7343226092054513,0.6946382526709719
4858,1,0.180725,0,0.19900603548392148,0.22380567962641462,0.25163028962142026,0.17705387517361082,0.15796156126139507
4859,2,0.714366,0,0.5564470388070151,0.5952790354601308,0.6325956053497644,0.515730066105046,0.47304300836024854
4860,3,0.092196,0,0.15218130611845213,0.17332404792065087,0.1969522843508177,0.1342253099511282,0.11952273028928972
4861,5,0.516249,0,0.3506665441444803,0.3875634347776541,0.4259795414063815,0.3155327047182444,0.28275171115752135
4862,2,1.0,1,0.9999999989685304,0.9999999992746915,0.9999999994759943,0.9999999983551453,0.999999996791916
4863,4,0.979135,1,0.9624785525368111,0.9682529392492447,0.9729511369385125,0.9550090867946611,0.9448855317736973
4864,2,0.391523,0,0.5255699534829834,0.5656526816548362,0.6051815712883624,0.4839142537983694,0.4403380409513398
4865,3,0.281346,0,0.3887131918117422,0.4266549216123585,0.4660524087974948,0.35268490233632105,0.31928333032817896
4866,2,0.424779,0,0.4243414173035279,0.4640066649688185,0.5038816778572691,0.386220535285816,0.35023898738960296
4867,1,0.999814,1,0.9996647106429832,0.9997286075082098,0.999775569895875,0.999567446318406,0.999415883329287
4868,1,0.721471,0,0.7898315113958702,0.8164455177494738,0.8398080081961109,0.7592589888238234,0.7247765040888458
4869,4,0.318057,0,0.4703965060475955,0.5101680212173841,0.5495540910789865,0.43105300150356857,0.39339732834261465
4870,2,0.996136,1,0.9931691974361686,0.9943224764417263,0.9952468003215122,0.9916177887937244,0.9894375710408422
4871,5,0.249433,0,0.3596004713207122,0.39609112957031334,0.4337435589145173,0.3248794240295583,0.29262080135204993
4872,2,0.207671,0,0.19933513546819479,0.224621592837869,0.25248282315816867,0.17697544890205255,0.15770818210662763
4873,5,0.078241,0,0.07815893687185911,0.08968849963236662,0.10334881734129357,0.06855505060473413,0.06059081835008112
4874,5,0.409059,0,0.28706885548262384,0.3233193106693832,0.361457730696656,0.25243786611176094,0.21924463555703166
4875,1,0.367467,0,0.28846358509821024,0.3197787149248819,0.35314275086939967,0.25933085397596994,0.23302908963347968
4876,4,0.999438,1,0.9973267920568136,0.997808024752105,0.9981774101835282,0.9966753563203651,0.9957707092707033
4877,2,0.996877,1,0.9889912746202469,0.9907208250135158,0.9920913177381181,0.9867495699332047,0.9837832466696065
4878,3,0.468963,0,0.6939728096080038,0.727217642798659,0.7577822314490508,0.6591435642918468,0.6241306649513897
4879,2,0.434848,0,0.3588919606802194,0.39420656204486193,0.4309803512804235,0.3253583618899986,0.29437877197512424
4880,3,0.034345,0,0.04967405443680074,0.05751589479977958,0.06681990583709917,0.04321214091967162,0.03805526855493404
4881,2,0.24847,0,0.26285265356058446,0.29491862158616,0.3296812232740577,0.2330433745808371,0.20611613623375521
4882,1,0.592667,0,0.5816222679373098,0.6234007224136658,0.6622360002670435,0.5366861434456962,0.489289867620579
4883,5,0.679623,0,0.427310154629115,0.4746036098379503,0.5211601824122152,0.377503320889478,0.323981536262761
4884,2,0.056441,0,0.09131935928223357,0.10436832155501946,0.11948743328509592,0.0800114684493009,0.070496032220337
4885,1,0.282966,0,0.343337974310705,0.37957820565571093,0.4170749047817206,0.30926916564782414,0.2789655196403801
4886,2,0.443961,0,0.5870903133011957,0.6241373506181759,0.6598156714539708,0.5485212397851348,0.5097710482819591
4887,2,0.437374,0,0.6047944702713905,0.6433367565851742,0.6801559496990299,0.564044142194969,0.5209073769230379
4888,2,0.135809,0,0.21648005992633393,0.24334042751308196,0.27291257067190094,0.19233801168773676,0.1709621387103964
4889,3,0.798616,0,0.8376788640152152,0.8587053647156101,0.8772806252835473,0.8131644750160526,0.7847988054703597
4890,2,0.687336,0,0.4855943529571115,0.524143496025302,0.5622140686296926,0.44716261578163496,0.41041224824665257
4891,3,0.799611,0,0.6322677829307757,0.6684637424232319,0.7025437966244806,0.5945443604454016,0.5565517710874693
4892,5,0.036517,0,0.07326882257301195,0.08376524760701844,0.09620425959709605,0.06460294177512835,0.05755043685658519
4893,1,0.434264,0,0.44395240609205683,0.4822264768958915,0.5207404766168002,0.40651636653675666,0.37097703150194977
4894,2,0.835396,0,0.8846162745003772,0.9016787300698476,0.9161565319887897,0.8639300406882435,0.8379253654098869
4895,4,0.997987,1,0.995878398533019,0.9965992975311793,0.9971600753923521,0.9949762619065828,0.9939252459863519
4896,2,0.12658,0,0.24790830216393578,0.2775873745547343,0.30932302979455434,0.22137443005109436,0.19874631031539378
4897,2,0.071923,0,0.12420533525369928,0.14263249686314158,0.16364949530946887,0.10860347746204953,0.095791766171468
4898,4,0.382286,0,0.5297487326585026,0.568248444345324,0.6056328069872108,0.4911556612815119,0.45315197853725314
4899,3,0.105972,0,0.15907931254556354,0.18001032660405872,0.20338122567613978,0.14074329222256254,0.1250000612890615
4900,1,0.279764,0,0.18139429918397146,0.2042668428481347,0.2294575529957623,0.16122371230350138,0.14410563132067422
4901,4,0.846105,0,0.7273003805152538,0.7588698729016109,0.7873693017897998,0.6915926904539974,0.650965731732319
4902,4,0.490385,0,0.4374330565491905,0.47472452334731324,0.5122092002721571,0.40109145736396606,0.36645319120480474
4903,5,0.408403,0,0.5394104329215057,0.5770444189237732,0.6134061712398495,0.501960947994133,0.4664832287935469
4904,4,0.463014,0,0.2645447500262426,0.29424457135132076,0.32616346247182865,0.23746409899874873,0.21338853426882812
4905,2,0.696538,0,0.5613066770981242,0.6036362371279776,0.6445772692097236,0.5173655718259834,0.47197972305972363
4906,2,0.937535,1,0.96691100585438,0.9720463607060265,0.9762409362597778,0.9602256250863972,0.9510164527066541
4907,2,0.36029,0,0.2866996013582501,0.32123473347757014,0.3583243987642066,0.25479998605366067,0.22598589709486547
4908,3,0.295826,0,0.5669793008999462,0.6070851233042083,0.6457634344733816,0.5265759072124462,0.48718276922314396
4909,3,0.406284,0,0.3087677304114923,0.34184010894399813,0.3765422962429676,0.27859262170484367,0.2528862661959973
4910,5,0.775689,0,0.538750826468131,0.5787936156749135,0.6174379858450036,0.49715562498444865,0.4549491110767455
4911,4,0.115769,0,0.07679602595811703,0.08871439970783483,0.10266643755531833,0.06678932675460492,0.058518827508870296
4912,5,0.203589,0,0.2338677309991728,0.2623342570379391,0.29336043515806126,0.20812563621850694,0.18507838282005032
4913,1,0.108176,0,0.2782239595861081,0.31243234943305714,0.3483449837125363,0.24710118304852455,0.21973556498935012
4914,1,0.163705,0,0.16795149851751345,0.1888772362320533,0.2122409153043466,0.14964993269786922,0.1338981198071857
4915,4,0.787333,0,0.777568700645817,0.8039811485952443,0.827477397774158,0.7486026691359848,0.7179548210624862
4916,5,0.036361,0,0.06633864357384493,0.07639643472284052,0.08830959140387931,0.0579263898261725,0.05094572471525443
4917,2,0.505269,0,0.3915387102592293,0.42860306745278526,0.46656094474533594,0.35596286620385176,0.32346882584069897
4918,2,0.206846,0,0.3914418757052616,0.42890083381431227,0.4672213499680873,0.35578498876431836,0.32309570207750976
4919,3,0.994001,1,0.9823624687477227,0.9852616330243487,0.9875665210876589,0.978718900832052,0.9740735201564424
4920,5,0.042892,0,0.11450122253706058,0.12999538676488712,0.1480487714101201,0.10133733524881272,0.09030669481535053
4921,3,0.02256,0,0.04028110786408381,0.04593903895829476,0.052503179984865714,0.035486472845594134,0.03172649757380326
4922,5,0.124938,0,0.1463417722101598,0.1657560557720119,0.18761479109358506,0.12991166719483196,0.11660654412872792
4923,4,0.052966,0,0.1826071814175489,0.2069721353480508,0.23395409403618248,0.16095215065435692,0.14193315710464258
4924,5,0.128174,0,0.092562052962577,0.10625173931796965,0.12237443960175227,0.08089998144893625,0.07086194083397675
4925,5,0.176387,0,0.2442037138867926,0.2747450832427078,0.3079646610867705,0.21674212534528414,0.19259488589596824
4926,2,0.139275,0,0.21350537317419874,0.24056464867878669,0.26995277095231274,0.18834904846409803,0.16482957998869685
4927,3,0.021611,0,0.07805523865864789,0.08926275074574817,0.10236382957994823,0.06842077385338048,0.06027747248260464
4928,5,0.30303,0,0.32414183036521377,0.3571886943464093,0.391887901061714,0.2936925417794116,0.2664378769215513
4929,5,0.198305,0,0.21393876921434268,0.2411731970094064,0.2710963569008225,0.18951516000851662,0.1676506603211649
4930,2,0.069673,0,0.16078565612266266,0.18162044174258213,0.20449890295646414,0.14257263901073547,0.1271496914678056
4931,3,0.491423,0,0.4081491901441597,0.44798421801700794,0.4886162402474171,0.37024723782873986,0.3352617730277182
4932,1,0.472858,0,0.2901726738275639,0.3224807282363318,0.356223474728045,0.2603732161356162,0.23429935825185008
4933,3,0.029793,0,0.06945654256158386,0.07966525472846721,0.09141849988771306,0.06101294275109533,0.054130511220423894
4934,1,0.346098,0,0.33559269350496107,0.3711382607897902,0.40857708441622387,0.30244081430851916,0.2726834707551771
4935,5,0.610576,0,0.5276675564324704,0.5648768933614032,0.6013710341864751,0.4901063705181926,0.45314032969608337
4936,3,0.421872,0,0.4285107280236623,0.46783909370789234,0.5075883752678183,0.3908869344628571,0.35612695175979314
4937,3,0.205924,0,0.1804729129380313,0.20404998187505832,0.23005224156246515,0.15965574839129892,0.1417392416129594
4938,2,0.388827,0,0.27505040008630227,0.3070994205901401,0.34150156043722535,0.24568392170299916,0.2195648419806965
4939,3,0.239126,0,0.24304465528429692,0.2721830485961397,0.30325075950438296,0.21701683514843723,0.19443747989577834
4940,5,0.765465,0,0.6073356214108253,0.6460008476386765,0.6822524386235482,0.5656234542284819,0.5210557534908914
4941,4,0.485003,0,0.3283365891526992,0.3651159790098799,0.40346212647653024,0.29458838330464404,0.26417895469624963
4942,3,0.46612,0,0.38628241613564396,0.42414097609358675,0.4624198212368684,0.3504387720243898,0.3175084363769199
4943,3,0.03664,0,0.12845510865603507,0.14722880010604408,0.16842692357330116,0.11266614895101618,0.09963354514278637
4944,4,0.464201,0,0.4554097741899929,0.4952810017555197,0.5352056388854981,0.41659755476292776,0.380415430772009
4945,1,0.064565,0,0.13079279367326366,0.14820685660370206,0.1676551853010174,0.11574625027887635,0.10313270475800637
4946,1,0.144466,0,0.2746780988661224,0.30841455577505134,0.34421585927364856,0.2435169195113162,0.215434086824705
4947,5,0.123283,0,0.25521170605475946,0.2863773561228367,0.32015423941567184,0.2261050003594496,0.1989792765501138
4948,4,0.097545,0,0.2065141905006764,0.23286504342373793,0.26185850002045974,0.18239396262677662,0.16020486325451894
4949,2,0.264386,0,0.2590667344385888,0.291116270570345,0.32584336934048697,0.2306679776452773,0.20655075742991183
4950,2,0.448813,0,0.1942251002997821,0.22020743750075752,0.24911543423831975,0.17152795218516764,0.15183282830031816
4951,4,0.468055,0,0.44662810494558686,0.4853975858722879,0.524147161676671,0.4086033421606092,0.37115698665946956
4952,2,0.181356,0,0.2339600644218657,0.2647406754559367,0.2986150025658485,0.2060477620312314,0.1809934828211435
4953,4,0.228835,0,0.18233266674173984,0.20581474247193965,0.2319725674314195,0.16130703378116912,0.14298629120283585
4954,3,0.152852,0,0.1286042045235498,0.1469352227570931,0.16783495786184296,0.11296140523676534,0.1000659907478494
4955,2,0.113676,0,0.11961786671556172,0.13633277883926453,0.15526011657681366,0.10531576509452224,0.09341036886338144
4956,1,0.383912,0,0.4034583384039194,0.4417024092163827,0.481269763936122,0.366788060958616,0.33234051271726556
4957,4,0.109354,0,0.19990289250019783,0.2269868615908258,0.25683834354951435,0.17591602412316168,0.15470931588697934
4958,5,0.048333,0,0.06599956487509405,0.07638019585701146,0.0885680513984669,0.05743613213330357,0.05043505198382442
4959,3,0.820226,0,0.7976228160279863,0.8235380762165952,0.8467111638060958,0.7673387081272974,0.7313065575852398
4960,2,0.440628,0,0.5978268111912695,0.6363675771936158,0.6727334109113859,0.5579277370872658,0.517520185694959
4961,1,0.170463,0,0.22981231414425654,0.2579913335955738,0.28836461507105915,0.2037655269725106,0.17991249334076267
4962,1,0.185652,0,0.3214445191570809,0.3564337315267757,0.39369444980029933,0.2890650257884801,0.259644807424679
4963,2,0.023077,0,0.03019112222332477,0.0348415443858487,0.04033447871149238,0.026384106626742457,0.02332351238693307
4964,4,0.141232,0,0.2515692568650705,0.28079370367025325,0.3122988379889873,0.22522415639722712,0.20187489447299037
4965,4,0.143867,0,0.09424592599889843,0.10802173533454887,0.12399160805123569,0.08237519097401273,0.07211780642415168
4966,5,0.121082,0,0.20516028954753332,0.23239410197853816,0.2625889643156182,0.1812755468832033,0.16066800940190618
4967,1,0.070976,0,0.2146736599922889,0.24230458861411291,0.2727061024488304,0.1895465390574336,0.16701004934995423
4968,4,0.016644,0,0.03357544599121321,0.038941466564183375,0.0453738292981546,0.02926304425057542,0.026037047886238684
4969,3,0.181312,0,0.19889389463352936,0.22557276990632255,0.25495220534379437,0.17572114188474902,0.15648846906656116
4970,2,0.348497,0,0.25514016069681456,0.28523683401242106,0.31735970881964587,0.22766248029841263,0.20305539062778513
4971,3,0.22231,0,0.2568911777298527,0.28620815805953254,0.3180511904279028,0.22990702584259817,0.2054982315315049
4972,1,0.434413,0,0.235296655047383,0.2656762512349243,0.29897142898454104,0.20733527353804765,0.18171732634508145
4973,1,0.462921,0,0.43312846603251925,0.47222949804708364,0.5112236355553559,0.3954404578359819,0.36068888130123095
4974,3,0.244694,0,0.21886052379879534,0.2455885494525715,0.27494508190249434,0.19445362749621775,0.17247627640159688
4975,4,0.500081,0,0.5194868048305084,0.5591106416911165,0.5977808294572213,0.4805303903867302,0.4442927784608393
4976,2,0.148885,0,0.3454809278010525,0.38005361117637104,0.4155695218467708,0.3135265433306997,0.2852159200933444
4977,3,0.999928,1,0.9998017537482927,0.9998408348150329,0.9998705041737707,0.9997472220263852,0.9996683264246388
4978,1,0.516334,0,0.5838212369932346,0.6212841810293638,0.657498922529569,0.5454364895284366,0.5070891498369697
4979,5,0.696625,0,0.7153040120296928,0.7465789705980392,0.774650613932027,0.6803721197364694,0.6417819509109182
4980,2,0.180028,0,0.20629212644911823,0.23188979791155723,0.2597784125017278,0.18347277496135073,0.16365637606320085
4981,2,0.061322,0,0.0697642712776119,0.08022745174528903,0.09242979110814135,0.06071148775061269,0.052999267750413664
4982,5,0.106482,0,0.28000566079669076,0.3110479960828366,0.34441483705804943,0.2517889575519036,0.2267638476898967
4983,4,0.19517,0,0.25022924528522095,0.2800981990811538,0.31234643562955294,0.22262932817474954,0.1968152473636255
4984,3,0.036088,0,0.07264430961384237,0.08342306599346427,0.09585754116435474,0.06367373592556937,0.056267323495414724
4985,3,0.050911,0,0.17313986360313738,0.19668378297085923,0.22250494848725907,0.15237542185415043,0.13439336065435534
4986,3,0.2214,0,0.25495072619521636,0.2863071595843611,0.3206733914116777,0.22595856761339692,0.1988662562206194
4987,2,0.664146,0,0.723656921144946,0.7568790589313245,0.7869513417140624,0.68720855586625,0.6474812586615063
4988,4,1.0,1,0.999999485391068,0.9999996098768659,0.9999996940128119,0.9999992768566923,0.99999889112154
4989,5,0.441568,0,0.6804251286748899,0.7150001937239966,0.7461278026411238,0.6429023156285663,0.6030550260299657
4990,2,0.057427,0,0.24427422954057632,0.27487861240107087,0.30849165728622435,0.2159592281438245,0.18996628573722046
4991,5,0.421232,0,0.46878626481272784,0.5062795938828137,0.5434011410545675,0.43247426938512473,0.3987685741621907
4992,2,0.748332,0,0.5085596774835406,0.5463223963350753,0.5839931043698955,0.47068207299670184,0.43409692072172545
4993,2,0.996604,1,0.9970210303444618,0.9975330875272636,0.9979342861135106,0.9963328819628324,0.9953823729544468
4994,4,0.552268,0,0.5212023806116933,0.5576869321975043,0.593448352484025,0.4839869693098209,0.44662073176469447
4995,1,0.086176,0,0.13143317253002412,0.14969389542400488,0.17046766204444236,0.11556808222551805,0.10180581386102401
4996,4,0.995321,1,0.9801274774470411,0.9833209129411324,0.9858776744589269,0.9759307314460336,0.9701827871171869
4997,3,0.027881,0,0.06649306340043967,0.07673837478103294,0.0888328973713062,0.05766515354968303,0.050047300577565734
4998,3,0.111243,0,0.12882658270608302,0.14597841613167606,0.16531162122350462,0.1135709767130504,0.10025913211142437
4999,5,0.586591,0,0.6362243285840103,0.6724494369469094,0.7063459139314489,0.5978156542570287,0.5583614226665723
5000,5,0.999896,1,0.9996719223660361,0.9997373059755844,0.99978310950181,0.9995734140426885,0.9994217460548837
5001,4,0.242577,0,0.26353670443827437,0.29479999580031635,0.3282225358980428,0.23473057004957293,0.20833279948006592
5002,5,0.999928,1,0.9997719898838133,0.9998190245829749,0.9998511863203662,0.999699289977344,0.9995825215751977
5003,5,0.890172,1,0.849132375101691,0.8681971808346951,0.8843797689954693,0.8272672199722081,0.803151040321687
5004,5,0.12218,0,0.10064989906183308,0.11543874006888391,0.13234086064312367,0.08809999416157283,0.07771271717009681
5005,3,0.204178,0,0.30261556375042314,0.33840843799536463,0.3762453703601205,0.27015292028474686,0.24170327880320402
5006,3,0.249058,0,0.25906774061128135,0.2895822220269629,0.32215273539775485,0.231760633929078,0.20797709831193237
5007,4,0.999878,1,0.9994318582591398,0.9995425344223393,0.9996251773093277,0.999280255716742,0.999072706934631
5008,4,0.190398,0,0.3089508056019893,0.34523574234217436,0.38355341223856426,0.27518280366396153,0.24473364856080718
5009,4,0.8121,0,0.6447235018845913,0.6836205844433066,0.7195996589748679,0.60318889854597,0.5593522001208786
5010,5,0.999923,1,0.9997428613251407,0.9997952158344802,0.9998317929955425,0.9996585546025152,0.999512998155829
5011,5,0.959107,1,0.9576936157329159,0.9641127174651711,0.9691606137503256,0.9495953071405947,0.9395414890925176
5012,2,0.053432,0,0.1838777792935731,0.20732801034826623,0.23294730769610666,0.16261322357807692,0.14344946964411465
5013,2,0.988823,1,0.9833567013485637,0.9859198268271846,0.9880000875841022,0.9801470090246992,0.9762382063385076
5014,2,0.249463,0,0.13694208649195874,0.15641938989150292,0.17839183310194887,0.12000197563177202,0.10566117350392341
5015,4,0.899764,1,0.647874563451524,0.684013597275091,0.7175753834534613,0.6094661573666327,0.5689261295626284
5016,2,0.095441,0,0.3464903421335195,0.3822725593725272,0.41917861259514444,0.3135463734391082,0.2847421561974561
5017,4,0.130897,0,0.21617647978194007,0.24499406031164658,0.2763567824553608,0.1906663609869642,0.1690038568299534
5018,5,0.82817,0,0.8949225878301817,0.9103202437030745,0.9230780299823423,0.8757364382007583,0.8517141848847102
5019,3,0.176772,0,0.2302511392282957,0.25764093170502694,0.28738176615533406,0.20543532584404076,0.18343377654305182
5020,1,0.188785,0,0.1628837409992921,0.18443896915703373,0.2085531654188399,0.1440473002664844,0.12826333975148604
5021,4,0.441692,0,0.48344240265407956,0.5211089539083291,0.5583758881466463,0.4462887501524632,0.4104801153588762
5022,5,0.12595,0,0.240120487136833,0.2672733367716124,0.29711785355714976,0.21575906386013655,0.1943957656840308
5023,2,0.367675,0,0.42687594836224024,0.4652171210900643,0.5040413244117036,0.39001543933463534,0.35529614615091143
5024,5,0.772997,0,0.6471000262580042,0.6829675369060746,0.7160585409469337,0.6090376770757612,0.5699782000854287
5025,3,0.091374,0,0.1272131885809819,0.14448683989931094,0.1640708147914732,0.11222217908235842,0.09947213585049623
5026,5,0.198727,0,0.2793534851577785,0.3110965758511232,0.34456238862033484,0.2507033169523835,0.22589569803773962
5027,3,0.313881,0,0.2580233951645776,0.2888939613452214,0.3219261682769061,0.22981460668200562,0.20435049821410786
5028,5,0.09576,0,0.2795612499563183,0.31381661104570524,0.3506446126385778,0.2475741474452872,0.21779308518010376
5029,3,0.296754,0,0.18307056713724532,0.20829436937139031,0.23673740130176554,0.16079159558224154,0.14132889531444945
5030,4,0.546111,0,0.4309636084114167,0.46952772415645,0.5081608358608778,0.39320023393242637,0.3563925465952606
5031,4,0.388761,0,0.2560539804668365,0.2846517156896599,0.31545824077516227,0.23012560529841034,0.20697402926967784
5032,1,0.674506,0,0.6366540312823176,0.6758565954238113,0.7125410859265605,0.5935384964320527,0.5459085914967865
5033,5,0.404522,0,0.26581918851254577,0.2965192057823103,0.3292196821597453,0.23837339245877026,0.21513884291301089
5034,5,0.998593,1,0.9850480784928206,0.9875326534636036,0.9894447158335672,0.981700692941287,0.977148688063085
5035,5,0.246885,0,0.4110883290154625,0.44875008851531745,0.4873709917541384,0.3747548087215633,0.34081590433240505
5036,2,0.080518,0,0.07194556067620725,0.08239155638608091,0.0943676438798309,0.0632291680995314,0.056161626126602006
5037,2,0.429525,0,0.25583469529231323,0.28669905461826234,0.3201595839055635,0.228032864381362,0.2040745747379508
5038,1,0.827026,0,0.867213962240692,0.885318714714948,0.9008087730669726,0.8456779827839063,0.8206447155085902
5039,5,0.802134,0,0.8128718510769516,0.8369543481053148,0.8577691377222244,0.7837344541163076,0.7480069080791529
5040,4,0.909041,1,0.9451874730633522,0.9534667314968605,0.9602849945518315,0.9355330766866247,0.9249157717743056
5041,1,0.24511,0,0.2693015142772742,0.2993521017411987,0.3315876581537841,0.2417845112715544,0.21700202401883237
5042,1,0.022487,0,0.02857313331217369,0.032775393175458425,0.0378190660571443,0.025045628417726534,0.022160482038401052
5043,1,0.22669,0,0.21470126945595128,0.24142594462319497,0.2706660547072207,0.19099037131613023,0.1704757844750316
5044,3,0.553703,0,0.6533352524137852,0.6913320371252071,0.7266704288170822,0.6123057564744347,0.567768400739943
5045,5,0.614618,0,0.6200596839755619,0.6605167723658347,0.6979721066738074,0.576360915138284,0.5292679269066302
5046,2,0.240248,0,0.31738091433721294,0.3535372128418529,0.3917706089174037,0.28341645964096696,0.252198948737827
5047,3,0.265455,0,0.34889072615223105,0.38835993307573524,0.42987244583369044,0.31143579097456103,0.27546396213631397
5048,1,0.883758,1,0.8462214133673178,0.8651882408389775,0.8816468018321868,0.8240593301243614,0.7988915541761702
5049,1,0.28121,0,0.3591134548863743,0.3937916290478319,0.43001871991463103,0.3264040320386768,0.29660635227252324
5050,2,0.647565,0,0.6433996036482459,0.6795757921389999,0.7136962183480082,0.6050217036689913,0.5655326804937659
5051,3,0.607773,0,0.46825145846332,0.5067208387576615,0.545499265077419,0.42960837838930666,0.39082548294371955
5052,1,0.304351,0,0.32111907822906993,0.3538762536385649,0.3884168620105014,0.2902850154884228,0.2617097145571538
5053,3,0.705477,0,0.795033987620547,0.8210359110119138,0.8438552459024021,0.7656146678692787,0.732177957750659
5054,2,0.272225,0,0.3252435118100896,0.36042137101020355,0.39766820497326943,0.2920160622242387,0.2616241682001149
5055,5,0.862244,1,0.818778065692465,0.8426158719859241,0.8630377610122514,0.7907879071823933,0.7582613926683268
5056,2,0.999851,1,0.9994804265166973,0.9995783172130526,0.9996529738312716,0.9993367340454641,0.9991037754984168
5057,5,0.255277,0,0.23000178396795504,0.259080152757348,0.2909339171241458,0.20305280782652288,0.1778663000533658
5058,1,0.73472,0,0.7480851461603267,0.7778132121342376,0.8047181015247447,0.714925002482034,0.6783889608995066
5059,3,0.04229,0,0.10166307595088696,0.11685669485628211,0.13419504639136898,0.08886468559330273,0.07813837803872707
5060,3,0.533849,0,0.20731232586488713,0.23550517108216282,0.266808536343033,0.18250968815314056,0.16113272221951064
5061,1,0.040773,0,0.11026416268180995,0.1256724604287322,0.14291026163300438,0.09700349376544597,0.08601744827953146
5062,4,0.484894,0,0.5909703691965074,0.6310450892422026,0.6690255044118324,0.5485591229795505,0.5038324999736585
5063,4,0.114589,0,0.17914986670700508,0.20254373001132972,0.22857708134120863,0.15833780080722157,0.1398734263454674
5064,2,0.026986,0,0.0342584453964616,0.039502798316391585,0.045613687092356005,0.029835785281993547,0.026128137873868043
5065,4,0.459233,0,0.3088250093650459,0.34343815913443027,0.3800600677483514,0.2773230249045415,0.25008997470904837
5066,2,0.119555,0,0.11301049066586812,0.1287431074946478,0.14672667621483718,0.09936400127003535,0.08793210365439219
5067,3,0.277743,0,0.22293490358145596,0.25209541215435394,0.2843673072372223,0.19661448658836245,0.1729410979301821
5068,2,0.133827,0,0.10323024029765451,0.11869459798101743,0.1365611714231631,0.08985420998660366,0.07828385542104606
5069,3,0.158191,0,0.2135875518000303,0.23989133639179847,0.26897114373285175,0.18991233102690397,0.16926927689783336
5070,3,0.12371,0,0.26127223976876396,0.29142417426298817,0.323682192935893,0.23396459323542879,0.2103839362791854
5071,3,0.998787,1,0.9978258421283346,0.9982232731244115,0.9985311563040769,0.9972848657117755,0.9965055254177605
5072,1,0.132189,0,0.21569437135373717,0.243072429106448,0.2730926708820909,0.19127336258863967,0.17009244243472968
5073,2,0.194854,0,0.23765788725380305,0.2675518264201032,0.30037150938653084,0.21054221509129892,0.18687385216758762
5074,2,0.830717,0,0.6818847823365778,0.7162744849036258,0.7479308490105133,0.6448932628504455,0.6060105193523067
5075,3,0.084484,0,0.1368043380174633,0.15508467887498933,0.1754266170284506,0.1209384276754432,0.10757644470166658
5076,4,0.099378,0,0.18036991868220195,0.20327797407734874,0.22870493603557163,0.16015835459362376,0.1424185721281101
5077,4,0.099626,0,0.12522372240213156,0.142261468227981,0.16170029425489205,0.11044671185872779,0.09792713681451054
5078,1,0.440532,0,0.29313111373345335,0.32467695477807257,0.35831592093648573,0.2637854262397515,0.23734222783173167
5079,3,0.566483,0,0.5337273502388252,0.5747614030228313,0.6146906220095765,0.4918250939842608,0.44942122401451934
5080,5,0.289519,0,0.17870850596506277,0.20440842597293185,0.23316010669787202,0.15532952108968764,0.1338718470425444
5081,1,0.338455,0,0.31288907824016826,0.34649737698854016,0.38235892283379813,0.28165956407683385,0.25304587878627105
5082,5,0.097254,0,0.18245808380604675,0.20692096841522858,0.23441060920200496,0.16113702564491753,0.14287661725068482
5083,2,0.070402,0,0.11725287897621853,0.13326062925567841,0.15117033079996897,0.10357271320614395,0.09224158157811191
5084,5,0.597291,0,0.3772714477867785,0.41389127336640025,0.4516377837253485,0.3416814576733722,0.30768769260541856
5085,3,0.072406,0,0.05797806383760308,0.06701332866321502,0.07768601975004658,0.05038721764513404,0.04396173762629699
5086,5,0.178279,0,0.2705227755358329,0.3040249303088734,0.3396344423932884,0.24025751526295974,0.2136509359029641
5087,2,0.35526,0,0.1706692599560611,0.19222487984060901,0.2158040059991394,0.15172789537616183,0.13586942910654526
5088,3,0.162639,0,0.17189403396510117,0.19580734586403556,0.22230139014478026,0.15164175663428273,0.1352941866862059
5089,2,0.241074,0,0.28781293969557903,0.3210517976952051,0.35626313003900656,0.2576871219381412,0.23163317841886544
5090,4,0.206065,0,0.20497070616275903,0.23158505397712742,0.26093673306962356,0.18043424399907468,0.15761326327540875
5091,5,0.593056,0,0.6368383804083801,0.6743014790149133,0.7090671403767029,0.5967137573903499,0.554690422329525
5092,1,0.534092,0,0.42568040491050363,0.4651747196976039,0.5055174176839156,0.3868675968033098,0.3489853994559549
5093,4,0.294187,0,0.648286223665088,0.6842608415733452,0.7177159829517317,0.6096912997867368,0.5687393936690492
5094,4,0.562749,0,0.3267896569862065,0.3613608277793103,0.3974132844974741,0.2949531082731557,0.2669505711886552
5095,3,0.840016,0,0.837480706053554,0.8604948298373309,0.8805978205360183,0.809951536502866,0.7756909494254607
5096,5,0.814563,0,0.7462343614235633,0.7745870735430328,0.8001725079419933,0.7145232612704105,0.6797724689692832
5097,1,0.515123,0,0.5278783268507965,0.5673518065194665,0.6054321758839489,0.4874058426947035,0.44704038382568195
5098,4,0.672103,0,0.4721879425216755,0.5143096419816217,0.5556450800371036,0.43034179432036684,0.3897415780039218
5099,5,0.103003,0,0.15013563883996323,0.16972890553307435,0.19203637114264355,0.13308217722760415,0.11842646183284843
5100,1,0.062303,0,0.07573311025579042,0.0876130930339874,0.10145406448008328,0.06569546733335249,0.05747550559785846
5101,3,0.301669,0,0.3185579868315415,0.35445272789194016,0.39273343369519753,0.28539865862008074,0.25564500844574123
5102,2,0.845481,0,0.9073495153630057,0.9209824963238579,0.9326195540394212,0.8906359926660902,0.8695472854708912
5103,4,0.112154,0,0.15413390198937582,0.1772987307134057,0.2034289689274114,0.13402063923692317,0.11702317966611055
5104,5,0.083674,0,0.15593673865200383,0.17742707251043255,0.2016873743593808,0.13746577571323415,0.12197385662514883
5105,3,0.328858,0,0.5818348077566421,0.6193553365203751,0.6559416267507798,0.5426896678252078,0.5025700665312204
5106,1,0.420057,0,0.3447429673472127,0.38185649049587866,0.42066250378205333,0.30995394967343043,0.27917165300654456
5107,2,0.545997,0,0.25266192947699645,0.28074928518936265,0.31073683014342507,0.226851057197836,0.20367725417054913
5108,1,0.02614,0,0.055793997613632906,0.0638196840499799,0.07315539407357817,0.04905100331993632,0.04345844720947414
5109,5,0.15825,0,0.1345703392605447,0.1540586460111468,0.17612800709315357,0.11827129013516556,0.10520505428941487
5110,1,0.614329,0,0.33234530532555867,0.368945131149861,0.4064297569716883,0.29776540977409316,0.2661948712905472
5111,3,0.046106,0,0.026633283227303805,0.030569298429908257,0.03518580645443413,0.02333555836155756,0.020704685952267154
5112,3,0.999998,1,0.9999872762889664,0.9999901372391854,0.9999922246494601,0.9999827716183086,0.9999746966710158
5113,4,0.152103,0,0.26396836883075686,0.29360062560933625,0.32532868469443,0.23736780865244417,0.21370649841483935
5114,1,0.135869,0,0.2719124778550136,0.30332002585462964,0.3374614994311209,0.24292444842298283,0.21653323886607376
5115,4,0.668544,0,0.5599620234843566,0.6010849002235198,0.6403617808741207,0.5154534740877263,0.46682536263842783
5116,2,0.272021,0,0.3590473747544041,0.3938901169376633,0.4301310372356839,0.32600970609573326,0.295371627245667
5117,3,0.593127,0,0.6723591017711998,0.7094065072259568,0.7439244391715807,0.6327834702183432,0.5908786727446276
5118,5,0.109093,0,0.11770386430547179,0.13452245727001327,0.1540359907053622,0.10301191499990892,0.09005345752604953
5119,1,0.302774,0,0.4019215417400699,0.43975571726723317,0.47849949378078177,0.36593038983317727,0.33262218782922676
5120,3,0.264765,0,0.26651859885519924,0.2970439616876991,0.3301370331214705,0.23817619908986837,0.2121433212836047
5121,2,0.616552,0,0.6125981814863124,0.6519058262939799,0.6895091888124577,0.5703848112291825,0.525699003826852
5122,4,0.829399,0,0.9628478183994891,0.9690774701662452,0.9740792725335055,0.9546468667903439,0.9433073651657445
5123,1,0.076714,0,0.07204533596374638,0.08271221479315385,0.09520410372423611,0.06308686385303172,0.055594002677952156
5124,3,0.284756,0,0.1706105224080806,0.1939115406989568,0.2201052787103458,0.15023590802272402,0.1329701178257218
5125,4,0.742254,0,0.6905576771954199,0.7249341357564454,0.7562962081567697,0.6541794287062129,0.6166560788423076
5126,4,0.089919,0,0.11423328692570904,0.13123582251982646,0.15075238660842016,0.0997503892736931,0.08742422233341947
5127,4,0.182524,0,0.09420935487844738,0.1083731597379573,0.12482246087986346,0.08240221182077369,0.07292677403145782
5128,5,0.544924,0,0.35749413745458114,0.3966037196398643,0.4368925090532015,0.32030707744265263,0.28571877665773504
5129,1,0.726039,0,0.7849100211490398,0.8124299144332392,0.8366386456886141,0.7526915729029499,0.7155814556475991
5130,1,0.243925,0,0.40471307988230093,0.44515771010548083,0.4858815109625159,0.3652449658995189,0.3276197707524387
5131,4,0.338011,0,0.2893298249247569,0.3205166427137069,0.35369105311708926,0.26039163588533937,0.23375760305550738
5132,1,0.657409,0,0.5003236884017108,0.5395195881149248,0.5779743139636838,0.4609571628778205,0.42254546215622835
5133,2,0.978359,1,0.954702675350047,0.9613601681872219,0.9669011626346278,0.9465510319559197,0.9367219898705507
5134,1,0.593957,0,0.341878557524387,0.37750710796403897,0.41452185520367957,0.3075492040968838,0.27516847886184564
5135,1,0.985852,1,0.9780994766959786,0.9816506829749736,0.9844429595759568,0.9735393568100801,0.9678812372138368
5136,2,0.5456,0,0.4656839777626481,0.5057683545921648,0.5462311254059992,0.4257261501049891,0.3864805200541645
5137,5,0.390245,0,0.3330714122359875,0.368930271980166,0.4059252660046022,0.29977811708887453,0.2699578859829578
5138,5,0.715464,0,0.7675434023724241,0.7959504786409021,0.8210192815191945,0.7343276705374777,0.6950044497978078
5139,2,0.440102,0,0.43917053003007966,0.47865176578731755,0.5183178650533735,0.4005510518017094,0.3636713166296131
5140,1,0.360617,0,0.44640252689796645,0.48574223565021374,0.524660069178627,0.4081237355979768,0.37246771476118307
5141,2,0.855524,1,0.8810935099905304,0.8988971864876235,0.9140403909540985,0.8589561301497594,0.830323782664235
5142,4,0.870364,1,0.7314064018013066,0.7617753351664748,0.7892044900208608,0.6987079839286372,0.6650572089365353
5143,3,0.998033,1,0.9831072240265555,0.9858179923456,0.9880141893144089,0.9797778638534479,0.9758199593355957
5144,4,0.368593,0,0.5293587707600612,0.5675369391472999,0.6046005200636184,0.49066355391863925,0.4513646778441936
5145,3,0.267986,0,0.2878813035885545,0.32059345780249104,0.3555182778886957,0.25786002868540625,0.23104431479340137
5146,5,0.099309,0,0.17694463586790438,0.2001273266083142,0.22636008752069192,0.15622119400906534,0.13749000270987694
5147,5,0.997213,1,0.9889514802981055,0.9908131524614003,0.9922096704034207,0.9864880229911979,0.9832751853120586
5148,3,0.303804,0,0.2363579110751519,0.264615111614374,0.295132393041219,0.2106101323543246,0.18764614748915975
5149,3,0.480892,0,0.46916437910017433,0.5074515464011973,0.5455953793994837,0.4313052140056069,0.39512175816713063
5150,2,0.583195,0,0.5892846800132272,0.6280518817604689,0.6652783313454526,0.5492160709456884,0.509090744628081
5151,1,0.285333,0,0.2055487381867269,0.23101602641827823,0.25921088824488747,0.18284490178245955,0.16301116320701223
5152,5,0.8394,0,0.6124588126888456,0.6525715626172385,0.6898204702871878,0.5696551934421601,0.5244038753848471
5153,2,0.221836,0,0.354936244583435,0.38989033631596975,0.42586156612667236,0.3221130799135782,0.2926140898563615
5154,2,0.557977,0,0.5012353520896714,0.5403385396402011,0.5791116714195765,0.4616540661493271,0.4220581256386008
5155,1,0.470061,0,0.5291522246413746,0.5711241636757788,0.6115373331570649,0.48624953503338153,0.4433825144919956
5156,1,0.443148,0,0.4635974917542656,0.5039372739976239,0.5436929150769799,0.4236520441113794,0.3852511877204961
5157,5,0.433321,0,0.4912275136646996,0.529905510229922,0.567685739783589,0.45220149137416255,0.4134832521342825
5158,4,0.307065,0,0.365126961016922,0.3992091634659499,0.434396933277556,0.3330508128757553,0.3036736597815227
5159,4,0.385354,0,0.25528371877996797,0.2847194248721364,0.3164414993910144,0.2282844327011539,0.2036366977565385
5160,2,0.0016,0,0.005454527665670311,0.0063015594084931195,0.007325537590170796,0.00478800228778558,0.0042888362510437065
5161,5,0.978485,1,0.9545438552854814,0.9614480471851378,0.9668991184492021,0.9460083439539281,0.9358060184961555
5162,5,0.220672,0,0.15983210688296176,0.1822299716153525,0.2075876246850932,0.13973076860203493,0.12175766717341373
5163,1,0.607299,0,0.5359226873410466,0.5761372901477682,0.6148805435187852,0.4956185057179516,0.4570814203706135
5164,3,0.322449,0,0.22404357681620693,0.2512802998938035,0.2811025969910289,0.19931676851104496,0.17722738327547907
5165,1,0.170696,0,0.17669540455886742,0.19874961056312399,0.2230757609305773,0.15728991344567153,0.14058888685473403
5166,1,0.334401,0,0.2332011024966868,0.2606357271458922,0.29042741258187893,0.20828611091211513,0.1862705791945707
5167,3,0.543486,0,0.42198096363439097,0.4594894522064512,0.4978124593511682,0.3858413139081214,0.3523777511048397
5168,2,0.05425,0,0.1087594944428112,0.12502653936598063,0.1436063409431968,0.094703637590775,0.08283170865355648
5169,4,0.551565,0,0.5245298420948143,0.5638685228788025,0.6021495924984427,0.48541552554624035,0.4482954503840664
5170,4,0.547516,0,0.33875487123980985,0.3749277140710893,0.4127039601399879,0.305200005933003,0.2754273389177116
5171,3,0.313647,0,0.37364548525741564,0.40842123324779883,0.44468444048990724,0.33994084067445174,0.30795805509156104
5172,3,0.387561,0,0.1671056744966025,0.1900253653941905,0.21556777670628252,0.14670796882222759,0.12852727627736857
5173,1,0.604605,0,0.6334979612928646,0.6692352503558722,0.7024762847080959,0.5953822397309144,0.556406538668869
5174,3,0.440909,0,0.4330063871895472,0.47454397713752716,0.5168564790895456,0.39257818662439875,0.3542212532374497
5175,3,0.694982,0,0.39169023242204676,0.42894388331147004,0.4673534186021745,0.3562027629672251,0.3240182317302232
5176,4,0.676534,0,0.6019443121557452,0.6403552172894565,0.6765930693824657,0.5627858946946009,0.5244251832049309
5177,4,0.757307,0,0.6790906150133986,0.7129024027279165,0.7440945506076277,0.6425408581448808,0.6039220622075101
5178,5,0.498126,0,0.3885671105851928,0.42757479409169596,0.46697483188620215,0.350984339248616,0.3154764840688145
5179,1,0.645276,0,0.36898172824005954,0.40604827446875064,0.44467186214029214,0.33372724828791667,0.3006677693111266
5180,4,0.250359,0,0.3418672847836168,0.37754582274786286,0.41454500771548364,0.30857884717586237,0.2774237952837745
5181,5,0.084544,0,0.13014622817654042,0.14884553930951036,0.17020867492846667,0.11434531188786724,0.1014212547849381
5182,1,0.395596,0,0.38835385864705474,0.42775702006457783,0.46772537930370695,0.35103330066086863,0.316929398230087
5183,4,0.25866,0,0.3309270348731511,0.3681787444093016,0.4070932204718381,0.2974123864879787,0.2684877036945914
5184,3,0.136728,0,0.16788881676524278,0.18934302515227186,0.21282238496850034,0.14916046340121253,0.1331472701043845
5185,5,0.451668,0,0.8128576131899224,0.8395077952793276,0.8621773696468342,0.7800334941665961,0.7386212852910056
5186,3,0.830832,0,0.6111885486935639,0.6473517110091694,0.6821628110309254,0.573540459432975,0.5362888514759744
5187,4,0.32268,0,0.1687122469052718,0.1899607070934973,0.2137538106235627,0.14949944949510954,0.13240574856316298
5188,5,0.110823,0,0.105307472912966,0.11961686938751415,0.1363147940639112,0.093100039054251,0.08284663163274186
5189,2,0.03171,0,0.029865670672922586,0.03441715143253099,0.03975040128861872,0.026197634604869652,0.023326729088708652
5190,2,0.755996,0,0.750279321753033,0.7792609740962717,0.8058508189408068,0.7186978101771647,0.6857079154620355
5191,5,0.022107,0,0.07306817682246197,0.08349700081149349,0.09578024377756353,0.06449593352388566,0.05755762151550169
5192,4,0.999529,1,0.999018236860433,0.9992035799844876,0.9993430633077358,0.9987524020031592,0.9983470135846394
5193,2,0.193014,0,0.2683588303616335,0.29891004533462223,0.33137441576174287,0.23997649640628968,0.21377266441129178
5194,3,0.137254,0,0.189053629268189,0.21319264285792783,0.24005766235874015,0.16739345438031955,0.1481773222992424
5195,5,0.572948,0,0.33715907059693034,0.3737065337883749,0.41186799319014833,0.30302001255995553,0.2717997256102731
5196,1,0.245771,0,0.4276742478912841,0.4664599248025049,0.5053790388974764,0.38984145701273143,0.3542160181533412
5197,1,0.574215,0,0.35123699192726193,0.3875669765175909,0.425783245359809,0.31680806872880696,0.2844758524777317
5198,2,0.355409,0,0.2831670528612282,0.318399276875175,0.3562752854161924,0.25104908958259325,0.22253497851990356
5199,1,0.076971,0,0.14514113174923773,0.16472575831809289,0.18676778125935992,0.12801716523602946,0.1132216851611474
5200,1,0.338683,0,0.3460559496523397,0.38266567721343175,0.420750833247243,0.3106503088319965,0.2766397462852779
5201,4,0.196815,0,0.170856780915964,0.19340858356490337,0.2185208994607934,0.1510030914115523,0.1334097869695541
5202,4,0.160018,0,0.2793404057298053,0.3120657452117866,0.34704683231193517,0.25005024535060727,0.22486243882987464
5203,4,0.809188,0,0.8835131533147156,0.9007888070122971,0.9152570976086759,0.8626460756191926,0.8372594573936498
5204,1,0.845954,0,0.9618749135019976,0.9682151602369684,0.9734316231044934,0.9534374071762959,0.941739092567751
5205,2,0.231359,0,0.4764033551438489,0.51522693290343,0.5535718251897913,0.43722703934065255,0.3980512996769327
5206,3,0.71823,0,0.8384152788741736,0.8618277288908414,0.881836904950247,0.8113747631388291,0.7792937785180736
5207,2,0.448163,0,0.3666865107766467,0.4053623733462155,0.44590559359043797,0.32912202066868496,0.2925460608115971
5208,2,0.048747,0,0.12164248906320588,0.13896511964769723,0.1586843663486593,0.10679578378618759,0.09435119600687136
5209,1,0.332233,0,0.3312356823946953,0.36517995321516866,0.4006614299085401,0.2996526716874918,0.27111758899155697
5210,2,0.079181,0,0.1500133775911277,0.17228349894626624,0.19759070588027208,0.13069532860941685,0.11419850552772555
5211,4,0.998898,1,0.9966462617911244,0.9972422263776829,0.99770237858098,0.995869343115804,0.9948706712559416
5212,3,0.156452,0,0.18825802794783186,0.21163380633751555,0.23783230899771815,0.16716449921695323,0.14871484904190924
5213,4,0.131806,0,0.31857790434179617,0.3541047311040379,0.39151901320382343,0.28621613832116355,0.25830137841907774
5214,3,0.256258,0,0.429076076110968,0.46927241868583097,0.5099577094000268,0.38924850878171763,0.3494639586072736
5215,5,0.575172,0,0.43053976696855756,0.47154748836272325,0.5127159887442858,0.39017858090819446,0.35108270989678114
5216,2,0.021871,0,0.07292061764435596,0.08340853262180642,0.09553500548438648,0.06391341325803349,0.05635060743691278
5217,4,0.162915,0,0.2366112429853929,0.2639964334938729,0.29369429768700445,0.21202030820723275,0.19044775383157783
5218,1,0.131053,0,0.07370045585583142,0.08429462823553424,0.09645807260522742,0.06463196605799205,0.05732049789076741
5219,5,0.294865,0,0.2674642957779344,0.2973241424992611,0.3296998787054441,0.2401879504783698,0.21584895609111518
5220,3,0.793425,0,0.8320524046151073,0.8542226685644831,0.8734543540577901,0.8063533038684328,0.7765044614186828
5221,5,0.728939,0,0.849648057626395,0.8704190283614056,0.887969992303503,0.8243987739670772,0.7935986275330077
5222,3,0.34822,0,0.38487419520447846,0.42094053721205377,0.4577124300839095,0.3506833092542798,0.3191153169145847
5223,5,0.542604,0,0.4329192127941564,0.47148059448464535,0.5100905205342134,0.3958218893044984,0.3613866658329511
5224,2,0.849891,0,0.8156319737199115,0.8410646953959026,0.8635352709989099,0.7857908391585157,0.7504117576411113
5225,1,0.997976,1,0.9942698196184875,0.9952526946496576,0.9959950543755958,0.992962573036665,0.9913028926309557
5226,1,0.002825,0,0.007922047363202938,0.009127104751652789,0.010607456284579953,0.006958891880579661,0.0062115568564308134
5227,5,0.999232,1,0.9986799228272631,0.9989267138020089,0.999104627501104,0.9983296486581684,0.9978337713311457
5228,1,0.020041,0,0.018368671582295257,0.021018646261739063,0.02416791134993815,0.016213792695164906,0.014503535480882677
5229,4,0.14207,0,0.13967148362399479,0.15918779426007296,0.18126928481220703,0.12279196090729777,0.10856121271055119
5230,4,0.848682,0,0.9371246577734872,0.9467813111083277,0.9547149942400289,0.9252082123770906,0.9101775045017803
5231,2,0.247066,0,0.28242920253522935,0.3141299903021453,0.3476968453465597,0.2534760063428381,0.22746158542794825
5232,2,0.597962,0,0.7413145250594735,0.7707591512590772,0.7973541576848422,0.7082471603963727,0.6711420535348155
5233,2,0.130215,0,0.19291586682160514,0.218383941824155,0.2463217450016935,0.17078841547927456,0.1522627083453021
5234,2,0.99999,1,0.9999782127872767,0.9999829103934553,0.9999863920255113,0.9999708197349465,0.9999577678604267
5235,1,0.518892,0,0.5051524183999945,0.5446382214022253,0.5831178462153895,0.46537464129134887,0.4264943726794551
5236,3,0.245448,0,0.40697960356345275,0.44529906503151806,0.4839291930930199,0.3706711144637962,0.3371538739898104
5237,3,0.759298,0,0.7080138794517707,0.7397715759144914,0.7685503387009427,0.6745986100706719,0.640887843833432
5238,3,0.097727,0,0.1979168366142838,0.22438359519100723,0.25375596099000447,0.17426091643928912,0.1532517391646365
5239,1,0.400848,0,0.5221382591854231,0.562070933695954,0.6006919560642919,0.48173648830128496,0.44205123363125315
5240,2,0.179598,0,0.10865116639228753,0.12383994023957551,0.14125791919080433,0.0954693538603678,0.08434512209630377
5241,1,0.078382,0,0.1239771943502048,0.14073075455104458,0.159973449924888,0.10925348089399232,0.09672727076997784
5242,4,0.39237,0,0.3117252085555237,0.34633033533423874,0.3827504247927194,0.2791744876997238,0.2482270054030742
5243,5,0.027047,0,0.07980670205376275,0.09100200686752646,0.1042556720209969,0.07044994735171428,0.0627165518780692
5244,1,0.803173,0,0.8396329591016818,0.8627987698561167,0.8823665321203795,0.8109385053077819,0.7753739687725054
5245,3,0.244107,0,0.3350636800779067,0.37159859800656114,0.41033521855972616,0.2995936943066654,0.26501083618366544
5246,5,0.493604,0,0.49048078395825556,0.5292270682881887,0.5672852376423431,0.45153372190537855,0.41319558734217593
5247,4,0.10261,0,0.2427657640011755,0.2729441029063684,0.3057289802299673,0.2154130499383791,0.19118102462275458
5248,1,0.146304,0,0.16459466998735056,0.18590060645260845,0.20968250640724417,0.14608076811899048,0.13033957945673075
5249,1,0.796627,0,0.6031256100868158,0.6416807913883932,0.6778280984755067,0.5620929632112116,0.5193907414164747
5250,2,0.356472,0,0.279983787021645,0.3111310777751119,0.34434056113799555,0.25131143912245063,0.22550410843186852
5251,1,0.636917,0,0.5609348055496162,0.6022144782628562,0.6413714046499724,0.5181316230687821,0.47503884760806786
5252,5,0.639891,0,0.6936056836227761,0.7264315505871493,0.7563304978296248,0.6581727843544091,0.6210596677238951
5253,3,0.260826,0,0.16186096131083827,0.18407875364754125,0.2091240669176059,0.14252705634729887,0.12596067324464136
5254,5,0.653192,0,0.4566761742273689,0.49692650945215855,0.5371262969904002,0.4162349702259845,0.37597351779276855
5255,3,0.104517,0,0.061854440320816946,0.07139854448535451,0.08266216186175575,0.053796404266574144,0.04715280640503133
5256,1,0.991497,1,0.9737630805137052,0.977885009440223,0.9811657625605266,0.9685308793313253,0.9621143062393719
5257,5,0.370555,0,0.3334339538313784,0.36897981611531816,0.4058003227527535,0.2998316927052606,0.2683791140725239
5258,1,0.308222,0,0.40173703824874546,0.44076843128789095,0.48044826784680833,0.3644146492504041,0.33013571754857807
5259,4,0.387338,0,0.15797891963558724,0.17908053529607676,0.202722367006923,0.13980390667606205,0.12461312149084906
5260,4,0.47033,0,0.45406680419687473,0.49479649758368555,0.5354975840063169,0.41318722074599373,0.3731492838644436
5261,2,0.473663,0,0.49095898982607505,0.5286002763255389,0.5654181250920832,0.4528919515520184,0.4146887288654627
5262,4,0.490834,0,0.5595273746413123,0.6001492224558438,0.6391372703090448,0.5175636803701081,0.4749684018717595
5263,4,0.510837,0,0.5880593325977574,0.6283736874321613,0.6664448763891027,0.5455489370379939,0.5008988001970167
5264,2,0.207589,0,0.19080514639631,0.21614392841091898,0.24441687311329802,0.1680820031590436,0.147995121919444
5265,3,0.197765,0,0.20009967833471448,0.22493822044234835,0.25177662028316333,0.17764718869485915,0.15771908215629263
5266,2,0.799009,0,0.8903684998464257,0.9061261338632574,0.9195535605407634,0.871519738792018,0.8487795916360169
5267,3,0.665608,0,0.9072036175994912,0.9202381224449762,0.9312546590155524,0.8912224022863895,0.870985301697962
5268,1,0.328783,0,0.3949512461880082,0.4349267184024657,0.47539915996235926,0.356101733283765,0.31910669086659527
5269,4,0.049046,0,0.0396218477772512,0.04606681101987875,0.05374384562128705,0.034221125857285525,0.02963066211390206
5270,4,0.572114,0,0.5179600791865249,0.5572612367230193,0.5958210851429891,0.4787207343811596,0.4415720714171571
5271,1,0.025968,0,0.0590850096710959,0.06778152228488263,0.07791419095478697,0.05181002105924002,0.045929309386562193
5272,3,0.308068,0,0.4289585816611029,0.4701646632632289,0.511895344520886,0.38938423544519063,0.3524751212401586
5273,2,0.110949,0,0.2137526322794485,0.24198004810770948,0.27337436623154276,0.18864054784594764,0.16699177229077938
5274,1,0.841884,0,0.7658565115705172,0.7956752905975234,0.8225427266637401,0.7312608078418684,0.6907288335039026
5275,2,0.789789,0,0.600958179092774,0.6375861973120133,0.672563229307267,0.5630432255891661,0.5254966814673939
5276,4,0.425894,0,0.3287889520697244,0.36418003226401596,0.4013914103683345,0.293869352114737,0.25974914933830917
5277,3,0.081196,0,0.1461188096640836,0.16698450263269307,0.19069067387501923,0.1277744834402582,0.11145441374043148
5278,2,0.480851,0,0.5874893685617952,0.623607851618728,0.6582213043525271,0.5498264963712035,0.5119961656039566
5279,5,0.716921,0,0.861371481394817,0.8797253560212297,0.8953367481698589,0.8395022091283533,0.8139656019796784
5280,4,0.57897,0,0.4550196676031958,0.4951091294231696,0.5351067507175764,0.4163092061899998,0.38068848609444983
5281,2,0.255221,0,0.2868856860172245,0.3180969536888359,0.3513060380360232,0.25792975626265296,0.23196578932644485
5282,5,0.363635,0,0.2824482594277808,0.3176944153495249,0.35503071840675504,0.25013853075557557,0.22109859553701627
5283,2,0.526651,0,0.4867727143336445,0.5257980684469334,0.5650572486566193,0.4479631392812123,0.41137789888279747
5284,3,0.32592,0,0.3538523657990839,0.3884693955472886,0.4244864029812842,0.3211488815613716,0.29101052944952505
5285,1,0.418445,0,0.27721107417644625,0.30902160603411444,0.34332227859491354,0.24756178590786582,0.22034171839379454
5286,1,0.357965,0,0.3761042619826974,0.41500411171743296,0.45430653441751945,0.33902467861199764,0.3049632910844193
5287,4,0.53819,0,0.5625342646864512,0.6023524305848033,0.6404649073689962,0.5207206675311701,0.47711212259610547
5288,2,0.419782,0,0.4066766051985824,0.4440108498528301,0.48240585957534715,0.37061744362825766,0.3367379825719245
5289,1,0.701258,0,0.529562219325087,0.5696656702562638,0.6083802629200703,0.4870393981408188,0.44218455374489934
5290,2,0.369833,0,0.3550821427779487,0.3892152331505611,0.42459902879865186,0.32297635906361266,0.29360238339363887
5291,4,0.856574,1,0.9728742615433207,0.9773288412315981,0.9808986203026179,0.9670951682914529,0.9593558404047248
5292,3,0.500448,0,0.6064245199257483,0.6434834529495892,0.6787566731610103,0.56767285249957,0.5276876020352207
5293,3,0.721713,0,0.6042290979885879,0.6418279574079537,0.6778932764459314,0.5635913255522469,0.5194577419268356
5294,5,0.074887,0,0.06592762725340445,0.07553957943460167,0.08694891112373575,0.05800264283933196,0.05149657278278421
5295,5,0.181775,0,0.20444631585129014,0.23186645764047245,0.26187122874104735,0.1802419220753671,0.15937710746992864
5296,4,0.087859,0,0.24962602426932995,0.28009574890402733,0.3130972373773465,0.22187726053995666,0.1977447337705189
5297,3,0.958097,1,0.9540710836676323,0.9608793312340164,0.9664041377236288,0.9460565456230914,0.9370122374638559
5298,3,0.142758,0,0.28238518951026054,0.3153445897998189,0.3502175478442038,0.2523262802068523,0.22542525592609927
5299,2,0.222682,0,0.16964174517494415,0.19292488074891326,0.21877683486958396,0.14923674533964865,0.1316701614117714
5300,2,0.180047,0,0.14531977048501965,0.16475828983805949,0.1866085926197697,0.12834816119954476,0.11389716642572077
5301,2,0.090255,0,0.030405974773870695,0.03488661317992614,0.040084730972582,0.02675191893962481,0.023871971677832195
5302,3,0.362872,0,0.5271481852213994,0.5666566749689009,0.6056579484506447,0.48763706287492947,0.44985520452822503
5303,3,0.38858,0,0.37655569800859445,0.4168757361827182,0.45890637311569965,0.3381722232932117,0.301930887908119
5304,3,0.417114,0,0.6216257836073379,0.6608445644765151,0.6976088358485815,0.5803910576884964,0.5372613565623163
5305,4,0.180208,0,0.25264716107308044,0.2819329379086655,0.31335927042039585,0.22633345625601625,0.20290653990496693
5306,5,0.515294,0,0.46614632055027644,0.5117215660435825,0.5561190849515593,0.41898765831761825,0.3703599830736874
5307,5,0.496008,0,0.425420306617936,0.46434154400345035,0.5030711328283265,0.38852055994975937,0.35533198070579325
5308,4,0.025983,0,0.03849512251903869,0.044324281672557975,0.05125305358793613,0.03372609868872172,0.029935194441001026
5309,4,0.031588,0,0.060367468516587024,0.06932346057169415,0.07986086852052326,0.052987539551728045,0.04707246196165044
5310,2,0.110235,0,0.14101931946507842,0.16098313689366844,0.18364280078595385,0.12385920937648412,0.10939499903951952
5311,3,0.722811,0,0.6412215513907374,0.6789207171705557,0.7144518110417136,0.600385426736356,0.5560991719489499
5312,3,0.065315,0,0.1436565960061021,0.16444743147857924,0.1882779262828134,0.12484437273597061,0.10769879096551131
5313,1,0.158659,0,0.2137423166891363,0.24043806130099613,0.26983359648925725,0.18984781004657617,0.16861369497863213
5314,2,0.76654,0,0.7552727010958775,0.7854996102778805,0.8127753724073197,0.7209823005676662,0.6820176728244655
5315,5,0.541642,0,0.46440254439826617,0.5039640667676534,0.5429702097204036,0.425511272959158,0.38842289962552634
5316,2,0.694676,0,0.5538102220204068,0.5946138024526514,0.6345483916381541,0.5110384051452064,0.46582524978959194
5317,4,0.982591,1,0.9678532143033864,0.9728903185808936,0.976979255561092,0.9618299039694757,0.955053883925898
5318,3,0.308316,0,0.2073895658375535,0.2333546103680654,0.26202446884135,0.1841655891091175,0.16391104728550251
5319,3,0.039746,0,0.13362186324482012,0.15190225437802196,0.1722682113927271,0.11781339060061123,0.10439645584366651
5320,3,0.551295,0,0.37045400002638595,0.40745399138846927,0.445213142094615,0.33583403617402924,0.304626804802033
5321,1,0.36211,0,0.4906552226033839,0.5301439341882214,0.5689004785720319,0.4513447566109174,0.41357878853451746
5322,1,0.030614,0,0.04113588189740303,0.04718602355919782,0.05430862756374184,0.03616892254399987,0.03211965669867161
5323,3,0.228598,0,0.1977123750732302,0.22530972276560077,0.25608971870418445,0.17287672145824387,0.15051928851444082
5324,5,0.58577,0,0.6161902864766315,0.6527653825402557,0.6868698629044125,0.5780740016705701,0.5395693247347478
5325,3,0.99877,1,0.9979427089328415,0.9983120524153318,0.9985933637603118,0.9974652179816067,0.9968448116362261
5326,3,0.057692,0,0.12081257730649668,0.13806351605345044,0.15771264296161205,0.10604035334304668,0.09365362886084343
5327,4,0.974782,1,0.9754998308517139,0.9794670252737053,0.9826564610904451,0.9706891299054394,0.965164969780631
5328,1,0.05057,0,0.07878715658133169,0.09005987709971809,0.10305779915850281,0.0690569404702966,0.060748500248240175
5329,1,0.890897,1,0.8455023991360913,0.8661697592750349,0.8841766324895918,0.8207301581380929,0.7911201701711897
5330,2,0.594674,0,0.5405521684480498,0.5796651849670327,0.6182332772533143,0.5009494051765118,0.46240713434629516
5331,4,0.985614,1,0.9580316549518849,0.9645998053487805,0.9699464237316031,0.950124624725853,0.9408900150864382
5332,3,0.120686,0,0.06007055457768509,0.06949470220109871,0.08073234771873057,0.05180528522705126,0.044467523865605034
5333,3,0.493735,0,0.4680550134587066,0.5080980104727797,0.5485310332020064,0.4287252132089405,0.39170764553627385
5334,5,0.999716,1,0.9991860256385823,0.9993440434187225,0.9994568314386091,0.9989449607384595,0.9985590446594537
5335,2,0.017783,0,0.08217874159234483,0.09452217375264613,0.10880015336487371,0.0718437968733607,0.06360400040744628
5336,5,0.665598,0,0.42721314936249294,0.4647419931199916,0.5029274815727827,0.38993262395301836,0.35297194420021333
5337,3,0.606846,0,0.5072973018316443,0.5469171099053143,0.5865968024152994,0.4671006180097243,0.4273341792664471
5338,4,0.188494,0,0.2263903881217301,0.25384026061726256,0.2838308498901068,0.20125562710058076,0.1784435164820604
5339,3,0.639244,0,0.2604260080350186,0.2927845769568084,0.3272371812859444,0.23138723526163368,0.20522338424762235
5340,4,0.362951,0,0.458376561287435,0.4969125556598602,0.5353125946752731,0.4209431350209187,0.3857956015952
5341,5,0.129307,0,0.16069577475564376,0.18243689583019163,0.2070872502656126,0.14140931447735572,0.1244745920579448
5342,1,0.642027,0,0.5788816937774837,0.6199218200527054,0.6590321407487909,0.5352064558060697,0.489053610767663
5343,4,0.03347,0,0.05133717842352684,0.05897268262894124,0.06797884199883106,0.044897797773058655,0.0396078023856817
5344,3,0.802102,0,0.5865451639265019,0.6267123413042679,0.665151288258264,0.5439215708653911,0.4983716460440626
5345,4,0.39326,0,0.16664812718085897,0.19041945176278327,0.2170586587924338,0.14617614289936026,0.12933616340255308
5346,4,0.996165,1,0.9901512382476871,0.9918435566747916,0.9931723593695515,0.9879767802953943,0.9851883609671431
5347,2,0.741973,0,0.6951875770124035,0.7290669764553747,0.7603821876836683,0.6581699764663994,0.6186570796354981
5348,5,0.244105,0,0.1415520798913649,0.15975074815410548,0.18040255316446738,0.12585685523999737,0.1126449572864385
5349,4,0.766567,0,0.7565611757531642,0.7860833845742925,0.8123210299902419,0.7241966735855399,0.689616712739185
5350,2,0.197393,0,0.24576686601717665,0.27565921152406714,0.308373849927284,0.2185389062354256,0.19400208251084033
5351,4,0.991697,1,0.9899568619644671,0.9916441530174507,0.9929768423863854,0.987868499409158,0.9854167191445571
5352,4,0.105944,0,0.1710382236471324,0.19478607814545906,0.22142631936567617,0.15038396704061302,0.13295344232666656
5353,4,0.023552,0,0.03949881466013624,0.045450555268318954,0.052534067249375364,0.03456058213052315,0.030501790678148136
5354,2,0.050089,0,0.08181838568840688,0.0939040320454221,0.1077513598040304,0.07172319257007634,0.06334841783652723
5355,3,0.062272,0,0.06281039111213389,0.07246443734122078,0.08377480600104086,0.05465947189212934,0.04780652803647838
5356,1,0.073301,0,0.2384697252886504,0.2673373127333753,0.29870478444755727,0.21231043689966403,0.18883857829163406
5357,4,0.316651,0,0.2748432703511564,0.3078237191271366,0.3431945927752464,0.24489993504171345,0.21873351043573291
5358,3,0.293106,0,0.47861050816145756,0.516066909558486,0.5529333349262443,0.44188307047787784,0.40771229264213377
5359,5,0.229519,0,0.29184264358164913,0.32529418791877923,0.36098215802041234,0.2607844228917819,0.23247671187119928
5360,4,0.090222,0,0.08819656922321868,0.10065912066149739,0.1150202269113044,0.0778974718477349,0.0695232999943438
5361,1,0.606734,0,0.551792507390029,0.5915714860682941,0.6299617486624213,0.5115418797234005,0.4721083255002359
5362,2,0.327744,0,0.21300460387265172,0.24030038213617289,0.27023789472844834,0.18887410696603302,0.1682004358670959
5363,5,0.655083,0,0.6980594852070735,0.7300227271418857,0.7591205789288661,0.6627669281548725,0.6240612395600955
5364,1,0.627481,0,0.43416595547260195,0.47251985125706003,0.5106848748865573,0.39691062382530823,0.36210006391717847
5365,5,0.267421,0,0.2241231853122175,0.25110355328656975,0.28080522584749257,0.19961565764403214,0.17750270111089217
5366,2,0.763668,0,0.705917212422529,0.7394332231507125,0.7701709799447412,0.6699834266717165,0.6323373935015922
5367,1,0.9988,1,0.9974900357468158,0.9979288071428412,0.9982610057310349,0.9968728584710949,0.9960092435000574
5368,3,0.369489,0,0.3722585038263981,0.4099855134202636,0.44923411107924316,0.33585828841259235,0.30071701084747193
5369,4,0.705277,0,0.5875057555876152,0.6282813347031584,0.666940121783624,0.5442056075088021,0.49827209661238786
5370,4,0.32359,0,0.4034272570967202,0.44165570936441073,0.4804323643922821,0.3670806180598805,0.3329927280102056
5371,4,0.392976,0,0.42971461082102214,0.4694222384904993,0.509252014677878,0.3919585965488901,0.3576685052394769
5372,2,0.284772,0,0.2506141811849907,0.28003135059868284,0.31154811693033896,0.2244652374470699,0.20203558494015825
5373,1,0.720062,0,0.503919286747899,0.5440451061188798,0.5826004906894242,0.4628301852153224,0.4220186046758178
5374,5,0.074501,0,0.2183207382116848,0.2464005955509402,0.2774609025734512,0.19298444608984847,0.1702963666663543
5375,5,0.526141,0,0.6818483823606701,0.7155074077368723,0.7461982986240681,0.6454008364761532,0.6069037427692111
5376,4,0.999993,1,0.9999605218704412,0.9999688447966929,0.9999748051635486,0.9999471076060238,0.9999227085115615
5377,1,0.220224,0,0.04056353141397582,0.04614478173305166,0.0527743406087789,0.03592891056694067,0.03224258450997106
5378,3,0.66616,0,0.4038567571811331,0.4420334641294239,0.4816001177070701,0.36703968477559196,0.3326047891225235
5379,1,0.937889,1,0.9005680164464207,0.9135995732163136,0.9245643595794937,0.8849332420539735,0.8668699853502386
5380,2,0.620771,0,0.590163683712793,0.628547906957108,0.6653371574389814,0.5508507735917757,0.5121343159060159
5381,2,0.07249,0,0.11803628347890205,0.13604973810123727,0.15652091732373805,0.10206289533657249,0.08772040857286653
5382,5,0.132347,0,0.2445368531272326,0.2746217774664381,0.30719160677074064,0.2167002732167727,0.19110006279844124
5383,3,0.564293,0,0.47975776458620795,0.5240311528322017,0.5678975152339549,0.43530152678264106,0.39037740660734194
5384,4,0.343554,0,0.32251809939048875,0.3573648158847932,0.39385783042284267,0.2900091779047177,0.2599932543341326
5385,2,0.519597,0,0.42419770171601534,0.4649716859374571,0.5068597323202768,0.3839200379799425,0.34479179814849537
5386,1,0.206872,0,0.19701916597086958,0.2229716226516929,0.2515975487475506,0.17368152946822615,0.1527610682036573
5387,5,0.682924,0,0.33752333930704614,0.3738500839680769,0.41129684067143557,0.3037365688528249,0.27355776852323405
5388,1,0.43605,0,0.4336393414778264,0.47343331619311074,0.5135209953354454,0.3945874763526059,0.3579879500262611
5389,1,0.067654,0,0.065464448204652,0.07433476519247699,0.08475835907248351,0.05798182617081152,0.051875673369550276
5390,3,0.995078,1,0.98661716141834,0.9887810011643134,0.9905038683798798,0.9839906707386749,0.9809516807055659
5391,2,0.752354,0,0.7962441868412197,0.8228511623485929,0.8463291369840287,0.7653918591114217,0.7289005201276999
5392,2,0.527438,0,0.40316574714717823,0.44171723820110004,0.48118712793347107,0.36557233047111404,0.32981126537983296
5393,3,0.767579,0,0.5387531921769112,0.5809840283242589,0.6219010234560034,0.49665602053679475,0.45509883643355875
5394,1,0.22122,0,0.24542800987300636,0.27442594088057165,0.30578458464463887,0.21922762970543344,0.19615336480387943
5395,5,0.325343,0,0.4480385898184214,0.48643228002466554,0.5248579848964778,0.4111536993674107,0.37746956917465846
5396,5,0.646786,0,0.6028357200868174,0.642891909976928,0.6804727035218905,0.5598251275307344,0.5141815587352736
5397,3,0.064362,0,0.06909793004095197,0.07925510027925624,0.09104077810199464,0.06055439201338966,0.0535797563491318
5398,3,0.484923,0,0.6031004970928073,0.6403911942806993,0.6761517540789681,0.5638411574664017,0.5226729087188509
5399,4,0.156379,0,0.1765764936370479,0.20105552155136847,0.2282760655712749,0.15489200459372224,0.13580131185060776
5400,2,0.524859,0,0.3130201027132518,0.3480628129607442,0.3847705897089035,0.28040791326849557,0.2500224869989986
5401,2,0.660546,0,0.5793105289094475,0.618081668343232,0.6556308711275685,0.5394276447321974,0.4995554977836765
5402,4,0.242458,0,0.3540141990632914,0.3943321881337438,0.4360860266111353,0.31457670262381254,0.2760715567404422
5403,5,0.112658,0,0.167343750185492,0.1881134995630107,0.21159262328159606,0.14946548607812454,0.1344112831003605
5404,5,0.467007,0,0.6167538109800508,0.6544949932339406,0.689391607025559,0.5758827267273033,0.5319012391563692
5405,4,0.09293,0,0.09613529609802118,0.10947781569526488,0.12487275772472918,0.08474996287401675,0.07515740075715013
5406,4,0.744494,0,0.5619312453956021,0.6040043076328675,0.6442221306124868,0.5182059525968201,0.47334065466862496
5407,5,0.766498,0,0.7414492307764383,0.7714075733593632,0.7978514142804574,0.7078777233806713,0.6711664770589071
5408,2,0.490785,0,0.6337347029670076,0.6693769125765104,0.7030406609083802,0.5964122068549084,0.5590983618036387
5409,2,0.522931,0,0.5911462127008714,0.6291924554407509,0.6659199973910549,0.552225363888177,0.5142145745866588
5410,4,0.140116,0,0.2800048342630919,0.31277846079727967,0.34793995635358965,0.25026626904665,0.22456554653633456
5411,5,0.410718,0,0.5152353848951596,0.5547942340865435,0.5933415637806522,0.4747913192575342,0.43418877855898597
5412,5,0.152347,0,0.16537128865732176,0.1895126828465446,0.21667625077672725,0.14345410052876348,0.1232891519537493
5413,5,0.589719,0,0.472685565091092,0.5104708778885991,0.5481105085144259,0.4349419124941813,0.3979249103010107
5414,2,0.871386,1,0.9149371525533498,0.9280127609507672,0.9389621962152906,0.8982180483623593,0.8756277272979448
5415,3,0.193727,0,0.15800272150108524,0.17931617942697892,0.2031096956541985,0.1395772523882771,0.12397267624758523
5416,1,0.073975,0,0.2114738932587355,0.23704934373817652,0.2644521308349643,0.18857878118437804,0.1688752956393743
5417,2,0.228599,0,0.3191854833423609,0.35477143064392214,0.39217907800862395,0.28608554477183773,0.25605165245150746
5418,5,0.210049,0,0.1477737782654001,0.16773855654584474,0.19041447814568768,0.13029236574645553,0.11518007337223733
5419,1,0.761455,0,0.9074919886127075,0.9213222806994897,0.9330315822281151,0.8902716125603287,0.8685007897845479
5420,5,0.368034,0,0.28277699544568313,0.31583060159540555,0.3512008459229225,0.2523570318558688,0.22506455088559263
5421,1,0.99995,1,0.9995213827804343,0.9996150020609236,0.9996833074350752,0.9993841474626145,0.9991826293965279
5422,4,0.99999,1,0.9999798252739878,0.9999842255648785,0.9999873448833531,0.9999730508705954,0.9999618473786365
5423,4,0.952861,1,0.9540937609094113,0.961178227999341,0.9669590645891568,0.9453447768080203,0.9344518640819964
5424,2,0.836283,0,0.9413553855857215,0.9508734659977994,0.9587521950239453,0.9290619094416454,0.9123945526135728
5425,1,0.400994,0,0.3001218703446562,0.3315056152857817,0.3646446163856289,0.27085128336332137,0.24422485128533067
5426,1,0.432931,0,0.5096298274246571,0.5505293585952287,0.5905485573188266,0.4683127947728897,0.4274378257139958
5427,5,0.827139,0,0.3734685592561943,0.40933651613489086,0.44631118548505627,0.3396956810607413,0.30897078888646284
5428,2,0.408651,0,0.3097920776609302,0.34298436926150894,0.37756773356355033,0.2793388236185471,0.2519625496005665
5429,1,0.32145,0,0.5524417038851451,0.5909559440297025,0.6277923502597701,0.5131594967735005,0.4746462727163848
5430,1,0.727844,0,0.6932043361400148,0.7300862428773367,0.7633177694599468,0.6517189542100896,0.60533695002393
5431,3,0.014494,0,0.02560104946013701,0.02944816679177392,0.03398647605120742,0.022400358626237203,0.01975543617676102
5432,1,0.553581,0,0.6893296747869249,0.7227538600225116,0.7537752688458597,0.6524173734468116,0.6119432627132462
5433,4,0.828573,0,0.6781305374773596,0.7127248976821229,0.7445345366199884,0.6416577675076226,0.6044413849312728
5434,1,0.901485,1,0.8675462171231,0.8872343500419178,0.9038491138626011,0.8429245551692772,0.8121597844186164
5435,3,0.684155,0,0.48908779604012226,0.5279195930624248,0.5664317976344049,0.4504653313540956,0.412586866312138
5436,1,0.083556,0,0.1929772834344616,0.21745933731104114,0.24454987616669885,0.17139213849363433,0.15263062187461657
5437,3,0.255444,0,0.16687962194164382,0.19015380036235177,0.21643921019614754,0.14671931575008076,0.12990094381080533
5438,5,0.221965,0,0.14145832647558876,0.16253689717825298,0.1862485715005412,0.12321386696898173,0.10757463531697307
5439,2,0.131348,0,0.1875680238099565,0.21204556701395713,0.2393982958655417,0.1657160373182837,0.14661064189900994
5440,3,0.725918,0,0.6679379140514639,0.7032484016014842,0.7362549622640856,0.6298603298812754,0.5897799816026971
5441,3,0.329096,0,0.4861522332643007,0.5237791471742247,0.5606866982773511,0.4494690379760219,0.41620924519687574
5442,2,0.999432,1,0.9982873544391084,0.9985966608913497,0.9988402372907065,0.9978514851426393,0.9971965761303238
5443,5,0.123446,0,0.2911842903711104,0.32267909587153426,0.35649470130496624,0.2614847895262652,0.23398011352796613
5444,1,0.055681,0,0.09445092359139219,0.10754587619881036,0.12272006068757849,0.08337077281704201,0.0742048067549205
5445,1,0.17196,0,0.31147293443943996,0.34702932189669794,0.3841629559205037,0.2777544341505264,0.24701850808954248
5446,1,0.979822,1,0.9748590237528805,0.9787199809557436,0.9817631996649495,0.9699279358439095,0.9639078811110559
5447,4,0.3266,0,0.16345629887860338,0.185542542052649,0.2104058851822567,0.14403793483439425,0.1274062643555953
5448,1,0.047069,0,0.066803874633981,0.07646648625936088,0.08777567690099097,0.05874332919209235,0.05215194375315882
5449,5,0.107709,0,0.281100923906742,0.3116185554221139,0.3441080382730403,0.25362216769017953,0.22997235189243156
5450,4,0.220139,0,0.39946819046846394,0.43647641460102327,0.4742663402806839,0.3631261567963357,0.32796484079721555
5451,4,0.247189,0,0.1491106944653179,0.1699062151522301,0.19332857930337916,0.13159136183596407,0.11732808272879601
5452,5,0.027646,0,0.10103726054391227,0.11548973291777678,0.1323190987580354,0.08876227703137819,0.07833894795188015
5453,3,0.307748,0,0.473979519998564,0.5154604178082606,0.5571291514547054,0.43334529731301713,0.3947959545488646
5454,1,0.471998,0,0.45469347679091104,0.4961631130082805,0.53767105069045,0.41286018763378024,0.3721152140773643
5455,1,0.568151,0,0.6518074795059191,0.6878055412727712,0.7206974786194824,0.6132091788626512,0.5733254481749804
5456,4,0.818726,0,0.8666681175424773,0.8850458313584659,0.9007311450541106,0.8454178349326515,0.8212035724749841
5457,4,0.425208,0,0.3383109262537649,0.3744469029441899,0.41196041568186714,0.3048548875568938,0.2740695653957833
5458,5,0.251702,0,0.20040567586828265,0.22657625611003798,0.2554725484636849,0.1763181747683766,0.15396706548869168
5459,5,0.275533,0,0.1678622383646771,0.19031379201255597,0.21547466294723117,0.14816236014109338,0.13091321666614028
5460,4,0.059392,0,0.1652457549547008,0.18619435325964143,0.20955830481818202,0.14700596997401458,0.1313441993510401
5461,5,0.218438,0,0.14186884414788176,0.16016870734187677,0.18080666230568798,0.12643663735450972,0.11378447657295916
5462,3,0.865586,1,0.8787775975624258,0.8960093803989012,0.9108026980933859,0.8582204223715276,0.833462058790143
5463,1,0.086675,0,0.07837221910821925,0.08989265265125505,0.10300688563855867,0.06865476701861294,0.060668121615530826
5464,5,0.315325,0,0.3032991788260408,0.33825644325243265,0.37540240940811825,0.2698489041742363,0.23750158714896835
5465,3,0.995738,1,0.993922185997645,0.9949527167330879,0.9957511385561125,0.9926554061757192,0.9911648904033731
5466,3,0.035951,0,0.07469025304785781,0.08577649230812284,0.09876216420863339,0.06527901975803453,0.057526000121683615
5467,5,0.036924,0,0.08018630255304823,0.09185866286614798,0.10560188380998625,0.07046039115828845,0.06250716779284174
5468,3,0.017871,0,0.06842289825314309,0.07816936867512546,0.08957343645154242,0.05999273377646409,0.05285493150597687
5469,4,0.248286,0,0.26183952542723676,0.2925911626445371,0.32570872225196046,0.23343731811364957,0.20757824885744683
5470,4,0.351195,0,0.4016088009016567,0.4402782794683582,0.4796942382198441,0.3628275721485924,0.323312862206287
5471,3,0.745386,0,0.8299224074301477,0.8529631056411062,0.8732722814971381,0.8028278508599355,0.7699927105605326
5472,2,0.729859,0,0.5976897692193122,0.6361807476212346,0.6732367749962473,0.5572904631221073,0.515938710865458
5473,1,0.799441,0,0.726182091085918,0.7583173374880617,0.7868351429612606,0.6901204414669608,0.6506602769956009
5474,2,0.017317,0,0.0306910904225943,0.03526430820295772,0.040622154588077886,0.026927924458201823,0.02390448373175427
5475,4,0.043013,0,0.09164883697920907,0.1047643898581387,0.11982543409090064,0.08034673163206046,0.07090109277420423
5476,4,0.292322,0,0.4130200551708037,0.4523493133378946,0.4921829266853756,0.37448664790115854,0.33664465657893256
5477,4,0.310035,0,0.3210019942840709,0.35560295217472115,0.39190617867628114,0.28890036220774945,0.25997752180358324
5478,4,0.441987,0,0.3789664801941586,0.4162293976641167,0.45469082995414595,0.34321500833742663,0.3101274253003916
5479,3,0.146961,0,0.13261904864727414,0.1505163547413476,0.17098209091706254,0.11659458072365099,0.1023511036303847
5480,5,0.314757,0,0.15425908206749553,0.1751836066115978,0.19849810724231703,0.13647203097155142,0.12204333134972482
5481,2,0.999864,1,0.9994660169183133,0.9995665312785247,0.9996448908075661,0.9993223862528726,0.9991055478549575
5482,2,0.109809,0,0.0523156156562392,0.059957055603356124,0.0689666515697609,0.04570534812616454,0.040177159391857065
5483,2,0.144324,0,0.15964032938974532,0.1824548835688997,0.20837845424209614,0.13947569100919913,0.12162096395752911
5484,4,0.339565,0,0.5255301645384284,0.5661207440726435,0.605717295848838,0.48429452039314436,0.44372337031165154
5485,2,0.400353,0,0.4536238147586109,0.4936611644871093,0.5338287888825993,0.4139825399287335,0.3745439282834622
5486,2,0.335668,0,0.3834356600775471,0.421110480079709,0.45966419699072225,0.34716079711573833,0.3124943799039772
5487,1,0.854164,1,0.8129050130802123,0.8361914029569069,0.8568212810239839,0.7861923221084863,0.7562318619404169
5488,1,0.999996,1,0.9999504363186272,0.9999609031145656,0.999968417868045,0.9999337858015123,0.9999061726080084
5489,5,0.064468,0,0.0770969385728043,0.08832096390289326,0.10170636883889858,0.06755018862789551,0.05934867166980087
5490,5,0.562098,0,0.47376790109523453,0.5139867760029294,0.5538085926536761,0.43388088441220424,0.3957718464900354
5491,2,0.373273,0,0.2581356299197626,0.2887800986362696,0.32157829677884076,0.22994717569669548,0.20469233591336547
5492,5,0.667801,0,0.5532782052139437,0.5933113025117042,0.631307447033982,0.5116384277687662,0.46928187403700267
5493,3,0.105297,0,0.11851814995284565,0.13522038470300285,0.15440516318736802,0.10403988416888015,0.0915591617250474
5494,1,0.289975,0,0.48014162222505585,0.5208917563545773,0.5615719832571511,0.4392068678057771,0.39860070947098875
5495,1,0.413754,0,0.46612131137535084,0.5063630358962384,0.546477503340085,0.42638317072245663,0.38814156082411955
5496,4,0.177827,0,0.3541853916900721,0.39444267267736727,0.435946828689733,0.31473866867136757,0.2756489168291515
5497,4,0.842916,0,0.6577337829020292,0.6949670365313002,0.7293691982730172,0.6171930955873921,0.5733469777495109
5498,5,0.125497,0,0.169478323104356,0.19377114331714662,0.2210820816611747,0.1479958034770282,0.1291195038761885
5499,2,0.999933,1,0.9996672552184971,0.9997320373261764,0.9997816981264044,0.9995717361101083,0.9994177150936175
5500,1,0.994311,1,0.9891967005761402,0.9909042161387575,0.9922121671609639,0.986960581754131,0.9841820926243247
5501,1,0.998419,1,0.995343341425767,0.9961174182036804,0.9967086162587294,0.9942779477856398,0.9928368147696829
5502,5,0.432082,0,0.2554325234375746,0.2867294060933122,0.3207574804885089,0.22699730185424186,0.2014235205381735
5503,4,0.85776,1,0.8871948129399712,0.9027456590726352,0.9159500693730344,0.8694170083936759,0.849871691058776
5504,5,0.162511,0,0.21834875610970975,0.24592710035310406,0.2761500301670023,0.19393992402784074,0.17289470917275185
5505,5,0.180346,0,0.28091243298930746,0.3134790751982694,0.34852619417158737,0.25092175626749674,0.22384119903506913
5506,3,0.114738,0,0.14472104185914414,0.16497352773450458,0.18792570359048766,0.12680389141447537,0.11089870048785942
5507,2,0.26912,0,0.35109110481399575,0.38794323590941665,0.42584366639739196,0.3169910030196846,0.2865842748367469
5508,1,0.863908,1,0.834802377488851,0.8573168461420039,0.8765100470851835,0.807818887180996,0.7759339499992276
5509,5,0.610133,0,0.49982055687326404,0.5425695903480576,0.5839146194390443,0.4553450867290295,0.4090962023250973
5510,5,0.878323,1,0.9350768271095622,0.9445382758903512,0.9522199693285865,0.9231512701325453,0.9081703711138231
5511,4,0.1182,0,0.19989220452608636,0.22430123972472102,0.25123475355971886,0.17763798854730822,0.15748597397585304
5512,2,0.194341,0,0.48166308083602455,0.5218528916797908,0.5616027850321703,0.4427678519253584,0.4066621730477242
5513,2,0.090755,0,0.1978317737832551,0.22414911011724686,0.25353050510944064,0.17450207477347007,0.15452595493633933
5514,2,0.187383,0,0.2908339259481279,0.32378944887229366,0.35863510715004726,0.2605546288606348,0.23378539754861913
5515,4,0.563096,0,0.526418605308373,0.5687624435277016,0.6098647386028263,0.48273078678194875,0.43799587440607257
5516,5,0.839047,0,0.9714115836183295,0.9763571435558175,0.9801943952491441,0.9644980923599306,0.9542770648229076
5517,4,0.879921,1,0.91258814531753,0.9249789790712813,0.9353917669441753,0.8979870938372039,0.8811902059242702
5518,5,0.838846,0,0.8714889415377641,0.8893159637630994,0.9043896438332838,0.8499040527005979,0.8239226893876366
5519,2,0.679789,0,0.5838248769781599,0.6228144017582762,0.660164109756043,0.5443967015586155,0.5060779392904732
5520,1,0.596807,0,0.4616687629104581,0.502281954781808,0.5422763124183468,0.42160924907557806,0.3833784243820511
5521,2,0.847434,0,0.7337727983353898,0.7674777024083057,0.7978888239279989,0.6939859420466311,0.6448065872787417
5522,1,0.689422,0,0.5249539247816368,0.5652565143152328,0.6043475684866082,0.48296237928935415,0.4400463501860023
5523,5,0.762054,0,0.7246680866891096,0.7552786386424947,0.7827482678368753,0.6912696531383249,0.6559021688397033
5524,3,0.161093,0,0.18300206767402824,0.20646406496499442,0.23218284150205193,0.16221041781570233,0.1445009751435641
5525,1,0.498996,0,0.6660265097300164,0.7045047989011493,0.7399896008252613,0.6228736324178507,0.5750491785747814
5526,1,0.165947,0,0.18404623546208357,0.20838857618892892,0.2347820625642741,0.1623759627641471,0.1437197779924371
5527,1,0.202778,0,0.35699439965091523,0.39682599159572074,0.4380840767496261,0.3180252604533776,0.2801189304599674
5528,2,0.024681,0,0.04336916095898891,0.050171141366011376,0.058071916473962676,0.037770497976417294,0.03316581310834927
5529,3,0.999999,1,0.9999978872788514,0.9999983829030314,0.9999987375776386,0.999997070730605,0.9999955085735044
5530,5,0.984987,1,0.9723565563123886,0.9767343064602656,0.9801564259593994,0.9664836144251656,0.9584078959000224
5531,3,0.637746,0,0.7252011543759437,0.756033982569752,0.7840847204889128,0.6911253108241119,0.6533060601279375
5532,1,0.265346,0,0.4595516065777783,0.49996451818191867,0.5404461893099471,0.4179735275791501,0.3758615754607341
5533,1,0.136155,0,0.3683447683817065,0.4048890922307683,0.4427392406342872,0.33294358017097525,0.2990850174377603
5534,3,0.434107,0,0.3751633322095246,0.4150147278199571,0.4557434900959386,0.33793365169145423,0.3036497683793407
5535,2,0.138919,0,0.19275720688320985,0.22066580732398003,0.2519932298374125,0.1681667449072621,0.14674888210228645
5536,3,0.469451,0,0.4568809429691574,0.498324676680543,0.5395649261971946,0.41617740945637244,0.37690208666745395
5537,1,0.769119,0,0.7877759389343831,0.8134185021460751,0.8360701844486991,0.7588554158099052,0.7272177579691443
5538,5,0.278839,0,0.4324703651613686,0.4713562587764927,0.5103643136168607,0.3948316401425548,0.3594031303987485
5539,4,0.209732,0,0.31062181327599064,0.3449883040059252,0.381189703718015,0.2794738422181913,0.2524071598547237
5540,2,0.346255,0,0.13710274871602124,0.15637743611946728,0.17840857836469456,0.1201944234749919,0.10549355546156745
5541,1,0.146875,0,0.10800571071306174,0.12323381196083877,0.1406095899586539,0.09489477866019712,0.08368728624788799
5542,5,0.180627,0,0.17017672060755282,0.1930630801058656,0.2187692215595129,0.15011229524051117,0.1327522061621224
5543,4,0.999515,1,0.9992471577424216,0.9993911761243244,0.9994992826473196,0.9990486731548114,0.9987711081985725
5544,5,0.093379,0,0.15618479777726202,0.17589439780250546,0.1982474825219603,0.1392791400453713,0.1250211767971643
5545,2,0.146736,0,0.2806921776858406,0.31494094354806745,0.3516808879445522,0.2490871525059481,0.2204517979079913
5546,3,0.45851,0,0.6554691160587868,0.6894889276505735,0.7218324832390289,0.6184974595320236,0.5785276293128513
5547,3,0.17962,0,0.27324570684382904,0.30527291055231087,0.3394042935989415,0.2438913995870863,0.21747944461423319
5548,1,0.777036,0,0.5598105725456102,0.5993006854541529,0.6374280504842776,0.5172532549096592,0.47175283191549106
5549,3,0.256054,0,0.3626297423938699,0.39945396709701375,0.4377711254578837,0.32737934770765525,0.29407196136977487
5550,3,0.350897,0,0.4512436016528779,0.49269182658998095,0.5341431718822351,0.4105645611733271,0.37065588779584235
5551,1,0.949021,1,0.9085946760752716,0.9212505218307967,0.9319560601236381,0.893332908471502,0.8753036517377181
5552,4,0.068424,0,0.13553213206937903,0.15376415744480199,0.17444053767244336,0.1194600284078569,0.105466843017663
5553,5,0.998936,1,0.9963212026723923,0.9969722484015656,0.9974552378072711,0.9954227413932593,0.9941919177406211
5554,1,0.015169,0,0.04543314300177483,0.051847266975017244,0.05938754844372614,0.04013591230782889,0.03583881825063955
5555,2,0.780554,0,0.927903972229176,0.9387098914497455,0.9477695644060301,0.9143565578054484,0.896866387446333
5556,3,0.660956,0,0.601324625820956,0.6375198460888837,0.6716986885690919,0.563809751704048,0.5256350904194258
5557,4,0.22058,0,0.38683397870197195,0.42552162656780773,0.4652735003266676,0.349600330877129,0.3146092662158863
5558,5,0.365652,0,0.43778180741878836,0.476465353317216,0.5151890718504972,0.4005106209276593,0.36611041455905635
5559,4,0.176324,0,0.3223366186338707,0.35770653449677364,0.39468041397107406,0.2900010589257873,0.26098311772038446
5560,4,0.997091,1,0.9915382933811738,0.992986354015612,0.9941213553427091,0.9896243432039771,0.9870355122491284
5561,5,0.186474,0,0.3459051735273271,0.3842224299680159,0.4239732910260298,0.3095990899973719,0.2760383044982132
5562,4,0.621388,0,0.6406664615532993,0.676875510536601,0.7105016807182316,0.6017578844688326,0.5589504233880501
5563,3,0.999986,1,0.9999420807342064,0.9999540699658791,0.9999630681437314,0.9999244571441607,0.9998965972929045
5564,1,0.102826,0,0.09259881768391982,0.10583921705526345,0.12080311371739193,0.08131013084535423,0.07201935952991646
5565,1,0.795172,0,0.6398887643241964,0.6756726590490392,0.7089655148227574,0.6022661938248656,0.5644925911981065
5566,2,0.998748,1,0.9959631765640983,0.9966747135046291,0.9972417108174123,0.9949742332866166,0.9935068988178153
5567,2,0.081479,0,0.22108809383050604,0.24837711063288379,0.2784721544348457,0.19634569310210517,0.17452457002335206
5568,3,0.773001,0,0.7456048784327278,0.7757446556466273,0.8026899973374007,0.7122886954348161,0.675894843623018
5569,3,0.283997,0,0.3764949740447735,0.41405747460567144,0.45274831337784205,0.34097726017734004,0.3089164165114036
5570,2,0.028961,0,0.029480767158229403,0.03394663207902838,0.039169096349714466,0.02577483278842332,0.022794585627488307
5571,5,0.787954,0,0.6469012762484104,0.6865876541171988,0.7228864614263405,0.6011439479331057,0.5469518140393976
5572,1,0.863236,1,0.9368832579368214,0.9472139095336303,0.9556599126954235,0.9228405047410827,0.9031534163349683
5573,5,0.435169,0,0.5000591938861648,0.5422434806950931,0.5831554932789552,0.4574090786611781,0.4152643911463511
5574,5,0.406121,0,0.5022879653986884,0.5410671096728199,0.5788036988054805,0.4637312765749293,0.4264359799795196
5575,2,0.880093,1,0.7550483153542523,0.7811524294848462,0.804112870790119,0.7262368256546947,0.6945985173484345
5576,5,0.55584,0,0.42655710123929375,0.46628932966392295,0.5058590570467215,0.3877104491001454,0.35080448295979244
5577,4,0.100443,0,0.27621068480566213,0.3088091328546904,0.34364942354639155,0.24668259990913793,0.2203286904195899
5578,2,0.800121,0,0.9763467605493136,0.9801228361547103,0.9832641828069837,0.9713651519446247,0.9645117877979497
5579,1,0.140102,0,0.1860353739648839,0.2098689183585926,0.2361317404251194,0.16485891247604928,0.1464694906886775
5580,1,0.045353,0,0.0775872120661146,0.08852685350457266,0.10111902613732163,0.0683504648708132,0.060704625790155675
5581,1,0.779683,0,0.3335806221850783,0.36895959727996874,0.4055233015388562,0.30062625322202263,0.2712056939649962
5582,3,0.113017,0,0.17352465534330072,0.1964411781671439,0.22197935834665605,0.15342386558301693,0.13629485202439665
5583,3,0.054403,0,0.23647702159700226,0.26518864885567356,0.2963413528315202,0.21056697906900546,0.18723516621702493
5584,2,0.238807,0,0.22214896906725304,0.2516272649258008,0.28435326499010394,0.1950012027445485,0.17012153808098424
5585,2,0.296904,0,0.21120044342723726,0.23767098551326288,0.26668046402634094,0.187983522484624,0.16859699978335796
5586,3,0.18627,0,0.3005965948708326,0.3351904841497417,0.3719748372285505,0.2690281700946557,0.24061705210572545
5587,4,0.027701,0,0.05758096164977174,0.06595571715609862,0.07582023535303885,0.05046765911800667,0.04447618591497419
5588,3,0.982156,1,0.968456062101068,0.9733199173498666,0.9772987701004113,0.9624391315994325,0.9549852197480543
5589,1,0.3417,0,0.3821715814210781,0.4193846331662009,0.45704511807680887,0.3466790335326323,0.3140375612136529
5590,4,0.4663,0,0.5242495099533623,0.5620298617233553,0.598929492783385,0.4865451767579483,0.4502517862229531
5591,2,0.30807,0,0.28978404718032763,0.32420361865662006,0.3611729131911129,0.2579091499332988,0.22904193746406745
5592,1,0.11018,0,0.14590178489696873,0.166701546046538,0.18997587953193215,0.12796500950739337,0.11273364304043276
5593,5,0.493265,0,0.46005314310436807,0.5045910091157921,0.5482685442708402,0.4132584413718517,0.3636830688662651
5594,3,0.556272,0,0.6764252154938375,0.7108983667614744,0.7425904926649145,0.639373175281069,0.5996665163638372
5595,3,0.220153,0,0.36078537980380754,0.39842159651674175,0.4377146116012073,0.325172702995559,0.2922401580379807
5596,3,0.119034,0,0.22286511541022835,0.25222814049958303,0.2840251191802425,0.1972145818288782,0.1754726532129456
5597,3,0.045068,0,0.0950320750504153,0.10884099389376455,0.1248680737303132,0.0832458677419785,0.07330022839724433
5598,4,0.153284,0,0.15882456840859507,0.18161560814721808,0.20727360337331208,0.13915650740377059,0.12312579069342797
5599,4,0.217621,0,0.19508038075484885,0.22033186299950377,0.2481232266900759,0.1732766284827632,0.155158421967342
5600,2,0.079459,0,0.07848734208530682,0.09017712842667182,0.10373643356906635,0.06861705420559647,0.06067778542342327
5601,5,1.0,1,0.9999992131102541,0.9999994110424348,0.9999995345008634,0.9999988453484051,0.9999980887914436
5602,3,0.401006,0,0.3823709884017085,0.419806199512942,0.45860176653940077,0.34690265655817926,0.3138574275784533
5603,5,0.639822,0,0.46596336311791425,0.5124947358779605,0.5576946100547827,0.4162716887558386,0.3623180028024212
5604,2,0.208018,0,0.20933948345802944,0.23589931236792663,0.26532596313875945,0.18604171853292129,0.1660192468183919
5605,4,0.38926,0,0.5128980354169885,0.5533343829367096,0.5928654575251807,0.4719883296162934,0.4315133662089587
5606,3,0.026892,0,0.07969552545212252,0.09158892541854102,0.10555374165388423,0.06935848782411244,0.06073458612226713
5607,3,0.687733,0,0.6916172514458723,0.7239222083846508,0.7541549637063113,0.6570318982760708,0.6214234482868306
5608,5,0.611897,0,0.9299465975753489,0.9411007543683008,0.9501315158135031,0.9149294685763021,0.8938058302044268
5609,2,0.640032,0,0.5710341518106822,0.6108701787990273,0.648912884829156,0.5306432565867673,0.49071735866281657
5610,2,0.423508,0,0.40762950401510806,0.4467628308034042,0.48713449190033437,0.36946197787803065,0.3323683197870631
5611,2,0.812907,0,0.888872648214224,0.9048481341743018,0.9186060201112524,0.8693535089790265,0.8450835166933439
5612,4,0.14918,0,0.11155521700253798,0.12771213315570784,0.14629631364211246,0.09785503018825321,0.08691505167274381
5613,3,0.310405,0,0.24706648868960107,0.2782619309360863,0.31189119306675095,0.21917531609757593,0.19495562246859874
5614,4,0.402166,0,0.6632308161785937,0.6979922324413963,0.730065143486529,0.6252218369849896,0.5832716949397708
5615,3,0.660321,0,0.690482481253296,0.7251256897662159,0.7576992733531179,0.6520628559649125,0.6101148920625893
5616,5,0.039894,0,0.07460623742472314,0.08500438721305258,0.09720435470057984,0.06610156810323733,0.05933511842845266
5617,1,0.628941,0,0.6324655679667894,0.6706084102832095,0.7059623707749346,0.5908278859443528,0.5461699062841134
5618,3,0.771031,0,0.6400424699759404,0.6772083773299975,0.712326941469448,0.6008490168884685,0.5602417403816111
5619,2,0.462848,0,0.2184096212058513,0.24696856878942766,0.2784562977864047,0.19301723766389112,0.17086696315743694
5620,1,0.556018,0,0.6061083683819506,0.6426521298477692,0.6773944733557509,0.5687030152685132,0.5320617180628673
5621,4,0.172672,0,0.22964859038846555,0.25900787185115465,0.2909983085192994,0.2035433289828262,0.18154591593932645
5622,5,0.503155,0,0.5670797699036584,0.6075407336316222,0.6456147870275055,0.5250643952297807,0.48289210254038417
5623,5,0.102198,0,0.09538641719016556,0.1084411507029787,0.12353117374951128,0.0844756331829283,0.07570047418201009
5624,5,0.443301,0,0.27944699647360344,0.3123272762022663,0.34755085401016894,0.24936150153598102,0.22234150606074268
5625,3,0.539911,0,0.3257618696338301,0.36523362922181285,0.40743641773717876,0.2871653892118775,0.24941590516322854
5626,5,0.256783,0,0.25713418850071923,0.2882469349825918,0.32155343486809984,0.22900312197944656,0.20441140409274866
5627,5,0.478831,0,0.2958930805167695,0.3299866865571397,0.36587610974063467,0.26544610692728543,0.23945759835911262
5628,5,0.144945,0,0.37538804811155285,0.4154435381379798,0.456524018145603,0.336783630508431,0.30026418029000407
5629,4,0.531199,0,0.6987249287082778,0.7334305146407739,0.7648510358244038,0.6597222495891463,0.6147954367979347
5630,5,0.657941,0,0.6611879909353244,0.6959961227091368,0.7278649386913768,0.624544885110624,0.5875771336631206
5631,5,0.038398,0,0.09185448824841513,0.10477615855321348,0.11982135584099636,0.08094707536770858,0.071767021444508
5632,2,0.259475,0,0.2598434560909092,0.2919162514093306,0.3269515946985386,0.23012429020954872,0.2035546859218191
5633,1,0.562971,0,0.4055651051719578,0.4432944044195038,0.48213629239934713,0.3698369519472844,0.33714149868968696
5634,4,0.39737,0,0.1654075921834237,0.18850154136285008,0.21445664199812953,0.14511233086107317,0.12772774645184434
5635,5,0.489571,0,0.6442524129339371,0.6821761266519539,0.7168362749952552,0.6029398773899534,0.5587173613077663
5636,3,0.111975,0,0.12851126817521638,0.1464318024137323,0.1669581167605933,0.11301224079707672,0.09966572491936801
5637,2,0.474347,0,0.21218597482846283,0.24015386060589583,0.27097665457576336,0.18670173905057266,0.16354963370240325
5638,3,0.618101,0,0.5803911355135077,0.6203763345161705,0.6587322892681742,0.5380820649575763,0.49328829040021865
5639,3,0.376912,0,0.5385729023223143,0.5798117043646934,0.6196497027910466,0.4974894824448089,0.4574368400850844
5640,5,0.474876,0,0.43535998244733004,0.4739444733560715,0.5128291157350967,0.39734484666326475,0.3605454858188365
5641,1,0.420058,0,0.37763394383193816,0.4155094266862335,0.4544918604655003,0.340528255881833,0.3045104910351154
5642,4,0.212562,0,0.19389984637410557,0.2193849338404571,0.24758904252136696,0.1717220808131739,0.15287502866287905
5643,3,0.998596,1,0.9958489844759949,0.9965766323110505,0.9971489141045299,0.9948629637678271,0.9934440022283866
5644,5,0.997204,1,0.9967183037474198,0.9973205753532929,0.997760270931711,0.995823624727116,0.9944205487178224
5645,5,0.670107,0,0.7116843329642131,0.7427016506070122,0.7708061796907963,0.6784686820063368,0.6446628393802516
5646,5,0.184166,0,0.2906903324743916,0.3234805026078716,0.3583156034014977,0.26081597065364326,0.23423106981488273
5647,2,0.184927,0,0.41859872039763024,0.4565669576334096,0.49495955169802563,0.38206464290103226,0.3481180415491836
5648,5,0.844638,0,0.732054467768619,0.7620476664055909,0.7892005953853057,0.6976500659075855,0.6577644308688004
5649,5,0.294977,0,0.4068659549428762,0.44527011358405455,0.48398735606951754,0.3699314818931861,0.335566932213303
5650,5,0.350945,0,0.41123820289981755,0.44873884818133686,0.4864983307409156,0.3757711407351296,0.3436031521452329
5651,2,0.661176,0,0.7001113643873578,0.7348322173902189,0.7669389626312857,0.661555942722344,0.6180678486231278
5652,2,0.489586,0,0.5981881797975419,0.6360311161216422,0.671878931242169,0.5594240623971576,0.5211237867135642
5653,2,0.323183,0,0.320383628248903,0.35384584177244516,0.3894088435930009,0.28927454592671253,0.2610818762417811
5654,3,0.21496,0,0.5081415504916664,0.5466677108985215,0.5847415692939912,0.46955093466803755,0.4328115121232828
5655,1,0.231708,0,0.21351813220793145,0.24076228492569532,0.2697747340822718,0.18915654541223526,0.16816705894224243
5656,4,0.523702,0,0.5176733991303523,0.5591356796734832,0.5996237000272974,0.47556354034938375,0.43406021999481464
5657,5,0.116515,0,0.1950233332093417,0.21934003816996805,0.24664285324719698,0.17313608757507246,0.15356854443074028
5658,4,0.259858,0,0.2513046527839803,0.28105005054563637,0.31320967205146943,0.22421621544380782,0.19984900773459643
5659,5,0.813428,0,0.4912869068773819,0.5306547280814028,0.5691131467821119,0.45210679144856597,0.41386266892596935
5660,4,0.417873,0,0.6106380221636412,0.6487962754446033,0.6848614150576009,0.5706256709264902,0.5300664145838686
5661,2,0.996101,1,0.9842207957924929,0.9867620815450098,0.9887984273017197,0.9808655447178147,0.9761774955447236
5662,1,0.361495,0,0.33718091595194793,0.37344777671351503,0.41174637448244383,0.30274108224440116,0.27113647067381375
5663,2,0.357823,0,0.3754885795393038,0.41247995863412473,0.45109236510134576,0.34037294185511574,0.3080394460110066
5664,3,0.235602,0,0.1656169068791225,0.1882886879979728,0.2139114914810157,0.14547042394854795,0.12763168991401608
5665,5,0.687357,0,0.5814598844677769,0.6202440940450774,0.6568888590523546,0.5412518384737504,0.5007653080980636
5666,3,0.999983,1,0.9998925714693917,0.9999151004823804,0.9999320035390808,0.9998579608810593,0.9997973307862329
5667,1,0.774193,0,0.7228962911229985,0.7553338886210788,0.7845173857376653,0.6871788551385747,0.6492355077405005
5668,5,0.534552,0,0.32081232108669183,0.3556728813183043,0.39247892007511365,0.28865776267956006,0.2598617702620716
5669,4,0.56517,0,0.6491919844781355,0.6829426460199243,0.7145343392257366,0.614090575856484,0.5794419828653542
5670,3,0.80349,0,0.726772182716993,0.7566783121706449,0.7843445340143981,0.6940063008344075,0.6590780533856682
5671,3,0.339226,0,0.41741836820694456,0.45602539950165777,0.49515632537883547,0.38089458952406696,0.3479571179494954
5672,4,0.391241,0,0.4704592861757206,0.5096467891953473,0.5485867206643784,0.43212738185790806,0.39575154465052204
5673,3,0.416794,0,0.3411167032644655,0.37968949298803434,0.4204693000778304,0.3048500215464236,0.27119221111489783
5674,5,0.095842,0,0.049188141974375266,0.056818717833128994,0.06585861065987425,0.0429342146490156,0.03789690892098367
5675,5,0.968483,1,0.9618087471000875,0.967528469605415,0.972084888656275,0.9547098307323056,0.9462190611625367
5676,4,0.269423,0,0.15917003434593274,0.179799235816588,0.20297451202107034,0.1408156818468361,0.12458869573072501
5677,2,0.0759,0,0.1903830097734815,0.21440721128360404,0.24087114991704067,0.16915894696522904,0.1508242230859693
5678,4,0.462019,0,0.47733464448167345,0.5166093400102951,0.5555640132285178,0.4377497287727981,0.39799179371392573
5679,2,0.773156,0,0.7848092818438648,0.810314763162344,0.8331620667080968,0.7556941432317914,0.7226261788794903
5680,4,0.097402,0,0.2415263888915932,0.2725775352837439,0.30624328140247353,0.21219892828229406,0.1837039572752543
5681,4,0.662726,0,0.3999355068846168,0.43619497939882695,0.4734162084327086,0.36456427718159595,0.33120855577425606
5682,1,0.728637,0,0.49971802466169696,0.5391057632482182,0.5772704998809505,0.4598884051577811,0.42119741663329535
5683,2,0.293954,0,0.2606403615894251,0.2905582447964864,0.32303520121179924,0.23297542050994602,0.20805158542153993
5684,3,0.267913,0,0.3382313456103151,0.3752898426881927,0.4141680726224168,0.30408401184007827,0.27378746608475885
5685,2,0.547985,0,0.2957252732523826,0.32973021614503567,0.3662236190608538,0.2643644657744799,0.23662778035471874
5686,5,0.902822,1,0.9083062220661656,0.9231454191576833,0.9350107282265177,0.8887787483440339,0.8620864898263854
5687,4,0.779114,0,0.7585826086507247,0.78908310005119,0.8160256011858328,0.7248979010139519,0.6877077240145856
5688,3,0.837284,0,0.7035022515896616,0.7378643253710224,0.7692208704277859,0.664982864433173,0.6201412501400373
5689,1,0.056063,0,0.09919868232067772,0.11311068981405295,0.12914171854676235,0.08718101660804692,0.07702608364359723
5690,5,0.371214,0,0.4440162419991598,0.48399573955392927,0.523871240493639,0.40500262190804837,0.36847888904741455
5691,5,0.422344,0,0.43896818934214105,0.4819244070346085,0.5247856537906936,0.3939084180373515,0.3457344495463447
5692,5,0.510896,0,0.6290524416840263,0.6662817179821895,0.7009022391846086,0.5894280239487114,0.548432208725867
5693,2,0.734751,0,0.5255507232558617,0.5648080332208639,0.603691508644724,0.48610990463596315,0.44770094778804254
5694,2,0.095915,0,0.11170017267398459,0.12791092342217308,0.14618065224479182,0.09803947110916016,0.08669998138828168
5695,1,0.44657,0,0.5209327358659602,0.5597599534498781,0.597502797973195,0.48206362247824286,0.444603985478849
5696,2,0.226729,0,0.29506745730570105,0.32965760711471387,0.36657769470187346,0.26323012846430427,0.23462806381160073
5697,4,0.372066,0,0.22883605162268772,0.25855610854735445,0.29089972917033047,0.20289703299699025,0.18152291819968222
5698,5,0.99981,1,0.9990861653352285,0.9992605635953664,0.9993857110963396,0.99882728914956,0.9984323624493142
5699,2,0.999169,1,0.9955332212820844,0.9962947007361415,0.9969046065739968,0.9945061540681427,0.9930812422524833
5700,4,0.138105,0,0.2054355670268318,0.23096376090560866,0.258931937450221,0.18285871536031698,0.16313348527742513
5701,1,0.072914,0,0.09703023158810285,0.11056022558373986,0.12596826640963601,0.08555659921612843,0.07598616330036366
5702,2,0.401079,0,0.39230564109913124,0.42798972435502114,0.4640103683179283,0.35860113075002015,0.3276850600065285
5703,4,0.466938,0,0.5424675471932505,0.580835817997282,0.6178897322549004,0.5041311253302917,0.4667201132746497
5704,1,0.579123,0,0.5591819760831728,0.5974540004390593,0.635050884108384,0.520094947622969,0.48075321969317375
5705,4,0.143038,0,0.13904158836445107,0.15731060491552878,0.17802995173636937,0.1228376838040935,0.10856174044607263
5706,5,0.67154,0,0.5676134747315279,0.6039990327506088,0.6387324655120049,0.5312507610247998,0.4969927078978156
5707,4,0.041459,0,0.056427738101001775,0.06551259184548666,0.07615038999085104,0.04900019338643418,0.043058959138421254
5708,3,0.197298,0,0.2855421048667151,0.3182940836591572,0.35275370988157756,0.25568035072918116,0.22884889041966325
5709,4,0.430098,0,0.4840890836164037,0.5251861256625581,0.5657569694694304,0.4433099203303212,0.4040950401427629
5710,3,0.035782,0,0.057804875102850276,0.06616549512848073,0.07579258079359609,0.05075390936396855,0.04496085411119287
5711,1,0.2033,0,0.19842041848313796,0.2241353653287011,0.2523974685827221,0.17541784430379784,0.15504523742554527
5712,1,0.415624,0,0.24823947634040616,0.27770366475856045,0.30880486132954593,0.22138603690570746,0.1977134777069273
5713,2,0.297368,0,0.4459865350962699,0.48606919406687843,0.5261835264462442,0.40619792302204777,0.3672194066847623
5714,1,0.090998,0,0.10729879548589255,0.12219150123973878,0.1392753219571862,0.0944308781445514,0.08337126026119968
5715,2,0.831323,0,0.6470509195945308,0.6838286179332549,0.7181085869994385,0.6080371591412296,0.5672730028309021
5716,1,0.813611,0,0.6451853275839539,0.6829654680795602,0.717538995320668,0.6034955637115823,0.5583973525548556
5717,4,0.552301,0,0.5705300733117822,0.6097309789406898,0.6471083084104503,0.5312460353727915,0.492889485254024
5718,4,0.330037,0,0.2871155250120222,0.3177028606282425,0.3501862042715369,0.258622898076888,0.2325492715765232
5719,5,0.180175,0,0.23610259588238625,0.2636528023719171,0.2937354187185841,0.21177841038236775,0.19100989902241075
5720,1,0.032661,0,0.0498510031617414,0.05706500190548056,0.0656286909697732,0.04386392049789304,0.038967286562929
5721,5,0.293047,0,0.19192592051198756,0.2160449841963455,0.24317802822722215,0.17064674790773893,0.1520335293894227
5722,3,0.828525,0,0.7734710523039726,0.8001784546402676,0.8245041105969517,0.7438199513534347,0.7119612084464858
5723,2,0.393554,0,0.5745352472755567,0.6150653142223157,0.6540673931602389,0.5317607824753928,0.4866364362283762
5724,2,0.669088,0,0.7118721041412592,0.7481633141669201,0.7813205702885921,0.6705223998495945,0.6223150955806116
5725,5,0.994777,1,0.9925561507384235,0.9938205057588707,0.9947777037331765,0.990893396135418,0.9887858703969208
5726,5,0.147366,0,0.09902071794555596,0.11303591617095099,0.12932101436709592,0.08738809189634048,0.07800197414101875
5727,1,0.055711,0,0.0971174831806989,0.11152844681502909,0.1280182334983901,0.08485072603494162,0.0745175671571908
5728,2,0.03669,0,0.06253791537773394,0.07245764521608027,0.08396939768179323,0.05408285043432941,0.04675609490452767
5729,5,0.826902,0,0.791363765602598,0.8177076309222463,0.8405206480863544,0.7614507279241167,0.7281941364983326
5730,5,0.737022,0,0.7740469253839688,0.8020266898975688,0.8264984429521967,0.741881071137955,0.7052426588053394
5731,4,0.061948,0,0.2028894187047596,0.22839888522478402,0.25639273155184367,0.18054672619753373,0.1610020143535551
5732,1,0.329554,0,0.36306917146232087,0.40098853629391595,0.4405547113779496,0.3265129670170507,0.29156613804406034
5733,3,0.355704,0,0.32163323494495244,0.3573598449727161,0.39526711782585705,0.2862213528548716,0.2507279199921285
5734,5,0.154743,0,0.1095634303958697,0.12527785644697617,0.14335446602213112,0.0964345053423115,0.0858380064032027
5735,3,0.069316,0,0.14139650864417408,0.16069477771511512,0.18268070385345642,0.12451501981223528,0.1103413949449141
5736,1,0.394312,0,0.3752153564418709,0.41257383922852836,0.4506675542223111,0.3398918884739048,0.30771446682454284
5737,5,0.793234,0,0.7734955262263387,0.8010115634561941,0.8250849006402693,0.7423489283907342,0.7080942574763147
5738,4,0.454455,0,0.2864759474047943,0.31949674803960526,0.35474403040431884,0.2558579299918156,0.2278969342805537
5739,1,0.416559,0,0.3068352022798045,0.339563469688005,0.3740687229540908,0.276824037824446,0.25019909685513586
5740,4,0.134228,0,0.2218819752310542,0.2485917914398159,0.27766658717369086,0.1980696188097919,0.17705069573764076
5741,3,0.305141,0,0.3138350230398607,0.3486901901809124,0.38617017248646984,0.2810511825498991,0.25087303661034527
5742,4,0.414891,0,0.3822768054766473,0.42086915473416386,0.4604500945055161,0.3458231984537215,0.3120657706963555
5743,3,0.573521,0,0.3414124255182705,0.3771913472017089,0.41437984910644204,0.30863161875788936,0.2802257921090303
5744,4,0.581522,0,0.4884953267951762,0.5295908333545664,0.5698743979254041,0.44726599292467084,0.4063446549819348
5745,1,0.404154,0,0.3047387142384206,0.33894607997676335,0.3751016166310244,0.2731997863601787,0.24539806443392126
5746,2,0.666253,0,0.7859855039270243,0.8124481776324145,0.8361386917355372,0.7550371105644004,0.7180689452353306
5747,3,0.790793,0,0.7946670769644998,0.8201128255652848,0.8425266420631221,0.7664523877322389,0.7358823148715156
5748,4,0.019351,0,0.02142573670674463,0.02480924586304521,0.028897057324235056,0.018719668525109055,0.01665034363584352
5749,5,0.146183,0,0.22358411150744198,0.25264733175339504,0.28456866241078155,0.19669626980300695,0.17166922350247488
5750,3,0.10292,0,0.14977798566177314,0.1703330742300005,0.19370080861784575,0.1316820825187808,0.11580705268791609
5751,2,0.296161,0,0.262426697012018,0.2922023507814784,0.32425688201804853,0.23547791381121258,0.2118342061192805
5752,5,0.634764,0,0.6528272200638525,0.690193230233183,0.7242299195420259,0.611779362247,0.5673345853005529
5753,5,0.254534,0,0.18770919941763692,0.21210075545094417,0.23912708323802495,0.1660988327826248,0.14758185825632866
5754,1,0.878941,1,0.8192964323329148,0.840190702139261,0.858530099177933,0.7952442793787147,0.7685693071429548
5755,4,0.155564,0,0.21877071939532505,0.24744376051729441,0.2788659969187761,0.19327534354862183,0.1709057962281226
5756,3,0.697953,0,0.4626671571530733,0.5053787462797142,0.5487570310721809,0.41947223672565453,0.3754780314371342
5757,2,0.408431,0,0.3036306044392922,0.3359834488001478,0.37015291745474127,0.2737149282207637,0.2466032416622991
5758,1,0.897275,1,0.8132548135734479,0.8352761406222134,0.854865930666504,0.7879284838048876,0.7593476832277228
5759,1,0.226449,0,0.2523368576950952,0.28423918772760887,0.3177146697416739,0.2228977992221344,0.19641644150461965
5760,3,0.715574,0,0.6188352248330635,0.6555054103996133,0.6903892254939015,0.5797501393755464,0.538745403341687
5761,1,0.212958,0,0.3184945738359804,0.3527465090488955,0.3884620490455187,0.2868113008946184,0.25843340554847216
5762,4,0.323497,0,0.3983242316805147,0.4368212560320073,0.4762579709583244,0.3598829625020141,0.32162942972717173
5763,4,0.766704,0,0.6208422649182487,0.6585025300353669,0.6939535645108584,0.5808308235831775,0.5393947411824791
5764,3,0.168906,0,0.30460920080581466,0.34216138813496333,0.3824333802779119,0.26922193163875957,0.23541660392652164
5765,1,0.898919,1,0.9609839160151807,0.9677964046826254,0.9732698957031032,0.9515968356599889,0.9381286640282929
5766,4,0.322077,0,0.20922250559028494,0.2372374127374594,0.2681673353536369,0.18444847626150684,0.16348572671146336
5767,3,0.627346,0,0.5996198577146062,0.6375649401843486,0.673908583700646,0.5605706963066283,0.5214301468194428
5768,4,0.539283,0,0.502989580231582,0.5424628029431438,0.581100060941866,0.46511627648075937,0.4307450285438619
5769,2,0.085479,0,0.1421292637916608,0.161244652792654,0.18278904991028858,0.12555264357294216,0.11146154701624993
5770,4,0.095502,0,0.14785280648867924,0.16908999853051643,0.19306148096612039,0.12994988996215132,0.11531655897604083
5771,2,0.617212,0,0.49074385347631994,0.5291571072447842,0.5675736835044586,0.4522685839605183,0.4151066195364989
5772,3,0.242222,0,0.5121730836227399,0.55114577201362,0.5892546944530599,0.4738103775816294,0.43794539741509053
5773,3,0.813625,0,0.9596737639251454,0.96611579382525,0.9714814711002158,0.9513314695761343,0.9398800348223703
5774,1,0.03148,0,0.0483018351416069,0.05545921705380608,0.06379846713002653,0.04233615945760507,0.03738821343987984
5775,4,0.334556,0,0.32354393581586777,0.3583506960639718,0.3948628939167744,0.29042156496078614,0.25877991146543194
5776,4,0.187113,0,0.15607880857826587,0.17698300867700575,0.20036098495495275,0.1382173670585979,0.12366910841154352
5777,4,0.682617,0,0.644790621446659,0.6824471262658075,0.7173502922617204,0.6044021670869562,0.5618951453253354
5778,5,0.128186,0,0.4237718229706478,0.4639485016868366,0.5044998198941001,0.3846985290919113,0.34764987996167696
5779,2,0.303757,0,0.36783046920324347,0.4069233863121566,0.44749730074060134,0.33008295740987814,0.29403387618509563
5780,4,0.220678,0,0.3117559757161807,0.3459689996313085,0.3820544334860739,0.2791117360599297,0.2478503053851281
5781,3,0.672442,0,0.5457428145100831,0.5839249448311246,0.6209366206002347,0.5070415026401633,0.4683356210553021
5782,3,0.079878,0,0.1349693605562881,0.15390509554226056,0.1754297555848138,0.11853041939122441,0.10478593221994678
5783,1,0.101965,0,0.13879320902354095,0.15862054671462156,0.18095942223102696,0.12166466436475085,0.10713584230323998
5784,4,0.231648,0,0.19172839941762276,0.2166169349967305,0.24400604212596008,0.17028393186867458,0.15230894263843583
5785,4,0.889197,1,0.7623469936350032,0.7897693842940896,0.8142814401321827,0.7326616394208737,0.701580169056119
5786,3,0.376504,0,0.5161385179422164,0.5561161200699244,0.595191709396984,0.47477597659699594,0.43202337817783476
5787,3,0.988237,1,0.9802581516932072,0.9834915084311658,0.986123676421808,0.976164865595903,0.9709043791451275
5788,1,0.766123,0,0.7177374936022615,0.7512021953848217,0.7816710991519475,0.6801364288088063,0.6379549696427754
5789,4,0.835603,0,0.8673234723487995,0.8864195891925135,0.9025902176065536,0.8443535330423394,0.8159688831031123
5790,2,0.998964,1,0.9968462485281523,0.9974119870715771,0.9978612884489526,0.9960487501266869,0.9948329779036043
5791,3,0.549949,0,0.2633558633133067,0.2941201136356064,0.32753937136987243,0.23414147969150823,0.20650775671254384
5792,4,0.301952,0,0.17007887780732353,0.1935832505274502,0.21989725539775326,0.1490185820591466,0.1300492366739621
5793,5,0.335935,0,0.340875071255658,0.3758891237092109,0.4126089640391915,0.30750300426854316,0.2758080282494832
5794,3,0.999997,1,0.9999848360774444,0.9999881610079957,0.9999905563857356,0.9999797377777419,0.9999709818420641
5795,3,0.999998,1,0.9999910736810037,0.9999930617599879,0.9999944851405795,0.9999879772732088,0.9999825288856354
5796,5,0.771705,0,0.9180390223840651,0.9300279694030361,0.9398639588355509,0.9028517135227768,0.8833993679992479
5797,2,0.070224,0,0.21977195924038154,0.2463045445156919,0.2751392857561858,0.19619954263206577,0.17582053333081593
5798,1,0.043239,0,0.0702981307637978,0.0805743313981247,0.09242685807827976,0.06140991462871225,0.05374664680471325
5799,3,0.751976,0,0.6776557981366677,0.7132724479574621,0.746261116301237,0.6398256978017564,0.6005905234149443
5800,3,0.231753,0,0.16473435194261044,0.18731134075621203,0.21301549936939984,0.14466965047677088,0.1268871612223843
5801,3,0.308561,0,0.2935099163406342,0.32630937794056375,0.36114014204046563,0.2635584697313435,0.23738195190852562
5802,2,0.24385,0,0.24105830055868047,0.2703338144580252,0.3022892594383246,0.214314284578549,0.1906137940380063
5803,4,0.436683,0,0.33903536581638144,0.37440240398062097,0.4114099921483741,0.30515277251560224,0.2731027762045802
5804,4,0.050843,0,0.10554221849647864,0.12037283253091932,0.13732966701690671,0.09293429134826736,0.08246669933861608
5805,5,0.205431,0,0.22779827715163817,0.2548713051011928,0.2848031435628613,0.20314954924887021,0.18101482377349518
5806,3,0.729277,0,0.7255674863660339,0.7567179915500664,0.7850176083402512,0.6923862186331832,0.6583687875353383
5807,3,0.431588,0,0.3704207146463371,0.40867632782760804,0.4477170856393875,0.33431773467682163,0.3007415317730603
5808,4,0.999834,1,0.9994629167701614,0.9995646216777194,0.9996409901774608,0.9993227136747157,0.9991286740069203
5809,2,0.706939,0,0.7106132385975531,0.742260715618631,0.7710086108069412,0.675375134797881,0.6354770520218935
5810,2,0.740445,0,0.7927506101168189,0.8194469826021135,0.8429832645847551,0.7612293710820851,0.7228095075901019
5811,1,0.216525,0,0.3227417563437146,0.35684232378018965,0.39270161618560445,0.29075147736260354,0.2614810077743165
5812,1,0.461956,0,0.1980121469358857,0.22510688475761195,0.2545615869981306,0.17397548254492398,0.15305996506498873
5813,5,0.415053,0,0.40344916043415097,0.44342003819600395,0.48419738336005164,0.3631811641802319,0.322448641077445
5814,3,0.510067,0,0.52884777122755,0.5697301335346213,0.6098851153387496,0.4855901846184975,0.4391271503719036
5815,1,0.169738,0,0.09657504055975125,0.11083416066017719,0.12716014506904844,0.08419165987035751,0.07378330158847345
5816,5,0.481912,0,0.5447937628031546,0.5857140651805427,0.6246551316966619,0.5011176752768095,0.4541505141068049
5817,4,0.072755,0,0.13133695388616465,0.1489795062652194,0.1689233556653808,0.11636437303724877,0.10372720186888698
5818,3,0.46587,0,0.4551931608150601,0.49926628429614234,0.5435796652537892,0.411767667239965,0.369236153204261
5819,1,0.787847,0,0.4690960686204846,0.5094033893533914,0.5491150990014136,0.4294462099675252,0.3918615615895433
5820,5,0.986829,1,0.9655974675491158,0.9708509939573877,0.9750361575969572,0.9589726524558445,0.9508395469886339
5821,4,0.571768,0,0.6659860274977818,0.7010551054459728,0.7333836670921333,0.6280584610720915,0.5867391765964146
5822,5,0.583243,0,0.3366245957293286,0.3740514290053224,0.41314748411443525,0.30121047800644024,0.26820251278146034
5823,4,0.19979,0,0.17081817411367486,0.19370916055973814,0.2191189368728078,0.150594093634346,0.13308261287638037
5824,5,0.148984,0,0.11756003029734005,0.13385350151917996,0.15284817097952982,0.10343509647207094,0.0911557120355837
5825,5,0.996639,1,0.9885892688094816,0.9904814373458084,0.9919225607310144,0.9861555208169966,0.9831611220608425
5826,2,0.841519,0,0.8347067797358402,0.8565046015264852,0.8757553387086741,0.8088806862539735,0.7775617756702609
5827,2,0.987741,1,0.985605211742494,0.9877906818495226,0.9895423824390864,0.9828843912784069,0.9795888938478982
5828,2,0.21027,0,0.16640051944702128,0.18943275174785146,0.21485019122667792,0.14664096071605573,0.130263645380425
5829,5,0.375277,0,0.2970597559917414,0.3284801562401354,0.3618654325636652,0.2685209624477006,0.2434802038218029
5830,1,0.606399,0,0.6698749096237469,0.7045140595049715,0.73675619362177,0.6334416336781156,0.596490770321068
5831,4,0.412757,0,0.3309656578850722,0.36680263049637724,0.40417435394900175,0.2987706957504855,0.27102672649276144
5832,5,0.237047,0,0.2581593148072847,0.2872623386157184,0.31920400811438804,0.23165152153666108,0.2078825655022434
5833,2,0.355314,0,0.2459419928758319,0.27577573525496163,0.307736044235049,0.2189723471272838,0.19487868049334964
5834,4,0.996861,1,0.9941793870304321,0.9951888681452539,0.9959778168749063,0.9929157433565248,0.9914354235725801
5835,4,0.828011,0,0.7016036064494708,0.7342876320099955,0.7640144284244791,0.665254759831345,0.6239214216975435
5836,1,0.55983,0,0.4856190501906403,0.5297660337917909,0.5729863470123164,0.43931613560186833,0.39171153480511556
5837,1,0.329863,0,0.20074589812757299,0.22756738653677538,0.25652577505622487,0.17659167652202976,0.1555357840894077
5838,3,0.079335,0,0.13222653570351442,0.1506900251632673,0.17162733265996563,0.11544313947111033,0.10064331514512925
5839,2,0.414206,0,0.37453701786036275,0.41270866714469645,0.4518843302545262,0.3367742319208364,0.2989758062278557
5840,4,0.045951,0,0.12355620456612938,0.14085217229058125,0.16060002395079148,0.10823124703334468,0.0945106011872536
5841,5,0.029343,0,0.06255319499641586,0.07167044410884146,0.08264501890525368,0.0550013747608632,0.04876701210065304
5842,5,0.09843,0,0.19091860601552896,0.21392042011991028,0.23960774211787433,0.17073479451405896,0.1533248664369988
5843,3,0.05873,0,0.05431830272819334,0.06264302242311831,0.07235452479015486,0.047443274309448016,0.04201037840365471
5844,4,0.883427,1,0.7953812563513112,0.821574618896298,0.8445197590458143,0.7647956639447718,0.7280713243443252
5845,5,0.519812,0,0.5497568170689294,0.5862328791097469,0.6214177862684669,0.5127799379575996,0.47634381737506515
5846,1,0.99999,1,0.9999706082576664,0.9999767458718353,0.9999811728540539,0.999960392981792,0.9999422834193151
5847,2,0.426609,0,0.46696503996387667,0.5051979525790934,0.5437753666227191,0.42890399904015886,0.3917356265498575
5848,3,0.053249,0,0.09359646290151424,0.10697552577417561,0.12254777535185941,0.0819983226382893,0.07210443425097011
5849,4,0.210059,0,0.45627577760100285,0.49485220694766546,0.5333150908496863,0.4174517099369798,0.3779453530960266
5850,1,0.642782,0,0.4451644058920679,0.483436078417881,0.5224819785698909,0.407926217499874,0.3722621092612522
5851,2,0.191308,0,0.2779302838526834,0.3097256644705817,0.343268867994276,0.24853174296464803,0.22191558341494505
5852,5,0.038457,0,0.056859178769418026,0.0657807908018972,0.07640876493174528,0.04929327808829999,0.04278395170686798
5853,4,0.332706,0,0.3174835410160887,0.3527200405773078,0.38970728311331393,0.28478472484867295,0.25537607053689815
5854,2,0.663072,0,0.8051772174318955,0.8284968016146089,0.8491448408767615,0.7786629072398566,0.748787637388938
5855,5,0.996245,1,0.9829822545761256,0.9857585495970824,0.9878819443732355,0.9794826219921482,0.9752969511788115
5856,2,0.872413,1,0.7780473052645948,0.8035633204136733,0.8264551704028301,0.7491633416741673,0.7165872727440603
5857,1,0.834784,0,0.844917206383406,0.8664393111090557,0.8850166438139369,0.8192230503803029,0.7885303977513357
5858,3,0.26573,0,0.2830794456825637,0.3167688294339643,0.352391003838539,0.2533076639055499,0.22826506217878817
5859,3,0.926221,1,0.9336986118406494,0.9432299332378055,0.9510827254882541,0.922526398600183,0.9099291334597238
5860,5,0.17289,0,0.3099386468646101,0.34509604191841714,0.3825462416075678,0.2767529734112284,0.24559430018508602
5861,3,0.260083,0,0.3299683668598777,0.3654452118278819,0.40304426108321145,0.2968965784680373,0.26727914196252295
5862,2,0.999769,1,0.9992557886210207,0.9993920098103625,0.9994971209840836,0.9990661419696484,0.9987911802023683
5863,1,0.216297,0,0.34813319327276365,0.383278242041359,0.4195728760647532,0.31480950063620206,0.2839734301917427
5864,2,0.843963,0,0.8070823481908117,0.8317555023261145,0.8535385332153331,0.7780556857270612,0.742877618975938
5865,3,0.08133,0,0.2795452549256859,0.3116096493413829,0.3453602962602773,0.2502585403787333,0.22455978542820398
5866,1,0.999973,1,0.9999373279538187,0.9999500250732511,0.9999590843886605,0.9999172153018552,0.999884498379541
5867,3,0.833284,0,0.7275742155205325,0.7611627035123142,0.7916718306606435,0.6902995864242357,0.6489920538267681
5868,1,0.207261,0,0.26377855097271846,0.29292671521790214,0.3242818728895764,0.23728260954975627,0.21385572702388006
5869,1,0.843246,0,0.872575579764983,0.8913497836069532,0.9074003444105183,0.8489940363278968,0.8185251535004743
5870,4,0.259649,0,0.36199343741658274,0.39899761234622405,0.43728040277017555,0.3271222477848161,0.29500640612605433
5871,4,0.017445,0,0.02684083374814511,0.031212834859789255,0.036467889170023055,0.023354371621971962,0.020755377444209466
5872,1,0.334512,0,0.35369831700640597,0.39660200835892445,0.44078623304367914,0.3106635063108881,0.26759510715428947
5873,3,0.914086,1,0.8871039507502844,0.9023670204663576,0.9150412975284526,0.8697785415154157,0.8507560229516563
5874,1,0.998421,1,0.9960522907331473,0.9967443399570997,0.9972672570964277,0.9951251747317654,0.9939294107265815
5875,4,0.153279,0,0.10896169153452115,0.12490238805883284,0.14320513114871078,0.09509035646369757,0.08309331376405654
5876,1,0.071345,0,0.08814180960449866,0.10089240095248683,0.11574294805170138,0.07736213246292264,0.06853251832494521
5877,1,0.452237,0,0.2623205241545063,0.2919310083003684,0.32409614575651113,0.23554593945106492,0.2120033277467812
5878,1,0.494589,0,0.3125384195089752,0.34659457506728747,0.38289075865191524,0.28004464908731924,0.2498784275881788
5879,4,0.182136,0,0.24361534590346595,0.2716400063295984,0.30201206168612765,0.217979849001712,0.19529194842952816
5880,2,0.993358,1,0.9772745136469044,0.9808316580757868,0.9837041380708959,0.9726978108866928,0.9666179247015354
5881,1,0.638735,0,0.5201689454855761,0.5622541684409464,0.6026770978808016,0.4764512020188728,0.4321148454887259
5882,5,0.999982,1,0.9999137975331189,0.9999322918366801,0.9999448005847105,0.9998826205088196,0.9998252176747681
5883,4,0.822969,0,0.84622565959707,0.868378100154762,0.8872556942446186,0.818297601636802,0.781173438079133
5884,3,0.054914,0,0.1650749400147362,0.18767077438339447,0.21276205289963435,0.14568590220665545,0.12917765599646777
5885,2,0.17154,0,0.1304160783624247,0.14818483941686353,0.16821762249435998,0.11467133620001614,0.10091163904244124
5886,4,0.081958,0,0.1257398716274546,0.14431675854524084,0.16556654234628726,0.10987126211838313,0.09678987723747615
5887,5,0.565656,0,0.4038092492125339,0.44657110282337614,0.4895028030766307,0.36157184129905645,0.32011329594912674
5888,3,0.766271,0,0.834741643816303,0.8558338630664719,0.874438021719239,0.8099511651522158,0.7807999410668999
5889,5,0.188745,0,0.11255101839376268,0.12857636384292484,0.14706597533029078,0.09894480941545028,0.08751767871646013
5890,5,0.063112,0,0.14375780688862064,0.16407503201836096,0.1871659575621767,0.12604625523125362,0.11059237962331052
5891,1,0.077142,0,0.08251593895930041,0.09431704682654382,0.10791927268975963,0.07255372254367368,0.06429724281911102
5892,1,0.656751,0,0.5307073128543026,0.5694504968559638,0.6069388112034215,0.4920300858183845,0.45499844181472254
5893,1,0.358193,0,0.3085474758663289,0.34358096780664693,0.38030887695242205,0.275900989478533,0.2467099559042501
5894,2,0.725231,0,0.6455333007376665,0.6830232666558047,0.7182899217220529,0.6048846115514469,0.5602423513855715
5895,2,0.129265,0,0.09333518913745632,0.10724833334888188,0.12307549543768095,0.08170088396513615,0.07219433623643289
5896,2,0.180275,0,0.3424937440542591,0.3775971332014929,0.413870141074287,0.30898740366435484,0.2771822700478125
5897,2,0.484653,0,0.6630120171377721,0.6992098709781216,0.7332934634355367,0.6238186635851223,0.5821088440258191
5898,5,0.466824,0,0.4587442912684855,0.4958403122431101,0.5327038505373269,0.4228949534669641,0.3897589007225099
5899,3,0.414878,0,0.9860596962385504,0.9885513130510242,0.9905717821031628,0.9826239044390825,0.977450026522089
5900,3,0.531198,0,0.35449022759528664,0.3906689956178094,0.42822734501151455,0.3204472468822988,0.2887698220327142
5901,2,0.106485,0,0.11711985139287771,0.13380985965215747,0.15277936416544693,0.10279810042122436,0.09058145407187511
5902,4,0.542356,0,0.44725046780944344,0.4865521537937029,0.5259771461258491,0.4084171896809845,0.37070179482496013
5903,2,0.525344,0,0.4698269695754699,0.5144961527721491,0.5592957429887649,0.4238862308502946,0.37529065517827237
5904,1,0.394969,0,0.4749314998931334,0.5159010062685185,0.5561897197112601,0.4344905825854199,0.39607958705851215
5905,5,0.78351,0,0.6455980008847231,0.6826489088803535,0.7169801892946416,0.6058080084193467,0.563799280800009
5906,5,0.235793,0,0.252046141164927,0.2821220081481008,0.3144848039727881,0.225579675416158,0.20332631605799986
5907,2,0.281392,0,0.19776461027294692,0.22180080875979025,0.24796761443906312,0.17667492538233853,0.15869114946330715
5908,3,0.419198,0,0.23462230840307755,0.265123604000412,0.29826874763288874,0.2063068076318819,0.18008203242013215
5909,2,0.154724,0,0.1564740872842062,0.1782170431911574,0.20239076262555,0.13760454083944026,0.12123905698879067
5910,4,0.508937,0,0.4007646503470838,0.439926973364459,0.47985210847752396,0.36385783288463536,0.3304749559807135
5911,4,0.299427,0,0.44253829509645387,0.48188737403340376,0.5215030404855225,0.4035052384367005,0.3656323053718813
5912,3,0.00167,0,0.006156942915107685,0.007028990636037331,0.008073938406304753,0.005445129996227599,0.004890704029231926
5913,4,0.26763,0,0.618963503445804,0.6560027733526222,0.6907812078215105,0.58139381628571,0.545214285750855
5914,1,0.220423,0,0.26530006692957797,0.2961696626056134,0.32987820878896223,0.23716691773667894,0.2119790064402231
5915,4,0.729438,0,0.7429145531569028,0.7726501035107557,0.7993774982902246,0.7095188416952605,0.6722193132693172
5916,5,0.32902,0,0.13793431591078772,0.15755245982699553,0.17965829581136689,0.12144944915317987,0.10818786955290823
5917,1,0.213805,0,0.2300740511664799,0.25829495278696885,0.2894344915322634,0.2044418791812073,0.18131891262638367
5918,1,0.685597,0,0.7152127782161679,0.747536564723852,0.7770119087464913,0.6797311746612635,0.6415698180501295
5919,4,0.336945,0,0.2533185512476657,0.2840204080331755,0.31710566506240245,0.2246647167108907,0.19778994234442962
5920,2,0.015833,0,0.04663767324935973,0.05367340440573767,0.06185914281720937,0.04084184414123767,0.03611923600782325
5921,1,0.174272,0,0.4643213670298355,0.5036202608018716,0.542531557752214,0.42473089217741394,0.3856054786567133
5922,4,0.321671,0,0.2546638061046984,0.286919370338845,0.3214824182898262,0.2259461407074311,0.20193243338144434
5923,2,0.456679,0,0.4620129178814755,0.5031060106613754,0.544692330209291,0.42115993524889384,0.38090839063070336
5924,5,0.070038,0,0.1543859260219687,0.17474169493310476,0.1981109922036251,0.13638904137423905,0.12046103879426719
5925,5,0.443911,0,0.5337325987245561,0.5711851041210948,0.6073250411474538,0.4956845056049482,0.4579363365295616
5926,1,0.125638,0,0.18304925681947717,0.20620180148284709,0.2321478914099186,0.16264121269304,0.1451050400305704
5927,5,0.426796,0,0.37954032638082397,0.42487435425492437,0.470217554991994,0.33243189171912646,0.2826932356183297
5928,5,0.444901,0,0.5419139320404344,0.580241871896421,0.6173177781650224,0.5032679359922153,0.46556479805894707
5929,4,0.136698,0,0.2289035626029464,0.2582787406325083,0.2904337267795994,0.20285507638056424,0.18081814265999654
5930,3,0.173678,0,0.31036827933454375,0.34680745274084807,0.3855586198713795,0.27598426358457856,0.24378728186127202
5931,2,0.203336,0,0.16211470485776514,0.184517749491038,0.20949140345187173,0.142308668662737,0.12475919385435338
5932,5,0.701384,0,0.8261718118541085,0.8497025403026324,0.8697294559617698,0.7978625659594433,0.7636848010710737
5933,5,0.90105,1,0.8688482159299735,0.8856708274149496,0.9000289365707357,0.8488366883302705,0.8253760693134194
5934,3,0.631829,0,0.3448333102402575,0.38151870586152514,0.42013674437213816,0.30963785142177225,0.2769389817191818
5935,2,0.263123,0,0.15091094345737935,0.1719347343509562,0.1957002758884218,0.13247529978285694,0.11644084313884577
5936,3,0.816675,0,0.8105546502641094,0.8346146608649568,0.8561394303041138,0.7829339668875676,0.7517948825125813
5937,5,1.0,1,0.9999988407783231,0.9999991331335901,0.9999993148286773,0.9999983003762577,0.9999971927467483
5938,5,0.164167,0,0.1425171858549396,0.16151044509490492,0.1830521730122172,0.12621447696572546,0.11248869804757018
5939,3,0.283725,0,0.16952942629498785,0.1929651882406126,0.21931564274097237,0.1487071204382813,0.13042024420750728
5940,2,0.551893,0,0.4535953181313539,0.4923701723526691,0.5316703892795943,0.4155850413455762,0.38015179303010344
5941,3,0.440256,0,0.24442392251824938,0.2733564092473256,0.30491701229933615,0.21784655106326314,0.19420611614806754
5942,3,0.830065,0,0.6888536682733192,0.7205649830733871,0.74996029485346,0.6540558864910121,0.6160101682572445
5943,2,0.286097,0,0.3553160008767214,0.3921549165606849,0.43066284272397176,0.320443942022774,0.28862931061332514
5944,4,0.021664,0,0.0761431485007524,0.08711349963243671,0.09982156847222431,0.06698376624806245,0.05962764342526492
5945,4,0.570254,0,0.4907772733835439,0.5314153277613741,0.5712782751774715,0.4509949633278043,0.41315094651303835
5946,1,0.632027,0,0.7074660099412151,0.7423716837455128,0.7736449512023554,0.6666505933375667,0.6190836402791985
5947,5,0.125064,0,0.18562878672892716,0.209370003706736,0.23557232692138214,0.16474094038375067,0.14671223929136193
5948,4,0.12956,0,0.11699904833357341,0.13385892731604887,0.1530837498859626,0.10268276904395444,0.09094996442109457
5949,1,0.064332,0,0.06386247186454824,0.07315010226597604,0.08399066905535021,0.05601202090445715,0.0497544635498779
5950,2,0.121935,0,0.08703818278502819,0.09950907698518664,0.11393320868929868,0.07640825873181566,0.06758741108439587
5951,4,0.352514,0,0.3260322130774941,0.3598445954187398,0.39517221618887133,0.2952745279384688,0.2680012250189445
5952,5,0.131632,0,0.04996009467087696,0.05756654935973133,0.06661095885962626,0.043794607233884744,0.038918398106018985
5953,5,0.052232,0,0.12539173879311233,0.14301725998052534,0.16343766439925508,0.11028168456163251,0.09747380685047935
5954,2,0.41266,0,0.3717168709233683,0.40740736502953195,0.444334953659184,0.337917636555808,0.3070413355558083
5955,4,0.154873,0,0.12119654950786592,0.1394596854703174,0.1602574668790248,0.10557943751068873,0.09270851482297852
5956,3,0.572767,0,0.767177986078973,0.7954935937514815,0.8206710998940481,0.7358243412718641,0.7014379354880091
5957,3,0.206852,0,0.19175171379999248,0.2176328952688676,0.24625416214837634,0.16896785202061587,0.14901143689301974
5958,1,0.51286,0,0.4664788823006052,0.5077543387268499,0.5483684381316135,0.42497498910326664,0.38456716867039
5959,2,0.759727,0,0.6479520577564818,0.6876751846689403,0.7251977510517876,0.6041991252060935,0.5562479801400196
5960,2,0.10676,0,0.17551028196421273,0.1994614724139888,0.2259503615586063,0.15467747816979546,0.13708496477686816
5961,5,0.813597,0,0.8098989632155006,0.8337514798550878,0.8545033743837795,0.7820048539647372,0.7498897467096708
5962,3,0.211256,0,0.271050113875149,0.303700688360042,0.3386235099939114,0.23989115866734192,0.2095205867081723
5963,2,0.102987,0,0.16819188950455313,0.18930096025905185,0.21245987031755745,0.14962992654161272,0.13384711058846394
5964,1,0.999723,1,0.999447470065656,0.9995516502365769,0.9996280533665571,0.9992938757971491,0.9990669729785171
5965,2,0.997998,1,0.9937238538582127,0.9947514538685631,0.995559506028077,0.9923514469525547,0.9904328972260411
5966,3,0.519371,0,0.47541452931195494,0.5171769946633054,0.5584914684251638,0.4347821571266746,0.39646850762818237
5967,4,0.587459,0,0.5323127823040935,0.5719911939856311,0.6103449987477553,0.49284904508371985,0.4545001488971719
5968,3,0.786395,0,0.7094406798280244,0.7419500787034397,0.7718157780405227,0.6740983531479624,0.6365605987203032
5969,3,0.097464,0,0.17575440636919365,0.19702233748931045,0.22030413929800471,0.15673610191093354,0.14020061976112738
5970,3,0.067613,0,0.09727208159539338,0.11152968594910265,0.12790353012251815,0.08516550771617251,0.07495041100345631
5971,4,0.298877,0,0.39885879262813473,0.43796797685518746,0.47794489769751913,0.3616036612769773,0.3280366709265606
5972,5,0.257746,0,0.19622461670477764,0.22057008567246392,0.24772287461571713,0.17468718151295606,0.15595679931038928
5973,5,0.999372,1,0.9980099344151897,0.9983829941697112,0.9986513115515134,0.9974687083903123,0.9966650784900173
5974,1,0.378139,0,0.34009791958653385,0.37669913549096123,0.41469244655090715,0.305904440009288,0.27496882334677064
5975,3,0.116834,0,0.10142872965152054,0.11490687818117779,0.13026247899930526,0.08956735548637064,0.07963644925239503
5976,5,0.30978,0,0.30756432723316357,0.33836700480150733,0.371305399883413,0.27936014165237527,0.25430060341487415
5977,2,0.448696,0,0.489209617572832,0.5262071214696116,0.5628972151289671,0.45201962162042403,0.41607783873464965
5978,1,0.375556,0,0.43914080660177335,0.48178041191114623,0.5241497675073576,0.3968369109065367,0.3556155217589934
5979,2,0.302466,0,0.24833967582444397,0.278626086361333,0.31132258956266745,0.22073142069828233,0.19639988726255625
5980,2,0.71829,0,0.5599618199439397,0.5975355816646468,0.6335936615753662,0.5207584923843188,0.480808018156671
5981,5,0.010201,0,0.017518567399739865,0.02015842479383781,0.023388172100557686,0.015446463957166463,0.013852534374329909
5982,1,0.216431,0,0.16685275278928904,0.18859145121801313,0.2123643476211007,0.14780317783862204,0.1316102697571438
5983,4,0.35345,0,0.5631387005310307,0.600331668532772,0.6361092486960028,0.5252432433723213,0.48761615198810965
5984,4,0.042526,0,0.07286523140780765,0.08419035425515095,0.09737628485293816,0.06350195451083043,0.05589121343149942
5985,3,0.197035,0,0.4019139220895074,0.4383805726732421,0.47567953091979986,0.36700331701862254,0.33481519543233673
5986,2,0.272851,0,0.3490833040826964,0.38460073128176664,0.4214066601733922,0.3145180485102684,0.2810531930216832
5987,2,0.024518,0,0.06486150143994766,0.0744142359504221,0.0854107099529742,0.05688165858441252,0.05035969979841487
5988,2,0.169042,0,0.252680615668672,0.2838601450918441,0.3172972770943831,0.22408401443929546,0.19769694178064076
5989,2,0.030837,0,0.11684116192961679,0.13334194126503107,0.15230133322466663,0.10240250329803507,0.0902419680166766
5990,3,0.289031,0,0.40175797398863905,0.443244944669006,0.4862439004003731,0.36067951064431014,0.31983747937166196
5991,2,0.027916,0,0.0640001531559165,0.07344452988874385,0.08436380267046684,0.05608427613784554,0.049710693397648636
5992,5,0.390041,0,0.5516304898392212,0.5894348058943926,0.6262155268420588,0.5124577999553176,0.4723933210815678
5993,1,0.863258,1,0.8465785773759569,0.8652997011260667,0.8816188012610566,0.8247420703256606,0.799923468845071
5994,2,0.998943,1,0.9981924852386845,0.9985097734637195,0.9987618125931808,0.9977622773051761,0.9971715410200239
5995,4,0.07105,0,0.21163397137625725,0.23784667141867033,0.2666574380141083,0.18802942231219658,0.1670881065610306
5996,4,0.619622,0,0.408169379625467,0.44876362638723694,0.4899282389827675,0.36907868218265444,0.33207460610777045
5997,3,0.999996,1,0.9999812374300066,0.999985314893383,0.9999883029391697,0.9999749029007594,0.999963796570368
5998,5,0.179445,0,0.1344995108919213,0.15211492372938215,0.17229402216929388,0.11954017389686297,0.10714355002290171
5999,3,0.106797,0,0.26572538835888493,0.296119024508258,0.32838470812279924,0.2384354688485324,0.21493534309494516
6000,3,0.132094,0,0.14954072734476448,0.16996122847867193,0.1932481056088443,0.13151545844034132,0.11578824944783339
6001,3,0.999997,1,0.9999701686309105,0.9999765712377209,0.9999813325305785,0.999960370807713,0.9999436940262596
6002,4,0.999997,1,0.9999724064848227,0.9999783176563363,0.9999825261335165,0.9999630267040065,0.9999464886522289
6003,3,0.18575,0,0.3060223205404086,0.3380174319122244,0.3718873299365112,0.2752800022033247,0.2460607913908456
6004,2,0.999883,1,0.999691538978638,0.999751743754979,0.9997971063877411,0.9996009015196317,0.9994473273467185
6005,4,0.609458,0,0.5541279577394179,0.5946565455306897,0.633458309696299,0.5112627449444395,0.464714646911537
6006,3,0.587214,0,0.41342093319587375,0.4531372670629357,0.49407881998265357,0.3747148510721572,0.33714236709990225
6007,3,0.449759,0,0.42632913884250084,0.46389678496030856,0.5018672636650384,0.3901500592116046,0.35630633312804844
6008,1,0.999887,1,0.9995972616972072,0.9996732567352918,0.9997301520683866,0.9994794537348862,0.9992881905726619
6009,2,0.423846,0,0.3593447510352237,0.39654581702599484,0.4355210789027838,0.32374228824732915,0.29054808967848744
6010,3,0.057268,0,0.09557797657680583,0.10888015906764202,0.12401183019049457,0.0841102795438103,0.07448087246888818
6011,5,0.243559,0,0.2508695256014843,0.2821343735802366,0.3159301229503161,0.22229535078676516,0.19685919825402226
6012,4,0.776425,0,0.9081810786246791,0.9223433797535819,0.9340588955688995,0.8903042397144215,0.8663959200801054
6013,2,0.104044,0,0.13792216391403525,0.1571415178583465,0.17905177209646475,0.1209958643957537,0.1062631623353963
6014,1,0.438068,0,0.46778389662907177,0.5061274063941673,0.5437000908038296,0.429879557662275,0.39433067679036676
6015,1,0.693703,0,0.5443592247180898,0.5831562382623433,0.6209742225442785,0.5056647220069596,0.46841245407066456
6016,1,0.301144,0,0.3663871556705094,0.40231036216085614,0.4394512429103775,0.33219586228980347,0.3003959693469518
6017,2,0.09276,0,0.1833835019577717,0.2076817768359889,0.23488356439437952,0.16186479520106392,0.14314985242287384
6018,3,0.230282,0,0.3754083348560966,0.4113667457700978,0.4484076348418944,0.34098533252738505,0.3086479255631446
6019,1,0.069203,0,0.05920432518851267,0.06792101399305468,0.07802145418968952,0.051876286809606445,0.0457376623308978
6020,2,0.199361,0,0.10830492902845465,0.12383040515746223,0.14158174458054343,0.09491628828414532,0.08373046690770353
6021,5,0.191889,0,0.23686175941730925,0.2671848288343781,0.2999449909748271,0.20854411460706537,0.18215948477583435
6022,2,0.035561,0,0.11438951225324571,0.13125519202227684,0.15073477271135044,0.09996487341773194,0.0880025998337969
6023,2,0.174991,0,0.20304196889682447,0.229608773488858,0.258802677855693,0.1794873571736791,0.158889381258908
6024,3,0.07894,0,0.08827562376168911,0.10037083864275853,0.11419842365732114,0.07770597721712956,0.06873181131723828
6025,3,0.04569,0,0.07940443362987928,0.09048065010390229,0.10326434335533381,0.06976526453612601,0.06155505284142879
6026,1,0.12527,0,0.10434141736142356,0.11960039598411704,0.1373568828551424,0.09119593742622881,0.07997570292961408
6027,4,0.123973,0,0.11948793786764561,0.1365808619676174,0.15615423903245185,0.10482538154303102,0.0927624337255403
6028,3,0.589455,0,0.4954350238683549,0.5348295312860024,0.5740941239595758,0.45627540883390993,0.41823727664987953
6029,1,0.079988,0,0.07698923304822848,0.08815916360531618,0.10105160684250052,0.06762018479892151,0.05986915527942384
6030,5,0.799143,0,0.8400543220725165,0.8609748519023842,0.8788630883602802,0.8156385680437821,0.7878585135451983
6031,3,0.125549,0,0.17136272067836583,0.19401558559985593,0.21897180824582554,0.1516398149224061,0.13479876019723175
6032,1,0.673556,0,0.6996091614297638,0.7322936509563382,0.7618530719873683,0.6642745907303034,0.6276712721283371
6033,1,0.998245,1,0.9942820051120506,0.9952504236415753,0.9960098335299612,0.9929048340169405,0.9908863861052304
6034,4,0.092295,0,0.1828729449482194,0.20818070067350142,0.23635616077767205,0.1607820052295427,0.1419948095859464
6035,5,0.185554,0,0.11814209496431008,0.13503880791397477,0.15442133962967156,0.10396981453989594,0.09249377267472561
6036,5,0.999937,1,0.9997026991113563,0.9997630938894659,0.9998048487281389,0.9996087158313081,0.999455486140647
6037,3,0.25895,0,0.3528821234678047,0.3895230234028835,0.4277612466879368,0.3183846137346984,0.2873891889422891
6038,5,0.04572,0,0.06557472685452036,0.07561487819445026,0.08746116240044446,0.05741632430820663,0.050966139395026505
6039,1,0.993627,1,0.9936622005327238,0.9947549346261039,0.995595536106492,0.9921917393729398,0.9902526135555932
6040,3,0.620004,0,0.6434888441066857,0.6809255888249004,0.7165886580317735,0.6033548804913093,0.5614393606631354
6041,1,0.140669,0,0.14511395045687872,0.16427053579003817,0.18568293071047257,0.12854924677912488,0.11452222727119789
6042,3,0.123041,0,0.27533723488001915,0.306650949598537,0.34009589671765655,0.2459923128824813,0.21885639198781479
6043,5,0.460295,0,0.38015837389299256,0.41760461493984236,0.4559475702099666,0.3445382130251716,0.31186853124404934
6044,1,0.535402,0,0.378602107494998,0.4172843804830257,0.456570987692489,0.3417790350039401,0.30821238303835696
6045,5,0.479484,0,0.4721395196043098,0.5124759212293223,0.5522084709419722,0.4314515350053751,0.3914755711732281
6046,3,0.999954,1,0.9998229643702685,0.9998582129623644,0.9998850605879775,0.9997725604649761,0.9996960028148392
6047,5,0.02903,0,0.02592052047371949,0.03009776270377773,0.0351319750973277,0.022621777665288716,0.020095959728548853
6048,5,0.156917,0,0.20916025964761623,0.23700518551185554,0.2673527418741121,0.18393543570240503,0.1611878496212748
6049,4,0.439643,0,0.35379065950187355,0.39056224842462944,0.4287806995186834,0.31945377585093626,0.2887363269154084
6050,5,0.03212,0,0.055715966426735306,0.06532401487167985,0.07666991219858933,0.04770818040049325,0.041014590703010986
6051,3,0.538893,0,0.2604967534328663,0.29340021367115,0.3286558205891873,0.22948484451900963,0.19946143380200146
6052,5,0.026909,0,0.04595075943286623,0.05347959573949143,0.06250906292034819,0.039874015977057926,0.0350042702007222
6053,2,0.79794,0,0.882534160418113,0.9002691014542894,0.9154847389710022,0.8602629265892052,0.8313792337831255
6054,3,0.156487,0,0.21264623469659563,0.2396081282058048,0.2688316180303135,0.1880454714085778,0.1654467928209443
6055,2,0.329069,0,0.5826984779875626,0.6212671801758525,0.6584641655748612,0.5429270028861232,0.5032036889171687
6056,2,0.181395,0,0.29213490442653295,0.3237662465753355,0.3570315164371177,0.26250881269978665,0.23537603795620404
6057,2,0.25724,0,0.21868885825688544,0.2463790003585488,0.27702678137747483,0.1939403832630996,0.17243106645345044
6058,1,0.069667,0,0.0696103747991185,0.08005284846494176,0.09225402811956478,0.06092571163961703,0.053737684109570666
6059,3,0.348886,0,0.24797706734234162,0.27790933101828447,0.3101155001269742,0.2214387777277985,0.19905649149536453
6060,2,0.785117,0,0.7996521660788043,0.8265004510663049,0.8502387660678944,0.7678036493663222,0.7289434032765144
6061,3,0.848408,0,0.7675458844167133,0.7963338382574551,0.8225195849508832,0.7348721932697743,0.698254984617968
6062,1,0.802206,0,0.5919929085118505,0.629016749507518,0.6645105719936002,0.553961795598228,0.5163024984130599
6063,2,0.595311,0,0.5097001221437913,0.5477507441643534,0.5854328563119211,0.4715989450595042,0.435183753221871
6064,1,0.267919,0,0.30002408129961206,0.33397669273872993,0.3690065712860187,0.26840561012147346,0.24005960451007088
6065,5,0.607624,0,0.6982600457596895,0.730510401202578,0.759848846563811,0.6635587238927353,0.6278717805319348
6066,4,0.087298,0,0.24124726326814278,0.27278811368324374,0.3071355633986104,0.21288425935943475,0.18820138614164586
6067,3,0.154219,0,0.1240973414706196,0.1410871630869203,0.16072758820087452,0.10905666544141725,0.09621558830702412
6068,2,0.998752,1,0.9959504254933021,0.9966565503254837,0.9972087983245617,0.9949519090538761,0.9933914335458491
6069,2,0.32661,0,0.39294998552299926,0.4314222669504777,0.47115505499015486,0.35651717364468183,0.3235051214806671
6070,4,0.041542,0,0.06019043632751855,0.0691638900609916,0.07975447940218679,0.052659704131778215,0.04640815082923478
6071,4,0.426543,0,0.31852328097506694,0.3525993323073225,0.3884317479118813,0.2871134850759343,0.2588336334762953
6072,1,0.140582,0,0.13144344732960103,0.14977042109318858,0.17045657432178155,0.11539428167069447,0.1015266393632158
6073,3,0.145441,0,0.15850965322622795,0.17953162479153126,0.20285209403743387,0.1401847939361602,0.12474295365251248
6074,1,0.992528,1,0.9790391437124726,0.9823895757864829,0.9850394673858339,0.9747160261885865,0.9692908122684136
6075,3,0.382361,0,0.5000480645753997,0.5395683041176667,0.5787286137927118,0.45904484375374915,0.41653335892196647
6076,4,0.313556,0,0.4713213625549332,0.5115097483242331,0.5512205018108176,0.4317524316894374,0.3925799601752797
6077,3,0.999243,1,0.9973267091111421,0.9977986488581649,0.9981699920291929,0.9966988390829251,0.9958423982437606
6078,1,0.107562,0,0.22381888560450156,0.2510138352005086,0.28074792313624825,0.19915233083944225,0.17705401277882477
6079,3,0.164982,0,0.20695472568285517,0.2343303431710989,0.2647504778254381,0.1822930617888787,0.16021254171557947
6080,2,0.345732,0,0.3263273744954215,0.3610978493542354,0.3980215857941231,0.2935540891038293,0.26381122655309136
6081,4,0.602375,0,0.43186279795106464,0.47280244833797985,0.5139274845944322,0.39033170553422153,0.34768498401098236
6082,4,0.46794,0,0.3504750872891626,0.384896279120984,0.42063419454055856,0.31765101597270573,0.286313848281536
6083,5,0.447327,0,0.6011054177032299,0.6395544594766279,0.6755165884300947,0.5602892198045908,0.5181022167234899
6084,2,0.132181,0,0.14549603640441214,0.16592567756269724,0.18899519514296942,0.127703068785722,0.11283393021062209
6085,5,0.058469,0,0.06919401719464949,0.07953481427759199,0.09190394562460583,0.06048312589435017,0.05308180664308496
6086,3,0.914201,1,0.8493981845632227,0.8688375563641144,0.8855389338140003,0.826989991881519,0.8012637500535815
6087,2,0.04439,0,0.036152340534199336,0.04146743261692033,0.04763865243395648,0.03175694967589545,0.028282134525672208
6088,5,0.032261,0,0.059584667632247595,0.06802062501602825,0.07805710694709467,0.05259360405212811,0.04689901518097227
6089,2,0.838124,0,0.448740406862745,0.4873014035915667,0.5263359710984415,0.4114193535808411,0.3769817791364202
6090,5,0.607911,0,0.39488193684587203,0.4324765108472848,0.47070028744855913,0.3587164684401025,0.32495812448519795
6091,1,0.360859,0,0.37392197629929497,0.4106839759944519,0.4487445971404087,0.3394221260432544,0.30804812738582577
6092,3,0.304005,0,0.4159484653386577,0.4560712834774473,0.4966062230051508,0.37769818577128733,0.3423349542478523
6093,1,0.100393,0,0.2008217020430497,0.2244287394912777,0.25055185850948936,0.17991762465542818,0.1619131733356948
6094,2,0.176028,0,0.24314373745936144,0.27297808588685396,0.30557593604565264,0.2158437326945245,0.19122683672337082
6095,2,0.005831,0,0.004268983522921096,0.0049069556913782465,0.005666944030097972,0.003766604841977817,0.0033893953807002507
6096,5,0.12257,0,0.23268790934453762,0.26182299018820165,0.29373482001531137,0.20627480023639833,0.1825637608293249
6097,5,0.828275,0,0.7308069395523494,0.7654885338312384,0.7956379241994387,0.690292275190015,0.6424881960600106
6098,2,0.191505,0,0.31483981892257834,0.34978333822865953,0.3863268502061582,0.28182351366042496,0.25064333193221355
6099,2,0.739764,0,0.5375901824301308,0.5767971674369452,0.6151994213441624,0.49802522302074465,0.4593830259719649
6100,4,0.802472,0,0.5975482698185206,0.6376392059698781,0.6752307058296781,0.5553407112706527,0.5111914017693628
6101,1,0.171595,0,0.3240280125274742,0.35959367273633536,0.3972236073964153,0.29066809409265626,0.25971945650745454
6102,3,0.274321,0,0.319011021909975,0.35438279482724205,0.39119401346838795,0.28702794058291997,0.25936665303197326
6103,5,0.381085,0,0.196311775867553,0.22065971000556592,0.24760011750692834,0.1752456677420511,0.15758567048323058
6104,2,1.0,1,0.9999973143229806,0.9999979514403192,0.9999984065626597,0.9999962249440156,0.9999940054461406
6105,5,0.998787,1,0.9945599844525903,0.9954995012868627,0.9961974326845061,0.9933114973595832,0.9917061116656829
6106,2,0.489676,0,0.3259577510121401,0.36227352766722437,0.40014954290295546,0.29100651651798054,0.2569873522143539
6107,5,0.800473,0,0.7456622101705364,0.7761331311392738,0.8032236201629444,0.7110775079186179,0.6722941529331568
6108,2,0.612665,0,0.5863914830476643,0.6242878180010711,0.6603437752076762,0.5476082471022774,0.5093229290529109
6109,4,0.390662,0,0.1966003710412647,0.22210582310399987,0.25021606314298467,0.17374249500514982,0.15306785649379162
6110,4,0.727748,0,0.8399782143942273,0.86161174676468,0.8802557594459371,0.8147233127624579,0.7853673877561513
6111,5,0.999954,1,0.9999224079658106,0.9999390614697238,0.9999501922857893,0.9998960719242762,0.9998527433363699
6112,5,0.259592,0,0.15791999369736726,0.179895874500688,0.20473670447100997,0.13847252261461956,0.12125167140961918
6113,3,0.76567,0,0.5166781796936585,0.5564115076239772,0.5953581099001438,0.47762830756231517,0.4408894699732179
6114,5,0.202472,0,0.26030999607251193,0.2902439250470804,0.3228069743151322,0.23294311952212016,0.2082896875633051
6115,1,0.473368,0,0.4719905762108177,0.5134056840546284,0.5539471545524541,0.4307731980266143,0.39091915236261304
6116,5,0.901023,1,0.7804693266617448,0.8074194149759601,0.8311467794091089,0.7495549497020493,0.7145597835551721
6117,1,0.066899,0,0.08091001582394121,0.09295708109386136,0.10695334349798764,0.07073568285435068,0.06218961764771457
6118,2,0.479851,0,0.4748106053368884,0.5140062905683481,0.5529078804383769,0.436425498720599,0.3996026634412887
6119,2,0.881903,1,0.9531529251718344,0.9608562711989912,0.9672710523605861,0.9430145956923754,0.9289029950875015
6120,1,0.715688,0,0.9413572819217503,0.9507382756648579,0.9584434392921761,0.9292243705599416,0.9132769692068352
6121,4,0.385571,0,0.5341040288669575,0.5742470608816893,0.6131607629062004,0.4944414330803582,0.4569899787125301
6122,1,0.179681,0,0.2580763364661682,0.28794754680031653,0.3198590891555885,0.23046183437753,0.20543536129005147
6123,4,0.361405,0,0.2976322445031378,0.3316510551388591,0.367784434301393,0.2666074165351433,0.24000740360884562
6124,1,0.995691,1,0.9873914252947055,0.9894919485805855,0.9911431984267397,0.984618398294237,0.9810069692300255
6125,4,0.249933,0,0.1990158835717464,0.22335748422059393,0.2501785421394163,0.17739045144591276,0.158612292943999
6126,3,0.60536,0,0.7962242181293117,0.8230103337798688,0.8465996379690129,0.7650585370739553,0.7276263455782477
6127,1,0.99849,1,0.9945837887439813,0.995539323300538,0.9962880633427839,0.9932452162113196,0.9913201818533697
6128,1,1.0,1,0.9999984474522053,0.9999988070528181,0.999999054021407,0.9999978097211067,0.9999965947968793
6129,3,0.250224,0,0.21015450552213105,0.23655315765845675,0.26520653183293524,0.1869429942855041,0.16715319090004724
6130,3,0.094956,0,0.12979257716474105,0.14687569996613942,0.1661625444879272,0.1147660694914425,0.10206295965031925
6131,4,0.1734,0,0.5379963031287379,0.5778548011186245,0.6162531332143787,0.4976379075266145,0.45783818927314485
6132,4,0.998695,1,0.9951290039402266,0.9959907420061452,0.9966571429115274,0.9939448623353024,0.9922220913519081
6133,4,0.019839,0,0.015011954505459004,0.017432736660736584,0.02036973513891997,0.013066763739780666,0.011550367403492192
6134,3,0.936205,1,0.9208807312969548,0.9320983596906559,0.9414132169457834,0.9078135814243484,0.8930267065292111
6135,4,0.269449,0,0.488128672449882,0.5257510680520016,0.5628879678402553,0.45137299093371763,0.4163357046958133
6136,4,0.736246,0,0.9168757635202601,0.9295407002250627,0.9400494270221114,0.9013180613446592,0.8819453559027585
6137,4,0.06103,0,0.2208037700239585,0.24988482962394545,0.2818179998873383,0.19490720442270787,0.1725928052285428
6138,5,0.401832,0,0.3993878251572503,0.43498622474821824,0.4718047056661717,0.365104948226022,0.3328380085865363
6139,5,0.098667,0,0.2523910599177771,0.28125970317300597,0.31277111483526177,0.22617226905494775,0.20266146748540914
6140,5,0.241761,0,0.41290837195115415,0.4534283144075372,0.4942851829204574,0.3731990539882767,0.33483648155289253
6141,1,0.091138,0,0.17556262352318552,0.19772313168935685,0.22245398930513002,0.15619333921324283,0.13951094937099168
6142,4,0.410594,0,0.565384110749296,0.6056927166886087,0.6441269497934204,0.5236939256472103,0.48041360784129394
6143,4,0.045865,0,0.10681922463946691,0.12256676655405524,0.1407197854452123,0.09342912613748505,0.08227076537014148
6144,4,0.169745,0,0.23542968711720094,0.26362203177377436,0.29425952995026733,0.21032631417864933,0.18894837536061132
6145,2,0.158778,0,0.14008907543174917,0.15925697861789484,0.1805398314136508,0.12369270345729938,0.1102044147681999
6146,1,0.214274,0,0.1146753212068604,0.1310440030383959,0.14933213322415165,0.10046151811509843,0.08856749465162997
6147,5,0.649379,0,0.4344286483132249,0.4756892321072895,0.5171419665535304,0.3930983152433999,0.35189628489206515
6148,1,0.243171,0,0.39245299162799113,0.42887489842894755,0.4662659304755877,0.3570287731793664,0.3231148258981736
6149,4,0.042373,0,0.09679859644553865,0.11033670710632511,0.12599648546168093,0.0851666434070451,0.07548674745144848
6150,4,0.63037,0,0.7100995118802497,0.7469433621360773,0.77992365116443,0.6679132062776263,0.618160196944084
6151,1,0.825434,0,0.8559574474224805,0.878172626673085,0.8967760369074416,0.8269783423530755,0.7884358844854908
6152,2,0.733406,0,0.4953652132366716,0.5339349766130624,0.5722680105990415,0.4568770656872257,0.4194933330190199
6153,1,0.630074,0,0.615028501761018,0.6528535056492663,0.6885781074105333,0.5756222357849854,0.536064296902894
6154,1,0.998573,1,0.9934983429204383,0.994570593125253,0.9953835927209316,0.9920776341838012,0.990289327967014
6155,4,0.088742,0,0.19038426806273964,0.21534980576057003,0.2430519554295939,0.16818942206098314,0.14894704320789995
6156,2,0.012082,0,0.02218800903235833,0.025812130842334906,0.03011230557100834,0.019267965585160626,0.016966971207734733
6157,5,0.02525,0,0.06225757850424772,0.07204356530288364,0.08370100695229954,0.054158208899629634,0.04756236651880614
6158,2,0.208757,0,0.3993197716035338,0.43620557568267915,0.4738332229553017,0.3642953736999902,0.3319483853390219
6159,5,0.735812,0,0.6810772432301084,0.7199698446600662,0.7547130000398523,0.6361370855519307,0.5836329432569324
6160,5,0.802865,0,0.8557127867465689,0.8756052421773942,0.8924365066510068,0.8315336079822852,0.8021087808442628
6161,1,0.300644,0,0.22743250658685077,0.2545043798971276,0.28419415236107987,0.2031710619245887,0.18172590955366438
6162,1,0.674211,0,0.656303397894914,0.693466396069352,0.7271858224653295,0.6154248520347902,0.5715598273036498
6163,5,0.046304,0,0.07387965619559193,0.08458873482651774,0.0973715831933839,0.064883683447908,0.05734103036500415
6164,4,0.326069,0,0.29429613170086794,0.3286949330608274,0.3651725828178113,0.26179759130727215,0.23110817329478367
6165,3,0.364916,0,0.3914579766269603,0.4291775168425932,0.468528964726178,0.3541168686892335,0.31710187339621715
6166,1,0.127594,0,0.25187685966741125,0.28325636249886027,0.31655133262058766,0.2231947684380713,0.19757427659917665
6167,3,0.026576,0,0.026457686829519846,0.03040197543410962,0.03502224816586592,0.023234873481985857,0.020738768485146265
6168,4,0.244007,0,0.3292742030441677,0.365661858411441,0.40363947225452773,0.2959973444458909,0.26674997321247945
6169,3,0.40377,0,0.39506539550907777,0.4335408136799755,0.4723519832931986,0.35839713843761545,0.3247526691519204
6170,4,0.969069,1,0.9300926975235958,0.9403183479504763,0.9488115335335487,0.917487687773621,0.9016272814985785
6171,4,0.085955,0,0.08049100819475825,0.09283453269357957,0.10724873564146327,0.06999347287150479,0.06116849967866252
6172,3,0.604951,0,0.6979825842343512,0.7335514147938894,0.7659501269308833,0.6578790339490816,0.6120032083946153
6173,3,0.161651,0,0.21179040715625513,0.23839736428690328,0.2678577579662507,0.1878180044514355,0.16660840918915346
6174,4,0.342211,0,0.39597963066445946,0.4355483500913159,0.4760258312970147,0.3585513821608104,0.3246541949913606
6175,2,0.80786,0,0.6814067255546636,0.7141236145486828,0.7447238581705563,0.6456014616354154,0.6073054851256039
6176,5,0.143626,0,0.12337571080922456,0.1416322705218065,0.1625043692623206,0.1078247001096381,0.0948789643599943
6177,3,0.104029,0,0.21504871293323882,0.24193745129011512,0.2715547240584658,0.19095245552044005,0.1700178980971734
6178,5,0.880709,1,0.6615694143270274,0.6968705905898371,0.7295024963285589,0.6228397877263274,0.5806372874852807
6179,5,0.868594,1,0.8193307194010949,0.8447452159833806,0.866427023449644,0.7880450471056276,0.7489532869881856
6180,3,0.151832,0,0.14202586553880006,0.161785514563879,0.18419233883685576,0.12451345526595903,0.10933905331337261
6181,4,0.99694,1,0.9949423271506881,0.9958413188025638,0.996537788987973,0.993778663431063,0.9922881726074825
6182,3,0.322559,0,0.3963648946418497,0.4361259553506546,0.47711403785296846,0.35640174077452597,0.31590985924795945
6183,5,0.992814,1,0.9934865746973625,0.9945837138106688,0.9954064657385522,0.9920635336854281,0.9903139440143278
6184,4,0.843841,0,0.8551512742668771,0.8760521532498805,0.8937563190671074,0.8300705089278124,0.7998482962271447
6185,1,0.180873,0,0.35609543307625124,0.3914440019491635,0.42820772061629647,0.32295251899310773,0.29292298841450387
6186,1,0.48084,0,0.5292443970071842,0.5684591505507034,0.606884992950275,0.4897902152285402,0.45109489339508424
6187,3,0.534797,0,0.35065861254981096,0.389395351755148,0.42991648786890035,0.31254866837055445,0.27412559744314285
6188,4,0.452182,0,0.5043097029847432,0.5442533032936513,0.5832397117390373,0.46375099975561573,0.4217961476468393
6189,1,0.05599,0,0.06221465820273192,0.07140122496035053,0.08231831690674778,0.05458140185262128,0.04834863981692743
6190,5,0.892883,1,0.8099462671624321,0.8325235388011994,0.8524536042852447,0.7843157748929132,0.7562393303310926
6191,3,0.083015,0,0.21589819874902544,0.24365888877613895,0.27466467991372595,0.19109685749478994,0.16961034652694673
6192,2,0.062448,0,0.14980955623414127,0.17032002693930526,0.19365038219316,0.13122882191330026,0.11481273318056336
6193,5,0.999882,1,0.9984466469177423,0.9987405738394464,0.9989507638603508,0.9980096677568498,0.9973323630051196
6194,4,0.070147,0,0.0893076285635473,0.10184953027377418,0.11638269501673414,0.07850275806486194,0.06919380445465147
6195,1,0.790759,0,0.9368829450911557,0.947479783606089,0.956099920917849,0.9227860530163118,0.9033534720163156
6196,2,0.078257,0,0.06735822029285235,0.0773792200741838,0.08900464330115568,0.059078910544522724,0.052573425482699436
6197,4,0.247613,0,0.1467717882670749,0.16757579128239278,0.19111671847063502,0.12856150826914928,0.1126311294216046
6198,1,0.837881,0,0.6913839193991953,0.7245501492061645,0.7546578427098871,0.6550243485843541,0.616306062879637
6199,5,0.289371,0,0.1743124087352845,0.19792674445826985,0.22444016944663514,0.153908488504088,0.13669201987250199
6200,2,0.233344,0,0.43748897087460586,0.4762074583808764,0.5154370664945557,0.3992027554227587,0.36151317351176054
6201,2,0.994204,1,0.9825850160475391,0.9852749072740127,0.9874944616207757,0.9791703490703384,0.9749112908911891
6202,3,0.098489,0,0.20546713494450783,0.2330309617139164,0.26330829280235324,0.18113871727871106,0.1603114917028793
6203,5,0.196122,0,0.27749021597441215,0.3080601357323476,0.3409023103331306,0.24989956905497726,0.22591346554459102
6204,3,0.536088,0,0.4396349891595241,0.47955547432085477,0.5197535841012295,0.40074067726185975,0.3632193924118246
6205,2,0.043451,0,0.16344899773564422,0.18489764212133653,0.2084147946909212,0.14480273686026315,0.12870717649486027
6206,3,0.640554,0,0.49228060409834296,0.5314678409679184,0.5707840612511118,0.4524756861210375,0.4134476952518704
6207,5,0.269231,0,0.21822146230204492,0.2446526596573156,0.2737708212408392,0.19436783247094588,0.17321105342155949
6208,1,0.487503,0,0.652343375798002,0.6892207745948794,0.7229548424813669,0.6122953300652009,0.57011424270296
6209,3,0.137604,0,0.1669581813645654,0.18917030390404388,0.2138952114395384,0.14657191340133408,0.12857731947869602
6210,1,0.057342,0,0.07660873561780779,0.08790493367220424,0.10095897712789959,0.06702515519077944,0.05891088843661558
6211,3,0.814823,0,0.9141447374725721,0.9273782626177267,0.9385082813160505,0.8976960270549409,0.8765667207575788
6212,4,0.230098,0,0.3440435285417631,0.38079552607005046,0.4190022590549029,0.30927123197464956,0.2768244427417831
6213,2,0.401034,0,0.35430452872298834,0.390420300362906,0.42798603696241455,0.3204749851049433,0.28988010005654263
6214,2,0.681864,0,0.5832568663025178,0.623481723433157,0.662425302520317,0.5402107157306044,0.49335159479566115
6215,5,0.819137,0,0.8561889112614688,0.8765140235374286,0.8936678301828836,0.8308346472414011,0.7985139574033037
6216,1,0.072273,0,0.20922274851749698,0.23709601688677845,0.2675597174341445,0.1841648851290009,0.16244701269089867
6217,3,0.97749,1,0.9139231544144898,0.9261102288285454,0.9360719769770993,0.8995283864661211,0.8824480883655621
6218,3,0.199228,0,0.25260128889264927,0.28283878120403827,0.3161752387474919,0.22484950733704429,0.200270625572109
6219,1,0.228035,0,0.28495752408501657,0.3190514526337188,0.3550772580763331,0.25268229814466375,0.2223473613716375
6220,3,0.559702,0,0.37355442667728467,0.4106350795202453,0.44872205793830033,0.33874711490281356,0.30667006111945627
6221,4,0.670945,0,0.572195499653724,0.6122067625890942,0.650376361976212,0.5310519947902389,0.4895111744160233
6222,1,0.191412,0,0.24702309792690813,0.27624947494525043,0.3074609159679854,0.220621130882476,0.19754643708956746
6223,2,0.699595,0,0.3603712175028583,0.3975410843272915,0.43661701822570453,0.3255088620688972,0.2944115596975128
6224,4,0.331008,0,0.3130882345173934,0.3481344873735736,0.38482243925484366,0.2814552622043862,0.25433336846948035
6225,5,0.292085,0,0.24060467394558624,0.2685859801239729,0.29911794145525866,0.21521788504044662,0.19232015440296404
6226,2,0.004468,0,0.014480605883520507,0.016675732357302575,0.01927076403668128,0.012725471550457253,0.011390075528035507
6227,3,0.380314,0,0.34806566159021635,0.38523670075852046,0.4237632885117654,0.3131468944205143,0.28068262340902667
6228,5,0.453423,0,0.6270004582341531,0.6677891369607426,0.705279168629519,0.5817385695435933,0.5314424251131599
6229,2,0.837916,0,0.6381761343736074,0.6760577132838832,0.7114489541330693,0.5981480510443253,0.5564261717320391
6230,4,0.363598,0,0.5085400210031273,0.548423486095364,0.587403378432784,0.466782872030611,0.42232095396857505
6231,1,0.109562,0,0.20896857069601574,0.23560282914514866,0.26448679044909434,0.1851857397208607,0.16480646661948437
6232,3,0.090203,0,0.2365724773514607,0.26445866135687335,0.2947540095866106,0.21095006635527822,0.18824106657612455
6233,3,0.091014,0,0.2562237292699743,0.28684010425742384,0.3194091550768855,0.22863520293416745,0.20439715831175137
6234,4,0.63691,0,0.5695580419941486,0.6067031810614425,0.6423363396520197,0.5318949761082739,0.49508833160856036
6235,2,0.271079,0,0.1022986027222182,0.11668651003737622,0.13297464464659053,0.09002978850513292,0.07983733500071362
6236,5,0.653225,0,0.6133227794688964,0.6538276810943446,0.691407678766344,0.5690583094143395,0.5207447133378201
6237,4,0.990489,1,0.9925620619282379,0.9938467458194347,0.9948534616591665,0.9909839254164047,0.989182457519855
6238,4,0.145569,0,0.14913562146800985,0.1689794825041059,0.19134353558236908,0.13168646752445592,0.11637603924925409
6239,1,0.348859,0,0.4012962601461198,0.43932930414148014,0.4785077482742846,0.36510543877876067,0.33218908050020807
6240,4,0.51132,0,0.7395129725215411,0.7715550556604248,0.8001895924363347,0.7030509572671965,0.6614322633463766
6241,3,0.211234,0,0.16255824882323228,0.18494400666000924,0.20990306445794518,0.14303387047485389,0.1263181573199486
6242,2,0.108636,0,0.1348096985922955,0.15384515555889733,0.1751857192806721,0.1182188513178499,0.10406539411374487
6243,5,0.6717,0,0.5865949422867427,0.6250444753814758,0.6612792104126751,0.5469296094800697,0.5074184135060411
6244,2,0.939329,1,0.8974315567434098,0.9114687236969311,0.9233839031210495,0.8803900083925222,0.8591947272436579
6245,5,0.244503,0,0.3465587074729956,0.38465922063215824,0.4240032881518896,0.3104118358983409,0.27676661444356226
6246,5,0.249347,0,0.4958196078649279,0.5377515193476823,0.5784699402967988,0.4524041180659874,0.40777173111219667
6247,3,0.213608,0,0.3490995919744061,0.3857135371178169,0.4236705255766423,0.3147505079244947,0.28341083278231155
6248,3,0.852156,1,0.7180951891037258,0.7497600666308322,0.7789202608579978,0.6833002622539767,0.6450246677340706
6249,3,0.039021,0,0.09231509602865917,0.10610603242612641,0.12200277336194247,0.08058952912756345,0.0706412227885882
6250,5,0.671831,0,0.6698174110834242,0.703970948554823,0.7353940563235599,0.6325874033210594,0.5927378357164603
6251,2,0.219484,0,0.4305022336836086,0.4714805787080477,0.5126355916457269,0.39075362230286,0.35280026800057246
6252,3,0.828588,0,0.6584073333022651,0.6953307664321797,0.7295361112317059,0.6194393777052173,0.5785861735640593
6253,2,1.0,1,0.9999999240378399,0.9999999440833554,0.9999999579205918,0.999999887460967,0.9999998064668117
6254,3,0.20567,0,0.258805812003301,0.29023763608550784,0.3244944453785221,0.2304741936652755,0.2058031149482141
6255,1,0.749898,0,0.6878930807989777,0.7214569268318406,0.7518444477067596,0.6510473764528467,0.6121043340579978
6256,1,0.191385,0,0.272133041097629,0.3044884206670721,0.3386112699639538,0.24253070489446948,0.21618449264243936
6257,1,0.34841,0,0.28985868129194714,0.3222262892185187,0.3567601351913063,0.26036527501574325,0.23421846920099748
6258,4,0.507196,0,0.6237273129436598,0.6606246066233951,0.695197058999435,0.5845423055624966,0.5435730086231241
6259,5,0.441814,0,0.5278952936396545,0.5659965173193725,0.6029731651470023,0.48883055071818177,0.4492477023670697
6260,3,0.302406,0,0.38299199854276805,0.41952630272442026,0.45730357186036175,0.34752249909069916,0.3132849725553832
6261,1,0.44361,0,0.5068122347593208,0.5470908372918928,0.5866117198912308,0.466582649939304,0.427494647565658
6262,1,0.84463,0,0.7251866008657787,0.7568494036929528,0.7855891810869055,0.6898568998273128,0.651172828500549
6263,3,0.26124,0,0.21352505016442497,0.24170660984075695,0.2723713467420165,0.18856822315189012,0.16725663179981815
6264,5,0.310319,0,0.22979202777907773,0.26022568145599445,0.29296754579816264,0.20204042813577663,0.17705731275376418
6265,1,0.564067,0,0.7914068955885218,0.8180054866539126,0.8414925180268629,0.7612786894896719,0.7279365323599976
6266,2,0.786139,0,0.5451340029447432,0.5825971093542361,0.6189384683575821,0.5073815641303319,0.47058354979226424
6267,1,0.043782,0,0.1165583616060343,0.13289555369752717,0.15162020068954268,0.10267199247607826,0.09098504327138854
6268,4,0.844203,0,0.7620207871922374,0.7903577522674878,0.8155995654698381,0.7308287508475488,0.6970128850524386
6269,1,0.611053,0,0.32375353678781815,0.36121856073863773,0.4001375230213704,0.2873559634619016,0.2530814837794413
6270,1,0.437651,0,0.480286927703595,0.5193502762950424,0.5583496977065008,0.44191580739200764,0.405846393806483
6271,3,0.268282,0,0.36295360356305817,0.39892271087864184,0.43609978619789025,0.3287961954109532,0.2977607250227085
6272,2,0.44589,0,0.886916468251055,0.9040122808648404,0.918512418580283,0.8659786492418882,0.8391364597895781
6273,1,0.992285,1,0.9935055897240479,0.9946468794177377,0.9955407370482962,0.9919241625046927,0.9896846156087374
6274,2,0.708893,0,0.6130415800977208,0.6514437557802385,0.6878189591998849,0.5710024251907375,0.525378424941451
6275,4,0.07562,0,0.11080517892935905,0.12629601952131417,0.14398892973067695,0.09766621082139788,0.08674471326984401
6276,4,0.134073,0,0.14292687921904304,0.16260236024318298,0.18483216309527026,0.12583279886003385,0.11100810175741421
6277,4,0.212191,0,0.5631152416871614,0.6050034895684376,0.6451171430320218,0.5190336328907934,0.4732484225788456
6278,2,0.433417,0,0.49478728006757317,0.5323080749461789,0.5693808323951498,0.45750809687016886,0.4214547291130823
6279,2,0.020807,0,0.04069535311787384,0.04692777827336506,0.054225962797435405,0.035542483238049774,0.03139532596762763
6280,2,0.1053,0,0.1252532058334564,0.1439107124353932,0.1652174005949032,0.10915667320457123,0.09530866739197372
6281,2,0.533664,0,0.6550272449764456,0.689753567381898,0.7220630213358691,0.6178246463109599,0.5778901315906076
6282,4,0.799456,0,0.7072351615408604,0.7416525679896989,0.7728395442621913,0.6683218339455932,0.6243636629719442
6283,5,0.837096,0,0.6824387496204951,0.713357042757218,0.741721630315704,0.6502490972086813,0.6189139902020027
6284,1,0.404665,0,0.6006153780240995,0.636926722269117,0.6712897219371197,0.5624162584540225,0.5233948216546656
6285,2,0.902652,1,0.7611134318650257,0.7889873867463849,0.8141882701205524,0.7298066709355914,0.6952609157312926
6286,4,0.551282,0,0.40864610078268204,0.4488928922702434,0.489846729228772,0.36945987261188845,0.33213483128802923
6287,4,0.99625,1,0.9935761284408635,0.9946781771164501,0.9955384769609225,0.9920813092131198,0.9899586252122341
6288,4,0.814484,0,0.9306224715652535,0.9412812313588124,0.9500681969737852,0.9170517669848662,0.8990535219502066
6289,2,0.243098,0,0.18773068886805927,0.2123519770316852,0.23925830982797264,0.16631419687322085,0.14814227017093787
6290,4,0.541647,0,0.43774404660826455,0.47687320943027073,0.5164137789976296,0.39990456812263525,0.3653215339594645
6291,4,0.07052,0,0.08187631122466596,0.09475673537415347,0.10970969388111544,0.0711020372615881,0.06245923961199092
6292,1,0.871297,1,0.8898232020359758,0.904722353133711,0.9176124766527487,0.8720258548591994,0.8508858431959933
6293,3,0.38552,0,0.5328089809914457,0.5730154406706612,0.6117905998578,0.49143313631324526,0.44814491530711026
6294,1,0.488311,0,0.44364432304915524,0.48445438802941715,0.5253844864410205,0.40364188194808837,0.36599702284109636
6295,1,0.760687,0,0.67659240076626,0.7131433754488157,0.7465621343167055,0.636401792352351,0.5936326429278445
6296,4,0.505169,0,0.6769122149601027,0.711261132686289,0.7428337487778366,0.6404925726850511,0.6024444997014655
6297,5,0.674667,0,0.5926289165471122,0.630322674689449,0.6658918328593181,0.5528670250709644,0.5119816049117976
6298,5,0.648937,0,0.6874693646054204,0.722799874945562,0.7547325831723277,0.6481846374323826,0.6049052192474293
6299,4,0.378932,0,0.33404402897020646,0.370583927082651,0.40851307868280773,0.30060268022278375,0.27089596899059604
6300,4,0.175676,0,0.22584659376363928,0.25262798622191623,0.28196059098513604,0.20116069666323222,0.17869969372021127
6301,3,0.815047,0,0.7225642572181121,0.7543916332192543,0.7835310962662322,0.6872847523662381,0.6485722070358197
6302,2,0.154912,0,0.16283290841573286,0.1869046749066889,0.21433690266195257,0.1418631062293496,0.12393720783311048
6303,3,0.120858,0,0.22962977112930544,0.25785144452647096,0.2886076267726411,0.20456109968738317,0.18324163160192988
6304,4,0.758749,0,0.6871010159070803,0.720723323013701,0.7515796561911258,0.6506606979409406,0.6119050328564629
6305,5,0.052835,0,0.06433883809443308,0.07397299551418941,0.0854999808972774,0.05627249471231667,0.049564925305945806
6306,2,0.998382,1,0.9980986316070897,0.9984398771760841,0.998707019392049,0.9976198467891425,0.9968997575141334
6307,5,0.623641,0,0.5957551141872137,0.6357851600651997,0.6732977403336,0.5531111865429169,0.5087485813233685
6308,4,0.101226,0,0.12722480838495642,0.14475114138814685,0.16461238310822832,0.1122631375111163,0.09975304989353785
6309,2,0.008149,0,0.007578067760598583,0.008745553493095125,0.01014999506607228,0.006618584225860699,0.005867641578780479
6310,3,0.999005,1,0.9956593812002892,0.9964044311965751,0.9969852166228659,0.9947051009496102,0.9934868547283745
6311,3,0.316198,0,0.23986918974977264,0.2708736098420174,0.3043047336219092,0.2125716497917752,0.18925218440489727
6312,4,0.391368,0,0.38735502876648265,0.4230703738149338,0.45972727705313393,0.3531793371554173,0.3211883530240835
6313,3,0.994301,1,0.9785139688082275,0.9819808262025971,0.9848026388015056,0.9742728624425602,0.969231326175746
6314,1,0.703272,0,0.6196440467634844,0.6572711098427494,0.6925179246654756,0.5805653437388716,0.541583618674562
6315,1,0.491211,0,0.5950928211426828,0.6320608473094427,0.6678449620695638,0.5572530521941718,0.5193744510080133
6316,4,0.033382,0,0.07349245406260975,0.08432756086349097,0.09695926607120778,0.06445641861207344,0.05709848342405147
6317,4,0.226964,0,0.16656220808985112,0.1884979574526406,0.21285293814428963,0.14756972435959617,0.1312432185770659
6318,2,0.903478,1,0.9326582129481338,0.9421938332203816,0.9501307701625185,0.9210369769199851,0.9068056969970849
6319,4,0.421309,0,0.3390787302636143,0.37681147256943526,0.416287182528281,0.3033700828224438,0.270734508118001
6320,2,0.506338,0,0.44529482776266094,0.48721555042420783,0.5290536977917164,0.40345768287603506,0.3617208007147749
6321,4,0.464859,0,0.23878530357500688,0.2695360917583674,0.302852360194061,0.21148693671903238,0.1881619547885834
6322,2,0.148931,0,0.10841087347347703,0.12410956470138007,0.14199381285421278,0.0953214428629335,0.08474066238350852
6323,4,0.824551,0,0.6306928238786575,0.6678944245571536,0.7026393134788326,0.5922650354787237,0.5541179601285642
6324,4,0.421199,0,0.4578918178543705,0.495709806582771,0.5334502376150705,0.421430913677742,0.38803828793044853
6325,3,0.333139,0,0.36714952710159904,0.4028460683208071,0.4396207286803932,0.3331341357348136,0.3011096973665548
6326,5,0.218285,0,0.4456674300341323,0.48418816353852234,0.5225770926925614,0.40890438664311396,0.37559651556516876
6327,4,0.074282,0,0.1557534319157037,0.1771860924939386,0.2013677042313958,0.13670710882856904,0.12033171735523514
6328,2,0.726478,0,0.9039726223597411,0.9183833499175152,0.930705235500316,0.8864288146222243,0.8646736745947167
6329,3,0.161285,0,0.2618494261785276,0.29259493502482564,0.32561979785524187,0.23426408990839306,0.2101409996430303
6330,3,0.725913,0,0.5908518141252028,0.6336839739681634,0.6747378164952242,0.5450413990211693,0.4951626623489455
6331,2,0.041534,0,0.053532178840641334,0.0616047671560114,0.07102879641558267,0.04686949786737516,0.04144365166134621
6332,4,0.152111,0,0.2070455392907031,0.2321662068391892,0.25985503298086576,0.18419413538342982,0.16364978660046225
6333,5,0.334742,0,0.1382721610788134,0.1583091634029974,0.18123297426530202,0.12070228894140188,0.1051686356802435
6334,2,0.208326,0,0.2236213613867249,0.25376187112580767,0.28686899922178266,0.19597717000257173,0.17056596202999488
6335,5,0.416938,0,0.6807981438804852,0.7179291628125412,0.7512629162989727,0.6391001046396316,0.5924148287137345
6336,1,0.036683,0,0.11559692086527329,0.13215541317294854,0.15106106749346476,0.10152087330633022,0.08974008502192918
6337,5,0.033364,0,0.05181180707842852,0.05950944567852918,0.06880603848779811,0.045532206713211947,0.040434197895013346
6338,3,0.529978,0,0.5679804517295343,0.6050694255832739,0.6406292287749896,0.5291339511451291,0.4893134450529777
6339,3,0.647582,0,0.4496469052638237,0.48926265148688636,0.5293526606046802,0.4108930347686651,0.3741015809448388
6340,2,0.213058,0,0.2474721462517793,0.2761000391944237,0.30705457622001037,0.22123667421949902,0.19783695335390009
6341,3,0.390067,0,0.4575598892041741,0.4965562095166819,0.5358473629108658,0.41946813224166457,0.38294338165440717
6342,4,0.187378,0,0.2854681513099912,0.31897818976447445,0.35462725694992675,0.25527283657836314,0.22971119938508638
6343,3,0.751893,0,0.7190740299388368,0.7510351115697637,0.7802944737144744,0.6846224801242002,0.648093531352321
6344,4,0.261395,0,0.17674638530020656,0.2006638274899995,0.22740052764600893,0.15589806248715085,0.1383029434415932
6345,5,0.291215,0,0.25975733834958553,0.2910632553629219,0.3249084098336136,0.2314109190044458,0.20647252389574175
6346,3,0.894002,1,0.8083503243205225,0.8338394312705331,0.8560679864017439,0.7787112857598917,0.7429696503635138
6347,3,0.380463,0,0.4179752094193654,0.45806016172739933,0.499371575772277,0.37939068164999634,0.3431071040033116
6348,1,0.202807,0,0.23481207464180218,0.26336078690297077,0.2943738186073819,0.20884300859423094,0.18569349760517992
6349,5,0.471128,0,0.18247008675942145,0.20487557465519962,0.23015203478549784,0.1628699179602153,0.14586123715988433
6350,2,0.991613,1,0.9907655826564954,0.9922357210248377,0.9934315756223739,0.9888857038158241,0.9865384460973118
6351,1,0.630952,0,0.4830668448340811,0.5222296316172067,0.5612916789936971,0.4435512625410919,0.4043518643130173
6352,2,0.330236,0,0.2553539751868247,0.2863074079995079,0.31995144975513135,0.22699646350792663,0.2017928096379588
6353,4,0.099357,0,0.156329176208175,0.17656348838132452,0.19926522822721068,0.13853489473746808,0.12320249852746892
6354,5,0.701465,0,0.4911489293745089,0.5315677261930799,0.5713312742089867,0.4496416965620761,0.4066859637213602
6355,4,0.765205,0,0.5034513714322048,0.5435236532668237,0.5828685853331738,0.4637477884237869,0.4257685388220592
6356,3,0.766324,0,0.6813630973870477,0.7140236608573405,0.7441946755182739,0.6461540476884873,0.6088955628461623
6357,4,0.691351,0,0.6177188165673924,0.6544110281057144,0.6889220422673382,0.5795120759908994,0.5405262507594527
6358,4,0.646147,0,0.4049344035629988,0.4447935290779651,0.4853289945219665,0.36571918512238855,0.3278315391210406
6359,1,0.229254,0,0.46977824587860184,0.5086416573898973,0.5471908248930415,0.4318816875129475,0.39654749080478563
6360,3,0.222466,0,0.5394769988571666,0.5783876295247015,0.6163363775295408,0.49915213970807093,0.45784368032539613
6361,2,0.724665,0,0.7140953949777661,0.7448084851437983,0.7730340750239447,0.6805987538429036,0.6455774904703935
6362,1,0.030848,0,0.05716990637819335,0.06550522239181862,0.07534624522482711,0.05002454546082224,0.043962548819131295
6363,3,0.218146,0,0.3495064244188583,0.3867604046083382,0.4256022873709187,0.31488491272714564,0.28343315285310655
6364,1,0.058324,0,0.24554991603018078,0.2766824917470238,0.3099928082495526,0.21723948880949734,0.19224929326159967
6365,3,0.06401,0,0.1845259518339796,0.2069386226576052,0.2312600252154795,0.1645605724428532,0.14735013517130496
6366,2,0.063007,0,0.0768339656486034,0.0881964829894275,0.10141198724974784,0.06729531490661189,0.05943796458443407
6367,1,0.740132,0,0.7024886768390869,0.7345203987112705,0.7639501344326042,0.6673703421776965,0.6296692521898609
6368,3,0.453864,0,0.29631991833455246,0.33204553344964605,0.36987449751943263,0.2627700298677272,0.23077913498089955
6369,5,0.802141,0,0.8928662370654165,0.9089294531257459,0.9222077675661073,0.872643104567801,0.8468278305194366
6370,5,0.074387,0,0.16146835872238027,0.18320038831919255,0.20771703526750981,0.14271982563163801,0.1269337875418265
6371,5,0.154739,0,0.21249281873638276,0.23883899049224902,0.2677550193807844,0.18910820606201356,0.16855681613650245
6372,1,0.477845,0,0.5297152523363354,0.5704303993655255,0.6098375257711021,0.4882812480946724,0.44771500681872783
6373,2,0.053196,0,0.13163985891637128,0.15068280726087643,0.17261166079106469,0.11498880712216458,0.10108059857019104
6374,2,0.272282,0,0.36294197077719714,0.4029175707919912,0.44447563913707094,0.3238440748710362,0.28565288050143023
6375,4,0.621224,0,0.5245636952630534,0.5629981601397535,0.6003053231455646,0.48502166019185355,0.44422347009109475
6376,1,0.77687,0,0.9098459287418599,0.9235863415080175,0.9350183056363365,0.8927945907251197,0.8718102661184571
6377,2,0.606979,0,0.46103399690658686,0.5007953494852514,0.5404566297965551,0.4214292025020429,0.3819495879179145
6378,1,0.214286,0,0.2983645242566821,0.331998982216077,0.3675095045963324,0.26728642161115423,0.23997435130971687
6379,4,0.9875,1,0.992566830255433,0.9938586550904794,0.9948701999649149,0.990997940896956,0.9892654895720354
6380,1,0.141279,0,0.18525922126819877,0.21068057723222233,0.23820734762328244,0.16255467865378595,0.14294365231691253
6381,4,0.8296,0,0.8758772228690034,0.8930659412367906,0.9076864416657117,0.8556981099460333,0.8322378554860479
6382,4,0.529225,0,0.4999495128930974,0.5405550073230476,0.580529456978904,0.4572691902135431,0.41224260017214637
6383,1,0.213341,0,0.20221865928143803,0.22776942588360022,0.255730255198514,0.17962383000934676,0.16009351304444522
6384,4,0.796436,0,0.6995511898055012,0.7310078191657009,0.759880528459863,0.6655948570328365,0.6299267024634155
6385,1,0.191547,0,0.23766490694785622,0.2675421708707522,0.299429820657129,0.2108416372157234,0.1875346468259049
6386,5,0.997402,1,0.9862632230544347,0.9885061173583423,0.9901962479553836,0.9834724204782643,0.9802512953623072
6387,1,0.304351,0,0.4192710820718455,0.4587173850628028,0.4984759871596237,0.38104113508904014,0.34513374127464763
6388,2,0.160212,0,0.2624993076074456,0.29310654245427065,0.3263460534529287,0.23480493162628274,0.21027025582644818
6389,2,0.521743,0,0.3616297444203553,0.39762589528600395,0.43486243206084035,0.32747948482476713,0.29571392646439704
6390,5,0.597741,0,0.5593966215312381,0.5988216613044094,0.636179499210273,0.5193044990716653,0.4801031751022379
6391,3,0.563992,0,0.5992244729416183,0.6369078611976456,0.6730539358100788,0.5604869353938874,0.5223856320531882
6392,4,0.781031,0,0.6232132603036861,0.6597843290743529,0.6941397966621239,0.583922069608609,0.5420190797700837
6393,2,0.17579,0,0.23783472616349052,0.26780920727694,0.30080150340426903,0.21072386157660783,0.186852882212734
6394,4,0.999628,1,0.9997056405899362,0.9997634702249865,0.9998063377908161,0.9996242175360371,0.9995077138890797
6395,5,0.742839,0,0.6913323419318419,0.7252519881700671,0.7559693475688373,0.6542607039981266,0.6143610773094964
6396,1,0.154749,0,0.17878552197646508,0.20293063531751834,0.22902555916771702,0.1572442997682754,0.13865184805297204
6397,3,0.617739,0,0.6236681903524767,0.6596537662529466,0.694052043601596,0.5856546280075392,0.5469790828008935
6398,2,0.063534,0,0.11046673448675166,0.12609723776922183,0.14397511142556768,0.09707009682405301,0.08583342368722768
6399,5,0.191806,0,0.2234128710859981,0.2500173832572679,0.2791917854445573,0.20003788642139558,0.18026702575040315
6400,4,0.52732,0,0.4357253403209664,0.47487405325497106,0.5143585052912978,0.3969140748021178,0.35934014778625745
6401,5,0.799733,0,0.7761539076842493,0.8036008564126509,0.8278180174143359,0.7435334596397309,0.7039143429894048
6402,3,0.972231,1,0.9729206696391883,0.9772161174340284,0.9806752060290377,0.9677807179705934,0.9618768841714018
6403,1,0.895925,1,0.7270262591091254,0.7585927828879208,0.7873525616104141,0.6917455153586811,0.6530520962315309
6404,5,0.505903,0,0.5888603673343236,0.6307928427387751,0.6694613170729734,0.5442586409382213,0.49732402870111014
6405,3,0.039646,0,0.21711336819081561,0.24652171106728177,0.2787861349412689,0.19045461083362017,0.166001704132942
6406,1,0.477521,0,0.36494029470920303,0.4038507804982568,0.4435181807498435,0.3283762836806205,0.29528612762107764
6407,4,0.151632,0,0.2607937296491549,0.29222876258731373,0.3258914181285087,0.2329410041390497,0.20896638465381376
6408,4,0.156369,0,0.11924988168303517,0.13602719082407613,0.15521233239464818,0.10454673521006973,0.09164428397655579
6409,5,0.730121,0,0.8892411857639981,0.905026813926348,0.9180120001271914,0.869868697426619,0.8463585893835283
6410,3,0.241379,0,0.3165827035520045,0.3528838418329398,0.3912986751845457,0.2836710349131151,0.25471866450306274
6411,3,0.060223,0,0.08460486857789988,0.09739654765483277,0.11210680505197781,0.0739841291503761,0.06533603133807735
6412,4,0.997566,1,0.9923937052805529,0.9937161301178583,0.99474916020228,0.9906869761412629,0.9884992466361745
6413,5,0.774799,0,0.5949257062201867,0.6338555665449401,0.6704633461802855,0.5537923151931929,0.5107479592134307
6414,3,0.006292,0,0.005578974029698282,0.006380262665943536,0.007331574166643978,0.0049102748919440005,0.0043870138612729205
6415,2,0.164802,0,0.17516480362624243,0.19768123198010334,0.22260836697487793,0.1550615569342314,0.13750310553117565
6416,3,0.866088,1,0.8633465943188008,0.8836556387552464,0.9008853236690219,0.8387782923737431,0.8077046747585181
6417,3,0.323469,0,0.3546785079728434,0.39011974776277997,0.42659320566882664,0.32056170118263105,0.288139238427844
6418,1,0.372421,0,0.4180481987779231,0.4567023230171952,0.4957814487406356,0.3806786212747564,0.3454903144369643
6419,3,0.832417,0,0.7755990367609338,0.8056972752978304,0.8323062332820901,0.7399114849383105,0.6966213698882227
6420,4,0.444884,0,0.4040881479927952,0.44462907480638997,0.48584718875618244,0.36489526298545344,0.3274201901706119
6421,5,0.425868,0,0.3945976691432055,0.43095608440892286,0.4680186488210461,0.3598661600937508,0.32748030685202045
6422,2,0.123777,0,0.14070985058420243,0.15998195358390124,0.18140500786920669,0.12419818369049972,0.11040833850557627
6423,1,0.319094,0,0.5556402903669,0.5951213569149829,0.6333515139237562,0.5156927211515965,0.47643640317541025
6424,5,0.30402,0,0.2772885496950888,0.3107288997708681,0.3458686137219732,0.2466793443683604,0.21927359899867713
6425,4,0.113962,0,0.12975878569082483,0.14794684690145507,0.16853712319787054,0.11440572201991298,0.1018888606345653
6426,4,0.999916,1,0.9993411409275683,0.999468645277846,0.9995640702716838,0.9991697200152629,0.9989429805141157
6427,2,0.457902,0,0.3960925702165124,0.4347962972184051,0.4747179147955115,0.35864713970727724,0.32315318524661163
6428,1,0.156878,0,0.14522961974027454,0.1648742630509384,0.18674328960429323,0.12789313384559292,0.11312391345415096
6429,3,0.267104,0,0.24844626212333992,0.2780706486627351,0.30962955523316427,0.22192997881949922,0.1984447618275018
6430,1,0.68527,0,0.3107842915017976,0.3463085110244339,0.38344702378527795,0.27814318255478365,0.2492282759797571
6431,5,0.999946,1,0.9996800643047692,0.9997441787690943,0.9997886061733333,0.9995842736148448,0.9994389361436213
6432,4,0.782084,0,0.6507313164399651,0.6880840314274996,0.7225493539057298,0.6110503071690602,0.5692196683171321
6433,5,0.82005,0,0.6873834041999709,0.7202006716884274,0.7501161397872846,0.6526726675056018,0.6176160209459143
6434,5,0.326882,0,0.4193857395125572,0.4616897772998177,0.5043106113761539,0.37690896224578097,0.33439125885734405
6435,4,0.124204,0,0.09363397128220453,0.10728412656630326,0.12294007933420821,0.08212459561983651,0.07245399632819348
6436,1,0.44598,0,0.2019197977283658,0.22919965652165397,0.25897819164980657,0.1773856527358394,0.15586681162887
6437,2,0.794268,0,0.8730359040098176,0.8902993870584255,0.9052933946014634,0.8525513123987438,0.828244268650681
6438,4,0.051,0,0.09961688498559412,0.11442677405961953,0.1315509479485146,0.08692691347585768,0.07660101325523293
6439,1,0.209475,0,0.2882988070760802,0.3199397085401449,0.35344942684381564,0.25908200928863956,0.23289515044699885
6440,1,0.458306,0,0.5701526543782922,0.6089774390268827,0.6460249748092923,0.530270285239964,0.4907482476102774
6441,1,0.553965,0,0.45565780351992613,0.4956115686869979,0.5354853129658143,0.41480274760793695,0.3732424247402313
6442,2,0.278998,0,0.5974447531001791,0.6333792466740572,0.6675256626933033,0.5605143462416567,0.523899979136996
6443,5,0.145348,0,0.20494596803882745,0.23148047545072617,0.26064351725457274,0.18186768445993678,0.16258839087651777
6444,5,0.398183,0,0.272946629432467,0.30410304023302853,0.3375794894073655,0.24468307730910027,0.2199323275295041
6445,3,0.74314,0,0.8552545673112323,0.875848821031069,0.8937256501551972,0.8309984297045285,0.8019551762035975
6446,4,0.388783,0,0.5318924425109995,0.5708787282477387,0.6086421321334355,0.492650125783755,0.45373091183711395
6447,5,0.029172,0,0.037041723464415185,0.04264454405017262,0.04940637539839178,0.03255121240609729,0.029016406938691168
6448,4,0.514975,0,0.43460899484970456,0.4764526231171209,0.518501761800931,0.39275834437836116,0.3511065428844272
6449,1,0.490084,0,0.5427878886897871,0.5830471413909023,0.6214286101912782,0.5018703665709239,0.46195759107425727
6450,2,0.293857,0,0.29421159622452747,0.32657028858497794,0.36064388226004623,0.26429853840820444,0.23789019277063606
6451,2,0.848573,0,0.71023411235385,0.7413654385658619,0.7699672514939323,0.6762371437544231,0.6399277746164709
6452,5,0.337308,0,0.29800285286856537,0.3306427925027877,0.3652881014233047,0.2680109911109941,0.24112443852869483
6453,2,0.512642,0,0.42744494195210264,0.46340076539794334,0.49967408887497367,0.3923106713785268,0.3590964752200223
6454,3,0.240309,0,0.1964654306038419,0.22127641179928365,0.24844664732949803,0.17427765041783944,0.1547556031265728
6455,1,0.484238,0,0.5669272751627116,0.6102800152882218,0.6513328666942546,0.5187239246398819,0.4651147440974312
6456,2,0.061673,0,0.15407927160593776,0.17505817906916632,0.19843221098150032,0.13554000803233596,0.11927893611444351
6457,4,0.148524,0,0.09412285070316677,0.10802184520469313,0.12411802260483099,0.08259883288218402,0.07347139397026971
6458,1,0.999982,1,0.9999487446391855,0.9999596302560593,0.999967494994465,0.9999312114820511,0.9999013996283483
6459,3,0.10149,0,0.22245706678755453,0.250563876421379,0.28125160384390124,0.19694055852196138,0.17372553622114625
6460,5,0.101454,0,0.20786912707244048,0.2349874906240712,0.26475279721690387,0.18428558936931821,0.16459376848036594
6461,5,0.299813,0,0.2102429901794355,0.23781868005016107,0.26837182772407875,0.1857944068158013,0.164662749366793
6462,2,0.383609,0,0.1741664333137955,0.19816078406002127,0.2247528948711266,0.15318500938332136,0.13539212756189015
6463,3,0.228319,0,0.41935862390696965,0.4598096594635271,0.5005891364224231,0.38074061271652093,0.34457940300610257
6464,3,0.490198,0,0.45917662713127827,0.49793045122943225,0.5373011726263714,0.42091014099807167,0.3842640466124067
6465,1,0.331745,0,0.3158953946215212,0.3490911562475933,0.38400146131793234,0.28530547060905553,0.25794324961434256
6466,3,0.15719,0,0.26329346088554056,0.2951715093614522,0.32980100385241556,0.23388086980151446,0.2076151512486873
6467,3,0.491325,0,0.4394157033855527,0.4782383023161354,0.5174001911864532,0.4023217188871057,0.3686869349624871
6468,3,0.472937,0,0.635190012601315,0.6717104619027611,0.7062168219651698,0.5956074274025693,0.5525662994457329
6469,2,0.112575,0,0.1655388704834101,0.18743019874522174,0.2115972517277134,0.1463204796813633,0.12991544325308163
6470,4,0.779433,0,0.5392703584428239,0.5802894809488501,0.6198473205525636,0.4961682237633964,0.4502788302181958
6471,5,0.129056,0,0.2583951444282491,0.2886514887156422,0.32132683290817876,0.23063162418160615,0.20548309990051633
6472,2,0.575935,0,0.47484573146655723,0.5145042698421147,0.5540569804334694,0.4363182364252986,0.40052725068552036
6473,3,0.815693,0,0.8335298819848088,0.8559491016942455,0.8755108689793504,0.8075019694974471,0.7771222718329212
6474,1,0.766257,0,0.6234755369374775,0.6639984335273574,0.7012278216236654,0.5787968581791232,0.5298558242720894
6475,4,0.614685,0,0.32594348813956553,0.35974958751112324,0.3951418219442127,0.2941786513620792,0.26434144238536145
6476,2,0.898358,1,0.8287789985021804,0.8508317412197071,0.8701910745935179,0.8033105254970977,0.7738694509186536
6477,4,0.145266,0,0.2889842891876748,0.3210934925555453,0.35511648180036964,0.2603927069619819,0.23570923736240157
6478,4,0.413243,0,0.2483061787170602,0.27736137452451004,0.3088121908972004,0.22225618151002444,0.19965207691646758
6479,2,0.098157,0,0.09758548577424647,0.11281996305522096,0.1306595338497563,0.08459302543789603,0.07378586046364265
6480,1,0.718847,0,0.699285138356372,0.7348369219031851,0.7669478759571456,0.659566023908858,0.6160377864999776
6481,4,0.494814,0,0.5506416255280263,0.5898540096518312,0.6276236384345074,0.5104607251976078,0.46958557510355725
6482,3,0.53586,0,0.4137684199920843,0.4507043664827636,0.4890571595640762,0.37707825939047296,0.3415550236790156
6483,4,0.452527,0,0.4190702525140864,0.4552204888240494,0.49182882094388214,0.38403609660842297,0.35074202211538497
6484,2,0.156908,0,0.22231315637162513,0.24955445719992475,0.2792818200968057,0.19777692348020143,0.176410016491793
6485,3,0.996862,1,0.9939611447811509,0.9950018264030436,0.9958272499720855,0.9925860274932276,0.9907007050793473
6486,5,0.601684,0,0.5601046334476906,0.5984651529859744,0.6350813778356702,0.5207706064778724,0.4816125603623969
6487,4,0.12076,0,0.15906009960363376,0.1811808744265079,0.20606519028847567,0.13966073408789675,0.12271623598745862
6488,3,0.159098,0,0.09969383101003632,0.11413473304885005,0.1308418342944036,0.08707769620430963,0.0762060280886953
6489,4,0.372005,0,0.31956252514141786,0.3545552271177693,0.3912243437311985,0.2868848506774646,0.25690799725870456
6490,3,0.517573,0,0.34989019678915456,0.3860410158104462,0.4242497925779768,0.31495978783285833,0.28139387368475055
6491,3,0.792371,0,0.6437519411140784,0.6791965533834101,0.7123431312101078,0.6056288555686121,0.5650732952493218
6492,5,0.11109,0,0.21182103219938123,0.23837676384039652,0.2674066692175555,0.18806785133613074,0.16712966482233949
6493,3,0.279532,0,0.45755725377947315,0.4972093892763996,0.5365897486412287,0.41907756605046614,0.3830736826294092
6494,4,0.197448,0,0.2710083639901073,0.3011192374223281,0.3333497675015901,0.24347921024558167,0.21892105930286157
6495,4,0.446583,0,0.4252475784778691,0.4639635366118711,0.5028698245819752,0.3883077439231486,0.35385082452131345
6496,3,0.459114,0,0.6935227948464732,0.7260952257866127,0.7562566145854472,0.657600612355408,0.6178141856019412
6497,1,0.014773,0,0.04785953788068125,0.05458293699530843,0.06255417850039291,0.04223618358803898,0.03774413135106156
6498,3,0.22289,0,0.4291178340348664,0.4675068641853692,0.5063367322916875,0.3922820335848988,0.3578692051745467
6499,2,0.044608,0,0.04591308250264781,0.052975961257940164,0.06122139277591534,0.040131384168641225,0.035500811182537347
6500,4,0.113876,0,0.12989888122693208,0.14879527485000496,0.17025133519398508,0.11384165216980151,0.10045586756037377
6501,3,0.706109,0,0.4839028346567864,0.5229919579473971,0.5615432005984222,0.44494744901513894,0.406837207967163
6502,5,0.074879,0,0.17034352447692425,0.19173795068158633,0.2160346624001098,0.15151105046945884,0.1350217906838498
6503,2,0.278394,0,0.298446526386526,0.33453342424418214,0.3730504432011713,0.2653646810994083,0.23554355821824113
6504,3,0.988781,1,0.9829332874613104,0.9857233097557899,0.9879688954377234,0.9794599464974303,0.9751694409020081
6505,4,0.073125,0,0.19685814896097864,0.2247522565817462,0.2556799218898431,0.17232340682282915,0.1511158102783449
6506,5,0.071917,0,0.11045665723801944,0.12681433777090217,0.1456473989190942,0.09686170119375148,0.08592376465250537
6507,1,0.807557,0,0.7073332876863763,0.7414747934751966,0.7723735402489292,0.6691917714413785,0.6272530489045762
6508,3,0.249365,0,0.2601395977820126,0.2918908572599566,0.3264137008720221,0.23117047922401532,0.20482106376080306
6509,1,0.213174,0,0.2618816970773469,0.2941618153097408,0.32853049000603407,0.2326206716835307,0.2070311786920142
6510,4,0.157893,0,0.2993273688844255,0.33096416526739614,0.3645144790512027,0.2697585912675033,0.2424675075875926
6511,2,0.555652,0,0.20456996462654278,0.230476077315005,0.2588281300233177,0.1811910464126725,0.16041832698009048
6512,2,0.298839,0,0.26099136048512483,0.2944814727733611,0.33047961599351655,0.23005403773630878,0.20102904357345364
6513,1,0.03034,0,0.060710374738208776,0.07045274202421951,0.08202636089142604,0.052360080501295675,0.045285035977567015
6514,3,0.35681,0,0.39322726113312406,0.431591752965517,0.4711689989108843,0.356762547465035,0.3225343686766912
6515,1,0.33783,0,0.5153826128570029,0.5578108056101398,0.598390986425464,0.4706286932848869,0.42459081592796993
6516,1,0.310179,0,0.306260154834039,0.34143637407140653,0.3779794921012932,0.2734651603797869,0.2437816109433371
6517,4,0.844389,0,0.8047389654526249,0.8304037000076011,0.852783930976804,0.7740330807620542,0.7367095458600202
6518,3,0.455758,0,0.1181395225573114,0.13531091725147174,0.15483630307937354,0.10334438374342797,0.09108937187447023
6519,1,0.136429,0,0.1684940453141465,0.1921341442101087,0.21870916162921403,0.14750334538050877,0.12915046002789754
6520,5,0.715661,0,0.36427288117177403,0.39971067149508527,0.4367687328240185,0.33046185947698414,0.29867776515346345
6521,5,0.111913,0,0.11235555476771845,0.1277263059493838,0.14547247306546776,0.09926915009758375,0.08837555776977604
6522,1,0.368065,0,0.3222267038463838,0.35953998525446673,0.39810100962006667,0.2863408723787724,0.2524323190676674
6523,1,0.036069,0,0.10086553550699998,0.11472375325432844,0.1309277161383896,0.08911799481890763,0.07952256877117599
6524,2,0.036055,0,0.08952971721925018,0.10183648075087195,0.11568952488339616,0.07910041824315323,0.07048327908008421
6525,1,0.085739,0,0.13096512145166986,0.1476726918860758,0.166877040932304,0.1163254528679141,0.10393213163666241
6526,1,0.288419,0,0.17312906871180675,0.1964583460616803,0.22222230914865043,0.15204321516052893,0.1330863154022828
6527,5,0.030387,0,0.058091629156701144,0.06681202437626726,0.07721900103428225,0.050886986517220296,0.04492613408722106
6528,5,0.014636,0,0.02961490566410668,0.03413646538113681,0.039660569186801664,0.025897567923566938,0.022843275648662092
6529,5,0.50078,0,0.45837762832240836,0.4967785278023759,0.5347616946968955,0.42097504427793747,0.38576661360073394
6530,1,0.018544,0,0.07622456354168784,0.08735960671301055,0.1003866518274439,0.06679825918455798,0.059202094054060066
6531,5,0.235613,0,0.10430686212015114,0.11868853075804067,0.13536271777383563,0.09217772067128467,0.08211112388533087
6532,1,0.365865,0,0.48709184494077884,0.5271726295056435,0.566888097578561,0.4470658996370249,0.40803834549556445
6533,1,0.847533,0,0.9541599383276297,0.9619155073346888,0.9682099988517284,0.9437657816622078,0.9294716783777967
6534,1,0.127205,0,0.11301444837559149,0.1288892261410675,0.1470812316993926,0.09940748952208094,0.08829423798251328
6535,3,0.246212,0,0.2588889879974837,0.28884522658512074,0.3206122246813679,0.2314837322672492,0.20659793989580463
6536,4,0.335993,0,0.5076328797202211,0.5481528698715157,0.5879377547036653,0.46715708835823166,0.4283728125010974
6537,2,0.583442,0,0.5348398107080856,0.5747380143888391,0.6139387508602393,0.4934963369865048,0.4512047978386827
6538,3,0.092347,0,0.18376088000289226,0.20808530681317036,0.23511544841889787,0.16229963361300048,0.14378030629722494
6539,1,0.104018,0,0.15636833376573966,0.1765679995731567,0.19924101523495824,0.13864400933201004,0.12326950675670188
6540,3,0.183791,0,0.26228016502476514,0.29195238471401086,0.3240721539825286,0.23480576858633323,0.20995721721330243
6541,2,0.806712,0,0.7180953910495187,0.7494209853214668,0.7781474727434544,0.6839099625705718,0.6477410467221474
6542,2,0.494732,0,0.662775373527436,0.699104665550514,0.7327701080360448,0.62254821870109,0.5772793259991816
6543,2,0.363586,0,0.32072925152967985,0.35656597525863537,0.3941922601246789,0.2873929959301455,0.25676406265076357
6544,2,0.202422,0,0.2006267323085586,0.22612226048705072,0.2538317256768692,0.17792039093255416,0.15810215563930038
6545,5,0.999996,1,0.9999783857798675,0.9999832263895116,0.9999863954443128,0.9999702957401675,0.9999558874698582
6546,1,0.01383,0,0.02902455131419466,0.03325097245024659,0.038266987133352325,0.025530193093573926,0.02268607056527582
6547,4,0.126985,0,0.13837918759481294,0.15961607187587132,0.18362280351814617,0.11965936528902245,0.10304006550297705
6548,2,0.264796,0,0.3379559261021022,0.3721239735448609,0.4080206674681056,0.30558049304064966,0.2755343603831521
6549,2,0.305497,0,0.3287323147986896,0.36100538887833644,0.3943170417601701,0.2985425643207255,0.2709857837632583
6550,2,0.825252,0,0.9498215441803325,0.9581764745922264,0.9651204034527411,0.9390797985129072,0.924553014320898
6551,1,0.305416,0,0.21830788012093208,0.24432087472513261,0.2728750581743428,0.19497021453142505,0.1746310523587614
6552,2,0.427737,0,0.3892352017787419,0.42509097862046114,0.46135025655481093,0.35564455908142784,0.32547480604527607
6553,2,0.342355,0,0.3148348201092377,0.34919674158750735,0.3852129335462311,0.28242362765894197,0.2525262969972204
6554,4,0.458885,0,0.41501710373765854,0.456015440102476,0.4974864612340055,0.37485139316414434,0.3365220689100093
6555,3,0.327507,0,0.4898895631812235,0.5327741491933667,0.574894311850824,0.4468290026271667,0.40363156475222955
6556,5,0.134689,0,0.42717172889230076,0.4642933606813864,0.5014333115422415,0.3913747820983342,0.35797050163073124
6557,5,0.156872,0,0.1364204347961081,0.1551348194908733,0.1766730235614148,0.1202285502867166,0.10634401559731947
6558,3,0.14268,0,0.18570797582319507,0.21000515140722864,0.23663895187675618,0.1646284630977864,0.1466203287033447
6559,2,0.150933,0,0.27511422577556544,0.30904581185960855,0.34583218730000737,0.24376752170411484,0.2156492075770124
6560,5,0.094324,0,0.28360135360814026,0.31549105987108433,0.34954811247307893,0.2548700152847599,0.22998521618361795
6561,3,0.83693,0,0.9595240390099713,0.9661258847129652,0.9715643038942986,0.9509298691015324,0.9391206097561313
6562,3,0.020936,0,0.0347159326816807,0.03984246274128899,0.04593252719437885,0.03043220113528748,0.026926264767951274
6563,2,0.083669,0,0.22314805622010475,0.2512856647129477,0.28222594097972564,0.19784530604217948,0.1758061563658925
6564,5,0.52589,0,0.30682450964082086,0.3393583663582133,0.3738550582622233,0.27727123459160613,0.2514398897792126
6565,3,0.049809,0,0.04651160222188435,0.05357108005871358,0.06180301942762604,0.04075078911500379,0.03611569346703381
6566,3,0.043603,0,0.13951248010136075,0.15915312840230347,0.18140288344345218,0.12262175570685006,0.10839886446253116
6567,5,0.494689,0,0.3117955024338822,0.3438819183089047,0.37782320861059104,0.2826076100571538,0.2570561120374494
6568,2,0.515846,0,0.6253994584580368,0.65974783778876,0.6927569405459281,0.5886273056196393,0.5502107242023377
6569,5,0.04451,0,0.09659710613239035,0.11112157404359967,0.12800425874372232,0.08421789997785877,0.07392055200128374
6570,1,0.509999,0,0.44748882273491475,0.4890129026095533,0.5299514777833544,0.4054591007442588,0.3634855092481322
6571,2,0.23965,0,0.2248441083544062,0.25261374834540934,0.28262349042458706,0.19987566053113795,0.17762190644201198
6572,4,0.510419,0,0.3119317388377544,0.346711656590873,0.3832361022712299,0.279931153892106,0.25087323498712294
6573,5,0.662367,0,0.6437370160623952,0.6809466172029988,0.7147735050852803,0.6029961316448073,0.558726508151974
6574,1,0.592096,0,0.3310594434136574,0.36788657547046616,0.40648986694556155,0.2966093184125094,0.26510990782315524
6575,4,0.202929,0,0.4993995781675865,0.5391742273197083,0.5781461682939496,0.4607784500089556,0.4254534831072623
6576,5,0.364974,0,0.31315495731463794,0.34821665683972886,0.38487776848808786,0.28090784055377443,0.2520883870102518
6577,2,0.999996,1,0.9999819130321339,0.9999858959182285,0.9999888147276932,0.9999755101542961,0.9999636619957856
6578,3,0.991145,1,0.9859631353728822,0.9882518236447327,0.9900952965030759,0.9831283060932113,0.979701745741846
6579,1,0.80083,0,0.8346043787008083,0.8586141992173888,0.8790578895471974,0.8048054175895276,0.7676073832187216
6580,3,0.079326,0,0.21149899697677133,0.23758382977636347,0.2661596162316335,0.18814149388904614,0.16806040306509745
6581,2,0.0925,0,0.18120659798191516,0.2051537973199245,0.23154808845416178,0.1601588762393483,0.14237444314840147
6582,5,0.177514,0,0.2064746402057104,0.23451850371470745,0.26543544956361204,0.18117235600832707,0.15849891205554686
6583,5,0.999997,1,0.9999859600492991,0.9999891320662542,0.9999912210916968,0.999980632235215,0.9999711338639259
6584,2,0.073082,0,0.09476379917767228,0.1088733141858491,0.12507782532924897,0.08297864864011391,0.0734376324372484
6585,2,0.081345,0,0.15718933315551492,0.17834353371839393,0.20185081546581765,0.13862034177207214,0.12245543014222086
6586,1,0.087639,0,0.06284172453059714,0.071726931731905,0.08212310791934106,0.05538177811343905,0.04919771720568865
6587,3,0.582534,0,0.5292249979199111,0.5683118505685957,0.6064959340027976,0.49020273802882136,0.4530162343095097
6588,2,0.6836,0,0.6731383292848374,0.7067666321700206,0.7378856236928449,0.6365200662064627,0.5973798908140245
6589,5,0.650516,0,0.6768739394072705,0.7101885890997809,0.7409525090173931,0.6407330056685921,0.6027763775082571
6590,3,0.986811,1,0.9832790029513884,0.9859819542984023,0.9881211406739616,0.980042988153025,0.976380280871215
6591,3,0.721812,0,0.6835883009170438,0.7194177205305011,0.752684096239913,0.644543257315748,0.6025448324326484
6592,1,0.129632,0,0.22592870567971143,0.2525834849624025,0.2814761043316064,0.20214153222488712,0.18161162201214998
6593,5,0.575811,0,0.36832651189958715,0.4040025143960983,0.44072560411379724,0.33529285684896787,0.3061419419497565
6594,3,0.390409,0,0.40137289810886095,0.4433315607223267,0.48667150750268307,0.3603183225953109,0.3202388782022557
6595,1,0.508949,0,0.40744498048266536,0.445877258542205,0.48545244853048075,0.3700471711520795,0.3342743027404179
6596,4,0.484183,0,0.5573358190789847,0.5965274012115075,0.6342653411221129,0.5176452818266217,0.4795721088956788
6597,1,0.591003,0,0.40251488511088934,0.44066534638897265,0.4800089808984825,0.3654558570363489,0.3306013959456275
6598,4,0.666176,0,0.5972312943243826,0.6353736909453248,0.6715790137022956,0.5560291145830804,0.5114386259609252
6599,2,0.329886,0,0.37222165218454845,0.40841450418768716,0.44615860797061724,0.3374230066281086,0.3054316401056902
6600,1,0.996264,1,0.9911598520262349,0.9925873121475006,0.9936732859247451,0.9892741622281984,0.9869049996225172
6601,3,0.057624,0,0.11145516939488259,0.1267566922455433,0.14390335020981065,0.09847888679994544,0.08775967436022672
6602,2,0.130163,0,0.2999286513213739,0.3329231561981723,0.3678670409923137,0.2690114861272923,0.2408477334060827
6603,4,1.0,1,0.9999967234431468,0.9999974653107278,0.999997979212661,0.9999954590003605,0.9999929884781227
6604,5,0.198212,0,0.23459762242489987,0.26219321391240114,0.29245453969778823,0.20964272121196553,0.18713704503218412
6605,4,0.110166,0,0.14805059583908192,0.16850220784029057,0.19161349078942358,0.13023071009018442,0.1149372316501277
6606,4,0.257313,0,0.20639441160020275,0.23362533558744072,0.2636017889705022,0.18217989387604877,0.16123024726954013
6607,3,0.0755,0,0.05891784761138137,0.06767940538595264,0.07804891470394679,0.051452936510865806,0.04525422169623256
6608,1,0.212776,0,0.3535350710220423,0.39099315554442915,0.43029040925926737,0.3172445775824149,0.28236086294982554
6609,1,0.456631,0,0.4661114719616541,0.5056571238179399,0.5446555581154024,0.42668547955677194,0.388479481996132
6610,5,0.396937,0,0.14379083548357863,0.16330937861083897,0.18549494452263424,0.12710216008027633,0.11311806168004175
6611,2,0.999952,1,0.9997896738710791,0.9998316224433951,0.9998636059274267,0.9997265682952498,0.999621323534806
6612,1,0.069213,0,0.20804308725132048,0.23292137022607906,0.2604200688583864,0.18585245798152816,0.16644792828726626
6613,2,0.832176,0,0.8296050275302574,0.8511901138487229,0.8701305229234466,0.8047833921143829,0.7763511184237387
6614,5,0.278922,0,0.41357750673894367,0.45247249504083786,0.49215178278903926,0.37425883250254155,0.3342021473491325
6615,1,0.082319,0,0.13853004706351926,0.15653568269525267,0.17681687331773957,0.1229028745730082,0.10963583194660843
6616,1,0.252782,0,0.2420884002382927,0.27239267221895613,0.3053673159374562,0.2148116887832583,0.19077619827432207
6617,4,0.656228,0,0.4661319780663827,0.5057305261414924,0.5451777908200893,0.42773823492491725,0.39260828802458525
6618,4,0.999938,1,0.9995043465439342,0.9995984731791695,0.9996687015422607,0.9993613932984965,0.9991201827288687
6619,4,0.130268,0,0.05725683276355297,0.06624639446034906,0.07677736502224358,0.04982924891305304,0.043858854527225676
6620,4,0.045205,0,0.08417846907609985,0.09672516731806957,0.11121053842813586,0.07382703629511711,0.06573021959477938
6621,4,0.11073,0,0.28277326854486606,0.31721506518924647,0.35398061702115796,0.2510671579139224,0.2226948725352206
6622,4,0.097691,0,0.16066235145610422,0.18268295825712216,0.2073542191494624,0.14071831861843004,0.1224395916505627
6623,5,0.001336,0,0.014791096492672372,0.017314613577531033,0.020365046407405645,0.012783172621320456,0.01120841895250852
6624,2,0.431,0,0.289678622232677,0.3238234433049042,0.35993884656778086,0.2581925310723689,0.2297178823384123
6625,4,0.744872,0,0.7255515837481922,0.7557913219271014,0.783210962331132,0.6930032119719725,0.6588577243554556
6626,4,0.274609,0,0.3873900434923885,0.4263280668877351,0.46605720227013814,0.35175214707416846,0.3208380232037461
6627,2,0.686074,0,0.565308436511911,0.6020749503717743,0.6375621983416976,0.5278525300547818,0.49160768240571684
6628,2,0.133974,0,0.3072367666090799,0.3419216502896504,0.3787670291215086,0.2752547414690724,0.24698382200521807
6629,2,0.659957,0,0.4033286156796771,0.44169782650665673,0.48103926529321117,0.36617907442413705,0.3313163489246665
6630,1,0.729524,0,0.6575317299724132,0.6932705152837396,0.7261956031213158,0.6190499785359885,0.5788618273698457
6631,4,0.992636,1,0.9839229531612579,0.9865357292596685,0.9886168354498247,0.9804969088285262,0.9758376532133192
6632,3,0.699881,0,0.706777599029254,0.7379892447513869,0.7663784626362738,0.6738025014756037,0.6408909188076738
6633,4,0.842688,0,0.6528370006488899,0.689043238049903,0.7225729345707875,0.6148832353718146,0.5763912154248263
6634,4,0.372348,0,0.38249862463451517,0.42005860406306095,0.4584857533425855,0.3475651663289747,0.3164176281277723
6635,5,0.652892,0,0.49265355446095027,0.53023475770672,0.5671825910418866,0.4559437175663519,0.4215520428217512
6636,3,0.212449,0,0.2869326352408377,0.31967459434646767,0.3542934310128492,0.25710744206518304,0.22988254353379395
6637,1,0.051178,0,0.16218435253124186,0.18324971154337416,0.2069162135328457,0.14372130980123485,0.12769919072560224
6638,4,0.196036,0,0.46006339473113467,0.49980276905196114,0.5393853826487633,0.4214061766634233,0.3847943822941343
6639,4,0.010104,0,0.009517049679276279,0.011093659135343137,0.013011672940704294,0.008304227203041482,0.0074246019867917025
6640,5,0.622239,0,0.6303630158783039,0.6658956005959688,0.6988720274290638,0.5939212881406991,0.5586597082274544
6641,5,0.69598,0,0.8713870511742585,0.888660873897543,0.9033210003225166,0.8505753733745177,0.8255760754202156
6642,5,0.058436,0,0.050987655303779605,0.05862259414152853,0.06775523942557032,0.04470436847945255,0.03960014218880465
6643,2,0.211701,0,0.2304953504689741,0.25855098514431507,0.2886888678031647,0.20478642291063226,0.18127353747321048
6644,5,0.171487,0,0.3199239177927703,0.355608580843171,0.3929425380725088,0.28686931733671023,0.25753127710380813
6645,3,0.043749,0,0.09968451576196846,0.11367260133621203,0.12947640548670133,0.0879162005594881,0.07827044038506384
6646,3,0.16119,0,0.17620584806650458,0.1979296297072331,0.22167512919689672,0.15683478811461082,0.1405014030035923
6647,3,0.061138,0,0.11240733793044069,0.1284965848535923,0.1467656673907217,0.09890315272406318,0.08815101599168532
6648,3,0.25719,0,0.2369028272380618,0.2654821263308219,0.2968701208080444,0.21102230348998133,0.18875077558597306
6649,2,0.998465,1,0.9938634727353348,0.9949069936647655,0.9957284627198271,0.992426106463729,0.9902804889149806
6650,4,0.773902,0,0.7653786397095286,0.7946047736407983,0.8205722478412921,0.7313025940397683,0.6911717745300764
6651,5,0.443781,0,0.41698194528569565,0.4564207753337379,0.4961802651855219,0.3787701631961662,0.34249853498716654
6652,5,0.158721,0,0.15569115420796087,0.17766952549981688,0.2025481855094385,0.13651912001507954,0.11985894262474205
6653,1,0.11219,0,0.25740452118062584,0.28719074299494135,0.31970310659676415,0.23052796262478245,0.20709998431873095
6654,1,0.051487,0,0.10272831966170284,0.11700267812083161,0.1332741306295383,0.09053078395581496,0.08031055970667024
6655,4,0.470959,0,0.6273445549265748,0.6669169094998464,0.7037566214127255,0.5844643309774846,0.53774962203558
6656,1,0.651591,0,0.44003114270248805,0.47964969774905525,0.5192705660286848,0.4013162898192624,0.36457749337171486
6657,2,0.577296,0,0.5301475928810585,0.5722600433390013,0.6133298528873988,0.4865031963927092,0.4409230241065013
6658,3,0.719407,0,0.53352798277015,0.5724680723221992,0.610044715665666,0.49514643286059656,0.4587104688631643
6659,4,0.485687,0,0.3507734221986038,0.38848426532008307,0.427636384189211,0.3158932021356955,0.2849129764116503
6660,4,0.053576,0,0.05454886628217716,0.06271110792036022,0.07236041893584899,0.047771307034198206,0.04216619875140559
6661,1,0.408545,0,0.4740322522257022,0.5143021644466085,0.5535886607729892,0.4335019678604153,0.39388694855023654
6662,3,0.826784,0,0.6221299318935706,0.6605499649538659,0.6974023579024697,0.5816476825507896,0.5400705425856788
6663,5,0.16232,0,0.23370464268194963,0.26336182511697404,0.2955502541213865,0.2066595976008251,0.18238811861218138
6664,1,0.066854,0,0.1679696437209873,0.19096999660989616,0.2167176242999477,0.14762733987674248,0.12979729249907682
6665,3,0.88349,1,0.8981125291957638,0.9133371085800108,0.9263645071442149,0.8797159040510786,0.8570742413998825
6666,5,0.405513,0,0.39113019584863007,0.4305737487975398,0.4702977807815611,0.35359733849816133,0.31912819879159415
6667,5,0.017064,0,0.040214973994585394,0.046124346472392615,0.053258152052154485,0.0353832702133471,0.031488183155927274
6668,5,0.809318,0,0.8319004694936135,0.8534998125751614,0.8720103622060544,0.8064226767832718,0.7765012304675185
6669,5,0.745211,0,0.49129590968584747,0.5340814598716083,0.5750503059915041,0.4481502153883378,0.4056111625731459
6670,3,0.778414,0,0.7685677612384945,0.7969962701969066,0.822702919252509,0.7355549607710898,0.6959291352995386
6671,3,0.077133,0,0.08540988925009103,0.09857595514567268,0.11374210512956896,0.07432762281775865,0.06500359992181425
6672,4,0.880365,1,0.8371109094161207,0.8592151862646544,0.8782008734161703,0.8114881885993411,0.7815753295498306
6673,3,0.391234,0,0.39932871140814563,0.43802575222933465,0.47803687746072476,0.36243406147674057,0.32806837967686703
6674,2,0.20553,0,0.19381865401189313,0.21802027924709225,0.24457562146482503,0.17202479808147497,0.15298098595873574
6675,3,0.237321,0,0.19386398956820353,0.21824388703669861,0.24550775644622824,0.17188302695356625,0.15307460793338473
6676,4,0.05274,0,0.13157855643991215,0.1497420551828603,0.17038217187761504,0.1158292177247198,0.1025010369790938
6677,3,0.454697,0,0.5351895964515935,0.5758946359649444,0.6148461095069012,0.49426256911741234,0.45316550362571845
6678,3,0.721048,0,0.5693215107577209,0.6078755619160515,0.6455652695861015,0.5284853172231823,0.48490278027223427
6679,1,0.273802,0,0.47067927436623447,0.5114829435145827,0.551832787074749,0.43049186242509446,0.3924631164108761
6680,2,0.997772,1,0.9914024221654246,0.992778456980705,0.9938885401245889,0.9896181074458005,0.9873041510516357
6681,3,0.236848,0,0.264984938997349,0.2948056089771526,0.3268352856811803,0.23764958297287103,0.21356669034533587
6682,4,0.692363,0,0.6150323594061871,0.6555437039181703,0.6934219814987574,0.5712519776052808,0.5237609300018368
6683,5,0.400367,0,0.3170840613039662,0.35530062294381914,0.39520808358325005,0.2803135635023091,0.24482922873182394
6684,3,0.09567,0,0.2086107821864816,0.23436430226666952,0.2629017519661914,0.18551311156390227,0.16517116386269384
6685,3,0.013479,0,0.0403686158665152,0.046569439805959296,0.05400802099087232,0.03513857571985469,0.030842759027523252
6686,3,0.025682,0,0.05517044972847165,0.06379512298550913,0.0738832031268267,0.04801914307223821,0.04210028663463623
6687,5,0.319067,0,0.26350731612986483,0.2953311455786823,0.32983860557744116,0.2342305745150477,0.20783544382544453
6688,5,0.287082,0,0.2883148949715211,0.3186126549394572,0.35084994961460403,0.2612315987415086,0.23797421157565593
6689,1,0.994511,1,0.9958257729861121,0.9965727622866247,0.9971350848241571,0.9948194840884356,0.993511824707748
6690,2,0.999994,1,0.9999118808613069,0.9999297269409366,0.9999431380544416,0.9998845271325808,0.9998377501408311
6691,5,0.302303,0,0.2598218474541394,0.29213698575016567,0.3270192278401935,0.2306658512104248,0.20494502972925352
6692,4,0.477836,0,0.24651257445391983,0.2767716987530734,0.309327108636804,0.2189005931325562,0.19355546762263484
6693,4,0.834501,0,0.8877329231665495,0.9037909386513916,0.9173290926267118,0.8680463797203972,0.8430200270861709
6694,3,0.034394,0,0.06375153618194977,0.07304707290487196,0.08382175161911837,0.05593506341562486,0.049486176358548316
6695,4,0.423448,0,0.2811317356110715,0.31364362337422186,0.3483776237111413,0.25078722728612274,0.22264089697453243
6696,5,0.822439,0,0.653197459464484,0.688505236974686,0.7210043271318504,0.615994207291292,0.5786066141400041
6697,3,0.99443,1,0.9937094220722751,0.9947788751932084,0.9956342787401313,0.99236138848137,0.9907092195563371
6698,2,0.187489,0,0.10470167893877236,0.11965126906893109,0.13692465025557143,0.09174249172324045,0.08082206018753418
6699,5,0.136121,0,0.1427375958150071,0.1629500517145539,0.1858844287338921,0.12485279044795056,0.10893878240326725
6700,2,0.18846,0,0.31188277799274383,0.3476132153302963,0.385758329085384,0.2779395402013421,0.24550198334767454
6701,3,0.301687,0,0.5386942302604332,0.5796235577873303,0.6194502536037285,0.49666744109737837,0.4536599768185969
6702,5,0.272924,0,0.25588680043951767,0.2849495525958411,0.3163581421723163,0.2300871082395236,0.2077912604984408
6703,5,0.041322,0,0.19296665296808957,0.21839240010099528,0.24673312318374999,0.17013062187589303,0.1496605049234121
6704,5,0.10662,0,0.22459350186484636,0.2529810061603416,0.2837424967031492,0.19959071771286982,0.1782231875594015
6705,5,0.096847,0,0.08779427889243462,0.10021319257661043,0.11467713728745596,0.07739554863957065,0.068893160942122
6706,3,0.028246,0,0.12055313695915615,0.137485651928598,0.1567331864801136,0.10603561782630266,0.09376986066752656
6707,5,0.463026,0,0.4828426341249621,0.5204183519655603,0.557820858551995,0.44574984851161703,0.41005038801190374
6708,4,0.90287,1,0.8136114043319564,0.8369764792578229,0.8574357524337805,0.7875911140502074,0.7594839786020978
6709,3,0.893685,1,0.7926606433807848,0.8175689786722534,0.8399345625258704,0.7638554747707622,0.7300350133372884
6710,5,0.8039,0,0.926547326684707,0.937630192711848,0.9466638636957484,0.9122184120768496,0.893331238519981
6711,3,0.442518,0,0.7176344224829948,0.7492101766810898,0.7780793837891059,0.6838922999093019,0.6489557009569913
6712,1,0.426485,0,0.20209662663953934,0.228424167132692,0.25749068329587926,0.1787011229654872,0.15812016530011563
6713,1,1.0,1,0.9999960308584116,0.9999969132101371,0.9999975170023436,0.9999945357804125,0.999991898542667
6714,2,0.585318,0,0.8694119485608431,0.8875154322130363,0.9031356721722195,0.848184968312424,0.8233494646027534
6715,3,0.999852,1,0.9997371702207054,0.999789139231525,0.9998288622662914,0.9996633907782074,0.9995524396655094
6716,5,0.55868,0,0.5607269574081772,0.6000550527033384,0.6377928639130339,0.5204684282145254,0.4803239171676746
6717,4,0.053082,0,0.030483220922529558,0.03519959876060443,0.040850856350672135,0.026620689156020994,0.023478237361998142
6718,5,0.214432,0,0.3300515871937041,0.3642412434624753,0.39973347777533824,0.29811944584458433,0.2689492630617574
6719,4,0.113411,0,0.13314219031741797,0.15118214522302553,0.1715064998987226,0.11793616763945293,0.10543953751825373
6720,4,0.245044,0,0.4023712406788864,0.44035220234914835,0.4792204846097683,0.36484616282463567,0.32842771193984166
6721,5,0.312578,0,0.2320825470765966,0.2598950761150044,0.29023148652022956,0.20730521266152283,0.18603329090576864
6722,5,0.987918,1,0.9770029445257414,0.9806089016434153,0.9834346594376833,0.9724252476861752,0.9668099235671105
6723,4,0.512221,0,0.41901028889581526,0.457586764208035,0.4967308731403931,0.3801900944397864,0.3409346712500999
6724,2,0.075369,0,0.06555333884300506,0.0751601013442665,0.08639661926360394,0.05742989940725445,0.05068824279260541
6725,1,0.211348,0,0.1568988791837893,0.1772363571742205,0.19963787480382644,0.1390162929538856,0.12371047349172626
6726,4,0.061876,0,0.10424555821012892,0.1193483812070559,0.1367817588824207,0.09143758407908852,0.08081894322771055
6727,3,0.799055,0,0.7502104350760056,0.7802543144785365,0.8073065249518965,0.7170607886050452,0.681124100339149
6728,5,0.993743,1,0.9830987939457058,0.9858882890064525,0.9880403172895995,0.9792252231064956,0.9736349907865434
6729,3,0.090691,0,0.12451167259817718,0.1423886088521226,0.1628983498590149,0.1090518919575199,0.09590055876056836
6730,5,0.096944,0,0.1541956782192704,0.17386388606662112,0.1964011019498643,0.13708008109657116,0.12224763821272061
6731,4,0.366074,0,0.26180024875811564,0.2918088697249745,0.32413341843385357,0.23446444963201885,0.21019981672357818
6732,1,0.336092,0,0.444317604320402,0.48420416505329467,0.5243160311823777,0.4053918967938143,0.3685149767756581
6733,1,0.180129,0,0.13060239434153068,0.14878645005619345,0.16955809431906488,0.11470432184103106,0.10084899779224832
6734,5,0.100553,0,0.1058721407787151,0.12214405376941499,0.14093388686836678,0.09207536810710744,0.08055051761464557
6735,3,0.743975,0,0.7009715737335499,0.7330645435377947,0.7623621544615949,0.6662770385463163,0.6291450003538362
6736,4,0.547302,0,0.3807890334932446,0.4183087471148017,0.45670521570946887,0.3457541741111205,0.3147233629202217
6737,5,0.374479,0,0.42304270170161373,0.46859172155880396,0.5129675236463731,0.37567638833959305,0.32601031772446953
6738,5,0.061266,0,0.11992872463791496,0.13707224864128242,0.15662085150647717,0.10547453352800519,0.09360956742061656
6739,1,0.991829,1,0.9611976553395793,0.9671061742728232,0.9719350076064612,0.9537228927882094,0.9443870996090689
6740,4,0.117692,0,0.18474642530376137,0.2100796147056897,0.23835415424283363,0.1626784906926325,0.14425016882008806
6741,5,0.537576,0,0.31063327618655096,0.34406396931118044,0.3795936910177518,0.27970082436233307,0.2515739885556349
6742,2,0.413567,0,0.29735983865660154,0.32911432864899526,0.36239610395812655,0.2680370607523831,0.2422993594480297
6743,4,0.498984,0,0.4017279858851519,0.44292158189794356,0.4847306737829065,0.36150258535372737,0.3220109348275349
6744,1,0.500699,0,0.7121611751844601,0.7438716076361331,0.7726760303562987,0.6768112279853088,0.6381138255290032
6745,4,0.188452,0,0.2016133062276434,0.22943859053714522,0.2600842301259257,0.17666028279440063,0.1545365148693103
6746,3,0.811743,0,0.6898629559752132,0.7241239155044726,0.756085348525164,0.6526788891019321,0.6131929527833289
6747,3,0.733277,0,0.7877036362445877,0.8160303650401808,0.8407973941618904,0.7541717781000694,0.7137275940745652
6748,4,0.316621,0,0.14280629502479214,0.1620663013515704,0.18386414867815826,0.12583207810340258,0.11116002946715166
6749,1,0.721289,0,0.6358467816095363,0.6714155786730435,0.7046089728064112,0.5981507632184166,0.5593976632429283
6750,5,0.118873,0,0.3008394467126161,0.33501094423998073,0.3712044633330495,0.26951786907547043,0.24158845815034174
6751,3,0.640845,0,0.48648168184531876,0.5268547730194044,0.5671305029002831,0.4467124687702062,0.4089826468601012
6752,3,0.842099,0,0.8430807366126873,0.8654534408071837,0.884863790339856,0.8165163898422023,0.7845581555875949
6753,2,0.061509,0,0.15481199511230168,0.17650461845504878,0.2007983461459253,0.13625905565119298,0.12107028074067373
6754,3,0.336753,0,0.5181689007826309,0.5572602147181582,0.5959829534196768,0.4788305184369349,0.43984752511464614
6755,5,0.252949,0,0.68183185330308,0.7153476115348084,0.7460794168685276,0.6455724746371526,0.6073816649615121
6756,5,0.263506,0,0.15456248540683992,0.17459217131001553,0.1974268621750725,0.1372495289895869,0.12251816986785537
6757,4,0.483965,0,0.7244739764733016,0.7553734912977107,0.7833551478505926,0.6912157827746481,0.6564961278139995
6758,1,0.335438,0,0.18491118699443346,0.20873848265881506,0.23538380690327304,0.16399871855085335,0.14626413558998175
6759,2,0.444256,0,0.35042273736806373,0.38662568165171735,0.4240621896841178,0.3163657989182658,0.2851975777187573
6760,5,0.182206,0,0.16886865867569018,0.19157017864790724,0.21733607367377045,0.14906156178787,0.13207462175486775
6761,5,0.102029,0,0.13250433958050414,0.151878174464485,0.17384750395100734,0.11597674474897546,0.10222201524111059
6762,1,0.187027,0,0.2796692322770708,0.3116349266786337,0.34524425076584647,0.24990547260892207,0.22331626635036955
6763,1,0.311833,0,0.2587339279921698,0.29046810366372006,0.3243074276326893,0.22969236550197125,0.20365109867466677
6764,2,0.092943,0,0.10946788044564774,0.12517784715113484,0.14320590904734593,0.09596648839022559,0.0844865487136823
6765,1,0.561312,0,0.5204891060082163,0.5593737187149667,0.5972720157148124,0.48125961087558544,0.44334748853142625
6766,5,0.999973,1,0.9999131590961076,0.999931586382656,0.9999441585546766,0.9998828533399617,0.9998293974615956
6767,4,0.392531,0,0.4440453843500787,0.48322481543419754,0.5224954269398276,0.40475350909962565,0.36529787535893016
6768,5,0.995536,1,0.994477237819734,0.9954424683690668,0.9961570669021486,0.9931765350664156,0.9914557852628096
6769,4,0.341848,0,0.2385281066955267,0.26734662096339973,0.2983989790773061,0.2122681031553842,0.18875993218211398
6770,2,0.320011,0,0.2904181576011738,0.3260324265971141,0.36425892438533863,0.2580174833145919,0.22872319734925736
6771,4,0.830558,0,0.775954672039631,0.8057922086279825,0.831987868470467,0.7397564236341987,0.694221259702798
6772,5,0.159453,0,0.2355941966374809,0.2629616771529965,0.2927161748053923,0.21138491137150228,0.19101657560028568
6773,2,0.339679,0,0.2742482910140177,0.3061673536784034,0.34039834468704566,0.24462842048507266,0.2178439671046733
6774,3,0.034496,0,0.11766512454089523,0.13487560440807952,0.1543294065390661,0.10330974942693799,0.09150718109695215
6775,1,0.731336,0,0.31836893840562747,0.35242541386526965,0.3878032752036596,0.2861324596453337,0.2566057221304866
6776,3,0.092315,0,0.16319697000982136,0.1843860639737738,0.20777174125699333,0.14424665830011155,0.12789084970794085
6777,5,0.065786,0,0.11379207055176827,0.12957733690613676,0.1479742004406622,0.10018035456242634,0.088414021640496
6778,3,0.223453,0,0.32071821343313456,0.3571123684395668,0.39577268942755944,0.2869639339922716,0.25649256425302747
6779,2,0.866127,1,0.8480262930777694,0.8701879135389639,0.8892520607878355,0.820935782096239,0.785790852750855
6780,4,0.424011,0,0.8802399146354382,0.8971149782559523,0.9114069109064754,0.8601072487792499,0.8357818353652178
6781,1,0.319481,0,0.2904521850399662,0.3219332236190511,0.35553818367803053,0.2615048572346456,0.2355552506803392
6782,1,0.465882,0,0.5776810356419557,0.6195797264437678,0.6595834957607758,0.5326184968841076,0.4841050548610218
6783,3,0.832714,0,0.7884833213578744,0.8152853392165188,0.8391478664208254,0.7578712484665224,0.722472802757083
6784,2,0.886216,1,0.8549793184099052,0.8756695323662058,0.8937262523555244,0.830536550329199,0.8014791305774197
6785,1,0.268221,0,0.3101041934260987,0.34529384540059566,0.3825197031572834,0.27742978138055086,0.24827247316151427
6786,3,0.885497,1,0.8377347118284608,0.8579663242065113,0.8752096409497735,0.8151053826902093,0.7904702256475631
6787,5,0.839749,0,0.8678129806056809,0.8854195197061424,0.9002281551606173,0.8464688104035988,0.8206661746066313
6788,5,0.175847,0,0.280745481477528,0.3147986018975008,0.35120573275454026,0.24970241547771552,0.22203392323662124
6789,5,0.066707,0,0.13631252695751442,0.15568015599000137,0.17794741285047286,0.11933493053954077,0.10431543700607628
6790,5,0.028784,0,0.05729685867359414,0.06611865534250676,0.07651498318140329,0.05018901704290563,0.044648534010025505
6791,2,0.897872,1,0.8489741942187402,0.8697507415349757,0.8879191125698863,0.8243233555408007,0.7950202524588857
6792,3,0.598591,0,0.6137542115698407,0.653814291782757,0.6919381328516964,0.5707347598404667,0.5238764714606661
6793,2,0.820287,0,0.7209629778595176,0.7519691238040387,0.7803281665163674,0.6871170301739596,0.6512591804218435
6794,4,0.261689,0,0.16649696727906899,0.1895773659221861,0.21547997187831033,0.14617097320222508,0.12842476031372496
6795,2,0.139117,0,0.15537135933888402,0.17654481546519565,0.20027615270756424,0.13683517427653002,0.12097076341631313
6796,1,0.425827,0,0.5822974217178519,0.6222726211331455,0.6603786221485394,0.5390449200918302,0.49296841004620345
6797,1,0.414696,0,0.31748993601377795,0.3517426717919669,0.388334835762482,0.2856803539479192,0.2567788145982355
6798,5,0.221267,0,0.2036697886459466,0.22741031846122384,0.25352784232527714,0.18296432282434597,0.16556624655197713
6799,2,0.998927,1,0.9987396321815948,0.9989776600856427,0.9991617730928369,0.9983959318050384,0.9978490481889719
6800,2,0.701236,0,0.7772404680426945,0.803010296806375,0.8262780828537891,0.7486653198294104,0.7182995516193673
6801,3,0.595178,0,0.5080369466292757,0.5475350088452184,0.5864629289827522,0.4689716301283777,0.4323998694673608
6802,2,0.999999,1,0.9999914392433333,0.9999934159230298,0.9999948659343424,0.9999881366013434,0.9999816594088139
6803,4,0.131851,0,0.323148830002599,0.3584457089520913,0.39554065758594004,0.2897915411422409,0.25853809647971665
6804,2,0.742285,0,0.7298820515706465,0.7602381830243984,0.7880067176827463,0.6968323241276113,0.6619640572545061
6805,5,0.807878,0,0.8603026173250128,0.8783863783511674,0.893840321793009,0.8392598614596768,0.8155938303176794
6806,3,0.294633,0,0.2561927393818611,0.28723962347922605,0.32057912848203185,0.22797634760797542,0.20337396162168192
6807,3,0.221601,0,0.1479171994156801,0.167478164540164,0.18903191038785996,0.13056049234716005,0.11519299125688093
6808,1,0.27187,0,0.3047042719363335,0.33788412549636465,0.37302586293687484,0.27338702371280604,0.24494123935439227
6809,5,0.165571,0,0.24903337776257517,0.2806579679397827,0.3149592507074032,0.22053885983832958,0.19547708615630896
6810,3,0.888495,1,0.9564861564608997,0.9639341318643985,0.970010067747339,0.9468917631090366,0.9338343652261565
6811,1,0.992592,1,0.9856331566563716,0.9878817945186338,0.9896273388597429,0.9826664289320216,0.9788845084027987
6812,1,0.485124,0,0.3966099786629057,0.43664603251402195,0.47680871007665837,0.35740934882578224,0.3198018814809419
6813,5,0.016145,0,0.047569962460026365,0.05514419144561199,0.0641456902165672,0.04146443022069242,0.03668254360260442
6814,5,0.795491,0,0.7013571639096379,0.736760266769928,0.7686098523591494,0.6605804507424038,0.6133419449641286
6815,3,0.68684,0,0.61606798956063,0.654768647276689,0.6916302736833198,0.5758594691374658,0.5345265068865791
6816,5,0.285219,0,0.22063861476310925,0.2472927782114402,0.27664880292411514,0.19708083218630634,0.17687967152998707
6817,1,0.070192,0,0.0752345966525144,0.0864407746311452,0.09934094234729608,0.06585048699917499,0.058152333033949274
6818,1,0.989344,1,0.9872778183716379,0.9893103273892507,0.9908789525073245,0.9846301068004886,0.9813416144020498
6819,4,0.996645,1,0.9953279408040434,0.9961436008963983,0.996777876954245,0.9942603024929776,0.9928728313263121
6820,4,0.400232,0,0.3228581128012588,0.35641368448937555,0.3916188006142634,0.2917050671947761,0.26313430666914156
6821,1,0.999928,1,0.9996709629367085,0.9997338695563092,0.9997797966034224,0.9995760067670337,0.999430592747586
6822,5,0.375304,0,0.15550892612883552,0.17698789580569096,0.20124838782136806,0.13707954792409915,0.12160654712998516
6823,2,0.601356,0,0.6400902579557893,0.6766615376301017,0.7113220132022684,0.6019025071445012,0.5632020050197075
6824,3,0.683408,0,0.6938692302149982,0.7277352497308388,0.7589437062606735,0.6567861049414071,0.6163350957025194
6825,2,0.018199,0,0.037596570415988496,0.04311648295384295,0.04951053212138461,0.03302742537052772,0.029335645056279933
6826,1,0.16628,0,0.16464567949743728,0.18723526002086802,0.2122222607151579,0.14491867230867445,0.12807418832556183
6827,3,0.417643,0,0.3037221866094772,0.3392487009534974,0.37726244369606815,0.2692183032755758,0.2356463585195468
6828,1,0.173503,0,0.16460326047693571,0.18672073513992674,0.21133634430519094,0.14512241240264842,0.12812470419883767
6829,1,0.735367,0,0.4817992590781995,0.5207661310828257,0.5588780649060536,0.4434239054957758,0.4072484819853958
6830,1,0.694777,0,0.7963495215194336,0.8233987217258582,0.8469881739923341,0.7640317338514047,0.7254936189828262
6831,3,0.195189,0,0.2207515234272087,0.24845190942929765,0.2788846134014649,0.19604020049671833,0.1744131745558572
6832,2,0.251032,0,0.3193632921139244,0.35773107794521736,0.3978305825141747,0.2829761857585839,0.2479140517358086
6833,2,0.631441,0,0.5898143683724444,0.630518606991861,0.6698334576000032,0.5472915022691547,0.5035328504725708
6834,1,0.026344,0,0.14976511843777882,0.16984699718493446,0.19252307582274325,0.13222217551858456,0.11721679711848952
6835,2,0.182681,0,0.2389365923826043,0.2676429473475717,0.29910124289462,0.21243261041747988,0.18852772453109096
6836,3,0.786626,0,0.8637839695120828,0.8836649130176271,0.9007253980634411,0.8395996236631915,0.8087812879353574
6837,2,0.838637,0,0.7938237823064342,0.8197222220182909,0.8427220373526022,0.7641827074241762,0.7303824998397042
6838,1,0.7499,0,0.6407427759762166,0.6757467639108663,0.7083120550714633,0.6035192519121048,0.5652568176095862
6839,1,0.20276,0,0.3015318109331843,0.3368165188619497,0.3736130567256729,0.26882031639821247,0.23931729253607856
6840,1,0.197293,0,0.22686153405231926,0.2565587384100032,0.28930662954403175,0.19958147218736222,0.17533000359953477
6841,2,0.022361,0,0.02872082853638619,0.03338372941687547,0.038969375501283675,0.024901478237992585,0.021828626136388418
6842,3,0.54731,0,0.5324889608662299,0.5706408569638308,0.6076187004444356,0.49405070673024304,0.45590923878250306
6843,1,0.798696,0,0.5981555602288053,0.6403884211003299,0.680101483020594,0.5521633893501512,0.5033751079220238
6844,3,0.176553,0,0.2450757043057929,0.2751876793578197,0.307658328693425,0.21826298287086202,0.19499229058949452
6845,1,0.503722,0,0.5309348401541825,0.5722244050658641,0.6121855913568113,0.4887048004198329,0.4473274035719397
6846,2,0.336114,0,0.28470827702942697,0.31738435783553176,0.3522076562729563,0.2549764417288682,0.22840028823449668
6847,4,0.756433,0,0.8898660905784929,0.9056358853209873,0.9189739103042199,0.8699795348496108,0.8440133298653958
6848,3,0.079352,0,0.09961754416525402,0.11379784300671456,0.13001292357922212,0.08724861825181995,0.07653317127410321
6849,2,0.999603,1,0.9978676542089592,0.9982476924182251,0.998541254805313,0.9973318460465932,0.9965080085295924
6850,4,0.543924,0,0.650673119238982,0.6854431816065596,0.71784570903804,0.614851260167933,0.5798819589194432
6851,2,0.322038,0,0.20508136998732776,0.23215630440167964,0.2616417951993118,0.1808599905965564,0.15931282927883808
6852,4,1.0,1,0.9999982382828906,0.9999986491460933,0.9999989306248125,0.9999975360465082,0.9999961593871035
6853,5,0.608712,0,0.5009347072061898,0.538962765792255,0.5762849863335798,0.463827999756695,0.429293660275056
6854,1,0.164884,0,0.37256195013742816,0.4086834641557164,0.44524331937835493,0.3381569243945814,0.3068973091711684
6855,5,0.634702,0,0.5648722651641612,0.6025989161241259,0.6384982028476313,0.5267963857988015,0.48987094495197175
6856,5,0.882323,1,0.9582526681658738,0.9650524009581622,0.9704457931462617,0.9490903561445008,0.9362816545079746
6857,2,0.289455,0,0.3978141853601943,0.436980111042672,0.47722274971039036,0.3599678625016195,0.3241852206588501
6858,4,0.139484,0,0.10036127089053497,0.11518795142706068,0.13222355822880505,0.0878464712769367,0.07751241668742975
6859,1,0.828884,0,0.7693731820908387,0.7970905838595482,0.8215882028302174,0.7385468296596738,0.7056244579439901
6860,4,0.816093,0,0.6208452860776251,0.6560860814015042,0.689374806122203,0.5833572157446247,0.543761439779749
6861,4,0.237407,0,0.28925557314054,0.32147247316591726,0.35576040243672025,0.2592339141697113,0.2313173712367987
6862,2,0.820383,0,0.8041384302674974,0.8304837633342721,0.853993490475685,0.7734358882707487,0.7372653288806859
6863,3,0.234832,0,0.3300340771289077,0.3690046566402952,0.40961386591764803,0.2931403058221629,0.25771159677251
6864,2,0.807986,0,0.8357191689374246,0.8589970254096397,0.8791914459029742,0.80810387482321,0.7743152350346235
6865,2,0.419732,0,0.614893240091894,0.6531359954725507,0.6892366368832665,0.5755151865018036,0.5361721599059608
6866,5,0.025408,0,0.045931165951714724,0.05292188275278531,0.06128390862097659,0.040201492922227744,0.03552317781307787
6867,2,0.091947,0,0.130215715248048,0.14867106720399834,0.16972270913781579,0.11432167122851737,0.10111677668051394
6868,2,0.419725,0,0.5065122237468267,0.5439598884739558,0.5805991101115947,0.4690074537114289,0.43312498975776376
6869,4,0.831237,0,0.8348534745401267,0.8575904295439202,0.8770846462449288,0.8078502203095387,0.774757841857523
6870,3,0.387072,0,0.4000880750590365,0.4400795032808637,0.48147396133817777,0.3610552314132563,0.323641110035304
6871,5,0.575489,0,0.427809547902377,0.4660043856181059,0.5044055377134009,0.39134925555575023,0.3581054126150297
6872,2,0.143414,0,0.20545111034461833,0.23212931243658094,0.2618324087334078,0.18093826918742514,0.15889690986498375
6873,3,0.692806,0,0.45882916469604607,0.4980288531429285,0.5377736847826797,0.41995204312390505,0.38243016701997645
6874,3,0.135686,0,0.074179747233275,0.08564241774151857,0.09893227824700439,0.06482909433815509,0.057388323117512775
6875,5,0.991308,1,0.9859167928265469,0.9881826457189232,0.989935430699981,0.9829946910089494,0.9793568127214805
6876,5,0.996593,1,0.9936095048809228,0.9946938889000554,0.9954976439786131,0.9922144663635709,0.9905288109547334
6877,5,0.753964,0,0.7083760469504068,0.7403927097861679,0.768990416062589,0.6734874469665177,0.636805350409206
6878,3,0.267407,0,0.2581944702541598,0.28860669575244274,0.321761341560139,0.2289576921692556,0.20079991810500644
6879,3,0.154192,0,0.2686245190410875,0.29852791364118214,0.33076413989564274,0.24095864677812442,0.21571066392545143
6880,1,0.07084,0,0.05705806707407173,0.06535637771884627,0.0750810385046999,0.050193611274431976,0.04455907730839537
6881,3,0.296034,0,0.2554905165353571,0.287549451713735,0.32217872029905953,0.22624098902038017,0.20001846127812162
6882,4,0.900578,1,0.9115810519549064,0.9250522796146637,0.9361874607701559,0.8939276140872039,0.8693222453845024
6883,5,0.618589,0,0.6050269273816169,0.6441929391275982,0.6807385942415575,0.5628622271579892,0.5184071879360604
6884,2,0.067218,0,0.1369177595330041,0.155563552033742,0.17669583960734134,0.12074129990700214,0.1071032141625019
6885,3,0.025396,0,0.09282040206432762,0.10564078133381398,0.1201686374355632,0.08191552641616,0.07319424789728535
6886,4,0.055434,0,0.09982969620308,0.11392989038357809,0.13006427020997022,0.08793679636640182,0.07803744235356795
6887,2,0.007889,0,0.011033433389899002,0.012751446529854807,0.014841739438406179,0.009641920760019808,0.008568216488825692
6888,3,0.831122,0,0.804255946820197,0.8302544049982764,0.8533168948964384,0.7744765289777579,0.7401067133004537
6889,4,0.553963,0,0.5720245998864701,0.6123957735272892,0.6510242908927051,0.528921260183903,0.48300791140751564
6890,4,0.065357,0,0.1252906503625743,0.14243206956446822,0.16192221396398546,0.11048473595983341,0.09775554062909193
6891,1,0.220973,0,0.23622182380804965,0.2662400799253327,0.298411351588936,0.2085415594475967,0.1833536981265545
6892,3,0.083003,0,0.1529402196187179,0.17434029977933252,0.1980187838607517,0.1343112099923621,0.11800204029150513
6893,5,0.444404,0,0.22186135298426338,0.25001510434578816,0.281123736341458,0.19617390170289872,0.1728493766966279
6894,4,0.299277,0,0.22727492917819356,0.2553897868826683,0.2861575898287543,0.20183037470723972,0.1795803419250596
6895,2,0.230375,0,0.48544706404348714,0.5240515450500246,0.5624679143620879,0.4469049251819016,0.4101053807889766
6896,1,0.998616,1,0.998747098253425,0.9989764326830862,0.9991464172125848,0.9984216387927407,0.997965635042863
6897,2,0.635631,0,0.4188223523676698,0.4561503214260978,0.4941381326818431,0.38256385056733,0.3480371941546664
6898,4,0.633464,0,0.5320271399066141,0.5685388832262952,0.6041254545155132,0.49529195258224584,0.45917394229570774
6899,2,0.191137,0,0.18887623289853953,0.21360974332724483,0.2411671470565768,0.16703849285065936,0.14813361626985982
6900,5,0.161081,0,0.16879704628578102,0.1930696038243681,0.2204343453584586,0.1466215720679504,0.1259202220896286
6901,3,0.066053,0,0.28544758615416677,0.32073214986758114,0.35883567481382866,0.25329445210896284,0.22449419471022608
6902,3,0.999636,1,0.9992320480934203,0.9993783611071312,0.9994892318392234,0.9990294659731978,0.9987306803280759
6903,2,0.750101,0,0.6984728099379762,0.7317692475800889,0.7625103445144584,0.6611202124472115,0.6188720871310788
6904,2,0.425052,0,0.26772814159792047,0.2991445210372695,0.33317019114211416,0.2382987752101224,0.2117727902045337
6905,1,0.599997,0,0.8766434066907172,0.8937263966672165,0.9082389780796166,0.8564615422680777,0.8332362075839534
6906,1,0.299045,0,0.33123075155390314,0.36665769737805043,0.4038003168549731,0.2972066896240594,0.2647189453242831
6907,5,0.244283,0,0.24023206461970487,0.2698408838880557,0.30161893136576867,0.2141790617144183,0.19225310614042843
6908,2,0.140568,0,0.2366638204561477,0.26600480004723215,0.29826587508698077,0.21029207640839942,0.1873008134285301
6909,5,0.018712,0,0.07144644038929711,0.08225254183205022,0.09485439626582945,0.06258950621181197,0.05557629207204046
6910,1,0.758756,0,0.6688876261550258,0.7053049051041023,0.7392088530622851,0.6285767538713124,0.5843312745750893
6911,3,0.796549,0,0.6733941154449453,0.7071881701887198,0.7388238888175951,0.6367794690689503,0.5975823979675298
6912,3,1.0,1,0.9999983754129288,0.9999987599222372,0.9999990359354535,0.9999977498312265,0.9999965893319716
6913,1,0.157452,0,0.28133684145396953,0.31621602574550417,0.353402132565249,0.24769102206050653,0.21515262844324373
6914,2,0.323318,0,0.45069548633495177,0.48854369755970833,0.5262967171167909,0.41404815403347356,0.37990417945343524
6915,1,0.275591,0,0.2492942885037178,0.2793973921342509,0.31193925463032307,0.22215824439756132,0.19838856658194512
6916,2,0.612472,0,0.5919169300390118,0.6316457602838503,0.6699423967006736,0.549546107868343,0.5039025073160628
6917,2,0.372849,0,0.4361815564959961,0.4763386857716391,0.5168526651638764,0.3967648278442424,0.35927594161324117
6918,3,0.499801,0,0.31703802597831354,0.3505027674241823,0.3854502725173718,0.28630310151856714,0.25860580295198055
6919,2,0.190656,0,0.23487320729538805,0.2654386580763962,0.2986081296153267,0.20771064813777781,0.18418598064288652
6920,2,0.943922,1,0.7896600946287685,0.8141624239231059,0.8358680521540675,0.7619429754243938,0.7308845686421577
6921,3,0.816111,0,0.780849152902726,0.8106449216499086,0.8371203813122621,0.7458211420775375,0.7028306248120529
6922,3,0.334768,0,0.5212699777511866,0.5643959791241282,0.6071016488499102,0.4769356823575348,0.43075644418801845
6923,3,0.266176,0,0.1000152401188094,0.11451530381411404,0.13139971867550787,0.08756976021436978,0.07706256342663782
6924,5,0.81015,0,0.7316064666844866,0.7635311249153077,0.7917583100942939,0.6959689103598371,0.6566916356965157
6925,1,0.140804,0,0.26665384192091934,0.298113669554772,0.33205106896567493,0.2373554771125936,0.2101523345120629
6926,4,0.599234,0,0.5697328278567271,0.6069123827130916,0.6426048386767205,0.5322606223842635,0.4959582532659219
6927,2,0.68156,0,0.7583884876645299,0.7877114508424923,0.8142658818881826,0.7246695694109282,0.6860340123040214
6928,1,0.215815,0,0.22966759619287783,0.25717079022249245,0.28680939645301173,0.20483315336969027,0.18348114940216986
6929,5,0.066613,0,0.12230492600006047,0.1393248845679634,0.15890923524252581,0.10777918948721651,0.09557909919937443
6930,4,0.024234,0,0.07057097247568693,0.08080257935752422,0.09274824114989637,0.062111268336903044,0.05527614035660053
6931,2,0.696231,0,0.7815561345389875,0.8093252331096823,0.8338466420331164,0.7503343346238136,0.7151392509849034
6932,5,0.772323,0,0.9264577439290078,0.9379373162406683,0.9471771495638472,0.9116901446242783,0.892277199579267
6933,4,0.654042,0,0.36890195680540105,0.4069501697228737,0.4463075692585592,0.3316295913973524,0.29515365374486974
6934,1,0.099527,0,0.14837034275732677,0.1680841919054452,0.19040857455961688,0.13140404172080905,0.11696881030406225
6935,2,0.231319,0,0.15027927299420785,0.171511731009559,0.19553184372433127,0.13160004828290736,0.11544610294161517
6936,2,0.777498,0,0.6146683680474205,0.6535934323506961,0.6904707524609576,0.5737658150133557,0.5306965528893826
6937,4,0.314462,0,0.31400009020143027,0.3501831990975835,0.3881999772411312,0.2812638647837829,0.2524799571015114
6938,1,0.278165,0,0.16073474695423173,0.18265476140841147,0.20743997492876537,0.14145696852469303,0.12523354980488363
6939,2,0.147542,0,0.2593494567711758,0.2909210295769751,0.32473048466306326,0.230917180628984,0.20610509715463896
6940,2,0.107141,0,0.17794667239899534,0.20230058059474543,0.22953231422815165,0.15623485273133583,0.13700227293954614
6941,3,0.447276,0,0.4563583114082548,0.49447435782085797,0.5323151920096568,0.4195551511213085,0.38587955398691776
6942,2,0.088247,0,0.08685853524834956,0.09903430544270805,0.11297799992117592,0.07630236961865608,0.06732280000602621
6943,5,0.305299,0,0.31593763566289607,0.35351038633820675,0.3927240027870139,0.2798751219907517,0.24528221228451558
6944,2,0.398621,0,0.33388039485003346,0.3697167616994916,0.40693721683843775,0.29909414391921696,0.26496388528418924
6945,3,0.827043,0,0.7532662472713172,0.7851419916874711,0.8137914181073922,0.7173604170769555,0.676628145782485
6946,5,0.295494,0,0.27528984671585355,0.308012380359222,0.3433891395328977,0.24463310294817298,0.21597090393403567
6947,2,0.875271,1,0.9276416491934905,0.9380421631233662,0.9468930204365639,0.9147297005237197,0.8984385923594664
6948,4,0.840044,0,0.587163784762955,0.6253767422784462,0.6615475284895846,0.547043620267988,0.5046926374554199
6949,4,0.456618,0,0.3994988607573503,0.4403338730051721,0.4815982786844207,0.35898189572193134,0.31851729027905085
6950,5,0.247502,0,0.20010402595698046,0.22420340729912477,0.250681394729138,0.17932695117319666,0.16215949267978147
6951,4,0.497734,0,0.5206840837789259,0.5588006708088084,0.5960058965169436,0.4827401846985024,0.44615687625129924
6952,2,0.678256,0,0.7688707596210488,0.7980659877809505,0.8240983845005911,0.735776615330927,0.69825850374598
6953,5,0.06411,0,0.0968504040078907,0.11032485857612034,0.12604452945418831,0.08566054217576062,0.07654130824659222
6954,3,0.999976,1,0.9998931810523967,0.9999148733610781,0.999931254607407,0.9998611483601697,0.9998096053541792
6955,5,0.579479,0,0.5053333023900621,0.5445052114815615,0.5826128103045305,0.46604986656438324,0.42755013984929785
6956,3,0.43578,0,0.6075197656295452,0.6465627821215619,0.6837865781613043,0.5655687027380583,0.5212193307991598
6957,2,0.086837,0,0.0969735013286286,0.11060109584594692,0.12596901726964235,0.08512799356080364,0.07495488400873337
6958,3,0.027849,0,0.12858684259949324,0.14625489893196192,0.166465719646486,0.11297074818927498,0.09925572698499839
6959,5,0.36042,0,0.32717308975028014,0.36261821026740165,0.39949294444222,0.29428957666165784,0.26501434333087853
6960,1,0.057215,0,0.09028608589981325,0.10316564849977901,0.11808894279802107,0.07942194908708639,0.07040164856286504
6961,3,0.281026,0,0.3193758518018413,0.3551300852653168,0.393279427302091,0.28631891105416474,0.257011375713609
6962,2,1.0,1,0.9999988500672764,0.9999991265659315,0.9999993267006412,0.9999983844265721,0.9999974855641974
6963,4,1.0,1,0.9999999997156852,0.9999999997983837,0.9999999998493323,0.9999999995469624,0.9999999991261581
6964,4,0.980429,1,0.9730628065881385,0.9773574859871001,0.9808249393974543,0.967904491413036,0.9620628364151272
6965,2,0.755185,0,0.67449008555515,0.7107612932015064,0.744546531418181,0.633781445591127,0.5872790425500555
6966,4,0.160547,0,0.24273966335258015,0.2722699711436725,0.3044308644233892,0.21608566476604257,0.1931845101586273
6967,2,0.137468,0,0.11034944289389248,0.12595504069007746,0.143840381852982,0.09675360833362544,0.0849964455553227
6968,3,0.911901,1,0.8468507303436105,0.8664522722615909,0.883019872494218,0.8244792875666711,0.7988530956499701
6969,5,0.989517,1,0.9793320871438166,0.9826351212388806,0.9851613510808077,0.9752454039636528,0.9705174756076296
6970,1,0.24567,0,0.18399354166630438,0.20802749918198668,0.23485069160923133,0.16295973616615506,0.14495224268465834
6971,5,0.681734,0,0.7160931789192254,0.7476495116885142,0.7760552207581853,0.6816327427745473,0.6453490835296293
6972,5,0.420422,0,0.1621738284206035,0.18481903980433334,0.20999100005659327,0.14250610511044082,0.12580073177217474
6973,2,0.321943,0,0.29169676252179616,0.3261659164462134,0.362571489666103,0.26049378667481665,0.23295575266063823
6974,3,0.079259,0,0.19568417088886123,0.22085479005325734,0.24898187555149237,0.1730672774692797,0.15289632828563315
6975,3,0.149929,0,0.24486401084300152,0.2737675686317355,0.3046582434634891,0.21898136982539476,0.1964320890977805
6976,5,0.340723,0,0.3714695524556761,0.406769855308589,0.44344675348535095,0.33825686874707017,0.3081926768832443
6977,1,0.086546,0,0.12627661117792832,0.1453660861310067,0.1671206752709887,0.10951503617297673,0.0951310605474944
6978,2,0.442986,0,0.4108889755386439,0.44879422063472274,0.4874161207844439,0.37500366735935636,0.3423746990919874
6979,3,0.416121,0,0.44718854050856743,0.4863822111401625,0.5257435111439633,0.4093107435519417,0.37436012639011973
6980,3,0.48974,0,0.3415288136400858,0.37834314630628324,0.4174012340676361,0.3066502671958238,0.2743142414839905
6981,2,0.5903,0,0.33218194899454273,0.371299863988255,0.412267908138001,0.29524866386901477,0.26027933964241046
6982,1,0.489866,0,0.1886443807124967,0.21193957566088353,0.23807162561462697,0.16826509338884904,0.15087900057176454
6983,2,0.779328,0,0.6138694176518639,0.6525896098797156,0.6894231988864872,0.5723050198549348,0.5269128562136447
6984,3,0.015339,0,0.03921048227386305,0.0452364846431526,0.052457825844108616,0.03422059677536717,0.030171495416146863
6985,3,0.110679,0,0.13866093282454311,0.15706533046582746,0.1779437630953398,0.12227821615821298,0.10797497815774601
6986,1,0.243966,0,0.2714774001333208,0.3044516406405312,0.33946146143825645,0.24110436804103472,0.21433245335293427
6987,4,0.129536,0,0.060275542249667746,0.06980480651917705,0.08102315032701737,0.052479523053917926,0.04631762786278262
6988,2,0.096748,0,0.06504831075296975,0.07470441870078638,0.08579011804610623,0.05708308102528857,0.050593748173592704
6989,4,0.036745,0,0.12092774849413553,0.13826824125377124,0.1580218632718854,0.10646083949768675,0.09480949574421918
6990,2,0.841976,0,0.7851211210670028,0.8135239619540408,0.8387019221811574,0.7525235259845449,0.7144860560515234
6991,3,0.528884,0,0.4399524085261289,0.477632549462919,0.5158638337433306,0.40323677897818877,0.369397221404526
6992,3,0.124605,0,0.15051714262563515,0.1709886037053112,0.1941695081076546,0.13231800292651197,0.11638258041168768
6993,4,0.198329,0,0.19867245957682117,0.2238292226573667,0.251550040115491,0.17608178824335607,0.15575732385903018
6994,1,0.786548,0,0.5886716215674997,0.6268920666565414,0.6631450726131616,0.5492060889730767,0.5099949411001788
6995,5,0.152897,0,0.19746717751251394,0.2228889780298663,0.2507683319406999,0.17522869959372248,0.15622690144099666
6996,5,0.141809,0,0.15464472459598796,0.1750246703898493,0.1983150957551141,0.1369838376867579,0.12199648429290093
6997,5,0.05055,0,0.14538109253513393,0.16559171878863654,0.18852335341369308,0.1281218385589409,0.1138182404512172
6998,1,0.342884,0,0.43924988330917464,0.47812319685692994,0.5178820012846072,0.4013732948309216,0.3652392824240304
6999,1,0.635054,0,0.5988398874736666,0.6387791456771603,0.6758057758637296,0.5557928767283979,0.5102184575209179
7000,2,0.304611,0,0.25536477912876443,0.28597847347140853,0.31876229028145325,0.22715313767829934,0.20143414519538952
7001,1,0.2271,0,0.4469872313002995,0.48764788516043256,0.5279899921893666,0.40714577343039504,0.369217899847645
7002,5,0.212332,0,0.42549748715178215,0.46573500200030105,0.5058922179783704,0.3869880290801954,0.35135503082918296
7003,2,0.34455,0,0.5027589780457907,0.5417791561601977,0.5803613992586215,0.46426696054680905,0.42745148479932915
7004,4,0.406403,0,0.5138750389446515,0.5541093780476181,0.5934181236592734,0.473515386249329,0.4343733031004441
7005,2,0.035947,0,0.09530018855221833,0.10960476062674213,0.12601035528279494,0.08324623865004728,0.07324455005942404
7006,1,0.017761,0,0.13761403235278066,0.15642472485650946,0.17780391038143825,0.1213604630295094,0.10736884741587072
7007,2,0.365783,0,0.46516142024350016,0.5033029082857446,0.5411548813477676,0.42786728948158836,0.3924638130451394
7008,2,0.714184,0,0.5841922460855141,0.6222654793920424,0.6591472286168287,0.5450088655915575,0.5057128316757922
7009,3,0.465776,0,0.29037532100005947,0.32176258718537654,0.35543273237467565,0.26084581974936766,0.23353724902867967
7010,2,0.224911,0,0.30598312703324276,0.3388063218466533,0.3739192076108913,0.27536038150491815,0.247697638313705
7011,3,0.215046,0,0.30368195307471335,0.3372982956045008,0.3726029097647841,0.2731374197370387,0.24683999012235808
7012,4,0.188969,0,0.19546188126623343,0.22304411429994203,0.25357366921256685,0.17041266159897103,0.1472736320510881
7013,1,0.322066,0,0.2074798982215896,0.2348023937940775,0.26399289950004273,0.1827338200294283,0.16099830654383862
7014,4,0.198543,0,0.20969719623997427,0.23686285167321536,0.26665711651963747,0.18609442951337016,0.16666609666882362
7015,4,0.178014,0,0.2542845382346599,0.28529549423386574,0.318718153076233,0.2265896772196217,0.203423656520456
7016,1,0.302681,0,0.27478404217213453,0.30580950094459014,0.33907962336143993,0.246143227567097,0.2202970094276232
7017,5,0.189922,0,0.25607228054419007,0.28388850724076947,0.3140354408747828,0.23114237953970707,0.2094870439358904
7018,5,0.999999,1,0.9999951508999085,0.9999962991501061,0.9999970398148912,0.999993122685944,0.999989221496035
7019,5,0.12162,0,0.24292358454262283,0.2744090677846548,0.30835625461431226,0.21423114892959633,0.1881164069157225
7020,1,0.250816,0,0.373606149053274,0.41113989427796366,0.44999305485753066,0.337613002911732,0.30367751356447475
7021,5,0.15182,0,0.13677443920714044,0.1553368987539991,0.1765866063920993,0.12089397140774202,0.10740250297700815
7022,5,0.598827,0,0.31607617145393435,0.3506784066789766,0.38723614612824736,0.2842269837807493,0.25617519126754085
7023,1,0.318126,0,0.1992896249721082,0.22393288409571818,0.25069357832669564,0.17731514855398553,0.15848634451753138
7024,1,0.484269,0,0.3849369320040793,0.421401274902536,0.4591722525915442,0.34977496085476073,0.3162819609137731
7025,1,0.193641,0,0.3233505290205869,0.35903846732374384,0.3958873997796949,0.2895995486174539,0.2587168389739943
7026,1,0.759249,0,0.7407266602323674,0.771745025299,0.7994056406802181,0.706113319221783,0.6684834764057039
7027,3,0.873058,1,0.8757885848902006,0.8925358116096981,0.9069589775976276,0.8561135170858443,0.8332792453994013
7028,5,0.02608,0,0.04254376350499607,0.04924376279549833,0.05725689347247141,0.03702477134437869,0.032472943759959676
7029,4,0.753344,0,0.4723476442568584,0.5139503191457128,0.5549229130267409,0.4317777781284281,0.3922062566007003
7030,5,0.12894,0,0.28407856828661554,0.3168297403311513,0.352009178030788,0.2541170882299575,0.22726051394602972
7031,3,0.618051,0,0.5118255849815633,0.5520989348269699,0.5916966084597194,0.4702991864882655,0.42757327751269036
7032,5,0.396656,0,0.24052346115575132,0.2709713049884437,0.3039039702788923,0.21283182879427426,0.18815418085405844
7033,3,0.223398,0,0.1685931718129961,0.19175419122046405,0.21771968792323668,0.14811251634125822,0.1307134391573889
7034,5,0.100638,0,0.08896614172334165,0.10215428101156909,0.1174735094723091,0.07814853475933223,0.06956954228845344
7035,1,0.02532,0,0.06549132668635449,0.07476447352185855,0.08572774097405289,0.05767504565527265,0.05123241618017982
7036,4,0.390773,0,0.46848710111656183,0.5089548896537108,0.5490329116738581,0.4278724929823112,0.38724921495264897
7037,2,0.081943,0,0.0979656476727977,0.11160819803963927,0.1273565915391884,0.0861248690493981,0.076074944467973
7038,5,0.918376,1,0.8949520799829874,0.9094671694412809,0.921391966424346,0.8776460895115428,0.8575075970565995
7039,5,0.045676,0,0.048403787896102134,0.05591145634483679,0.06499321085721346,0.042144870819474274,0.03688180867945733
7040,3,0.332139,0,0.4567716915593258,0.4979228142235962,0.5385972044720885,0.4155484005329909,0.3746337957444304
7041,5,0.44133,0,0.44894786602238934,0.4889473417037102,0.5288566165247569,0.4100456413069482,0.3736764331468279
7042,2,0.815707,0,0.9634802086410014,0.9692860460461683,0.9740817494366149,0.9560134903087089,0.946005862241709
7043,1,0.366275,0,0.41163601284485646,0.4507615265008563,0.49075914663637743,0.37328259798992525,0.33629308837637784
7044,2,0.735246,0,0.5798821226534017,0.6190321348864161,0.656930150439321,0.5394366230745024,0.49867550763930424
7045,1,0.353947,0,0.3309369977676718,0.36676883514036385,0.4036635563725412,0.2973885789423799,0.2670673641086658
7046,4,0.419926,0,0.4433867874817567,0.48110713773627733,0.5190544736586666,0.4066985419817579,0.37205428780028965
7047,5,0.600244,0,0.35322643457493996,0.388686574304762,0.42581938349138554,0.319642240256861,0.2882940293170955
7048,2,0.722515,0,0.8655484311900429,0.8848223570884394,0.9015316715181728,0.8425562453726276,0.8146366874175585
7049,1,0.526445,0,0.5633674077904279,0.6021287702388584,0.6395290719370224,0.5241390065142033,0.4858250984598333
7050,4,0.102745,0,0.1435175346646489,0.16220716570947338,0.18332432240334207,0.12710573038624234,0.11313145114707776
7051,1,0.363666,0,0.8580117591924886,0.8772188690394344,0.893806208453616,0.8350067746952049,0.8078144542100568
7052,3,0.995871,1,0.9864554408851697,0.9886564865608992,0.9903827865759048,0.9837936469312172,0.9807013868030151
7053,3,0.051978,0,0.12275620684608081,0.14047282432240224,0.16076577248914775,0.10760781277306317,0.0950952446375129
7054,5,0.621128,0,0.44544784063870263,0.4855904329908721,0.5254164619329422,0.4065110784619591,0.3700575852247861
7055,4,0.212069,0,0.16327620163719053,0.1842125825409968,0.2076386091909574,0.14470415774354514,0.1283562904714022
7056,1,0.605554,0,0.5056450358094873,0.5433374637366286,0.5803818154277542,0.4683962325713728,0.4333471115697534
7057,2,0.450463,0,0.30918841570815003,0.34135816885582365,0.37501303201342406,0.27924189342377626,0.2522796554990162
7058,3,0.038067,0,0.1406049636944792,0.15970527921459887,0.18151244333735064,0.12390299517364624,0.10967550001449097
7059,4,0.252649,0,0.15916019854454172,0.18033808725247585,0.20410679913058058,0.1404875759634774,0.12416590438811727
7060,2,0.053859,0,0.17595853488469146,0.19973377006796864,0.22629033397979362,0.15500350945649352,0.1367687623161919
7061,2,0.99897,1,0.9949437898482217,0.995756616065145,0.9964022011981142,0.9939016996868706,0.9925979695909842
7062,5,0.849347,0,0.9527417135722559,0.9603970306590863,0.9664803398733359,0.9424426978966416,0.9280693403135688
7063,5,0.055256,0,0.10659769781244252,0.12113190931340215,0.1380960680652391,0.09419440943350238,0.08369343306365162
7064,2,0.240714,0,0.43919242294829963,0.47786648570032,0.5166784056446522,0.40060376523472657,0.36297926424563737
7065,5,0.029018,0,0.07799138256691984,0.0892379170275396,0.1025787263723847,0.06858171545438423,0.060715326331366955
7066,4,0.305355,0,0.3176562900642627,0.35048188669738023,0.385085609041834,0.2863636378175697,0.2570744206708484
7067,3,0.999054,1,0.9956500445605684,0.9963993883732396,0.9969819943432439,0.9947138269829059,0.9935810402871297
7068,3,0.049961,0,0.08350749443555652,0.09566273178591962,0.10980872824694793,0.07318488483944444,0.06457721952665865
7069,5,0.997493,1,0.9958013033109246,0.9965566370467416,0.9971066669329484,0.9947499493207471,0.9932758157375529
7070,2,0.999806,1,0.9990349480143594,0.9992169010281767,0.9993571156911994,0.9987723835144603,0.9983573177894016
7071,3,0.375681,0,0.19152928120870252,0.217589573130378,0.2466214965283746,0.1688772313524676,0.14966660882167154
7072,4,0.992276,1,0.9850093476789503,0.9874902153118346,0.9894567938710062,0.9817372403630309,0.9772265375253807
7073,2,0.494505,0,0.3939363329747344,0.43123542992126995,0.4689958093857448,0.35818740418017925,0.32416376740643804
7074,4,0.562473,0,0.8323180832122808,0.8552334562010804,0.8749447449386698,0.8052009051588596,0.772208130292846
7075,3,0.352483,0,0.32158911951537705,0.35658528192323535,0.3927212202270427,0.2900965701106985,0.26252675055184
7076,3,0.344537,0,0.3059595920242788,0.339108866155608,0.3741907161374916,0.2743220838276845,0.2446923411710059
7077,3,0.010742,0,0.020533021969897394,0.023657663988313152,0.027343932160453013,0.018022837905894123,0.016068132215844855
7078,1,0.348028,0,0.5115838854631178,0.5528418090541537,0.5928201163883972,0.4703022749298748,0.4303797636784693
7079,5,0.992376,1,0.9840294032346928,0.98668671811909,0.9887033668228793,0.9804642281491588,0.9756397931054483
7080,1,0.026827,0,0.061081673510622984,0.07020068971718035,0.08078565640027985,0.05349186554561016,0.04728433349874791
7081,3,0.049844,0,0.030383618975047773,0.03504298100209701,0.04060777030190354,0.026549625783588042,0.023432933717671033
7082,2,0.497158,0,0.48962791048538895,0.5311179914198412,0.572682670165708,0.4474857168569416,0.40463713286971176
7083,3,0.477626,0,0.46661938205791054,0.5073626652384571,0.5479345972695485,0.4272938124549541,0.39026019655651334
7084,4,0.99974,1,0.9992965895671286,0.9994290724450849,0.9995284556780393,0.9990997531953569,0.9987803577058771
7085,1,0.070947,0,0.10521939707411726,0.12005979713149983,0.13690154576710184,0.09228837661392823,0.0810723487299902
7086,5,0.232938,0,0.3878898406169887,0.42698138048017203,0.46722140187471534,0.34948322900084117,0.3116549291515263
7087,2,0.987628,1,0.9631246449422244,0.9687315542940811,0.9733552723582743,0.9560753483489153,0.9470736319713838
7088,3,0.028654,0,0.04630593043229554,0.05279688046648826,0.060295491051713106,0.040577970724079225,0.035687206332215414
7089,1,0.827792,0,0.959825936794894,0.9669098353995969,0.9725421261074004,0.9502089466541551,0.9367556593977839
7090,3,0.406349,0,0.36814340314040433,0.4074501667580279,0.44829165276864646,0.33069331910470795,0.29537349495877
7091,4,0.359584,0,0.23867747073620352,0.26738057225597656,0.2986463126961949,0.21241921490839277,0.1889592636029561
7092,3,0.352235,0,0.33245385822097545,0.3688681616759865,0.4069645984801307,0.2984474777103102,0.2674222361415892
7093,1,0.779242,0,0.6530336598537728,0.6881695633901918,0.7204719828086531,0.6155576171858199,0.5770831419927398
7094,5,0.826981,0,0.8003509023277101,0.8250921787205057,0.8467361641911519,0.7714958941178727,0.737995762515003
7095,5,0.271129,0,0.5078467299152247,0.5453549077377797,0.5825845589529509,0.4692793024306669,0.4298392558674863
7096,3,0.248846,0,0.3583656281585652,0.3948214138506811,0.43259825399720614,0.32351805609803835,0.29009208739426734
7097,2,0.304329,0,0.4524023284447276,0.49118772685284917,0.53064077669016,0.4139936798094938,0.37725335506408925
7098,5,0.887982,1,0.950190668585218,0.9584723311849758,0.9649911334457997,0.9390094252988073,0.9233745859721942
7099,4,0.11409,0,0.0986585307256338,0.11276937600885736,0.12908362643217067,0.0866180236331191,0.07651322861283884
7100,4,0.996686,1,0.9947291558232476,0.9956542119568311,0.9963710537864879,0.9934622207960734,0.9916251206162319
7101,5,0.405447,0,0.3598991436479631,0.4010193486265539,0.44333460166070937,0.31949082828568187,0.27971013969510455
7102,1,0.295897,0,0.13977647700897883,0.15769474834805514,0.17798965738098338,0.1242592046942397,0.11112917117155549
7103,3,0.779549,0,0.7372804701518508,0.767850676998137,0.7953490355472526,0.702955138759047,0.6634406921838725
7104,1,0.345074,0,0.2952579036004137,0.32811769680519837,0.3630877990903635,0.2652721074910241,0.2386823147116332
7105,1,0.999995,1,0.9999601776704411,0.999968430903294,0.9999743876491832,0.9999466414525772,0.9999231545188235
7106,2,0.344928,0,0.38947884464352844,0.4288078593955267,0.4689761495951397,0.35104521329704574,0.3135573351089989
7107,4,0.9964,1,0.9952523164213163,0.9960908016807486,0.9967417964462627,0.9941734352986529,0.9928216036574903
7108,2,0.264096,0,0.16837910320658744,0.19151643946795965,0.21737491841751888,0.14806423302537325,0.13059949925639164
7109,5,0.970355,1,0.9737452302724335,0.977816064664605,0.981025394859589,0.9685906994054976,0.9622638047427677
7110,4,0.267294,0,0.3339353555844294,0.3717889459506294,0.41140717724822834,0.29713605287498623,0.2608183384087571
7111,1,0.207006,0,0.25066525941689594,0.28033887161448906,0.31235013621561963,0.2236750654582907,0.19979878665392448
7112,3,0.673344,0,0.8578831253671493,0.8781455178186982,0.895694399588448,0.8330593992663725,0.801964615410529
7113,3,0.994636,1,0.9869699717710629,0.9891424109198791,0.9908898198345233,0.9840648800667358,0.9799068156158125
7114,2,0.212156,0,0.3447672324679581,0.3814619885445559,0.4200381532655855,0.30926346815406525,0.27519171842015455
7115,1,0.075476,0,0.25520408697104763,0.28653239060573177,0.3206084568012221,0.22552776632023536,0.19752534499119814
7116,2,0.99957,1,0.9993857866463102,0.9995006871434858,0.9995889093649182,0.9992213202636626,0.9989681575043751
7117,5,0.151561,0,0.07025394984936992,0.08051624673791058,0.09259570782555317,0.06178542472881819,0.054846443703384734
7118,1,1.0,1,0.9999999948558951,0.9999999962550337,0.9999999971579161,0.9999999920410577,0.9999999856970951
7119,4,0.999952,1,0.9998500261056076,0.9998801923761435,0.9999022131885503,0.9998026133581109,0.9997187590345948
7120,1,0.068191,0,0.12679308144461648,0.14389652361726318,0.16324209672764953,0.11197079468190722,0.09931957894545565
7121,5,0.084602,0,0.146753877331586,0.16662853008237644,0.18929979135296357,0.12967354079412635,0.11518122480776515
7122,5,0.355112,0,0.33561977110202007,0.36769361624034497,0.40161759918810996,0.30565180905910555,0.2785545156407734
7123,2,0.330999,0,0.2646398755653393,0.2960838102205715,0.3295759557301833,0.23656458078002462,0.2125728694225098
7124,2,0.710807,0,0.6877353946335031,0.7252059840858707,0.7594792611941376,0.645808508747089,0.5980730122087586
7125,3,0.807344,0,0.4955247619565715,0.5358119801961868,0.5751820814183846,0.4560603679643031,0.41856935860397204
7126,5,0.144817,0,0.13217735812275863,0.15133602930640588,0.1729550448041314,0.11564004420185572,0.10169408364496495
7127,5,0.347408,0,0.3308298127455398,0.3657248679338599,0.40246859585912864,0.298293689791982,0.2688295647124032
7128,5,0.073618,0,0.15308886814806263,0.1728630928220053,0.19531337488330128,0.1358597454444195,0.12098916383924485
7129,3,0.38948,0,0.4942633671490602,0.5334654453186141,0.5721742537153494,0.45544499806992944,0.4176094378154157
7130,4,0.554102,0,0.4471036827710757,0.48748278732597633,0.5276470057930311,0.4079694398611479,0.3702346021162905
7131,1,0.124329,0,0.1526202335683019,0.1735674999709083,0.1970255245261773,0.13400689320125847,0.11752135084218374
7132,3,0.119014,0,0.17740110872208784,0.19872882028472477,0.222011913860023,0.1583274823932245,0.1420045291126882
7133,1,0.468429,0,0.3180298145802053,0.3539106731796962,0.3914989311716445,0.28480884441017357,0.25504555806732254
7134,4,0.202534,0,0.24019399514055675,0.2681361682438626,0.2983825081692055,0.21473449187139743,0.19170111432463005
7135,5,0.133526,0,0.13783883564916444,0.15620795214055044,0.17716946250061882,0.122033452376904,0.1085281041480285
7136,4,0.999992,1,0.9999299714352328,0.9999443982815118,0.9999548574565872,0.9999085820951712,0.9998753616612066
7137,1,0.827228,0,0.8762923837741176,0.8942552107301808,0.9094721273307218,0.854013682730294,0.8264363096806358
7138,2,0.042724,0,0.24303510770288725,0.27253478509044726,0.3044420565455152,0.21671600555963694,0.19360270564613294
7139,1,0.156181,0,0.12051345184374951,0.1363924766696994,0.15451923199995923,0.10674841900395579,0.0950574348737722
7140,1,0.240938,0,0.12290758891591684,0.14057987200394814,0.16032755777702754,0.10773451819001759,0.09507232786815857
7141,2,0.197283,0,0.35138922791332206,0.38619004957694786,0.42222827134823554,0.3185377537367453,0.2883577216884317
7142,1,0.649371,0,0.527006907795371,0.5689725517562119,0.6093013980163219,0.48411246853635875,0.441392854363065
7143,4,0.337052,0,0.1605698671210109,0.18273348738475848,0.20764125292815347,0.14097556662346175,0.12403474146648673
7144,3,0.260067,0,0.4388255601520184,0.47871567366701145,0.5186068064369892,0.4003068245562566,0.36406612134376937
7145,5,0.282594,0,0.22084326009797348,0.24932818305343438,0.2802867661817801,0.19498588853271245,0.17173777875163293
7146,4,0.531554,0,0.5329667581127661,0.5731985517307562,0.612078405715252,0.4934971216964117,0.4565493527613833
7147,4,0.209256,0,0.19541867065572532,0.2213999052996473,0.25024432177602784,0.17272708941413098,0.15369645427274603
7148,4,0.390241,0,0.519391927860758,0.5581158171380841,0.5959994372086502,0.48021624267593993,0.44142546204110333
7149,1,0.526031,0,0.45515303765978754,0.494841542040907,0.5345730699854613,0.41627270118742743,0.37933170760459506
7150,3,0.300732,0,0.43271387768932185,0.470818173472563,0.5096983522574157,0.3956096520550076,0.3606994824281809
7151,3,0.320606,0,0.36020516575918704,0.3969489981305045,0.43537286775937123,0.3251205239676644,0.29183539266321246
7152,5,0.030263,0,0.06146279955128635,0.07053431201376206,0.0812700122674943,0.05413009890563395,0.04840723647899099
7153,1,0.796252,0,0.8278750683967684,0.8510665280412018,0.8710945882657501,0.8001172474263288,0.7669660273236151
7154,2,0.162205,0,0.1346442997680562,0.15333850813687447,0.17435174472488024,0.11838512292252114,0.10472000348204698
7155,3,0.999002,1,0.9915542216201468,0.9929900943461585,0.9941246275603798,0.989697813604811,0.9872391747295347
7156,1,0.233813,0,0.15097984863395308,0.17232199879638252,0.1965414543954293,0.13174111139738498,0.1145951574425138
7157,5,0.537357,0,0.7404053544036795,0.7737006991366765,0.8029198257575931,0.7008046716584408,0.6528575113437768
7158,2,0.088485,0,0.07658991477153378,0.08801693693803703,0.10136467456846603,0.06709721200620437,0.05936083798154382
7159,1,0.994053,1,0.9861917438189468,0.9883798744293788,0.9901399403483236,0.9831610309017933,0.9788411591711096
7160,5,0.118247,0,0.15454903010067583,0.1775505057540591,0.20338489124976203,0.13461269854615368,0.11759465736338931
7161,4,1.0,1,0.9999987443350584,0.9999990376989948,0.9999992385243989,0.9999982551074846,0.9999973460014919
7162,4,0.76401,0,0.6170440552174721,0.6568473676383518,0.6941649633668374,0.573916322473585,0.5272879041857201
7163,3,0.038491,0,0.07349297232162288,0.0842503916942107,0.0968583903999207,0.06432323677965075,0.05663938286666249
7164,5,0.163874,0,0.2303503766465376,0.2597579703187483,0.2918401581604653,0.20434097876188148,0.18202634491572084
7165,1,0.476432,0,0.42503400507536915,0.46331467296993,0.501976480631558,0.38799218421158943,0.35327809223183476
7166,1,0.25977,0,0.357499751869066,0.3961805479840025,0.4359253636476776,0.31998844844996777,0.2846055599014196
7167,2,0.984683,1,0.9871652946732103,0.9892848099444858,0.9909796749293495,0.9843143995582287,0.9801947537711341
7168,3,0.186404,0,0.23981961546198238,0.2704421084805609,0.3043623742219686,0.21202376334357348,0.1872279364801261
7169,5,0.072989,0,0.06846005979163336,0.0783751306135185,0.09026483005772364,0.06020026419468576,0.05333141394290585
7170,3,0.580981,0,0.33113632212677946,0.3654251832069435,0.40109290483666915,0.29929928983985127,0.27126893995927037
7171,1,0.99989,1,0.9995503126440651,0.9996345673184616,0.999695820586455,0.999425516221703,0.9992414637956154
7172,5,0.03692,0,0.08474852820467989,0.09715722333547916,0.11187858665670575,0.07422745263595265,0.06519009032227087
7173,1,0.146949,0,0.11343387697462584,0.12982793031252582,0.14849603914760295,0.09916450440443411,0.08691691310819426
7174,4,0.991865,1,0.9880447200997843,0.989999733089825,0.9915517837333683,0.9854706925613953,0.9819906692126064
7175,1,0.06284,0,0.0988998196594897,0.11311663582169304,0.1294304939612889,0.08679701176610304,0.07664334999383576
7176,3,0.510825,0,0.5260646997499134,0.5682958358943658,0.6095580325805097,0.48165254867393087,0.4351121571616922
7177,5,0.46133,0,0.2666229587303326,0.2989255408030719,0.33353714455551065,0.2364046385087107,0.20808780585012598
7178,5,0.425818,0,0.4332922242684571,0.47338526498382155,0.5136094469234953,0.39381366829377706,0.3559372073672824
7179,5,0.213681,0,0.12303698850221007,0.13999684610856536,0.15948567088746562,0.10864935946179184,0.09678813924808516
7180,3,0.194219,0,0.25012910487867634,0.28109644465432626,0.3150295291521855,0.2213864908448841,0.19435471808537838
7181,4,0.379062,0,0.4850678986322537,0.5256918780296636,0.565834814550275,0.44441119041086946,0.40433485344145836
7182,3,0.755242,0,0.57907888133626,0.6184547349031089,0.6564481426445973,0.537459288965498,0.4928971213418186
7183,5,0.721015,0,0.5640331247064084,0.6031674467569349,0.6401486771230988,0.5243743381669095,0.4859189423162585
7184,1,0.443473,0,0.5063486132123947,0.5464930773753084,0.5853969379283523,0.4649389541320312,0.42287733073914974
7185,2,0.219166,0,0.2583429379416275,0.29150463707225455,0.327822124117821,0.22792527379463656,0.20045889358489866
7186,2,0.998614,1,0.9940608531749603,0.9950893979880913,0.9959070693906722,0.9926591917298971,0.9906265646767245
7187,4,0.206703,0,0.24308024960198998,0.2729287741583042,0.3052105471999129,0.21583492756984396,0.19129067923811902
7188,4,0.137751,0,0.057839617439612516,0.06723965878468603,0.0783506029559631,0.050124735462632145,0.04402960822209887
7189,3,0.702755,0,0.52380357482179,0.5621641877376896,0.5997495219866369,0.48423796331103003,0.4436052067015742
7190,3,0.604584,0,0.4490375020594595,0.48802113425296545,0.5279565019394192,0.4106868725870361,0.37480102330215165
7191,4,0.308133,0,0.25848351944598974,0.29025747293699267,0.3244010174098573,0.23043484872105924,0.2069989160732173
7192,4,0.126085,0,0.20272193168895597,0.22863841030413307,0.2571815920418158,0.1798475462493798,0.15992090495676353
7193,1,0.483315,0,0.5514156927298649,0.5899633846340517,0.6266244110416126,0.5120656211741278,0.47351921915179607
7194,1,0.612443,0,0.4765643699704731,0.5147161345230986,0.552509858691954,0.43878591764166675,0.4032782544927218
7195,1,0.494856,0,0.6424377854079036,0.6781684620800356,0.7112832380465788,0.6050863209019929,0.5679404359760116
7196,5,0.067742,0,0.10728798088911391,0.12345638373140999,0.14214841399957212,0.09366761759968892,0.0823060135132917
7197,2,0.231677,0,0.3733388741573078,0.4104937020967997,0.4490372268083461,0.3377615892738057,0.3044436461441707
7198,4,0.513629,0,0.5877629424125684,0.6258320071193879,0.6619634828599976,0.5494215852491259,0.5124629716290564
7199,4,0.89829,1,0.9121658511091989,0.9248436896118352,0.93546757267044,0.8969777468778063,0.8788656350107348
7200,2,0.757044,0,0.94090559152064,0.9503491494702685,0.9582592531594386,0.9287440113918681,0.9125076797557712
7201,4,0.578783,0,0.5866026007501675,0.6260180222898261,0.6633886298416606,0.5445838788729124,0.49995457273476984
7202,2,0.085653,0,0.16220540449554183,0.18329071151046575,0.206638323868731,0.14333387296358077,0.12664334279882128
7203,2,0.995894,1,0.9852440764847145,0.9876175331542594,0.9895088788304592,0.9820950933671161,0.9776429763000006
7204,5,0.543925,0,0.5392913928359244,0.5779826951800798,0.6150760739504575,0.5003387596510129,0.4621754234817054
7205,4,0.17582,0,0.2554972315689021,0.28659198073404585,0.32024861858125914,0.2270773112760562,0.2018633117163215
7206,2,0.165916,0,0.22627472890857023,0.2544449043016104,0.2854017728993002,0.20088023316122522,0.17851437105434612
7207,1,0.116804,0,0.35912578046237476,0.3957958181043696,0.4339431259267159,0.32493363321127416,0.293913132265277
7208,3,0.681835,0,0.43024791323331923,0.46901961526810315,0.508587558122517,0.39179606873831424,0.3534307846407241
7209,2,0.165813,0,0.2345913809003322,0.26506496669163493,0.2986206552537419,0.20623807547979808,0.17954991187430316
7210,4,0.698936,0,0.7309027225880479,0.7627342257711115,0.7913844190634745,0.6957004423226038,0.6574601306410249
7211,3,0.4675,0,0.41761324322765975,0.455825681682977,0.4942773870225961,0.380062815543001,0.3436194177025225
7212,1,0.693846,0,0.7350352400177981,0.7676842193545931,0.7970121775333596,0.6977587428222212,0.6551527252229686
7213,2,0.273788,0,0.39496722700016573,0.43040311740617854,0.4665084839907335,0.3603391128032345,0.32757750800710567
7214,2,0.968799,1,0.9475360315711272,0.9550226576215792,0.9612075426994777,0.9383446152369285,0.9269911915749939
7215,4,0.283234,0,0.4347556830920487,0.4724827421750877,0.5103741838815208,0.39812386236539854,0.36289040055505783
7216,1,0.383555,0,0.2711224904420966,0.30364467323652455,0.3381504940476369,0.24126858289372402,0.21471487354614072
7217,5,0.995731,1,0.9918307092704575,0.9932082602625681,0.9942310336692736,0.9900859001752279,0.9880364951568742
7218,3,0.271844,0,0.3082780736787125,0.34286890933283504,0.3792158732100817,0.27690540341305536,0.24949625536992198
7219,2,0.378073,0,0.4323030475759909,0.47305167325985426,0.5139114599785728,0.392290526574297,0.35369899449932013
7220,1,0.325452,0,0.18642056068293644,0.21062970263534198,0.23736135860136917,0.1649132333911921,0.1460556811855007
7221,3,0.791838,0,0.9324437088299452,0.9425280873814056,0.9509473954124409,0.9199691925191607,0.9041801378945181
7222,3,0.177143,0,0.18934360466066935,0.21467701677142034,0.2430252973899392,0.1665484538081669,0.1461603210859654
7223,2,0.568738,0,0.4857506045072847,0.5277284413909262,0.5689474420176381,0.4443623035563143,0.40389320853806565
7224,2,0.414062,0,0.3837629545474602,0.42050854868729753,0.4578187512234749,0.3487761089234886,0.31647586421377083
7225,3,0.837872,0,0.7126510880180249,0.7462205102848543,0.7768388018375959,0.6749580537818575,0.6314219232060941
7226,2,0.305894,0,0.18998519136840028,0.21362721476388918,0.2398977303474981,0.16871813148846285,0.150602751322777
7227,5,0.429286,0,0.5404586893571687,0.5802681937902736,0.6185861312421786,0.4990426676024035,0.45636256673611403
7228,4,0.726385,0,0.6688268988690276,0.7043309494078217,0.7369777077585291,0.6315157021261432,0.5933382436507556
7229,2,0.029749,0,0.06755729348949076,0.07770272815688944,0.08951082572337807,0.059069741474853575,0.05205954389797473
7230,5,0.883604,1,0.8471258383530131,0.8684190770126716,0.8862378921145065,0.821513379517217,0.7907199945910522
7231,1,0.099415,0,0.14175318312523014,0.1603430417385388,0.18141860766101875,0.12520258620666289,0.11069618367805308
7232,1,0.142571,0,0.0867156847511735,0.09889981636297646,0.11285519299071063,0.07625713129864406,0.06767029477051305
7233,1,0.05422,0,0.12235944721602153,0.13824339256589857,0.15626569624617828,0.10868128144115757,0.0973443269141824
7234,1,0.433574,0,0.29323547994349164,0.3267180504537577,0.3626695941644751,0.26240466916700295,0.23438391500263792
7235,4,0.895699,1,0.9771930914150856,0.9810917797509403,0.9841728879024255,0.971832130718595,0.9638566288855467
7236,4,0.20676,0,0.31438758099084263,0.3487224844383164,0.3850430093119257,0.28213257360898397,0.2531869172662405
7237,5,0.144969,0,0.13442424795656013,0.15319313092949113,0.17474554889801291,0.11812377498063115,0.10402536751251208
7238,4,0.071298,0,0.19583497011082907,0.22091214005164067,0.24842343750866816,0.1744097205366395,0.15749214851287494
7239,1,0.238331,0,0.23221599707055743,0.26150861488893756,0.2931382008774876,0.20588044694003194,0.18317369300102226
7240,2,0.609296,0,0.3381592051447923,0.37410776867691464,0.41202088118284524,0.3047982181615684,0.2750038370416719
7241,3,0.522598,0,0.4633739605710937,0.5048178402177882,0.5463870396370436,0.4214479318373205,0.3781831764114254
7242,3,0.125526,0,0.1261763496432566,0.14429881865672908,0.16488991321666074,0.11070528131049609,0.09774515116435437
7243,2,0.02633,0,0.051091007311527804,0.05851657314749233,0.06705220603226321,0.044935856633386485,0.03993414883527313
7244,2,0.200633,0,0.27960601519106726,0.31230556808119436,0.3470708250762529,0.24985167353355858,0.22335889229947783
7245,3,0.228055,0,0.23444117740162868,0.26534193323453953,0.2986346207213824,0.2068815605628999,0.18243686170347895
7246,5,0.418457,0,0.3101681871619189,0.34169204871279474,0.3751320712857673,0.2807371301877712,0.2539889111287716
7247,5,0.874319,1,0.8915990088272338,0.9076310217350498,0.9208909356247401,0.8711333404126009,0.8442777258023428
7248,3,0.985424,1,0.98603314958425,0.9883578029528909,0.9902004652261727,0.9830226898924005,0.9789484243822665
7249,3,0.810856,0,0.7376715926029066,0.7679510700445563,0.7958149561058157,0.7041310050732134,0.6673819895341773
7250,2,0.332939,0,0.6252403052752891,0.6632760597191766,0.6994916532570412,0.5855162909569936,0.5452823014500932
7251,3,0.875541,1,0.98901594722116,0.990990745077195,0.9925841649019083,0.9862731881259761,0.9821253468088113
7252,1,0.068087,0,0.1127128190485506,0.1290769287268597,0.14771100552493685,0.0987063734391885,0.08713092763008523
7253,5,0.229477,0,0.5166487686297446,0.5528546428936566,0.5887940244171239,0.4803055815191247,0.4447237429367602
7254,5,0.071759,0,0.08040415553490493,0.09324123046594608,0.10824940280746152,0.0689741734188327,0.058560004987949284
7255,5,0.562879,0,0.32248112729036316,0.36079401464451893,0.4004891204587898,0.28573370674393817,0.25047140204499135
7256,3,0.243514,0,0.19919946027163882,0.22470670452160743,0.25277784547610405,0.1766581509546737,0.1579024740327073
7257,3,0.291083,0,0.13475955386077165,0.15215868800706944,0.17157214463080364,0.11950246491008228,0.10645832026608354
7258,2,0.134935,0,0.16731625835180755,0.19010125746107978,0.21523873384044964,0.14730074329441967,0.12986983379769135
7259,2,0.556551,0,0.4742423744990308,0.5109600903105249,0.5475167446388601,0.4377142740840059,0.4025467524066562
7260,1,0.741474,0,0.7554458743966888,0.7845804011485792,0.8104645862353115,0.7224856300742019,0.6863132800930556
7261,5,0.317183,0,0.1822540776520935,0.20509467320102756,0.2307193094156124,0.1622016346337952,0.14490798549380435
7262,4,0.988636,1,0.9805560759102873,0.9837103320947262,0.9862368980952348,0.976703583136372,0.9722249425314856
7263,5,0.716799,0,0.5883507922307244,0.6252149418741834,0.660516088307824,0.5496476633055521,0.5100405005788318
7264,2,0.286809,0,0.32582244206505373,0.3584643691968444,0.3927302242174068,0.2950754234211595,0.26688720202330607
7265,1,0.158648,0,0.2817876420485402,0.313816351263176,0.34833712798886257,0.25206697782158544,0.22480456272862331
7266,2,0.448055,0,0.38161464095714315,0.41985036725170694,0.4594923989048706,0.344803668428577,0.31002822382671075
7267,2,0.536569,0,0.4994675513603821,0.5380908390884555,0.5764099184651009,0.461050277269553,0.4247856708630921
7268,5,0.405629,0,0.3364458024492745,0.3709030731968313,0.4069492311102771,0.3046970393564578,0.276467259658414
7269,2,0.613162,0,0.5060738137994467,0.5466507621600477,0.5869941166045518,0.4652598521968065,0.42558675228910414
7270,1,0.646344,0,0.7237022516368673,0.7534165090039487,0.780526270260655,0.6909421511466305,0.6558990720423649
7271,1,0.449803,0,0.5392238638176183,0.5787307715497656,0.6163911808369438,0.4992072962050421,0.46039055533095813
7272,5,0.817575,0,0.7074115906252164,0.7401003072535568,0.7696589659845829,0.6707304864803016,0.629569303743944
7273,3,0.770481,0,0.6766238981326305,0.7126212028945509,0.7458063497670196,0.6369098391335191,0.5926585102832692
7274,2,0.152229,0,0.28654713733655246,0.31914946767791974,0.35350499137712826,0.2567318462928199,0.23022004970339255
7275,3,0.014881,0,0.023498822930904755,0.026909969684005355,0.030963889819640968,0.020665180859189246,0.018407559035424882
7276,3,0.226223,0,0.21128139542064736,0.23862207619819079,0.26863287719191303,0.18704969537447558,0.1662325301777763
7277,5,0.04232,0,0.09028139571853838,0.10389126729396576,0.11979811234928435,0.07897127116746328,0.0697663279926858
7278,5,0.042693,0,0.189901766321779,0.21321771031264947,0.23939944997073428,0.16926718482339037,0.15128308008295493
7279,5,0.603485,0,0.3983784292406919,0.43363037020436107,0.4700355150902859,0.3643649738817503,0.33205396292877126
7280,1,0.994459,1,0.9942792412938014,0.9952386439777186,0.9959788236527529,0.9929682572847168,0.9911943294103333
7281,5,0.122608,0,0.1604972396863402,0.18164406536062652,0.20554957445441666,0.142026412664647,0.12595232168169523
7282,2,0.643439,0,0.4035414982416306,0.44279442792403845,0.4833698768960898,0.36552407481558097,0.3300631267423585
7283,1,0.686658,0,0.49325657848331356,0.5333445233014202,0.5723630264784184,0.4532320739220773,0.4150606904055359
7284,2,0.641261,0,0.5208910701338857,0.5586915794285113,0.5956177486717819,0.4825942243110219,0.4457974407659799
7285,2,0.705238,0,0.6786704786103943,0.7139747748126124,0.7468892237186451,0.640698911009496,0.6004393083521344
7286,5,0.435527,0,0.40499089360266105,0.44141761829606824,0.47840357813545736,0.37093545684702667,0.3407944985568022
7287,4,0.76047,0,0.5308754127837736,0.5729797734852389,0.6137469506109446,0.4875825441237196,0.4435426603035543
7288,2,0.093168,0,0.20094768392865445,0.22676804156533553,0.2548836346350608,0.17812116908853703,0.15818716249060766
7289,3,0.136672,0,0.15519747455120872,0.176427900510889,0.20067476321816002,0.1364531102930216,0.12039834166548269
7290,2,0.59666,0,0.6136366041501307,0.6504429229579791,0.6855209906771946,0.575654131836394,0.5380405523760586
7291,5,0.142125,0,0.18840806170563154,0.21224011072282142,0.23875709515269183,0.1671769965910678,0.1484093881272645
7292,5,0.996454,1,0.9919800699157431,0.9933441505335191,0.9943769087026598,0.9901938766507624,0.9879406518014314
7293,1,0.987839,1,0.9859567182710313,0.9882139883985358,0.9900201862587742,0.9828531079362591,0.9784865414640905
7294,4,0.569681,0,0.3831016784400903,0.4210350455762401,0.46007233405452463,0.347839402017043,0.3170556266519529
7295,2,0.188896,0,0.28866467346998703,0.3204616155465661,0.35397459036348106,0.25936463124391135,0.2327075765901918
7296,5,0.041322,0,0.09258596765247233,0.10668117666071698,0.12306049435527895,0.08034703403100894,0.0695793173618324
7297,3,0.290826,0,0.5240450799618687,0.5632414569660004,0.6019489566043381,0.4847759742688017,0.44660420640157267
7298,3,0.770186,0,0.5963150894251846,0.633778026003755,0.6700690123376085,0.5574809958732362,0.5183237753827047
7299,2,0.666814,0,0.3164861838949922,0.3508099093025007,0.38718617448760667,0.284014398596305,0.2534647077216486
7300,3,0.742216,0,0.7326734186738167,0.7667146411997156,0.7971350139226253,0.6929996612147681,0.6448304972625681
7301,2,0.159403,0,0.2274929972418955,0.25760196665885315,0.29045647890195436,0.2008430021330812,0.17791200773073482
7302,3,0.05443,0,0.05373772948472734,0.06185598291439271,0.07138976686206393,0.046856898569607286,0.04107374567661302
7303,3,0.306514,0,0.2963896635600386,0.3311129582719057,0.3685132927869028,0.26418582266092566,0.23504950800759541
7304,5,0.700339,0,0.7143398994650884,0.7466481574463399,0.7755117836233592,0.6790711500493246,0.6416870607365194
7305,4,0.410215,0,0.43599360615488686,0.47579826239607265,0.5158017619764986,0.39667521255048965,0.35800037032418747
7306,2,0.25798,0,0.3559717254790744,0.39138220156990744,0.4277495738548892,0.323170194931873,0.2943886591787144
7307,1,0.78674,0,0.47255933535178396,0.5118247691879767,0.5511455830783688,0.4338097278726616,0.3963731462306081
7308,3,0.461557,0,0.45050607141000615,0.4894610178791191,0.5281362660343163,0.41318703546922775,0.3787610143893859
7309,1,0.371492,0,0.22190660655342326,0.2510591333765995,0.28312279640805194,0.19512058297345464,0.17054722357058166
7310,3,0.392926,0,0.31805162675799803,0.3517949901694979,0.38703399663423016,0.2869568886424515,0.25874565923783954
7311,5,0.840954,0,0.8023248004573724,0.8273786728989102,0.8489353029303868,0.7734649306707003,0.7411046246083652
7312,3,0.168588,0,0.30835336764773097,0.3440448987925943,0.38228695420475517,0.2753707947403494,0.2455616041953425
7313,4,0.028384,0,0.03104428001901594,0.03596555355162531,0.041873185159702835,0.026985116499668473,0.023722177581969244
7314,4,0.992641,1,0.9734386100785829,0.9776531866257437,0.9810578014958897,0.968420107410913,0.9628500632893201
7315,3,0.673229,0,0.4542865772297028,0.4935713716085463,0.532514959455226,0.4169949804061571,0.3832398871754841
7316,1,0.344045,0,0.27360882661832814,0.303880895213,0.33654682324775326,0.2458566684519873,0.2210897533373397
7317,3,0.328681,0,0.2934280597972037,0.3264279321432344,0.36194657752826814,0.26227384269867915,0.23278244793007233
7318,4,0.124035,0,0.19069578647837024,0.21430995786944038,0.24056063432047733,0.1694605390471842,0.15092678398526505
7319,2,0.36467,0,0.27637727615708463,0.3089820289369545,0.34394920024948056,0.24606772287507572,0.21848306609901064
7320,1,0.055029,0,0.07730580612886848,0.08850419637654841,0.10156206829606405,0.06787691561935293,0.05997129090602598
7321,5,0.812442,0,0.7899566936641128,0.8169791185892543,0.8403574168452369,0.7579113595981113,0.7196091960866564
7322,2,0.270743,0,0.24115692700905675,0.27034259837696417,0.3019520139932157,0.2144350643881072,0.19006777021764937
7323,5,0.682644,0,0.644276217214369,0.6795404276705765,0.712330164335368,0.6074284560696996,0.5705507642509599
7324,2,0.467608,0,0.4342123842513135,0.4762858051525547,0.5184621177505365,0.39193255958721984,0.3482661240558061
7325,5,0.999286,1,0.9974037806873408,0.9978679119546411,0.9982104414663547,0.9967604199649724,0.9958780090390317
7326,3,0.232631,0,0.3473117011660796,0.385345292530788,0.42546939268597134,0.3101526248773621,0.2739501913825353
7327,2,0.205677,0,0.23386783926999727,0.26215825892043404,0.29260798375321,0.2089113045594741,0.1876483498606818
7328,4,0.032133,0,0.014028928010393463,0.016197984832603242,0.018826874743893617,0.012286777287995609,0.010921551055533676
7329,5,0.066273,0,0.13669040257488724,0.15555737547908774,0.17704320119665556,0.12050604155167889,0.10704830870802402
7330,2,0.999651,1,0.9986350369112487,0.9988792226178562,0.9990670732972731,0.9982925681641641,0.997777727576669
7331,3,0.722351,0,0.7597957770326311,0.7895347614779477,0.8166202743797817,0.7261722398122088,0.6885226795909651
7332,4,0.724846,0,0.6241570859166848,0.6619417494380094,0.6973688478571057,0.5831859372708985,0.5385341395428312
7333,5,0.98561,1,0.9838855348036118,0.9864839349479967,0.9884534825672363,0.980658793580935,0.9769350173487176
7334,2,0.151909,0,0.15704991143429722,0.17732700470457302,0.1997827591019153,0.13919563376314112,0.12379950491909716
7335,2,0.332606,0,0.23296723210240536,0.261073794070999,0.29127152500779646,0.20741798993347144,0.18431059596072433
7336,4,0.848325,0,0.913077418231196,0.9265594031234289,0.9377112211684892,0.8963764341925752,0.8751525547296019
7337,2,0.750296,0,0.7435896887107403,0.7744517538534437,0.802365689504727,0.7077543432450168,0.6653628074529105
7338,4,0.548796,0,0.5373889230248713,0.5761180986480237,0.6135804376473903,0.49909642179783903,0.46235399829482665
7339,1,0.945588,1,0.9473002762929627,0.9548619888520301,0.9610717142545628,0.9378104935793571,0.9261415300151282
7340,1,0.466122,0,0.20174309093486015,0.2280875151145585,0.2567519649768573,0.17819199060446683,0.1580262044128742
7341,1,0.20477,0,0.45222789484863696,0.4907241149664958,0.5297738587037552,0.4145234462538326,0.3781762897680846
7342,3,0.079312,0,0.06745876458678988,0.07816583334538812,0.09068132533838877,0.05871675121367281,0.05173126158551016
7343,2,0.376674,0,0.44357132123586723,0.4820525690651694,0.520682969555946,0.40566383154458124,0.3688540029405755
7344,5,0.019922,0,0.04045410766235468,0.04665354303358277,0.05413080215209616,0.0354938078214136,0.03155415167449877
7345,3,0.820534,0,0.7492324994999173,0.7792174225124863,0.8060852453493847,0.7156137386312774,0.6778340579259419
7346,3,0.68884,0,0.5500923188097641,0.5887153515416685,0.6264261088257371,0.5111563369319655,0.4730685124498617
7347,2,0.668816,0,0.3975297260556644,0.4340083749652417,0.4708032107886196,0.3622006388121136,0.3282220346016856
7348,5,0.567851,0,0.616735292618128,0.6548728435556878,0.6899846079797743,0.5765048856504247,0.5353318648306612
7349,5,0.235765,0,0.4696134575965556,0.5090505476608811,0.5479835369936261,0.4300188957850728,0.39094123759363597
7350,2,0.369596,0,0.2788666991448421,0.3095829280653048,0.3425276699729154,0.2505668751920108,0.22521821477832274
7351,3,0.999243,1,0.9975025241108205,0.997949165221817,0.9983009614485266,0.9969193283075157,0.9961605111980835
7352,5,0.317311,0,0.22328281294884852,0.25207028073293564,0.2839199445531384,0.19766355976418779,0.17539152723307033
7353,5,0.869947,1,0.8956748526045153,0.9096747947263825,0.9213856055167763,0.878993218636,0.8596742015515424
7354,3,0.337608,0,0.4521982510207149,0.49338134984624915,0.5349352215350152,0.4103077497879916,0.3680335369728453
7355,2,0.187917,0,0.1513527459242463,0.1716826214098703,0.194309168718506,0.13349863782659696,0.11834242318479962
7356,5,0.028489,0,0.07567134457798018,0.08717572197879868,0.10081956875155368,0.06587919922742841,0.057386599561082934
7357,4,0.214818,0,0.2529857296690238,0.2820359844298585,0.31333058508869316,0.22670555296236106,0.20355901273955573
7358,2,0.589061,0,0.42166015470902973,0.4601426889222713,0.4993173311783663,0.3838835575747725,0.347459112061821
7359,1,0.799749,0,0.8495229921355283,0.8716828323140468,0.8903862933117223,0.8226806953104908,0.7902593899648666
7360,4,0.985899,1,0.9882713532771256,0.9902527039666328,0.9918187558403759,0.9858352939062787,0.983007986073773
7361,2,0.607589,0,0.4053420517218093,0.4435782347890647,0.4829703252397539,0.3686506988169582,0.3349610791562298
7362,3,0.677017,0,0.6584934075460784,0.6951355860979668,0.7294469259373685,0.618711776966069,0.574477985357478
7363,4,0.576526,0,0.6215904252136223,0.659891353779611,0.6958700900259788,0.580365486826435,0.5370869745508503
7364,4,0.84799,0,0.6590911657117924,0.6974801904887249,0.7326858980904719,0.6177087458366323,0.572700059298923
7365,5,0.495439,0,0.39361311441739366,0.4312914011045054,0.4699663316571324,0.3573964844840361,0.3232296089066897
7366,3,0.270045,0,0.3635037157334999,0.4008530070289479,0.4403162091167514,0.3275978600472726,0.29398760956046804
7367,4,0.019838,0,0.04282050832542102,0.0492789741189027,0.056941557228921184,0.03740095005846126,0.0328988675734166
7368,2,0.079898,0,0.12174993012320355,0.13865724639603408,0.1580939541822531,0.1070600251119483,0.09486937426591492
7369,4,0.337942,0,0.31878146358941406,0.3578525523086811,0.3986533755816009,0.28274307406463606,0.25007736741233383
7370,1,0.754195,0,0.480591946641831,0.5236492385992305,0.5658495614501354,0.43568643995270967,0.3886905992656555
7371,2,0.591709,0,0.3767896122022054,0.4150555381181614,0.4547518492131697,0.3400936070106428,0.3058213579389232
7372,2,0.997376,1,0.9971382763163642,0.99761758948676,0.9980003544450148,0.996502480784028,0.9956634187708486
7373,4,0.285211,0,0.2719735576878559,0.3056861447017309,0.3416761535543065,0.2418428372988312,0.21590933420361408
7374,4,0.487311,0,0.2590212960930525,0.2904062384502831,0.3242773862684337,0.2308701440470385,0.20657608499106542
7375,4,0.443147,0,0.4741343893233645,0.5139006567742502,0.5534122953807611,0.4349455622360633,0.39780919701241413
7376,2,0.843308,0,0.7888954871469483,0.8156971550152669,0.8395401159220338,0.7586019465552061,0.7247109570160647
7377,4,0.062274,0,0.1786625535291692,0.2023607913497497,0.22858581209738574,0.157876758083739,0.13979187983078376
7378,4,0.623064,0,0.4840399978802459,0.5259788453295495,0.5673837617414119,0.4419301587369813,0.4003002367915552
7379,3,0.210818,0,0.349413932699045,0.38608521753114716,0.42395008416595636,0.3140077929270089,0.27963039987736316
7380,1,0.618654,0,0.46645797461118366,0.5063611441906228,0.5454985547761237,0.427107141908188,0.38979946031521606
7381,1,0.500016,0,0.5979031928542056,0.63889021942906,0.6771219215006524,0.553434581879279,0.5057603786885058
7382,2,0.410166,0,0.49039611250019094,0.5318901700874816,0.5733040731096537,0.4493687946474182,0.4097175450661132
7383,1,0.975702,1,0.9805897787249973,0.9837167062887163,0.986227055810249,0.9765233655899568,0.9712661735770499
7384,3,0.49426,0,0.38469764371126275,0.4215952800727243,0.4598783710409136,0.3485301249152971,0.3131273702038115
7385,5,0.346441,0,0.39383317758738,0.4332286746181632,0.47383566688246115,0.3541105487175294,0.3135245583223062
7386,1,0.142662,0,0.20848636393906278,0.23321971380055553,0.2604535725707203,0.1865332591043371,0.167558753998913
7387,4,0.07157,0,0.10855823868174232,0.12556139902901195,0.14504942764984272,0.09380129615102946,0.08141003630383789
7388,1,0.140475,0,0.096053028772332,0.1105715418780963,0.1271557558207437,0.0833553531551616,0.07253046644553471
7389,1,0.526508,0,0.5448798737516591,0.5877005024058249,0.628710779523069,0.49843483537383754,0.4476416344807795
7390,3,0.558838,0,0.44811313783610945,0.4859098235221713,0.5241460173388233,0.41117168423543543,0.37636322741224426
7391,3,0.899882,1,0.7667178071651436,0.7971789366103037,0.8243905014093157,0.7319078323437302,0.6914615300655136
7392,1,0.143984,0,0.19584800861564933,0.22094107839937013,0.24806758044793778,0.17338473661618026,0.1540785366152881
7393,5,0.24885,0,0.33284574151845797,0.3687890957695033,0.40654580990843664,0.29956930909076845,0.2696077888806915
7394,2,0.976723,1,0.942871075147553,0.9510795810004649,0.9579034110881297,0.9328639900703339,0.9206732156869597
7395,1,0.222801,0,0.3297226586894794,0.3656788972124791,0.4029513938922014,0.2961260964086994,0.2657699103663413
7396,3,0.277066,0,0.2450378319005474,0.27394368929063045,0.3049982308042593,0.2186324518403738,0.19505240045223926
7397,1,0.359186,0,0.44948349639877405,0.4889658497300283,0.5278635849554316,0.40982719171751475,0.3714190205324829
7398,4,0.515779,0,0.41879226365798083,0.45686801009151545,0.4952869722726675,0.381978877146469,0.3461178006597552
7399,4,0.130099,0,0.10891296016421156,0.12388220486294649,0.1410757797856469,0.09568292444724436,0.0842692084338544
7400,5,0.224851,0,0.1928908972465263,0.21760691559230305,0.2448670585138605,0.1712123100128775,0.15273191551872164
7401,1,0.138812,0,0.14016143284512178,0.1597099587875473,0.1812281314229565,0.12314634867976675,0.10891048544995216
7402,4,0.122312,0,0.24060404670974272,0.2708226002912601,0.3035325131952933,0.21362838289142294,0.1904769221346974
7403,2,0.080252,0,0.1740001320730625,0.1968317804858356,0.2224097485915029,0.15391630776466902,0.13723682657148262
7404,1,0.036821,0,0.08145673541292298,0.09337869756093926,0.1072692373828967,0.07150785976385843,0.06329500474972191
7405,1,0.685695,0,0.6303685284843442,0.667326125515407,0.7018432656876523,0.5914074946247123,0.5517574056575328
7406,1,0.346426,0,0.3549769753805601,0.3932438862649742,0.43287919696558963,0.3183060074956288,0.28384361247781736
7407,4,0.084489,0,0.16486301164427436,0.18724382089629707,0.21239489344069643,0.14519452513797723,0.1286293400505687
7408,4,0.999948,1,0.9997497385285236,0.9997988119759268,0.9998351208035149,0.99967930109763,0.9995742970158015
7409,3,0.155524,0,0.287913401956444,0.3205354604128553,0.3552025110299144,0.257881074136507,0.23063375446171971
7410,2,0.093466,0,0.31309621912867097,0.3477416608907264,0.38401568836513333,0.2808215568413178,0.25081528812047515
7411,5,0.226457,0,0.2696160422235864,0.3011782273155396,0.334837637207182,0.24148331707275697,0.21746670482691816
7412,2,0.133292,0,0.21565631736758442,0.24316887219101474,0.27344057558084534,0.190931821473703,0.16921534222624704
7413,2,0.414974,0,0.4654983171286672,0.5085990445952109,0.5518504452497799,0.4221237090620621,0.37816203579397367
7414,1,0.467241,0,0.49367691729567703,0.5343493451264012,0.5745402232186859,0.45197040520648435,0.41001425381262513
7415,2,0.759886,0,0.5772509284882221,0.6155303145132687,0.6526105245312036,0.5382451580245298,0.5003741077780325
7416,5,0.73402,0,0.6236410673372292,0.6594171118221555,0.6926818723368193,0.5868013993601788,0.550576433495426
7417,4,0.614572,0,0.5533944085853302,0.5922885369467605,0.6297976403630235,0.5119993627959374,0.4674017602682669
7418,1,0.254761,0,0.10314826005517609,0.11783788098156896,0.13438277567306117,0.09041019285403265,0.07956662298756063
7419,4,0.605995,0,0.4418465128879756,0.48216315579636054,0.5224999403225211,0.4037892103340446,0.3693248783983428
7420,1,0.590504,0,0.6197960334550829,0.6583219614961628,0.6945559820359203,0.579128463794435,0.5370411567446233
7421,2,0.381308,0,0.31472854831635605,0.34892333562060723,0.38478338221896585,0.28350068726474614,0.2561437916947017
7422,5,0.805468,0,0.7851994472903406,0.8112827086975688,0.8342158508961544,0.7546449485982207,0.7185593364727064
7423,1,0.182512,0,0.15991081259068932,0.18123737439375026,0.20458180680507956,0.14109996354611964,0.12490643307406989
7424,3,0.166246,0,0.17083811314931663,0.19369776881451198,0.2194735499327232,0.15039047142544248,0.132067443423023
7425,1,0.883801,1,0.907192300730177,0.9210978839890882,0.9325777987446733,0.889609112275048,0.867407684127973
7426,4,0.365812,0,0.3044851856260952,0.3392612717780108,0.3759668016127303,0.2730109668320484,0.2454090516314769
7427,3,0.138776,0,0.15932840837457898,0.17958847880933573,0.20208091147318571,0.14128840818198057,0.1254668885543464
7428,5,0.988101,1,0.9671471182162205,0.9722372399966954,0.9761971800810905,0.9608770199746759,0.9535429397319181
7429,1,0.07865,0,0.06134902297045424,0.07026718294056637,0.08051684592891555,0.05389436890598138,0.0477763141510195
7430,5,0.47865,0,0.48478987172157517,0.5244723281298798,0.563344695766943,0.4447818139268646,0.4048374740924013
7431,4,0.696973,0,0.6594261664059221,0.6954069794830983,0.7286400179230079,0.6198697101148566,0.575492712630507
7432,3,0.988581,1,0.9680756438241489,0.9729783475705791,0.97703635822246,0.962064453396193,0.9548451806767086
7433,3,0.104356,0,0.11518297819959206,0.13188396241333963,0.15062665171756554,0.10095387089517512,0.08880884618430049
7434,1,0.06979,0,0.08005114318857635,0.09103610665131794,0.10354803504507762,0.07077294920272569,0.06310012467734763
7435,1,0.141841,0,0.262481780872192,0.2909537683847929,0.321466679200508,0.23667755907128463,0.21410744891497413
7436,2,0.840618,0,0.8189040982051479,0.842918445126407,0.8641559433003123,0.79093053827467,0.7584706845627532
7437,2,0.140712,0,0.2803087379863584,0.31238146975551784,0.3467275349936235,0.25057546534746666,0.2236732499934826
7438,3,0.470832,0,0.2514307810854645,0.2833736910946972,0.3180323639843961,0.22270365594349462,0.19725591857751276
7439,3,0.138506,0,0.1638300492475301,0.18690044389213764,0.21303220476906337,0.14356432871337121,0.1260377535788319
7440,3,0.418817,0,0.6015715362462637,0.6395925169166764,0.6753065791795578,0.5630290944499148,0.5251063259955527
7441,2,0.072206,0,0.09300422783943417,0.10648069879755241,0.12199439789595416,0.08138456290161225,0.07150117123960305
7442,1,0.046155,0,0.1070975143587788,0.12166680705826018,0.13835881722826268,0.09453253739066257,0.08380767907660422
7443,1,0.141289,0,0.18779511122591533,0.21111272284884794,0.2370689768988934,0.16694538223090102,0.14879933703718262
7444,3,0.900173,1,0.6935870154779782,0.7264042040371549,0.7564921915109359,0.6582661190942096,0.6210052729569208
7445,4,0.170401,0,0.37596430343377296,0.41228162246876154,0.44977672628304016,0.3399218549283779,0.3040853564426352
7446,4,0.037381,0,0.1285764129752951,0.14735697465750583,0.16876456356448846,0.11242033263329533,0.09886453205193556
7447,1,0.118198,0,0.15551626331783722,0.17654174989202395,0.19987202742474267,0.13725570857827182,0.12173495585835303
7448,4,0.641108,0,0.6157199275380881,0.6553598477076139,0.6925231773441233,0.5734621865399424,0.5294950827691148
7449,3,0.370696,0,0.46914016585052765,0.5123208037858641,0.5556089714868769,0.426068620793451,0.38250210143786745
7450,3,0.988666,1,0.9635507079511647,0.9691276810364713,0.9736266505405529,0.9569533416956056,0.9494839474360238
7451,2,0.014174,0,0.057709136647999634,0.06606726126893722,0.07571021418079764,0.05071544990908607,0.04496497327443422
7452,5,0.304865,0,0.5372304054286203,0.5755118938494316,0.6126491264402222,0.4985600112852685,0.4606322868114477
7453,3,0.459682,0,0.4229379995950658,0.46407022709958123,0.505829523354444,0.3829815792699167,0.345190571011544
7454,1,0.609752,0,0.5745104558469785,0.6142603160931792,0.65193601801406,0.5336294723982404,0.4932012783068948
7455,3,0.602389,0,0.6490077000553985,0.6856737288266209,0.7197317327108365,0.6103078806370944,0.5695354090027199
7456,1,0.998009,1,0.9941771255116812,0.99513983771951,0.995865055800363,0.9928966500757492,0.9912815185445575
7457,5,0.199656,0,0.3957184160710963,0.43292629006109323,0.47103273238696075,0.3592926268584975,0.32407457997571887
7458,3,0.796945,0,0.8504402755268882,0.8715577901001063,0.8896992478432019,0.8257155062965598,0.7961164463795644
7459,3,0.166784,0,0.20502584675091087,0.23288503940023575,0.26365535274163643,0.18052433488687078,0.15910293019381405
7460,5,0.198871,0,0.13065540244096127,0.148456324095789,0.1686231110862086,0.11544787467054321,0.10281353297699723
7461,2,0.003718,0,0.017206408918914638,0.01980672905008571,0.022919272782993418,0.015064070027335334,0.01338725233207199
7462,5,0.612073,0,0.6920583720904556,0.7277305194834236,0.7595664709121523,0.6524481820966651,0.6091713422972145
7463,1,0.144405,0,0.1299722435412042,0.1485548991975606,0.16980378155925846,0.11383775105777696,0.10033571940384096
7464,4,0.328476,0,0.3273239023287818,0.36309635068103574,0.4007910571370525,0.29330759098077563,0.2618017162660315
7465,3,0.81915,0,0.969088074441967,0.9740483608124761,0.9781550414764749,0.9626446360063871,0.9538860466005454
7466,5,0.474867,0,0.7287045238965089,0.7592963256179319,0.7865670608792367,0.694655080234876,0.6573148172634008
7467,2,0.667137,0,0.6028436121589738,0.6432225007644818,0.6815991553750765,0.5597314719619436,0.5127301800702252
7468,3,0.562232,0,0.43355738831021906,0.47446898433009804,0.5161689347669208,0.3935720569638021,0.35553027457716124
7469,5,0.54789,0,0.4897839367630327,0.5335365324054613,0.5761746000540136,0.4427781017646888,0.39164904213692747
7470,2,0.544782,0,0.4324879985062405,0.4722044521850153,0.512556754296526,0.3946428816656356,0.3602326401664839
7471,2,0.044434,0,0.0861683128818982,0.09922961203495004,0.11431773099349174,0.07512350576422915,0.06600771408845758
7472,5,0.122534,0,0.07465406011926247,0.08563462087139144,0.09850136084252376,0.06541934972589226,0.057618918928918225
7473,3,0.289075,0,0.332250647689419,0.3697548292485557,0.4096636215692786,0.29772232764326867,0.26692155033910114
7474,4,0.876816,1,0.8064362130366077,0.83085840815083,0.8522551498935695,0.7791527965109297,0.7493167921663821
7475,5,0.230623,0,0.21100406395363627,0.23923070220726222,0.27011825058914146,0.1863255716249974,0.16538626552369665
7476,4,0.997886,1,0.9962748005492748,0.9969349966615472,0.9974467310120102,0.9954348951287408,0.9944219185271537
7477,5,0.433362,0,0.4686302517138413,0.5077314995935591,0.5464221724960497,0.4291891707913398,0.38947240184116483
7478,3,0.30726,0,0.3113104423613704,0.3453793627995454,0.38163782851326833,0.2796551236257165,0.25136222866681374
7479,3,0.160768,0,0.30559257515080046,0.3384758433723119,0.3731061342505989,0.27529566159839236,0.24838510984898263
7480,3,0.999997,1,0.9999529905271651,0.9999630546216405,0.9999705027101196,0.9999376338730696,0.9999113099193367
7481,1,0.60346,0,0.4753537542632354,0.5149577680184364,0.5538768230994281,0.43608489323247207,0.39856116010901516
7482,2,0.324264,0,0.4041613838876102,0.4423232879249731,0.4814821246737594,0.36697089236653396,0.3313615814865505
7483,4,0.258259,0,0.15941857397272285,0.18065352028995335,0.20428318493959577,0.1409506549669264,0.1253913345720409
7484,1,0.250875,0,0.18138251670275138,0.20475041978443806,0.2302994177202337,0.1607295902655934,0.14306282507183618
7485,5,0.024469,0,0.07880767378522256,0.09090227176783923,0.1050224892057087,0.06861193328255798,0.06012464608761145
7486,5,0.347048,0,0.25143654735117926,0.2829147174430983,0.31718403589470273,0.22184210657269396,0.19399010419453225
7487,3,0.266103,0,0.3004768861829584,0.3332161380365591,0.3681629510240415,0.269178907717122,0.23967839029594548
7488,4,0.374191,0,0.45125587100702746,0.4885719400587005,0.5260103309001051,0.41439774275186,0.37851158044660105
7489,5,0.56638,0,0.5155713027329769,0.5595785271838772,0.6021438647391884,0.46905453073114156,0.41945166351871943
7490,4,0.413112,0,0.3698855637701574,0.40721175052324987,0.44569370439849143,0.3353304717396972,0.30507206109901147
7491,4,0.810478,0,0.8455205303577498,0.867226771176572,0.8858186866694929,0.8197043033412281,0.7890423061136195
7492,1,0.092309,0,0.19191807792403986,0.21623943642721358,0.24339497619775896,0.17060436763491227,0.15245794481676075
7493,5,0.334847,0,0.4674849433844459,0.5068561129628218,0.546313208333219,0.4281805259862451,0.38960790195959294
7494,3,0.055522,0,0.12757953118598367,0.14617544387895334,0.16755013038947317,0.11142463908845388,0.09739880509153559
7495,2,0.112428,0,0.22388425788960026,0.25211396304768985,0.28265555653524727,0.1987240012743486,0.17692680233938354
7496,4,0.065695,0,0.12471975823294566,0.14287437511251264,0.1636476933147593,0.10910026006472606,0.0958019332341233
7497,4,0.534514,0,0.7062684644410462,0.7380877313948175,0.7670446107879695,0.6707568826492172,0.6300291901119313
7498,2,0.598377,0,0.38517088211489314,0.42284393551959265,0.46204454929520283,0.34950371302512295,0.316969275457982
7499,2,0.999443,1,0.995264619590944,0.996102214160732,0.996772444937008,0.9940847034268864,0.9922767260014798
