row,fold,target_probability,predicted_probability
1,3,0.026173,0.0979221454665222
2,4,0.080938,0.07554664023871292
3,4,0.926975,0.7808049354648466
4,3,0.281695,0.18485791278042238
6,3,0.999576,0.9982769562013153
7,1,0.477014,0.5645869951516524
8,1,0.14223,0.17415997052587118
9,5,0.247161,0.21538085612606497
10,5,0.242436,0.25033020216319124
11,1,0.014805,0.05023244895970925
12,2,0.456206,0.510616700962481
13,4,0.408376,0.3527696207873494
14,5,0.049082,0.1483807174916976
15,3,0.781321,0.8728577982022332
16,4,0.092013,0.1731225278580621
17,4,0.044971,0.09996799918019678
18,4,0.432669,0.43830765273799926
19,2,0.328537,0.4201744118651021
20,4,0.630793,0.6941409991411112
21,3,0.990704,0.9849438520260679
22,3,0.683683,0.4808582560651011
23,2,0.609273,0.41241207738703317
24,5,0.159633,0.2838269810652729
25,4,0.870034,0.888965865788241
26,5,0.082014,0.05879012019759457
27,1,0.999999,0.9999923347454109
29,1,0.485548,0.40083489638938574
30,3,0.338173,0.43155941050011226
34,4,0.03701,0.04536198202422662
35,5,0.288167,0.23888179435873688
38,1,0.596583,0.6752879923118966
39,2,0.461048,0.34124504635632585
41,2,0.714903,0.3259969564600669
42,3,0.118683,0.10780532259576263
43,2,0.797754,0.48444083322059256
44,5,0.107043,0.12332974115341472
45,2,0.188124,0.21545106563649638
46,4,0.800842,0.7971621826659451
47,2,0.683085,0.5721371135523162
48,2,0.103997,0.3470581808622121
49,1,0.999998,0.9999840330676495
50,3,0.158357,0.23514596574943
51,3,0.361806,0.1797086294496164
52,2,0.04434,0.07222052699540434
53,2,0.831441,0.7559182444982591
54,4,0.132472,0.11993508447533376
55,2,0.296767,0.4006766735148491
56,1,0.094147,0.16578706820581032
57,4,0.126066,0.3673968755318363
59,4,0.727835,0.7895546593875962
60,5,0.098221,0.1267412100936495
61,5,0.586481,0.42135842081071234
63,1,0.672414,0.7766902252908063
64,2,0.045191,0.1659492342398826
65,3,0.657462,0.5772129278453841
66,5,0.507885,0.618213776309134
68,5,0.563194,0.5287044075066102
69,4,0.202465,0.18154198634551227
70,5,0.544765,0.5186962735514384
71,5,0.886461,0.8273570275530763
72,1,0.829837,0.8764040921546093
73,3,0.844441,0.8730691367243315
74,2,0.035454,0.08784439608792163
75,3,0.198981,0.2877267119411802
76,4,0.456231,0.46592294269640305
77,3,0.427635,0.3622807108855787
78,1,0.479962,0.34666072643709306
79,2,0.275191,0.2063592510656652
80,2,0.144702,0.09482811911721926
82,2,0.206248,0.3657069244433081
83,2,0.333023,0.44421366330249795
85,1,0.75007,0.6411159579163868
86,2,0.43824,0.3518126168070485
87,4,0.207528,0.28857580792038356
88,3,0.201253,0.1966578340419088
89,1,0.999419,0.9991776216122251
90,4,0.629209,0.5097146643398265
91,4,0.49532,0.3603389870131121
92,3,0.496354,0.4796883461952072
93,1,0.863108,0.6671920724512505
94,4,0.094416,0.11879787066754495
95,2,0.05376,0.07160442904437148
96,2,0.686478,0.4357476173372476
97,1,0.996473,0.9894424606054202
98,3,0.129209,0.2516920710482391
99,1,0.47466,0.49711590016407964
102,2,0.494361,0.5238145474611747
103,3,0.251268,0.25366388308883114
104,3,0.427074,0.2649866991463252
105,3,0.242504,0.2020864082662679
106,4,0.175388,0.2362372945142978
107,1,0.833045,0.6465966308635147
108,5,0.25112,0.18347725880662497
109,3,0.773087,0.7850170306926397
112,3,0.558015,0.39081534528195455
113,4,0.830664,0.8196885084226052
114,5,0.081548,0.10897030036882495
115,1,0.994808,0.9935825813918973
116,3,0.398637,0.33435697722600327
118,3,0.99994,0.999912434894335
119,4,0.29613,0.21156409179654587
120,1,0.272975,0.29389014548800096
121,5,0.994229,0.9948715588609163
122,3,0.998697,0.9984845001093552
123,3,0.442879,0.4243791233813972
124,2,0.546582,0.5007987865287152
125,2,0.561924,0.41076288732442195
127,2,0.028005,0.08405067610482875
128,1,0.132159,0.17944428305610594
129,5,0.082198,0.1451483377642623
131,4,0.293725,0.35351753825693244
132,3,0.626254,0.4697614688901809
133,1,0.90327,0.9251792207408048
134,5,0.461521,0.21603026276739884
136,4,0.579058,0.5331914591500924
137,4,0.725557,0.7382069556292458
138,1,0.999906,0.9997403557732863
139,4,0.414234,0.18429417543651477
140,1,0.080949,0.19495449885678873
141,5,0.972958,0.966735026152942
142,2,0.634037,0.71381842228542
144,2,0.084619,0.12418700238183827
146,2,0.138419,0.28417065359940386
147,1,0.166524,0.3377272754162242
148,1,0.069072,0.07956485159393555
149,5,0.272734,0.25772331998254155
150,4,0.449536,0.3553269415616413
151,1,0.431634,0.47251761830644357
152,5,0.333488,0.3309956822087499
156,2,0.058472,0.09672716542789109
158,4,0.621225,0.5259409274272295
159,1,0.181306,0.2892830594355334
160,1,0.959728,0.9648573121688746
161,4,0.842745,0.8206541591722661
162,4,0.417643,0.45453702392741024
163,2,0.78685,0.758362634320593
164,4,0.084309,0.09882721866455839
165,5,1.0,0.9999979853545036
166,1,0.125329,0.20481425284597826
167,3,0.426131,0.36505322058527034
168,4,0.774804,0.771880939642225
169,4,0.350984,0.18449005348664801
171,2,0.333037,0.2410333227238688
172,5,0.24539,0.37062422967937914
173,3,0.469401,0.6355571447715759
174,2,0.253622,0.2842639818282916
176,3,0.289095,0.2830172486728594
178,5,0.861432,0.8519422814183376
179,1,0.236824,0.27129296885392185
181,5,0.365532,0.4952661018235053
182,1,0.162377,0.22983760227434455
183,5,0.349642,0.1922397942093603
184,3,0.543123,0.486313986490168
185,5,0.06033,0.14144490859034592
187,2,0.568719,0.5912877400592318
188,4,0.231635,0.2640559294413961
189,2,0.072665,0.16421339839297394
190,3,0.769271,0.553455262832962
191,4,0.998649,0.9970106399355232
192,5,0.085199,0.13468668380692628
193,1,0.419849,0.49922387309189664
194,2,0.435112,0.23277063095840664
195,3,0.481412,0.4387817547144955
196,1,0.947966,0.9511229138526008
197,1,0.05567,0.05031739685501826
199,2,0.67124,0.49406503066503166
200,2,0.738991,0.9742166474703304
201,1,0.603084,0.658560768381687
202,4,0.081891,0.2619676862086276
206,2,0.185042,0.16716652699861773
207,1,0.063949,0.09527413665580649
208,1,0.276322,0.23721327139074885
209,5,0.356125,0.3677610704533823
210,5,0.216476,0.3341349328668925
211,2,0.102453,0.09856649521491723
212,5,0.93131,0.9034163982685105
213,3,0.572156,0.4723093018247893
214,2,0.790022,0.796666487366455
215,5,0.702662,0.690211149358712
216,3,0.205268,0.3869004772363688
217,2,0.641056,0.6869272225586294
218,2,0.028265,0.05769651189353024
221,1,0.091491,0.1981929087799183
222,3,0.979933,0.9881822821389016
223,3,0.630866,0.4876574542728383
224,1,0.507009,0.3554150890239193
226,4,0.151813,0.13055523722977336
227,5,0.546616,0.5094887377079139
228,5,0.017357,0.04708870087432454
229,2,0.234831,0.12040899232188379
230,2,0.602328,0.6503654172620449
231,4,0.550653,0.6482134324382247
232,2,0.399466,0.4179093106338823
234,2,0.547464,0.6976261817066649
237,5,1.0,0.999996614187999
238,2,0.118598,0.2018268260743325
239,1,0.80186,0.6468365608257857
240,2,0.73783,0.4678066360953888
241,2,0.306071,0.3494723769332163
242,5,0.06877,0.09147481416789349
245,5,0.095913,0.10805109333854696
248,1,0.063396,0.1385978353244326
249,3,0.769437,0.5226813003426222
250,5,0.528958,0.6383647746916653
252,2,0.759806,0.6967197874390967
253,3,0.873684,0.9354008608542694
254,4,0.393529,0.39604386401064273
255,4,0.224004,0.37492518865316865
257,2,0.058546,0.10044788170282479
258,1,0.475458,0.33464975738245323
260,5,0.42963,0.426751269703154
261,2,0.227303,0.3581910032814772
262,3,0.081302,0.20810173436565835
265,1,0.361079,0.4401420409512497
266,3,0.416057,0.40343594716248965
267,5,0.138098,0.1469466669260093
268,1,0.061477,0.05933927718636653
269,5,0.239708,0.2861058883784591
271,3,0.800145,0.7593168499800281
272,2,0.052408,0.0891829026805726
273,5,0.193961,0.22349187021624511
274,1,0.781376,0.7663684626474847
275,3,0.15593,0.22321111667597504
276,4,0.119526,0.11300176170226321
277,2,0.373009,0.45561062755762144
278,3,0.265576,0.3814165411581467
280,1,0.765161,0.6517116075465126
281,3,0.185085,0.12456569667076037
282,3,0.827397,0.8432509949731143
283,2,0.299901,0.28853359233184733
285,4,0.067713,0.04559021757135733
286,4,0.998226,0.9966804068774593
287,1,0.992501,0.9824520272244047
288,3,0.546532,0.47940082531424655
289,4,0.600062,0.3655448904560505
292,5,0.210602,0.1900635009421274
293,4,0.719395,0.872077344988662
294,5,0.237934,0.2202089993330533
295,4,0.422187,0.4966252616794563
296,3,0.112071,0.16039063079664187
297,5,0.13387,0.15597111861410282
298,5,0.571282,0.6160668671115681
299,1,0.687174,0.6087548844642324
301,2,0.571932,0.5415497341908513
304,4,0.590511,0.6224109013417123
305,2,0.438762,0.3457534279867212
306,5,0.279364,0.4650837796099785
307,3,0.172864,0.1693451540038166
308,4,0.045359,0.04232079483195701
309,5,0.845219,0.9568606642320103
310,5,0.113316,0.14586600286513424
311,5,0.996941,0.9925268662974159
312,2,0.028708,0.07748938889027325
313,1,0.682273,0.5348272846943668
314,1,0.48219,0.2913389058915592
315,1,0.174421,0.15143718623721458
316,2,0.828865,0.8686665864256655
317,3,0.078416,0.07326138694552198
319,3,0.311277,0.2901732823080439
320,2,0.062074,0.08466035292466498
321,3,0.074255,0.2852906018378177
322,1,0.177262,0.246227709651699
323,4,0.137146,0.18135510362221108
324,2,0.734843,0.5643282323822336
325,1,0.098475,0.10887214778311856
326,5,0.566829,0.438490926977046
327,1,0.318587,0.3472984466295357
328,3,0.253446,0.25261127142518275
330,3,0.996147,0.9913520594511641
332,1,0.83141,0.9283676883347736
333,2,0.660052,0.4664221205116964
334,3,0.252565,0.2684406191848879
335,2,0.120449,0.12924802039310695
337,2,0.031943,0.1254795961269148
338,3,0.794181,0.8100303278211821
339,4,0.999991,0.9999362373235364
341,3,0.41264,0.5028450499286587
343,2,0.104666,0.22551873897038366
344,1,0.042834,0.041417064787950326
346,1,0.113745,0.2537193203906153
347,4,0.029499,0.07869465809067153
348,3,0.476179,0.11664913253084486
350,4,0.022327,0.04203231003543757
352,2,1.0,0.9999984478676821
354,4,0.584883,0.7195751946091314
355,1,0.232362,0.41343206762682627
356,1,0.602038,0.5031050646132796
357,2,0.066562,0.11676120104407574
360,2,0.270941,0.3652733022911115
362,2,0.544319,0.37723942507480457
363,1,0.597395,0.4617183080115705
364,4,0.581364,0.6789210945407688
365,3,0.9889,0.9885836126819997
366,1,0.221459,0.23903825691948133
368,2,0.998577,0.9972673198187744
371,5,0.111508,0.12468146806248116
373,5,0.279174,0.28656344862658006
374,2,0.742427,0.5815732170304581
375,3,0.753102,0.7121234537486254
376,4,0.999579,0.9991302738423181
377,2,0.868633,0.9006110315586643
378,2,0.693744,0.5416353353886638
379,1,0.58082,0.6462418018712727
380,4,0.293958,0.42165700693798575
381,3,0.806834,0.9802364908003268
383,5,0.722558,0.703977428417214
384,1,0.170891,0.24132577774842645
385,4,0.567625,0.6818769667781884
386,2,0.696055,0.8562456021613466
387,3,0.261631,0.38719244985461854
388,3,0.07943,0.08581766120454244
389,5,0.063804,0.12078925906195083
391,5,0.439359,0.25082241830190966
392,4,0.163689,0.24770739854713836
393,1,0.752175,0.8973268786567783
395,4,0.32401,0.315863119896063
396,3,0.158737,0.3005780350693616
397,1,0.089111,0.14846484420160316
398,4,0.163294,0.11600893342446811
399,2,0.950926,0.9425350503093524
401,5,0.999998,0.9999921106738865
402,5,0.277566,0.1510242298850942
403,4,0.577073,0.5649106192292106
405,1,0.123841,0.1358713061070366
406,5,0.972044,0.9281295679200762
408,1,0.353721,0.36315922607835255
409,1,0.657126,0.5143813550001953
410,1,0.457523,0.5066585091715059
411,1,0.342443,0.2183910099294613
413,5,0.226571,0.16224252659161398
414,2,0.825443,0.6190332019212007
415,3,0.653786,0.41279351365550493
416,2,0.452143,0.5812637355699856
417,3,0.432911,0.42538982079718257
418,4,0.373072,0.27707313778600007
419,5,0.998954,0.9924673176025134
420,3,1.0,0.9999998174324531
421,1,0.236146,0.267867113627888
422,4,0.185771,0.37379197618881393
424,1,0.223622,0.12163272744317462
425,1,0.403448,0.34992120603942906
426,2,0.765746,0.6308596605663047
427,1,0.882934,0.8146384972192029
428,2,0.514483,0.6503157090188947
429,2,0.48171,0.504057560936852
430,2,0.179297,0.2007532944756557
432,4,0.275783,0.47868665863036086
433,5,0.184948,0.16055471092314272
435,1,0.336443,0.47197589694958986
436,4,0.263517,0.2762862542921055
438,5,0.029735,0.05675823642251067
439,5,0.007869,0.020796370388701687
440,2,0.304658,0.43241614681457535
442,3,0.273643,0.2579457776325696
443,3,0.999946,0.9997505474072302
444,5,0.096787,0.16036746183854786
446,5,0.319497,0.47555545017057355
448,5,0.190734,0.25025666511755384
449,5,0.814482,0.9037157141451435
450,2,0.999018,0.994670810166314
451,1,0.248146,0.12455896276085264
453,2,0.214318,0.3493914555096417
454,1,0.580885,0.4534946220602561
455,4,0.018756,0.040027265736298855
456,3,0.18272,0.1446262684392059
457,5,0.303395,0.2241234210234525
458,2,0.059444,0.09149184833216258
459,3,0.359251,0.5467368403367308
460,1,0.064399,0.20240409078961458
461,3,0.189715,0.16768706827854768
464,1,0.300352,0.3989359348017232
465,1,0.270675,0.3448209204112248
466,4,0.214783,0.2911517020824351
468,1,0.064735,0.069976221817569
469,4,0.472151,0.45873255072678526
470,2,0.048159,0.07158200807380273
471,1,0.278017,0.2858364340611825
472,4,0.712173,0.5981322178472304
473,3,0.725418,0.36473952826262646
474,2,0.836762,0.7101306586389394
475,3,0.124073,0.13437227115629116
477,4,0.545082,0.43341294925087737
478,4,0.717476,0.7767528688008978
479,1,0.055504,0.07538688555336036
480,1,0.293876,0.3020007735039817
481,3,0.31523,0.4083082138741626
482,3,0.198227,0.32885063329756725
483,3,0.378405,0.5667139950998074
484,4,0.443158,0.5640805620672882
485,1,0.253146,0.14050744905820015
487,4,0.586402,0.35230973340090094
488,2,0.777099,0.6310834573120555
489,3,0.350151,0.40230640893457065
490,4,0.035451,0.04473982639259316
491,2,0.24941,0.23734686449095146
492,1,0.162318,0.11747663586101932
493,5,0.480027,0.4558007109741585
495,2,0.467052,0.44482332141060826
496,5,0.017523,0.041176701085747475
497,2,0.570545,0.4326440575824488
498,4,0.3748,0.2261176662932703
499,2,0.103414,0.14903023011276673
500,2,0.096301,0.14334511439243558
502,1,0.357427,0.4950218357513207
503,5,0.770281,0.5244947182109825
504,1,0.18782,0.30420195294659463
507,2,0.008014,0.04521771242633013
508,3,0.262,0.3165689504693398
509,4,0.434099,0.4250662560907343
510,3,0.061394,0.05972789123616199
512,3,0.998025,0.9935272300176266
513,1,0.553613,0.6413389082463111
516,5,0.380334,0.3579149170189757
518,2,0.215121,0.2676026945910493
521,4,0.609401,0.38851322232315305
522,2,0.805559,0.8300597170628001
523,5,0.155104,0.28041945349687786
524,4,0.0128,0.02386411507751669
527,3,0.545673,0.3759699851322673
528,2,0.262943,0.2978336562088098
529,2,0.217299,0.2404861711965371
530,5,0.226281,0.23274141642059076
531,1,0.748386,0.7620930362120996
532,4,0.112612,0.1980280877234149
533,2,0.10284,0.18571213743799211
534,1,0.031496,0.13058266808296737
536,2,0.359547,0.3520730776355962
538,4,0.781734,0.6458098454594312
539,4,0.061264,0.13146106014778966
540,3,0.663851,0.4783848415956017
541,1,0.17773,0.1851735787191224
542,3,0.102365,0.16455962026619647
543,4,0.670376,0.6186868445312603
544,2,0.821824,0.6562864236358684
545,4,0.979302,0.9650755966692901
546,5,0.229314,0.27832396323129877
547,1,0.860253,0.7506063945954247
549,3,0.321967,0.27209237714318174
550,1,0.1608,0.2169988651589896
551,1,0.475092,0.5836244861434488
552,2,0.307939,0.3504371181410162
553,2,0.049339,0.05571826795389553
554,4,0.05592,0.0995012865416206
555,4,0.511054,0.4806491819267969
556,4,0.07062,0.13052399745810767
557,5,0.264353,0.26508812833923157
559,3,0.344318,0.21445675736275752
560,4,0.740984,0.6990576323383081
561,2,0.015379,0.029185204986801036
562,3,0.193647,0.15503954295022
563,3,0.134046,0.32425968675532235
564,4,0.516341,0.528975872488986
565,1,0.955853,0.908364526479323
568,2,0.681446,0.9149921547075419
569,5,0.046128,0.10303834413851715
570,1,0.403256,0.6747978820502109
571,5,0.333524,0.4314121476354853
572,2,0.187288,0.3149459454756747
573,3,0.643689,0.4994794634092544
574,1,0.066465,0.25275077676985275
575,2,0.092332,0.07630075765859841
576,5,0.102511,0.34336238342726505
577,5,0.743772,0.6954228871106687
578,1,0.357783,0.42227744054621963
579,1,0.11825,0.21284957431014628
580,2,0.178837,0.3278966421237675
583,1,0.51106,0.6260607345676706
584,5,0.996801,0.9884422135988572
585,3,0.301259,0.42060363517609684
586,1,0.102427,0.10277664145459418
588,1,0.139835,0.18005190197493007
589,3,0.440796,0.5248653434601943
590,1,0.19167,0.14559860595154428
592,1,0.644839,0.4589717787228469
593,4,0.583104,0.5830223395918275
594,2,0.192539,0.27671043787187677
596,4,0.652804,0.5120423456376529
597,5,0.295089,0.22741450286270237
599,4,0.53553,0.3347343906813883
600,1,0.703452,0.6897766403759781
601,3,0.367825,0.4843742263961119
602,1,0.210511,0.1809840754779597
603,2,0.104822,0.2220067499826859
605,5,0.421638,0.4272447278805518
606,5,0.593754,0.5042436452202401
607,5,0.716579,0.841922638276954
608,3,0.997855,0.9940643995362024
609,4,0.300516,0.35291335175976873
611,3,0.327954,0.4143098051175076
612,2,0.38229,0.4213795988521598
614,3,0.049266,0.16772358777326085
615,2,0.435525,0.2689703206299339
616,5,0.11219,0.08431038168343284
620,2,0.385032,0.3955718721282593
621,4,0.999615,0.9990206848256471
622,2,0.069395,0.12065196171520196
623,1,0.721174,0.6851483489045336
624,4,0.197736,0.27991375557194303
625,5,0.318998,0.2971917010006952
627,2,0.37099,0.3499187637579084
629,1,0.188569,0.15139666613912403
630,3,0.719991,0.7345590716684076
631,2,0.117784,0.08931166107647363
632,4,0.630979,0.4250176376561848
633,4,0.994724,0.9960426432577412
638,4,0.731229,0.9762761579458216
639,3,0.205375,0.16198544423525196
640,5,0.071365,0.11057492109060134
641,3,0.261134,0.1307740300720605
642,5,0.042955,0.06813594949353548
643,5,0.335013,0.27243714584958884
645,1,0.575967,0.37506082601652035
647,1,0.05698,0.16819776604472492
648,1,0.659254,0.7556111576055096
649,3,0.998966,0.9964508487474802
650,2,0.353565,0.38698259724158723
651,2,0.057084,0.12981621524842157
652,3,0.564647,0.34024797210943314
653,2,0.683764,0.7306442836722832
654,2,0.798894,0.9655316577792873
655,2,0.141269,0.36246410214737257
656,1,0.855018,0.7697112871964258
659,1,0.109081,0.10838793217518496
660,1,0.578281,0.6855733571422017
661,4,0.585348,0.4780790682536191
662,4,0.527962,0.44222858834766515
663,3,0.452727,0.4865541810854611
665,1,0.449195,0.34296765540311064
666,4,0.101283,0.24912310427412168
667,3,0.172912,0.2969656092303113
668,1,0.728294,0.7018438966531474
670,2,0.46672,0.36016454375442714
671,3,0.660053,0.33277337056198764
672,4,0.726851,0.5960836190119458
673,3,0.896139,0.796881747199906
674,1,0.999866,0.9996736185443763
675,3,0.086335,0.06488474279734374
676,4,0.070009,0.22842163591219414
677,3,0.217282,0.2266902700219463
678,3,0.201403,0.2156129916726025
679,2,0.999258,0.9969996639929121
680,1,0.661598,0.5228783594295049
681,4,0.056497,0.06621488710085922
682,3,0.296263,0.3966542670404285
683,1,0.379413,0.19981522410541921
684,1,0.032748,0.04327973879213307
685,2,0.998831,0.997840710832177
686,5,0.618846,0.485579905903807
687,3,0.827518,0.7571908030392234
688,5,0.973849,0.9586985039699303
689,3,0.468258,0.401839491874013
690,1,0.316858,0.4054104567296055
691,1,0.446427,0.5364633066461345
692,3,0.01848,0.03195647457182908
694,4,0.296283,0.2542902410473507
695,2,0.825966,0.7885787723525661
696,5,0.526362,0.3726136562910299
697,1,0.168018,0.2233529446069175
698,5,0.29969,0.3860508152957326
699,2,0.026725,0.018789152852824686
701,4,0.400506,0.5896391983183115
702,1,0.548477,0.6169676009246943
704,4,0.342526,0.2918139617408745
705,3,0.290634,0.18621817933774415
706,4,0.533331,0.5178297698615153
707,2,0.367079,0.4068011613703789
708,3,0.164972,0.2246249588389715
710,3,0.024215,0.040843821763580104
713,5,0.139933,0.04661737406179496
714,3,0.336264,0.28388891648011194
715,3,0.999207,0.9988996178518901
717,5,0.122015,0.10674487438025478
719,3,0.34066,0.20901982677902436
720,2,0.561416,0.6146756784254137
721,2,0.788046,0.8564312229601019
725,3,0.019184,0.013876789101560557
727,4,0.991673,0.969743130500929
728,1,0.169888,0.22185232251375153
729,2,0.834867,0.5849206515401664
730,3,0.201829,0.2687094479455417
731,1,0.859767,0.8209733797867396
733,5,0.120493,0.17734319216111352
734,2,0.675887,0.6884521176172262
735,4,0.337853,0.2037592455980707
736,1,0.104991,0.13904608616666075
737,2,0.053396,0.0803541180137307
738,1,0.108353,0.25383758857460575
739,2,0.135,0.14941325021320984
741,1,0.999997,0.9999868694514976
742,4,0.152355,0.26327151995358883
743,1,0.997691,0.9936701760640351
744,3,0.208068,0.3675683243470011
746,3,0.304902,0.19802823384090482
747,3,0.294906,0.20962377239266416
748,2,0.112814,0.20088267411537292
750,5,0.990429,0.9803686793447274
751,5,0.026484,0.0728781802149663
752,1,0.45376,0.5399817082286591
755,4,0.384386,0.3389125501756716
756,4,0.068026,0.08570308840298362
757,5,0.385783,0.11789951030906694
758,3,0.176745,0.282579803780058
759,5,0.668013,0.599873403837719
760,1,0.999699,0.9992322495976294
761,4,0.072189,0.06674458123179705
762,4,0.102139,0.11711314118825862
763,2,0.011572,0.023788765490665564
765,5,0.995499,0.9934214968667908
766,4,0.268351,0.23420678565102435
767,5,0.769764,0.8375683607615052
769,2,0.99998,0.999826599100747
770,4,0.404849,0.415673454899303
771,2,0.528145,0.5248651815665313
772,2,0.123869,0.17069840935148586
773,5,0.155592,0.1748798965505549
774,5,0.604083,0.46640362984862827
775,5,0.2003,0.2761826478063117
776,5,0.688534,0.7650176624156412
777,2,0.227301,0.23173658210015194
779,1,0.99999,0.9999873131632018
781,2,0.717859,0.7086495098662722
782,2,0.414601,0.46945896791110736
783,1,0.189819,0.21445278885202354
784,4,0.984276,0.965675248206772
785,3,0.281454,0.2557258205074264
786,3,0.267565,0.4242490271791926
787,5,0.344956,0.4096029971242968
788,5,0.512706,0.4620115663517971
789,1,0.303343,0.314400768316347
790,2,0.095587,0.14527717447821795
791,2,0.08196,0.08623670524942159
792,4,0.128188,0.23384731660088842
793,5,0.453057,0.3521477077791926
794,4,0.10651,0.251837343540138
796,3,0.535181,0.5620293037940179
797,1,0.999996,0.999940801180792
798,2,0.344738,0.4164124741251157
799,5,0.115898,0.1846182447577871
800,3,0.999997,0.9999721580260587
801,4,0.111026,0.1900150482162438
802,2,0.599334,0.6078753004338469
803,3,0.536782,0.5790207562122772
804,2,0.183355,0.2813973124915252
805,4,0.838887,0.9413936363500105
806,2,0.764379,0.6509208459634485
807,3,0.999996,0.9999712975332435
808,5,0.282211,0.32572229597513636
809,1,0.202619,0.19210489102009404
810,1,0.38088,0.567992385908579
811,1,0.303764,0.20673024053226546
812,2,0.03301,0.05236156980487015
813,3,0.103968,0.14291174484131366
814,3,0.123519,0.08098583149841841
817,4,0.028987,0.058608364696928615
818,4,0.245453,0.2455331910872382
819,1,0.057995,0.16421407840418473
820,5,0.263777,0.2583404572534903
821,5,0.074208,0.07639033298858372
822,1,0.999676,0.9992657669650767
824,3,0.879133,0.8305692363775684
825,1,0.334367,0.5245081443858328
826,5,0.311147,0.2895267730998713
827,5,0.11826,0.22703565936429362
830,2,0.501093,0.2910510662613772
833,3,0.96718,0.9544883506317731
834,1,0.284326,0.5634783293896042
836,5,1.0,0.9999986771737636
837,1,0.437838,0.5685993360374628
838,2,0.997429,0.9914875430618416
839,3,0.268738,0.1840245055929462
840,4,0.931172,0.9362396687193638
841,1,0.232781,0.25756370688299424
842,4,0.125995,0.15010804554363552
844,5,0.33349,0.4794596175996626
845,3,0.057495,0.17445139682560212
846,2,0.11708,0.08216893001266092
848,4,0.651629,0.436522522068782
850,4,0.233731,0.2400271002305189
851,4,0.523069,0.3396140056677969
852,2,0.789879,0.7069208136714555
853,2,0.171768,0.1637552283747866
854,5,0.648775,0.6942261140100039
855,3,0.652249,0.619686809055961
856,4,0.626653,0.3962622821683544
857,5,0.114488,0.21136898331608187
861,5,0.377987,0.47653167685562275
862,2,0.574914,0.5469948677231606
863,2,0.067744,0.06661512716646806
864,2,0.339424,0.47457749456116194
865,4,0.572413,0.37505570932456106
867,2,0.999901,0.9997916286635585
868,3,0.105566,0.19559913742134877
870,3,0.165938,0.15561137457869964
872,4,0.445214,0.38368420255116387
874,3,0.691974,0.43434307513471354
875,3,0.226104,0.20752908932763417
876,5,0.021071,0.03874827779132697
877,4,0.119679,0.16450233565227634
879,3,0.035088,0.08642174892471984
880,3,0.813383,0.6753944588298134
881,3,0.130436,0.1897749654885232
882,4,0.780637,0.6169114000781925
884,5,0.016809,0.016892566009774634
885,3,0.318682,0.6388735003011603
886,3,0.545946,0.5969752925677659
887,2,0.068976,0.12278465393824012
888,1,0.729175,0.5107317367284463
889,2,0.71219,0.5545421361133362
890,4,0.140186,0.20116630003583405
891,3,0.09179,0.1770902456394499
892,4,0.952012,0.8908143137372189
894,5,0.83848,0.9523597318129884
895,5,0.836184,0.7131259713527093
896,1,0.032657,0.1057967036312434
897,3,0.715827,0.5385518393206655
898,1,0.193955,0.19503747601846644
901,3,0.855519,0.9175505297862038
903,3,0.706521,0.5337767391776433
906,4,0.272458,0.31586293681567745
908,2,0.369587,0.45498197964329595
909,4,0.088778,0.11162631197273946
911,1,0.139627,0.2027448196159464
912,4,0.295652,0.28346009537975436
913,4,0.769244,0.7872818030549672
914,2,0.112049,0.32076972656509267
916,4,0.591452,0.6803527362151153
917,5,0.04978,0.08672274819318997
919,5,0.263477,0.4778985826251031
920,5,0.078503,0.09794198207443942
921,3,0.094385,0.13224168262999916
922,1,0.755837,0.727317519135907
923,3,0.380596,0.2736524775091482
924,3,0.077802,0.07551416431614115
925,2,0.182049,0.19533015795603115
926,2,0.674619,0.5569435526983567
927,5,0.164853,0.25423265388185956
928,1,0.125504,0.2735365097969802
929,1,0.292725,0.21211882628065695
930,4,0.196598,0.24899964724082152
931,5,0.756057,0.8693111806485496
932,5,0.171805,0.23861626496642072
933,2,0.519779,0.6030841231314936
934,4,0.088813,0.08707333929742866
936,4,0.439649,0.4126680325916473
937,3,0.104721,0.19452505379936777
938,1,0.990036,0.9847247212663179
939,4,0.223387,0.2786696846525773
941,5,0.652986,0.6439213422477978
942,4,0.161555,0.32050926723012996
943,1,0.110312,0.1284804618170695
944,4,0.326603,0.22080755366227256
947,1,0.999411,0.9983166035928978
948,1,0.365547,0.2471912605618166
949,3,0.159916,0.3732480461873238
950,4,0.84834,0.8306130408759077
951,5,0.291173,0.33127957801844743
952,1,0.091513,0.09932990288885894
953,5,0.283457,0.4973664141487028
954,1,0.55133,0.5821478793337587
955,1,0.329057,0.6058062248335183
956,5,0.117351,0.10288242282529118
959,3,0.39832,0.4037198067334749
960,3,0.751277,0.725055230341209
961,4,0.610921,0.5812125397077159
962,4,0.53576,0.6435963244012775
964,2,0.630443,0.4284439717262051
965,4,0.598744,0.7217252874752285
968,3,0.049367,0.07941029366126338
969,4,0.999251,0.9985073474330481
970,2,0.201173,0.12332867765777103
971,2,0.572371,0.3899519279190027
972,1,0.105437,0.123914149987607
973,3,0.986366,0.9814390150556279
974,1,0.286578,0.323123232307954
975,3,0.999649,0.999685541974747
976,5,0.166898,0.1845292978578445
977,4,0.218096,0.15163114594303528
978,4,0.355385,0.5491610116617629
979,4,0.136105,0.24123477783263508
980,4,0.541484,0.3323338890665666
981,1,0.148965,0.27110455065591377
982,3,0.144028,0.25767355346511567
983,2,0.083975,0.1004415100255111
984,5,0.999818,0.999736394850001
985,3,0.279499,0.27764885457862615
986,2,0.216604,0.1288174842850982
987,3,0.135606,0.39744933653243913
988,5,0.26442,0.32987428955221104
990,2,0.162637,0.1498634742027446
991,1,0.147994,0.21752785250717627
992,5,0.158529,0.22587249013243949
993,4,0.40588,0.41989769340812305
994,2,0.572331,0.7044181572694401
995,4,0.788497,0.6589408931096347
996,3,0.71334,0.38511746017273635
997,1,0.957162,0.9204406036738114
998,3,0.043703,0.09101693401884728
999,4,0.529523,0.5109174002079816
1000,5,0.992901,0.991075600794914
1001,5,0.835228,0.906431842623656
1003,3,0.104336,0.03076705953877502
1004,1,0.061301,0.17021022914576558
1005,2,0.596776,0.7426987014568512
1006,1,0.12883,0.19744760743640874
1007,3,0.146473,0.1634082655757238
1008,5,0.118121,0.17353060491707295
1009,2,0.166562,0.18809323048391285
1010,5,0.37729,0.5672207334975152
1013,2,0.127278,0.24268239117770515
1014,2,0.996154,0.9957700948621557
1015,2,0.650301,0.35767256488262156
1016,2,0.132513,0.16094780234374467
1017,1,0.835798,0.48342207337737864
1018,3,0.263177,0.3509215502790266
1019,1,0.867909,0.8889593696793393
1020,4,0.543457,0.8784070179298408
1021,2,0.244275,0.27019693449525983
1023,5,0.968831,0.9207875417432054
1024,2,0.08834,0.21596182986291182
1025,4,0.81486,0.5863485472279963
1026,4,0.105227,0.19361536845204264
1027,5,0.992232,0.9849265348118057
1028,4,0.268754,0.19002659043756487
1029,3,0.942105,0.916877503648897
1030,3,0.122863,0.10605262878786134
1031,4,0.053952,0.13687523206104127
1032,1,0.776086,0.7774658670226904
1033,2,0.999987,0.999884700391793
1034,3,0.247479,0.18948841253284102
1037,5,0.556777,0.4084284030122855
1038,5,0.55465,0.4170946134028726
1039,2,0.554863,0.5157044431446788
1040,3,0.232018,0.33288182685137063
1041,4,0.627576,0.6558831821019516
1042,4,0.047219,0.062363310277373726
1043,3,0.033958,0.04937398203829949
1044,4,0.448011,0.3629136487176816
1045,5,0.773647,0.792269566387537
1046,2,0.378047,0.2755189316306858
1047,1,0.998043,0.9953103351013278
1048,4,0.055518,0.26444878401277244
1049,1,0.38666,0.49385874130531887
1051,1,0.758895,0.6356946774951648
1052,3,0.706779,0.590104396615443
1053,5,0.178868,0.1307717628183644
1054,3,0.19377,0.22935060586312572
1056,3,0.210728,0.31052799560474115
1057,1,0.600556,0.5326225170026825
1058,5,0.751216,0.6276558133431648
1059,5,0.107202,0.3555469722748624
1061,1,0.206063,0.3278688662064622
1063,5,0.901969,0.929113139634968
1066,4,0.048559,0.15498390953434793
1067,4,0.283365,0.2017321732689142
1068,5,0.34316,0.22299596195891147
1069,3,0.531032,0.5087928727627937
1070,5,0.460736,0.5894399966296149
1072,3,0.176777,0.13943122076097067
1073,5,0.7341,0.39049069601678654
1074,2,0.189602,0.08815485017760298
1075,4,0.769381,0.6155184165358137
1076,1,0.190818,0.3119475180481747
1077,2,0.248434,0.27669300658608914
1078,1,0.12124,0.11202417933393603
1079,1,0.446202,0.6017793751739128
1080,3,0.108768,0.15931268921218283
1081,3,0.467084,0.5096879589100243
1082,2,0.192746,0.27723741715531874
1083,3,0.600986,0.6276079242184719
1084,1,0.461708,0.5850333945148061
1085,3,0.174961,0.18955710731527867
1086,2,0.261216,0.2118134721010971
1087,4,0.138916,0.13958210466380563
1088,3,0.017307,0.10807937383150452
1089,1,0.409405,0.7424168115776596
1090,1,0.124854,0.30599148143931515
1091,1,0.256619,0.20646039289999707
1092,1,0.695282,0.6438694714294845
1093,1,0.270004,0.3037946213029658
1094,4,0.04791,0.1318006871751469
1095,1,0.361594,0.5182247946291315
1096,4,0.951417,0.9216615336876816
1097,3,0.829188,0.8018519307748719
1098,1,0.070238,0.07466500857814219
1099,1,0.583663,0.4488409850689705
1101,3,0.732248,0.7549606375310152
1102,4,0.579496,0.38496769074689524
1104,3,0.187858,0.24597291658540907
1105,1,0.151537,0.06559802702816853
1106,4,0.205339,0.2914806276045607
1107,1,0.382394,0.3777119273796716
1108,2,0.43897,0.40990908903143275
1109,1,0.999566,0.9981750787881094
1112,4,0.162939,0.1615338065019394
1113,1,0.561723,0.6594322396083202
1114,2,1.0,0.9999972380961819
1115,3,0.193828,0.11678350904666288
1117,2,0.064905,0.10487041768553691
1118,3,0.770916,0.7140090368370876
1119,5,0.156551,0.15889122880364703
1120,5,0.786345,0.5970888783987793
1122,3,0.895749,0.8383669959506747
1123,1,0.210919,0.21285792341142173
1124,3,0.447329,0.46220382692145867
1125,1,0.579597,0.5204933946086833
1126,1,0.903082,0.8959213781489521
1127,3,0.065185,0.10705650816637532
1129,4,0.761881,0.5230038305783873
1130,1,0.17201,0.22528876734565834
1131,5,0.037374,0.11799630540073733
1132,4,0.067756,0.17925169655447484
1134,2,0.675292,0.5293141698959523
1135,2,0.571049,0.5810870953957513
1137,3,0.953752,0.9779487095105869
1138,2,0.107516,0.23261499070088912
1139,5,0.276867,0.4415149994773908
1140,4,0.126181,0.175545892067395
1141,3,0.255744,0.22359102773831294
1142,1,0.295369,0.27726939242717297
1144,4,0.203194,0.2821870745752411
1146,2,0.167628,0.26528239591363395
1147,3,0.819735,0.9356439798789367
1148,2,0.128246,0.22955128993591087
1149,5,0.26385,0.39186784058419577
1150,2,0.609444,0.6151746125609749
1152,3,0.375171,0.35087549181999905
1153,4,0.087993,0.21376468296113002
1155,1,0.279731,0.26982847511939584
1156,5,0.832663,0.8190203834113601
1157,5,0.814458,0.7494761101258067
1158,5,0.603489,0.6420264754441034
1159,5,0.208981,0.3367040828397703
1160,5,0.07092,0.16471763115939542
1161,4,0.218838,0.22816101426168375
1162,2,0.429175,0.3466144532514214
1163,5,0.528429,0.5203949426362375
1164,4,0.477411,0.6354887882694168
1166,5,0.469711,0.5170763858386834
1167,5,0.698313,0.8016157357265988
1168,5,0.220875,0.17675561092790257
1169,2,0.516247,0.3484232731957763
1171,3,0.24214,0.2905463551530342
1172,3,0.04207,0.08852160904017026
1174,4,0.803201,0.647669885724853
1177,2,0.491234,0.4428737853900394
1178,5,0.635843,0.5698507856812631
1180,2,0.125036,0.2138016669415949
1181,4,0.172124,0.3109026353614201
1182,3,0.733119,0.5943734876536029
1183,5,0.279844,0.20575354496699197
1186,4,0.214017,0.3125299811703116
1187,3,0.070394,0.13778245791114455
1188,1,0.359644,0.4806131896640303
1189,3,0.033293,0.1513308055086614
1190,2,0.653851,0.4020818354743435
1191,2,0.80465,0.7869291978926197
1192,2,0.998048,0.9956832052908794
1193,2,0.10636,0.2095996931523556
1194,3,0.100339,0.122882026348932
1197,4,0.010176,0.01662744011579998
1200,2,0.49496,0.37646997260957626
1201,3,0.825947,0.9166848769910289
1202,4,0.810709,0.497598984859572
1203,3,0.186714,0.23477893756842397
1205,3,0.167844,0.13444378287280925
1206,4,0.739878,0.6406107195798131
1207,5,0.171758,0.15201169290656755
1208,4,0.432279,0.4183623876650464
1210,4,0.731007,0.7088015875239024
1211,5,0.025072,0.14270571177091967
1212,2,0.939912,0.9371614069173703
1213,1,0.68092,0.3851092490195862
1214,5,0.283206,0.32595927715178075
1215,2,0.702692,0.8277036924881016
1216,5,0.536893,0.2531229128070904
1217,2,0.174724,0.13538528574152756
1218,1,0.395958,0.5263217671951759
1219,4,0.807409,0.641801564517805
1220,2,0.437439,0.29563387082682147
1221,4,0.159008,0.19508499067787227
1222,4,0.077517,0.12941929378494815
1223,4,0.816375,0.7950499062182106
1224,1,0.197176,0.26929320445113564
1225,4,0.055006,0.17105839156859318
1226,2,0.658011,0.723276398546134
1227,4,0.723757,0.436340811575553
1228,4,0.396825,0.40688679994507
1230,5,0.179753,0.29914189421820087
1231,3,0.010029,0.020406677875526205
1233,3,0.010933,0.01676131963855235
1234,2,0.999979,0.9999339751972444
1235,3,0.119809,0.2764006071246739
1236,2,0.083707,0.1210028266920114
1237,3,0.494724,0.48538327310956
1238,2,0.118978,0.1044277024423936
1239,3,0.236931,0.1906594457853101
1241,4,0.309566,0.2690351171325316
1242,2,0.359041,0.2860710202246187
1243,1,0.543717,0.7231627784866965
1244,1,0.324076,0.3396805812274317
1245,4,0.080451,0.13082838254418774
1246,4,0.082369,0.1437678846948353
1247,4,0.135763,0.17110517842258458
1248,4,0.981913,0.8980533035930534
1250,1,0.765873,0.5751605521609294
1251,4,0.104978,0.09328704873934801
1252,4,0.309939,0.19887594050516147
1254,5,0.388338,0.4007555729845234
1255,2,0.069029,0.11161917293298593
1256,3,0.029446,0.05822325283713043
1257,1,0.808188,0.7502068719472128
1258,1,0.56207,0.5825685675969189
1259,4,0.165703,0.3203887187643138
1260,4,0.923837,0.8334498764563764
1261,4,0.248764,0.34377738521387985
1262,2,0.538517,0.46462729406591907
1263,1,0.110218,0.29890840601333746
1264,2,0.662364,0.6272680958488619
1265,2,0.144778,0.09305539413020184
1266,4,0.229178,0.2240689259799142
1267,3,0.106212,0.05709860710461759
1268,3,0.647237,0.5834173892086889
1269,4,0.833254,0.6410874849707101
1270,3,0.202449,0.23326398712490654
1271,3,0.363735,0.361668127316787
1272,2,0.056612,0.2307724164652647
1273,4,0.177487,0.25060169509307006
1275,4,0.208424,0.30869708241592886
1277,3,0.86621,0.8849633271671508
1278,2,0.330756,0.24576752316815542
1279,3,0.190259,0.1870628419823601
1283,2,0.318001,0.41963202744619155
1284,2,0.637248,0.45050610069532343
1285,2,0.776726,0.6015336703780519
1286,2,0.559419,0.44967149979202686
1287,3,0.438165,0.4342855432098685
1288,1,1.0,0.9999989936600433
1291,4,0.372831,0.2559201506780601
1293,5,0.582757,0.6248690127436876
1294,5,0.441591,0.33370486478080114
1295,2,0.245773,0.5690342951976212
1296,1,0.326962,0.15345164856859506
1297,5,0.180512,0.21262804904676383
1299,5,0.379348,0.38004880630246823
1300,3,0.435993,0.37801535751044735
1301,2,0.84635,0.9776752735395734
1302,1,0.205672,0.3570353929175326
1303,5,0.225173,0.3979911118730245
1304,1,0.503433,0.5003781129450091
1305,2,0.213045,0.3085721208998069
1306,3,0.233209,0.19384377372603076
1307,4,0.996856,0.9868320176265644
1308,1,0.044698,0.11070817845626672
1309,4,0.753108,0.7127279125030721
1311,5,0.996919,0.997701324791132
1312,2,0.402253,0.24656914553399406
1313,2,0.996998,0.993600120144237
1314,3,0.60379,0.5946584930318242
1315,3,0.768411,0.7751246108086411
1316,1,0.582206,0.29509258843406483
1318,1,0.23214,0.2638017274037925
1319,3,0.764853,0.6034980963384707
1320,5,0.175487,0.21814991174817852
1321,3,0.995524,0.9882075459984745
1322,1,0.853154,0.8761189029066032
1324,4,0.873992,0.8863503349592909
1325,5,0.581848,0.681658903375636
1326,1,0.141893,0.14087269088890558
1327,4,0.154432,0.1838566567323419
1328,3,0.395646,0.5942381158720322
1329,1,0.212867,0.243863201291863
1330,3,0.191998,0.14120648744227668
1333,4,0.512383,0.7199415199779865
1334,1,0.424209,0.45167310870551547
1336,5,0.703117,0.6590211205387405
1337,4,0.020607,0.07671597582401671
1338,3,0.68843,0.8804468597625531
1339,3,0.048483,0.0993618658914451
1340,2,0.190838,0.21353477583862704
1341,1,0.482708,0.22271011307147887
1343,5,0.140195,0.204384736891728
1344,1,0.05425,0.11877694455225743
1345,3,0.084722,0.07879677670070563
1347,4,0.366929,0.40963074905643626
1348,2,0.012019,0.0131048632754594
1349,2,0.444268,0.4301678627873419
1352,2,0.999834,0.9994190305106655
1353,3,0.101723,0.12863533412856315
1354,1,0.428485,0.27664373163661954
1355,2,0.999999,0.9999873061772601
1356,1,0.581373,0.4034491430932971
1357,4,0.816607,0.926749020188352
1358,4,0.963118,0.9384641544649589
1359,2,0.058451,0.19376854741381258
1362,4,0.032331,0.08834194583096196
1363,5,0.106178,0.13990701251892226
1364,4,0.874149,0.7439167944583167
1366,5,0.479044,0.41882696670050384
1367,4,0.624935,0.625985806021899
1368,3,0.074043,0.1320864959199824
1369,2,0.333084,0.23198430385222563
1370,2,0.176416,0.38377527772553793
1372,3,0.546654,0.49558250154115463
1373,5,0.163503,0.3200834618939134
1375,2,0.279068,0.4440773785431192
1376,2,0.799166,0.8188256757138124
1378,5,0.466567,0.48421107659050033
1379,1,0.461495,0.5792046132682244
1380,2,0.307425,0.2864588120039416
1383,1,0.476471,0.31434279390953634
1384,5,0.807433,0.8038701710004428
1385,1,0.111881,0.1653624774089477
1387,3,0.717808,0.6093360201398066
1389,4,0.009709,0.03994891752342417
1390,1,0.157775,0.22253051712994948
1391,3,0.461494,0.4598205926153889
1392,4,0.568019,0.611436704361445
1393,3,0.035188,0.058401755326715675
1394,3,0.189853,0.22319047991381194
1396,5,0.06087,0.13819124784061274
1397,4,0.253539,0.33662054409424774
1398,3,0.068198,0.08068053717087652
1399,5,0.262079,0.28195791968119577
1400,5,0.129607,0.17300685661449644
1403,4,0.208909,0.237460473388771
1404,4,0.011883,0.033845392347678784
1405,4,0.34909,0.2614051400065189
1406,4,0.833217,0.6854522392233947
1407,5,0.617496,0.5200882332349342
1408,3,0.437853,0.1922066878247681
1409,1,0.826305,0.6916027066545992
1412,2,0.981618,0.9778711747238792
1413,1,0.118051,0.08398303185009687
1414,3,0.34864,0.3043777112424589
1415,4,0.115178,0.13973511351432868
1416,5,0.714207,0.6837225547272272
1417,2,0.446022,0.6103577471069241
1418,5,0.15504,0.10991875153606805
1420,5,0.999994,0.999970742872848
1422,4,0.397176,0.28686954667893716
1423,3,0.349234,0.37419915721766156
1424,3,0.250498,0.15781850451427198
1426,5,0.082751,0.04675349346707216
1427,4,0.768774,0.9068677172154942
1428,5,0.110746,0.22897241462059603
1429,5,0.621476,0.49982147614870687
1431,4,0.362277,0.2633912373142393
1432,1,0.414312,0.4503842888304744
1433,5,0.050573,0.08568603852060543
1434,1,0.231999,0.2270914592382502
1436,2,0.092643,0.08682201285314188
1437,5,0.671535,0.5495721812372399
1438,2,0.310866,0.2784193828703385
1439,4,0.208254,0.34208333823538845
1440,5,0.732999,0.6201229289723499
1441,4,0.533353,0.4353429427462282
1442,3,0.119944,0.09080772970950542
1443,2,0.025567,0.1878901257426374
1444,2,0.536467,0.5717338971460842
1445,5,0.473487,0.5037693242032577
1447,4,0.220489,0.26312470129662446
1449,4,0.201475,0.15072328787684053
1450,5,0.791877,0.8003354265447215
1451,2,0.329769,0.4634363863767696
1452,3,0.398629,0.34446997267443913
1453,3,0.832647,0.7331313178641106
1454,1,0.219082,0.17358483035031919
1457,3,0.107862,0.0896694802121812
1458,2,0.200919,0.24857283100826286
1459,3,0.514161,0.4686698453143831
1460,4,0.476084,0.36791141940746946
1462,1,0.366289,0.3718443281180942
1463,2,0.999341,0.9968022458495934
1464,4,0.005807,0.01136914581263173
1465,3,0.998597,0.9929439567435457
1466,5,0.249525,0.3478433203645219
1467,4,0.245514,0.2794763064909829
1468,4,0.435336,0.6637346574332734
1469,1,0.013643,0.02901455222987809
1471,5,0.237359,0.2240578516555554
1472,2,0.12876,0.3149603691773966
1474,5,0.115414,0.14165673026309275
1475,3,0.018784,0.041698516089532435
1476,4,0.56391,0.3662189789662103
1477,3,0.018947,0.03693781537546321
1478,2,0.448305,0.3992330518370821
1479,1,0.85247,0.8979759303955153
1480,1,0.209804,0.16084551365737057
1481,1,0.123843,0.1459342299326053
1482,5,0.158084,0.1887708505642125
1483,5,0.451416,0.42154076556537334
1484,4,0.808323,0.837149612746331
1485,2,0.208366,0.2770219508468172
1486,4,0.091506,0.18584141151299324
1487,3,0.329616,0.3862971330614144
1488,1,0.1703,0.157916980451591
1489,4,0.189585,0.27421385665328274
1490,5,0.853167,0.8355816701597041
1491,2,0.274169,0.24674643649259656
1493,1,0.036427,0.03613432899259726
1494,2,0.140694,0.10556537297576485
1495,3,0.237245,0.4460437115622538
1496,5,0.509717,0.5013492702645377
1497,5,0.033944,0.06724986213171716
1498,1,0.096328,0.13800576879886653
1499,2,0.111078,0.2798953236339304
1501,2,0.008691,0.019786491404541678
1502,2,0.867127,0.8193404209145657
1503,3,0.206543,0.18923423230960001
1504,4,0.149545,0.1638874087682721
1505,3,0.33953,0.5944031166892801
1506,2,0.992295,0.9850600607445534
1507,4,0.114494,0.1592012187384834
1508,2,0.192748,0.4196610218887685
1509,1,0.443001,0.4484823012262292
1510,5,0.19555,0.13506990245635114
1511,3,0.112221,0.19034995572800706
1512,3,0.828036,0.6163371449517613
1513,1,0.549731,0.4893607016097607
1514,4,0.55374,0.6781328306020163
1515,4,0.6766,0.6617856116724525
1516,2,0.58356,0.519865493800972
1517,4,0.783984,0.7016196603991719
1518,4,0.694764,0.5568748892204385
1519,1,0.120582,0.3195256157565369
1520,1,0.631741,0.5733582521919618
1521,1,0.096062,0.20134528357557413
1522,1,1.0,0.9999999181299273
1523,4,0.502641,0.3270387225830493
1526,5,0.427098,0.5978829575922486
1528,1,0.506528,0.30803587035488195
1529,5,0.75978,0.7209732779072078
1530,4,0.684884,0.6920181830084188
1531,3,0.063709,0.11505156523440774
1533,2,0.652254,0.478554535641831
1534,5,0.672275,0.4897957276029643
1535,5,0.232406,0.1627912083481091
1536,1,0.772105,0.755317922557935
1538,5,0.367956,0.4030279627110907
1541,2,0.937636,0.7760062005767835
1543,5,0.210446,0.28024475259342785
1544,2,0.697101,0.47222786906097725
1545,3,0.027569,0.07606238861043337
1546,1,0.259358,0.29061437920455424
1547,3,0.220651,0.30134769571344194
1548,2,0.246764,0.3286198864830806
1549,2,0.060352,0.07243622249943471
1551,2,0.782244,0.6100148025867806
1552,5,0.425336,0.39728624508763755
1553,3,0.337499,0.2077150785617658
1554,1,0.793842,0.7486027900283594
1555,2,0.491947,0.4742986296982119
1556,2,0.5205,0.422116775871814
1557,3,0.430337,0.564596460544322
1558,3,0.41886,0.46916708888652914
1559,1,0.279948,0.16879628043778377
1563,5,0.062304,0.10052105723251531
1564,5,0.465119,0.2775716691333028
1565,5,0.400949,0.37748123949151546
1566,4,0.07478,0.14482839465033284
1567,5,0.087453,0.07385876029821906
1568,2,0.464916,0.5072580138506532
1569,1,0.514016,0.42795731330135245
1570,4,0.99995,0.9996954027130592
1572,3,0.441827,0.581946830493883
1574,1,0.181948,0.2301613002142156
1575,2,0.999914,0.9997717085702083
1576,5,0.127723,0.23821596444553358
1577,2,0.234306,0.17461063365672483
1579,5,0.508103,0.4497214294564968
1580,4,0.192656,0.1775575817256923
1581,2,0.217658,0.24521039405937853
1582,1,0.083945,0.16687372669481673
1586,2,0.556397,0.49728789232272164
1587,4,0.181502,0.25534015359601214
1588,5,0.378016,0.37290639916663915
1590,3,0.357209,0.6827694044994699
1591,5,0.05745,0.11633292070984673
1592,1,0.047238,0.07286865108772973
1593,3,0.151221,0.2735693846364893
1594,3,0.050752,0.04374725390172533
1595,2,0.799872,0.7834462493515838
1596,3,0.096431,0.11117378788180501
1598,5,0.09711,0.12839026751539212
1600,4,0.016253,0.03655596429247892
1601,3,0.068528,0.10225570962088197
1602,4,0.672571,0.5092717049007592
1603,4,0.427801,0.5926499002634094
1604,5,0.639257,0.7282851081212295
1605,3,0.439455,0.28770950661311145
1607,2,0.560179,0.5753855063772155
1609,3,0.413668,0.3448470999746641
1610,5,0.726223,0.6801687872172903
1611,2,0.328479,0.2298404727515452
1612,2,0.292874,0.43242588438144003
1613,2,0.052566,0.09070909829687757
1614,4,0.130849,0.26609104864220506
1616,5,0.999874,0.9997130839136141
1617,4,0.343291,0.23028716305436045
1618,4,0.122622,0.150634788117002
1620,3,0.049667,0.029688816647792906
1622,1,0.129583,0.20510951717794917
1623,1,0.280595,0.3709640495069782
1624,3,0.03551,0.06565723084335331
1625,2,0.01353,0.050230758165087534
1626,2,0.535257,0.20311971898873718
1627,2,0.840035,0.7670148246465714
1628,1,0.788705,0.7822635892530582
1629,5,0.820868,0.8481003264505032
1631,1,0.999243,0.9987685381630766
1632,1,0.546633,0.5512306506127239
1633,1,0.077843,0.14561990249964846
1634,5,0.094222,0.13139846864694085
1636,1,0.540127,0.47932369275981884
1637,2,0.402584,0.43743592729266273
1638,3,0.114146,0.06791892368739401
1639,5,0.132283,0.23472630844956296
1640,4,0.996325,0.994346546455074
1643,5,0.110559,0.3171767820540977
1644,3,0.170479,0.22899844950756776
1645,5,0.287187,0.3073239466877436
1646,5,0.092866,0.3080253148250749
1647,4,0.193299,0.31578453292806474
1648,3,0.251443,0.38669935962867136
1649,3,0.928071,0.9508887066642739
1650,2,0.998516,0.9979921474078544
1652,3,0.991353,0.9905911378849901
1653,4,0.032692,0.11576220527948819
1654,1,0.615966,0.5193954124832063
1655,1,0.539015,0.43851717162905196
1656,2,0.085831,0.08394623594996388
1657,2,0.995114,0.9926110120441131
1658,3,0.279916,0.45297245430404587
1659,3,0.389941,0.2352530316833793
1660,1,0.054237,0.09965351484280267
1662,1,0.048192,0.07408522237182284
1663,5,0.52413,0.3539889086408495
1664,4,0.118474,0.09107019905798247
1665,3,0.845947,0.6137684939790667
1666,4,0.592883,0.5369936627931087
1668,1,0.520797,0.404311126573868
1670,2,0.333371,0.39925791311041847
1671,1,0.142339,0.17989973706291154
1672,3,0.033868,0.056233513050050185
1673,2,0.708557,0.5414500427963489
1675,4,0.990883,0.9886436787698207
1676,1,0.496325,0.2290142723054308
1677,4,0.212863,0.3566482564707438
1678,4,0.38053,0.3246095339758673
1679,2,0.461622,0.3707332422703686
1680,1,0.317826,0.28285828210644903
1682,2,0.17455,0.20663266921968992
1683,3,0.714027,0.5230532101383778
1684,2,0.610846,0.3120881615448143
1687,3,0.999773,0.9996621670631423
1688,4,0.990665,0.9788145783157115
1689,5,0.48438,0.6196021359128543
1691,4,0.483283,0.41335443341239964
1692,1,0.263869,0.43902086726775147
1693,4,0.42703,0.5239472772202117
1694,2,0.507312,0.33101369616675735
1695,3,0.401411,0.4355586451823181
1696,3,0.443633,0.491626142383493
1697,4,0.68193,0.7488473130882157
1698,2,0.840488,0.8587224585131088
1699,1,0.882648,0.8205311171086405
1701,1,0.608951,0.6148873433078207
1702,1,0.554437,0.48169147511115623
1703,4,0.415363,0.47882403056875256
1704,5,0.098957,0.14069144121398422
1706,4,0.240089,0.27177670425329337
1707,5,0.285286,0.4111937710478381
1708,4,0.553706,0.5219318139130603
1709,4,0.266096,0.33775569851498655
1710,1,0.228734,0.32068048462193915
1711,4,0.184593,0.2715759979944276
1713,3,0.6158,0.6697149174728423
1714,2,0.41122,0.4843540248902171
1715,4,0.765457,0.9177062041663712
1717,2,0.390941,0.2644374839946975
1719,2,0.086091,0.11506445811153743
1721,2,0.99995,0.9997338483172689
1722,4,0.689777,0.3397216233583912
1723,5,0.359064,0.22796620480416557
1724,4,0.692921,0.40269720648831453
1725,5,0.544377,0.3715392717968808
1726,4,0.323587,0.26194557758716835
1727,2,0.724424,0.5738678563760492
1728,1,0.470021,0.868067639535694
1729,5,0.131269,0.20013222655304877
1732,4,0.676274,0.42831978204572974
1733,2,0.158287,0.2412503361397219
1734,5,0.027403,0.021720245708467378
1735,2,0.999553,0.9993411817676331
1736,3,0.869717,0.9207117913035007
1737,3,0.245581,0.31015851488743984
1738,4,0.804501,0.7873138797218178
1739,5,0.996018,0.9901441054992033
1740,4,0.409113,0.3277000973327172
1741,2,0.835815,0.830793975783875
1742,1,0.934322,0.9213440062236422
1743,4,0.580086,0.7871371781688358
1745,5,0.767035,0.6979836190710251
1746,1,0.24309,0.270219594329504
1747,5,0.999728,0.9995409166908302
1748,3,0.022164,0.03837000086774281
1749,1,0.999805,0.9990589912887853
1750,2,0.243418,0.30337953489192204
1751,4,0.467409,0.5960003404185378
1752,3,0.994372,0.9698697450199231
1754,2,0.84824,0.8834264366675323
1756,4,0.017504,0.05411328889805442
1757,5,0.356597,0.45887070597327795
1758,3,0.705389,0.6244174558216863
1760,3,0.265648,0.24155673843833778
1761,2,0.544641,0.41793412095018345
1762,2,0.2988,0.46776900530684407
1763,4,0.461023,0.5803671616013346
1764,1,0.283096,0.2970485783801646
1765,2,0.092987,0.2033205699885665
1766,4,0.999781,0.9990839629992033
1767,2,0.069207,0.0687813275751931
1768,3,0.604842,0.5498364337511328
1769,1,0.370531,0.3106959609504877
1770,5,0.155171,0.23960617856905045
1771,1,0.078661,0.18866114512088666
1772,4,0.359052,0.2172746949974477
1775,4,0.984537,0.9918077382974243
1776,1,0.999546,0.9986440945234376
1777,4,0.0269,0.05664674918155298
1778,4,0.289974,0.2558773696027945
1779,2,0.124169,0.11574537547805554
1780,5,0.404946,0.4873018024156792
1781,5,0.343027,0.495580088144541
1783,5,0.118946,0.30135630849442707
1784,2,0.609217,0.7133278275204313
1785,2,0.449984,0.5179765302077016
1786,2,0.425422,0.36558869860332105
1787,5,0.010233,0.03905796662928622
1788,5,0.780348,0.8865559476496204
1790,4,0.066807,0.09052237718490462
1792,4,0.848796,0.7011838296690355
1793,1,0.900392,0.8575879909416186
1795,1,0.753528,0.5793771905438386
1796,1,0.166532,0.2180089789262249
1797,2,0.974174,0.9838984494419467
1798,1,0.453642,0.3406372065039445
1799,5,0.142619,0.17493309924973532
1800,5,0.999999,0.999991246083343
1801,4,0.161837,0.20640875418425061
1802,1,0.033066,0.03937637081849322
1805,4,0.284158,0.30088595908588434
1806,4,0.711035,0.6588811072635267
1808,2,0.346545,0.4076824556644425
1809,3,0.258087,0.2693993716960911
1812,2,0.138152,0.18742708209049808
1813,1,0.590475,0.4568396743152688
1814,1,0.425223,0.35815670216677903
1815,3,0.97925,0.9354906148974738
1816,3,0.390002,0.4813287155759157
1817,5,0.468621,0.5156058103345428
1818,4,0.865213,0.934846230260634
1819,4,0.347911,0.46487495951945945
1821,5,0.320929,0.28522874595160597
1822,4,0.591184,0.5275361693170246
1823,3,0.814928,0.634287559691096
1824,4,0.780387,0.8714590975675753
1826,3,0.002646,0.00395167896171095
1827,1,0.243336,0.21952303219132802
1828,3,0.1248,0.29857983953811523
1829,4,0.357655,0.35860254568496075
1830,4,0.247759,0.25979599983917967
1831,3,0.183188,0.2990808617383308
1836,2,0.067675,0.16379530124608832
1837,5,0.304355,0.29561093684557566
1839,1,0.350622,0.29159674737472546
1840,3,0.462575,0.5125999549783484
1841,4,0.442949,0.4120937915822831
1842,1,0.010838,0.06734252856688044
1843,5,0.170336,0.18480842765932196
1844,1,0.999956,0.999660167892632
1845,5,0.13975,0.19996520593779288
1846,5,0.592717,0.48710031294952566
1848,4,0.083613,0.1429707991439711
1849,3,0.99812,0.9963502713490068
1850,2,0.191173,0.2996505696998896
1851,1,0.288282,0.39741566512785725
1852,3,0.269502,0.30329077666547977
1853,1,0.626616,0.7019348642922597
1855,2,0.99813,0.9948108921070921
1856,2,0.622515,0.9636295872289453
1857,4,0.188126,0.15530502783066225
1859,1,0.290069,0.6376475987920223
1862,1,0.030441,0.07506926879678259
1863,1,0.16546,0.21160910516766157
1864,4,0.674302,0.6524875030929516
1865,2,0.530017,0.3135916425078426
1866,1,0.531242,0.4535834500341916
1867,1,0.26083,0.23495477322908703
1868,2,0.439091,0.5088178669649405
1869,2,0.546884,0.44841433125370994
1872,4,0.288969,0.387157985235974
1873,5,0.367987,0.39021707623391544
1874,5,0.99798,0.9865915666245227
1875,4,0.356836,0.3682930083763244
1876,5,0.691044,0.7173564012676346
1877,2,0.151198,0.180000416313897
1879,3,0.998111,0.9959524215593529
1880,1,0.98688,0.9898465681973516
1881,1,0.219035,0.4738598877696551
1882,1,0.314367,0.24235439256813762
1883,1,0.045474,0.0589326482367138
1884,5,0.996448,0.9929383020905356
1885,1,0.644246,0.6232036412057216
1886,2,0.143328,0.11410419452357447
1887,5,0.616376,0.45101925715649704
1888,2,0.15698,0.2388038252122856
1889,1,0.293824,0.40112023202892644
1891,2,0.524783,0.6604310569165165
1892,2,0.249812,0.26510221954825697
1893,1,0.221115,0.11191255236949148
1894,4,0.459896,0.5138917637482917
1896,3,0.985066,0.9819863054221393
1897,3,0.170104,0.1486967392818176
1898,2,0.730228,0.646849697555893
1900,2,0.477369,0.3119488425154707
1901,4,0.277853,0.2765261369449857
1902,4,0.610547,0.7478968370084289
1903,5,0.787475,0.6645567573052417
1904,4,0.993674,0.978327272356313
1906,3,0.567146,0.46958529207767985
1907,5,0.167478,0.1413957128273768
1908,1,0.128104,0.18831890638563295
1909,2,0.233179,0.13035950417708264
1910,3,0.531909,0.6233697456035459
1911,2,0.034208,0.08229807259163233
1912,4,0.19588,0.22390426577498443
1914,4,0.696811,0.6240998434877901
1915,2,0.430889,0.5578996030826465
1916,2,0.119158,0.2416333176911087
1917,4,0.107464,0.09723063770211252
1919,1,0.03932,0.05802949454545533
1920,2,0.755294,0.5224483739796135
1921,5,0.999994,0.9999692445165405
1922,3,0.406416,0.3919116032398868
1923,2,0.981644,0.9415285044065399
1924,3,0.678698,0.9807555010285098
1925,2,0.147694,0.20547154212212476
1926,4,0.612264,0.7673191704755523
1928,5,0.45539,0.29983624373183515
1930,5,0.791088,0.6298535538225953
1932,2,0.217698,0.44331618715153015
1933,4,0.041882,0.10585960072587972
1935,1,0.368649,0.30675831093218436
1936,2,0.20336,0.23408621001154475
1937,2,0.093576,0.16762543263153326
1940,5,0.142466,0.24763719330026335
1942,2,0.275582,0.3330472835438769
1943,4,0.699646,0.8090867533507011
1945,5,0.846625,0.8017422398046404
1946,2,0.11315,0.14440581639424946
1947,5,0.999708,0.9992260972860426
1948,5,0.810712,0.9647184976285167
1949,1,0.026346,0.040185228626623326
1950,5,0.534754,0.35047616220818306
1951,2,0.331068,0.35134793899679473
1952,4,0.456129,0.4590938339612771
1953,2,0.283272,0.2727690797022676
1954,2,0.767296,0.5107293091305958
1956,1,0.058738,0.06408775291449285
1957,5,0.748412,0.7156034644405622
1958,2,0.289352,0.19193234290840125
1959,2,0.364251,0.4512959654553188
1960,1,0.672789,0.5374424810224664
1964,2,0.182023,0.23299877890712523
1965,4,0.427115,0.5719861931782709
1966,4,0.354388,0.2529406740057192
1967,4,0.049141,0.04821497113134634
1968,2,0.30445,0.24607791219365824
1970,1,0.081448,0.08585620750484649
1973,4,0.099225,0.05694859425414096
1976,5,0.999275,0.9959806840231896
1978,4,0.427939,0.29247181695868324
1979,4,0.849733,0.7297748731890237
1980,1,0.600116,0.4876827179659798
1981,5,0.23199,0.26770733170102273
1982,5,0.227744,0.32544356248659995
1983,4,0.10824,0.1702079918795883
1984,5,0.612839,0.7147618346212211
1985,1,0.174,0.18494757413120563
1986,1,0.482296,0.3852924090425991
1988,5,0.716543,0.632668043642199
1991,3,0.263237,0.3529342604080913
1996,5,0.619576,0.5892071266074852
1997,4,0.631717,0.7193247647148917
1998,2,0.074404,0.15016096780490806
1999,3,0.434749,0.47528008473181954
2000,1,0.762571,0.9203531702735251
2001,4,0.800102,0.7069591646288093
2002,5,0.377137,0.41240572138587955
2003,2,0.226199,0.08888989631175113
2004,1,0.412848,0.4760022621246972
2005,2,0.174194,0.19174695131242867
2006,1,0.998223,0.9911535570777432
2007,2,0.609293,0.5028842711585809
2009,4,0.255561,0.24130951798216907
2010,2,0.133652,0.1216288941994278
2011,3,0.999899,0.9995627312761161
2012,4,0.150539,0.24561547136440803
2013,3,0.519272,0.3182862256132795
2014,4,0.73675,0.6469005494900996
2015,3,0.253701,0.3365328755921171
2017,3,0.181013,0.1564563304510211
2019,4,0.857266,0.7757102174684416
2021,1,0.574986,0.8795490417915406
2024,3,0.20234,0.2855781798328571
2025,2,0.111011,0.1306283248679976
2026,3,0.97458,0.8934947524938094
2027,1,0.021558,0.09030691143982766
2028,5,0.256242,0.21097527843883704
2031,5,0.024828,0.054434069498122115
2032,5,0.133876,0.32146080125814075
2034,3,0.442066,0.5385121159689115
2035,3,0.998826,0.9887650720958266
2037,5,0.142161,0.2446967725955523
2038,2,0.646016,0.5896544317676409
2040,2,0.202455,0.0915526481877853
2041,5,0.997592,0.9883435601311465
2042,4,0.782768,0.7632658975654203
2043,5,0.039336,0.09998041391834751
2045,1,0.109477,0.04419228230431718
2046,3,0.394213,0.3183331926097735
2047,2,0.189975,0.19444645780348987
2049,1,0.891345,0.7743972322059043
2051,3,0.64441,0.4058938540679937
2053,3,0.698077,0.6160221336331417
2054,4,0.132776,0.1033028603896159
2055,1,0.825808,0.9294466268258584
2056,5,0.007378,0.05095357379725394
2057,3,0.198257,0.16435673484099725
2058,2,0.41754,0.3384320469389386
2059,5,0.607234,0.5011449081140237
2061,3,0.194463,0.210265821615342
2062,5,0.483237,0.6261942871054303
2063,2,0.44857,0.529522669810395
2064,2,0.620888,0.5107723332159751
2065,1,0.032938,0.04275510496395713
2066,3,0.995252,0.9864117582929478
2068,2,0.475872,0.2628366293523205
2069,3,0.845863,0.9334460554360614
2071,3,0.407453,0.31726404103879957
2073,5,0.281026,0.2790971051747233
2074,4,0.42845,0.41053931898993057
2075,1,0.319591,0.2945361598643119
2076,3,0.027434,0.07180910257342735
2077,5,0.009544,0.01367906710974872
2079,5,0.779094,0.8350332220552085
2080,4,0.049485,0.0775334867338472
2083,4,0.608517,0.7084969770970722
2084,1,0.581372,0.3526099329257553
2085,3,0.113158,0.13696528973340677
2089,1,0.239359,0.1952524888776205
2090,1,0.084196,0.06427392585507391
2091,5,0.596868,0.6172487301267611
2092,2,0.530783,0.5612274930268928
2094,4,0.423777,0.5011134749446579
2095,2,0.074035,0.23072664950578953
2096,4,0.998662,0.9945012099977844
2101,2,0.715195,0.6749445436265854
2102,2,0.280361,0.261140298432586
2103,3,0.018622,0.023338845104089855
2104,4,0.810427,0.7695010062008472
2105,4,0.056835,0.15336789199528122
2106,5,0.600174,0.5188071636032789
2107,4,0.047414,0.1482509155727621
2108,1,0.12673,0.10973161612104669
2110,1,0.275508,0.18737983353208296
2111,2,0.829335,0.6987489834626854
2112,5,0.673913,0.5205078052004057
2115,5,0.088397,0.15219452631759695
2116,4,0.337725,0.4457218114828304
2117,4,0.123805,0.10522051341539745
2119,3,0.417746,0.4079934126667833
2120,5,0.0458,0.10642876371264619
2121,5,0.839234,0.6073452761827811
2122,3,0.344853,0.33679862135061756
2123,1,0.461286,0.3353429394441066
2126,4,0.305651,0.3252473135162641
2128,1,0.432067,0.38385807270628836
2129,5,0.998963,0.9962106985521525
2130,4,0.444154,0.5650060662567196
2131,5,0.337553,0.2518297771402065
2134,2,0.043509,0.06796956155355878
2135,5,0.605641,0.4249080199075145
2137,4,0.695478,0.5609742310924088
2138,3,0.408803,0.44330400824347405
2139,3,0.636586,0.5929424343498044
2140,1,0.055991,0.1582374450892222
2141,3,0.346637,0.4441630627509142
2142,3,0.048836,0.08116501082989692
2143,4,0.247745,0.2489606367261616
2144,4,0.148913,0.3200105522412795
2145,3,0.47814,0.33074518144975984
2146,3,0.517717,0.4076813172499651
2147,4,0.326701,0.23561631606916064
2148,2,0.166913,0.15620599784683836
2149,4,0.99144,0.9909545250216012
2152,3,0.436636,0.250447400748456
2153,1,0.812944,0.729883184726711
2156,3,0.592267,0.3476163256489443
2157,4,0.839875,0.8225288701177669
2158,5,0.126062,0.1962960928326753
2160,4,0.407276,0.3421874879453048
2161,2,0.463351,0.47084457934465335
2162,4,0.101921,0.20182989964529255
2164,5,0.998099,0.9937225931003247
2165,1,0.686832,0.7593114760321464
2166,1,0.410137,0.3337732876232921
2168,5,0.161309,0.37721910895240335
2169,4,0.919149,0.8163013178323494
2171,1,0.185234,0.2150856382404368
2172,2,0.801217,0.7371521120553551
2173,1,0.380794,0.5394965083234988
2174,4,0.374227,0.40767811889971506
2175,2,0.435644,0.4607451177703553
2176,2,0.968782,0.9545896909767215
2177,1,0.038003,0.0852900274333173
2179,4,0.578849,0.4539005507155157
2180,4,0.738176,0.5902871685685726
2181,1,0.994957,0.9943748238664959
2183,1,0.125909,0.16333766866732571
2185,5,0.140792,0.14864217477129693
2186,1,0.067853,0.0757357597840503
2187,3,0.956964,0.9724284454324158
2188,2,0.738384,0.5317129405844813
2189,2,0.518406,0.47818189720987303
2190,4,0.058729,0.24455534436205997
2191,4,0.83743,0.7595062324216436
2192,4,0.29305,0.31335282579235063
2193,1,0.219755,0.12487602232929865
2194,3,0.977342,0.9725745610443636
2196,3,0.269047,0.2970633920477833
2197,1,0.221663,0.30569167456817903
2199,1,0.174282,0.14378386773936655
2200,1,0.476857,0.4443859020029685
2201,3,0.347923,0.2625370391170558
2202,3,0.067406,0.20096173251386873
2203,2,0.367557,0.4166581032135085
2204,5,0.854557,0.807681904785539
2206,1,0.076883,0.1193490415558286
2207,2,0.635704,0.6137382689438262
2208,3,0.464147,0.7111017511899305
2209,5,0.211407,0.13094470881819933
2210,1,0.999586,0.999184404819438
2211,3,0.091738,0.10512787729375239
2212,5,0.397955,0.39495359110853717
2213,1,0.065367,0.14289812575638114
2214,1,0.158788,0.2401217985258462
2216,2,0.779914,0.6900238097591489
2217,5,0.243197,0.27076161281670685
2218,2,0.071977,0.10613606974543582
2219,3,0.381169,0.46566234871645756
2220,5,0.336968,0.41149747962668637
2221,4,0.306888,0.26710514152046166
2222,5,0.738428,0.7562185665947002
2223,2,0.998033,0.9959941281392193
2224,1,0.999986,0.9999306357910445
2225,5,0.900873,0.8687604021960207
2226,4,0.173794,0.20265458374740525
2227,3,0.035961,0.1273300795204603
2228,2,0.245389,0.288739184391372
2229,3,0.116288,0.2103940185861365
2230,5,0.647747,0.47745421300832747
2231,1,0.090938,0.08651836549907399
2232,2,0.30505,0.3762660278477202
2233,1,0.665437,0.6169234761567807
2234,1,0.061812,0.19607572946632276
2235,5,0.454122,0.3188207517872858
2236,3,0.207994,0.3234434047460074
2237,2,0.376675,0.30875084381530093
2238,3,0.278817,0.24175920166240397
2241,1,0.722304,0.6777109653462198
2242,2,0.106103,0.277993578762433
2243,5,0.463016,0.44295389161822135
2245,3,0.063768,0.20902794798910287
2246,3,0.291152,0.3208113921986527
2247,3,0.210005,0.27214332810953934
2249,5,0.404114,0.5371936161089724
2252,5,0.91172,0.8262751448255707
2253,5,0.011034,0.030184589748038823
2254,2,0.4575,0.5584851680573047
2256,1,0.861487,0.8603746163496303
2257,4,0.184126,0.22976748066155378
2259,5,0.213053,0.3686628797405921
2260,4,0.370735,0.4411933228736491
2263,3,0.309239,0.20657126455937436
2264,4,0.325123,0.42449294982031055
2265,3,0.476329,0.28366034682174196
2266,2,0.362162,0.27307378978982366
2267,4,0.176878,0.3296609491489925
2268,3,0.032114,0.06062243342895524
2269,5,0.065399,0.07111882483555684
2270,2,0.033752,0.16380968611792332
2271,3,0.99999,0.9999648175721741
2272,4,0.737033,0.6989620380660293
2273,5,0.235406,0.11307824995390375
2275,1,0.523935,0.4843174286759706
2276,2,0.275042,0.2871091114284889
2277,3,0.999955,0.9997239573375452
2278,5,0.323995,0.3987368653107524
2279,5,0.766605,0.5386914212433638
2281,1,0.435221,0.3796040213434076
2282,1,0.478324,0.2887199456703898
2283,2,0.087268,0.15527154199231605
2285,3,0.025857,0.0344321701478318
2286,1,0.104854,0.14744389847707728
2287,5,0.383534,0.23979528712302706
2288,1,0.999251,0.9965754634884875
2289,2,0.357231,0.3347112568902449
2290,3,0.462384,0.3907840204763875
2292,5,0.289336,0.5317710708350721
2293,1,0.530735,0.6419197316849367
2295,4,0.998665,0.9979015693697574
2296,4,0.268297,0.37656924283024246
2298,4,0.999977,0.9998547254903078
2299,4,0.664465,0.6493655926734531
2300,5,0.262323,0.14963318342787565
2301,1,0.999852,0.9996988539472885
2302,1,0.999317,0.9971309013638912
2303,5,0.301801,0.3905796035505815
2304,3,0.264577,0.28653862575472494
2305,2,0.554815,0.5275684609375768
2307,3,0.96952,0.9802938334074401
2309,5,0.200779,0.3750741254611247
2311,4,0.787507,0.9231092987451234
2312,4,0.483316,0.4951767561016144
2313,1,0.294693,0.3645361113080129
2314,3,0.595275,0.5045573533543051
2315,1,0.233834,0.39956769140873827
2316,1,0.170808,0.12162389026857741
2318,1,0.626657,0.4707698784081582
2319,1,0.352871,0.2584795540627008
2323,2,0.64681,0.45464157298305813
2324,1,0.993067,0.9956442643492108
2325,3,0.18229,0.25265652785864173
2327,1,0.183111,0.19169268653758756
2328,5,0.961669,0.9525481977385133
2330,3,0.558943,0.6743859881189102
2331,5,0.022006,0.04514766280797376
2332,2,0.22593,0.1891503596214113
2333,2,0.286312,0.3399092868023795
2335,5,0.323823,0.43315833983284285
2336,4,0.999731,0.9983904091617068
2337,5,0.00112,0.003033759506646119
2340,3,0.051506,0.14789543946725886
2341,5,0.050063,0.061671149839682034
2343,2,0.11989,0.19907856368732313
2344,4,0.440521,0.5514623928149452
2345,2,0.615024,0.580227942289837
2347,3,0.78673,0.699617676253764
2349,3,0.308899,0.4187256919298595
2350,2,0.421779,0.28942606643659935
2351,2,0.787465,0.6539082394298811
2352,5,0.51961,0.4158049339870452
2353,2,0.002654,0.016748029063730106
2354,2,0.203933,0.36030325020128756
2355,4,0.453947,0.41253844793840305
2356,1,0.02238,0.14174313244877568
2357,4,0.214636,0.31753966478903284
2358,5,0.436453,0.4500154443003341
2359,3,0.130139,0.20447840812460433
2360,2,0.99878,0.9982468867228587
2364,5,0.461827,0.4498787671292687
2365,1,0.184496,0.19559495697033139
2366,5,0.011852,0.02516303776648431
2367,2,0.301098,0.2997196534795917
2368,5,0.231941,0.15395446687528344
2369,2,0.517709,0.5274965939788696
2370,1,0.080862,0.1875019991368263
2371,2,0.095961,0.1451472470357939
2372,4,0.662164,0.5433465704186577
2373,5,0.836215,0.7770560133182285
2374,1,0.297883,0.2668095397918579
2375,4,0.042158,0.13156208278828543
2376,2,0.832868,0.7505133692201871
2377,1,0.167237,0.26089757960855453
2378,5,0.201242,0.13211402818596088
2379,1,0.693831,0.7806031614588972
2380,2,0.998244,0.9957083879762644
2381,3,0.805491,0.5495614146075989
2383,2,0.999184,0.9977436153174013
2384,5,0.522312,0.4833040471369534
2385,4,0.335092,0.2629323003114077
2386,1,0.561677,0.39012017776338104
2388,5,0.725069,0.7096171473605153
2389,5,0.308909,0.2911056785905425
2390,4,0.278107,0.22686489496745688
2392,2,0.216156,0.2913288528417338
2394,5,0.449063,0.45391262695388873
2396,5,0.690758,0.7263672711554967
2397,4,0.353275,0.37794256233011525
2398,4,0.549574,0.47376907791372924
2399,5,0.20777,0.19515287966853417
2400,5,0.660023,0.5093336126869591
2402,4,0.999999,0.9999955678867009
2403,4,0.038905,0.06988545854447577
2404,2,0.248664,0.1283248289332397
2405,5,0.467174,0.3358683804499585
2406,2,0.028378,0.07286334272712455
2407,4,0.096683,0.1404656486696052
2408,4,0.150014,0.16709559812509878
2409,1,0.290022,0.27288277616635553
2410,5,0.047952,0.07243406885040075
2411,3,0.159949,0.3262531820521393
2412,3,0.999997,0.9999797664885438
2413,5,0.108641,0.23991194824824838
2414,1,0.087807,0.048592772284869364
2415,4,0.153594,0.26405347770879417
2417,1,0.259496,0.15967453486399255
2418,5,0.447464,0.32446051464696385
2424,5,0.745419,0.4679389678605445
2425,2,0.992429,0.9855233887190615
2426,3,0.314678,0.33171839688758253
2427,5,0.53221,0.4553237284387254
2428,2,0.374538,0.5644425137303063
2429,5,0.675224,0.75944171635296
2430,3,0.531913,0.48479490240019363
2431,3,0.253988,0.28468229203638734
2432,4,0.693393,0.5330903331667731
2433,5,0.362362,0.45794940797779476
2435,3,0.425205,0.29951828829514576
2436,5,0.730927,0.5273096518232739
2437,5,0.99998,0.9999507997972009
2438,4,0.826625,0.864030217400357
2439,2,0.150185,0.11612259246350358
2441,4,0.177483,0.09988933247041713
2442,2,0.116202,0.13575245603914055
2443,3,0.133834,0.09934317314848395
2444,5,0.194104,0.18607428517673238
2445,5,0.167871,0.2928633519042589
2446,3,0.297401,0.2315431719943083
2450,3,0.894386,0.9681188869892877
2452,4,0.18093,0.12233051416672595
2454,4,0.651047,0.4054961531415379
2455,4,0.989684,0.9952091411022961
2457,5,0.234338,0.22520054470206344
2458,4,0.271646,0.27789248456266774
2459,2,0.164262,0.21228624460988016
2460,2,0.630238,0.6007535318808447
2462,5,0.097102,0.24488833888847686
2464,3,0.858182,0.7191429050656899
2465,5,0.232044,0.4063570219509995
2466,4,0.02254,0.042191010829115486
2467,2,0.159591,0.14494955399512066
2468,1,0.098325,0.11826012729511365
2469,5,0.050248,0.10417548219363464
2473,4,0.999038,0.9961482391470884
2474,1,0.078959,0.11808480283479621
2475,4,0.061477,0.22026746752952414
2476,3,0.052002,0.10413979844942187
2479,3,0.996521,0.9951792543110531
2480,3,0.163276,0.14671601873894116
2481,4,0.902335,0.9523637561233174
2482,1,0.295357,0.3313511516106555
2483,5,0.975652,0.9380312193824077
2484,1,0.439155,0.29535662087368236
2485,1,0.124617,0.13246009863617014
2486,4,0.189942,0.2747820683648368
2487,4,0.53171,0.4946819211285294
2488,4,0.723557,0.5407725995538145
2489,3,0.994508,0.9921666416314401
2491,4,0.900535,0.8258697497014632
2492,3,0.301415,0.4271720463945047
2493,1,0.439563,0.6075937476562437
2494,1,0.115968,0.24851457562491394
2495,5,0.296743,0.2563986710567454
2496,4,0.535266,0.5468544727867948
2497,2,0.125945,0.30056302761448944
2498,4,0.800635,0.5846346099749744
2499,1,0.557547,0.7089884771549126
2500,4,0.277715,0.3061142619566658
2502,5,0.029097,0.05301273553670421
2503,4,0.083475,0.09602776464344455
2504,3,0.306393,0.17685126164725792
2505,1,0.999843,0.9996976779551667
2507,4,0.610925,0.5249760303208987
2508,4,0.302131,0.5120369516746441
2509,5,0.999999,0.9999969245449476
2512,4,0.741936,0.45677601638016974
2513,3,0.995181,0.9907260057006981
2514,5,0.319552,0.2817471135717637
2515,3,0.192277,0.1631118528389072
2516,1,0.627175,0.7061752215480194
2517,1,0.023438,0.05332905692005093
2519,5,0.339029,0.2784776131284384
2520,2,0.386074,0.4297608706055902
2523,1,0.24752,0.353742109861801
2524,3,0.272264,0.2799981536428083
2525,1,0.358647,0.45500745727299163
2528,3,0.183032,0.12314658702370988
2529,1,0.586258,0.44659052842056535
2530,3,0.083759,0.1144835623772433
2531,2,0.622777,0.5695436759902797
2532,2,0.031644,0.08522713271920568
2533,3,0.042731,0.0813195408122578
2536,4,0.987161,0.9825329269841443
2537,4,0.180878,0.3295007062484895
2538,2,0.515325,0.6684908095031874
2539,2,0.437337,0.46935674009150036
2540,5,0.011003,0.029422287010800654
2541,3,0.406387,0.2641247306891119
2542,2,0.074227,0.11399146290657891
2543,2,0.055894,0.2338478377997665
2544,2,0.100129,0.07746008156635281
2545,3,0.999715,0.9982552533400981
2546,5,0.987982,0.9582029550337778
2549,1,0.936167,0.8700872468795554
2550,1,0.594726,0.5063105051773104
2551,2,0.125827,0.10096745921931581
2552,5,0.956346,0.9489579442994214
2553,4,0.214835,0.16343022006062663
2555,4,0.744032,0.5800691712694636
2556,5,0.265783,0.4251766879011367
2557,3,0.430594,0.37491734264479726
2558,3,0.763443,0.46655096379810956
2559,2,0.989705,0.9539572062200812
2560,4,0.029466,0.04198324347667582
2563,2,0.263325,0.4538283013610151
2564,4,0.36432,0.28292166200400043
2565,3,0.753502,0.6964083377939895
2566,4,0.367478,0.2587386985705414
2568,3,0.740922,0.5603719231329097
2569,1,0.993468,0.9898187697047491
2570,4,0.901799,0.7842975156234834
2571,1,0.998264,0.9939704826082796
2573,5,0.073549,0.12116409778527
2574,2,0.819351,0.827844932876935
2575,4,0.102636,0.18736351090654033
2576,1,0.494532,0.41519597785231577
2577,1,0.084726,0.12062896852194965
2578,3,0.090584,0.14477907068910556
2579,1,0.284034,0.3130031150075948
2580,1,0.356192,0.39979284291159356
2581,5,0.447761,0.6093965350856696
2583,5,0.578996,0.5689253582158138
2585,5,0.538684,0.28342399628853054
2586,1,0.062108,0.18296286465038558
2587,4,0.999469,0.9992637130679182
2588,3,0.98513,0.970277389338634
2589,4,0.291445,0.3001319630026566
2590,1,0.234017,0.14359336553051888
2593,1,0.995637,0.993928588878003
2594,4,0.670028,0.6292562907991113
2596,1,0.541187,0.5173795113354371
2598,3,0.243679,0.21629453752453745
2599,5,0.143434,0.22586969971974438
2600,1,0.138918,0.3198385481469553
2603,5,0.22585,0.2820498612837098
2604,5,0.232902,0.2362490296361077
2605,5,0.323208,0.3488347830808411
2606,5,0.432969,0.45872770004244495
2608,5,0.158962,0.22255082817310973
2609,4,0.070466,0.07907744370967817
2610,2,0.447921,0.46017004412282164
2611,1,0.138541,0.39693430649035316
2612,5,1.0,0.999999381200075
2613,2,0.030542,0.08799817447750032
2614,2,0.848866,0.9139808155011234
2616,1,0.862403,0.9095949104647211
2617,2,0.153074,0.14148561957767294
2618,3,0.454855,0.5171564711556685
2620,5,0.160874,0.20387064673237304
2621,4,0.127048,0.21611693787081204
2622,1,0.999957,0.999781963387712
2623,4,0.19034,0.22523065292751754
2624,4,0.097982,0.15018580732242326
2627,2,0.353687,0.16548196405809784
2628,4,0.305956,0.3487084840379964
2629,3,0.148672,0.10088849614821764
2630,3,0.539172,0.5688197685860905
2631,2,0.147996,0.1009095300016412
2632,1,0.175955,0.20664577965592507
2633,3,0.024572,0.06937360537369569
2634,2,0.077416,0.11934100153257757
2635,4,0.056901,0.15228036703445544
2636,3,0.070554,0.08972894913123688
2638,1,0.125922,0.14332413200041327
2640,5,0.464309,0.5502051818553961
2641,4,0.196141,0.3679027228809005
2643,2,0.311969,0.19376249849842211
2644,3,0.652414,0.5350523551931392
2645,4,0.091957,0.08449769646887419
2646,3,0.498294,0.5620456562935437
2647,4,1.0,0.9999974033421546
2648,1,0.98864,0.9797092657038421
2649,4,0.32232,0.2071547129842301
2650,5,0.740527,0.7019830444247849
2651,2,0.730709,0.7551118322448197
2653,1,0.412912,0.681707168592877
2655,4,0.989653,0.9795992033861035
2658,5,0.308141,0.28739004466619417
2659,3,0.007766,0.010965934574266546
2660,2,0.225954,0.4597050771984049
2661,1,0.607583,0.5366846280077081
2662,4,0.640901,0.6042692519744871
2664,4,0.792082,0.7151735559137036
2665,1,0.022056,0.04175232610749562
2666,2,0.164179,0.17464338637410942
2668,5,0.103093,0.13714733481522878
2669,5,0.999426,0.9980426447021564
2672,1,0.936153,0.8490087763246493
2674,4,0.993619,0.9898425580191729
2675,5,0.565646,0.42371040211058414
2676,3,0.653577,0.5503575208515905
2677,1,0.393569,0.4762939396010148
2678,4,0.529623,0.2905144495441638
2679,2,0.152098,0.10283558451370266
2681,5,0.210827,0.5107608424059934
2682,4,0.045217,0.08926398023968068
2684,2,0.449279,0.3185084803216382
2685,5,0.999844,0.9987983828718758
2686,4,0.068497,0.09206232122755809
2689,2,0.533345,0.5706782239067348
2691,4,0.994508,0.9957845416474367
2692,4,0.066539,0.26641074598496656
2693,1,0.117401,0.08909563306957077
2694,3,0.424746,0.3287247988217997
2695,4,0.078328,0.05409114485834248
2696,3,0.051809,0.0685671670595681
2697,5,0.99572,0.9904593545513581
2698,1,0.377408,0.3926936712152806
2699,2,0.587594,0.37831647765792054
2700,1,0.093203,0.11310884234660173
2703,1,0.365513,0.2627740859801491
2704,5,0.001238,0.003032929610504489
2705,4,0.145825,0.2605392930490526
2706,5,0.367912,0.3277804080923615
2707,2,0.995367,0.983576730783997
2709,5,0.110512,0.10340179274030338
2710,3,0.697079,0.7687562260235977
2711,3,0.536418,0.4319575541941332
2713,2,0.449286,0.21712379281775773
2714,4,0.648872,0.37681268656879136
2716,4,0.828109,0.7801246851012917
2717,1,0.56115,0.2932616504321736
2718,1,0.799044,0.8488465008250287
2719,2,0.096611,0.09400651281766914
2720,3,0.251006,0.16484771278092186
2721,3,0.217933,0.32901604996566763
2722,2,0.302861,0.3352080916662493
2723,5,0.191169,0.14060664784792434
2724,5,0.074342,0.18323227757038935
2725,1,0.475539,0.28407003702171224
2726,3,0.531557,0.48661678069237224
2727,3,0.821283,0.8479696667258674
2728,3,0.279362,0.24681000133817635
2729,1,0.331092,0.5569744515863663
2730,5,0.068234,0.06197415571031545
2732,4,0.811438,0.9141705263573523
2733,5,0.463595,0.42205485967740003
2734,5,0.498031,0.5065472918909221
2738,1,0.818751,0.7554211223812913
2741,3,0.178196,0.1822852971937223
2743,2,0.134328,0.1667635522828208
2744,2,0.196246,0.3393660074764191
2745,1,0.306365,0.2783465619931885
2746,3,0.977861,0.9505139636333577
2747,2,0.018932,0.03253282164185412
2748,3,0.011829,0.046804101095063534
2749,4,0.666125,0.6338217636192466
2750,4,0.032297,0.05472855909505345
2751,4,0.600286,0.33742521723619134
2753,2,1.0,0.9999992483547054
2754,3,0.255713,0.4608086281555399
2755,4,0.196759,0.2684994452428607
2756,3,0.317563,0.5285132760683569
2757,2,0.240451,0.20174273610124066
2760,1,0.072599,0.07174194115000525
2761,3,0.808179,0.9467714370637809
2762,5,0.367238,0.5004115145267113
2764,5,0.860542,0.5968681311060015
2765,5,0.170249,0.2877442351056943
2767,3,0.829448,0.6895458107961817
2768,5,0.968146,0.9586203801012886
2770,4,0.272967,0.30427748978500435
2771,5,0.086314,0.19943201276504927
2772,5,0.656558,0.821061276987677
2773,1,0.634628,0.6760766474655207
2777,3,0.880011,0.9316368990654368
2778,4,0.168037,0.17498964274304835
2779,3,0.5509,0.3382138268176306
2781,3,0.708157,0.5427167341981103
2782,2,0.706669,0.5603944122648036
2783,3,0.993315,0.9937557916171286
2786,2,0.179827,0.18645723123816027
2787,3,0.800057,0.6549860269260961
2788,1,0.106165,0.1074414073884566
2789,3,0.292832,0.3790488050462908
2790,3,0.803297,0.6877909798039141
2791,2,0.418645,0.3314879697645787
2792,4,0.55866,0.6955338838370614
2793,2,0.801716,0.6975225886507349
2794,5,0.39289,0.1845323772106311
2795,1,0.617392,0.7031714728504651
2796,2,0.190049,0.1391602610804294
2797,2,0.072663,0.25664956294720487
2799,4,0.26242,0.2916554930903466
2800,1,0.395457,0.4025240943521117
2802,1,0.594765,0.6051917122416594
2803,1,0.277165,0.22879622214353737
2804,1,0.226079,0.25205792681450667
2805,1,0.427876,0.26718217936203714
2809,2,0.415618,0.3457411080911271
2810,2,0.634309,0.6946641985484858
2812,4,0.589222,0.6220932389095274
2813,1,0.038517,0.08258016840928188
2814,5,0.668139,0.6481391955186369
2816,1,0.999288,0.9987869086513835
2817,5,0.222939,0.1343231972640085
2819,5,0.184511,0.4690883249907128
2820,2,0.17795,0.3101092595731954
2821,4,0.086876,0.08482804248495554
2822,3,0.388242,0.46099933727601755
2824,2,0.989986,0.9910100444266835
2826,3,0.277786,0.28172733537051625
2827,3,0.350325,0.24554406012816885
2829,2,0.238854,0.13412358919312722
2830,2,0.057135,0.10815404269230251
2831,4,0.708329,0.6962372775553507
2833,4,0.105009,0.10560655333159256
2834,3,0.998242,0.9934572041597011
2836,5,0.996049,0.9954794114672226
2837,1,0.176306,0.20195347708121963
2839,2,0.58932,0.6140550487482835
2840,4,0.526424,0.38086515580386576
2841,2,0.999162,0.9946405308676107
2843,4,0.089052,0.14971478796562399
2844,4,0.214087,0.15794104627300845
2845,1,0.847141,0.8975202089811831
2846,2,0.815259,0.8212244276615577
2847,4,0.12022,0.18139354588866485
2848,5,0.805049,0.7461814142276754
2850,2,0.363508,0.3892246958374881
2851,3,0.387545,0.8940860837591047
2852,2,0.041235,0.1144215055194856
2853,5,0.337241,0.2592455892657659
2854,1,0.512376,0.46701738587081215
2855,4,0.637364,0.533738368819575
2856,3,0.999487,0.9979565278302055
2857,4,0.317073,0.46405341367321323
2860,5,0.218903,0.3392396378154093
2861,5,0.154098,0.2281703710797304
2862,3,0.789055,0.9335323245233624
2863,3,0.02864,0.058965150767845836
2864,4,0.673063,0.6964861420619747
2866,5,0.327234,0.2120128031152031
2867,5,0.302885,0.2722764123481112
2868,4,0.078376,0.11409342406709286
2870,2,0.108333,0.17354250888363745
2871,1,0.066425,0.06556436091424551
2872,4,0.761611,0.9837032781770282
2873,3,0.177932,0.287940238868734
2874,3,0.304114,0.2944630843314058
2875,5,0.497078,0.3892463716282351
2876,2,0.294086,0.29983320116301176
2877,2,0.955963,0.9620709069522234
2878,5,0.103275,0.04907018033365484
2880,4,0.513199,0.5096071697758404
2881,1,0.689711,0.34696180583831154
2882,4,0.150313,0.21680114868767428
2885,4,0.049793,0.1697619707577222
2887,3,0.204439,0.3635575584965429
2888,4,0.751354,0.6207202659696035
2889,5,0.679999,0.6393810841435517
2890,2,0.275374,0.2807763214647098
2891,5,0.999381,0.9945819008417671
2892,5,0.667378,0.6789901115165339
2893,3,0.058917,0.15423450987940568
2894,2,0.338587,0.4583006997752134
2895,5,0.762136,0.7712543640002114
2896,5,0.42167,0.3212295141555326
2897,5,0.998956,0.9974202287014575
2898,5,0.094387,0.243633012725921
2899,3,0.196036,0.17999468379401853
2900,3,0.180116,0.17574999028089522
2902,2,0.336941,0.26906002984477173
2903,1,0.492071,0.554529400613526
2904,4,0.202175,0.27802049028123615
2905,1,0.272909,0.4556844816642085
2906,3,0.576273,0.7194051995300859
2907,2,0.868357,0.9479095157350411
2908,1,0.006726,0.014500648908974616
2909,3,0.489464,0.551650891974635
2910,5,0.470876,0.5975946845863558
2911,1,0.165821,0.2744024928691453
2912,1,0.732107,0.696187031037011
2913,4,0.327776,0.2656659584193726
2915,1,0.9992,0.9991623043774931
2916,3,0.56071,0.4794745596967166
2917,3,0.70658,0.3755685314699138
2920,4,0.631326,0.6716029998568556
2921,2,0.373853,0.27132500224191963
2922,5,0.155307,0.14229116580445278
2923,4,0.163942,0.1741829981436778
2924,5,0.551001,0.27121384174098756
2926,2,0.156828,0.3789958636403967
2927,2,0.202795,0.23953007507681873
2929,5,0.878704,0.9381970942943472
2930,1,0.289047,0.41213390568901925
2932,5,0.434216,0.425871392119896
2933,1,0.426729,0.2527720453542882
2934,4,0.998591,0.9947870805225576
2935,2,0.532681,0.42179512835010846
2936,5,0.070748,0.10003155300883695
2938,3,0.099451,0.07487274621796926
2939,4,0.2263,0.20985344221508245
2940,4,0.996173,0.9935017814136657
2941,4,0.157107,0.243008206887514
2942,4,0.579115,0.3467682630370516
2943,2,0.196815,0.5354163025539596
2944,1,0.260382,0.2748142132109737
2945,1,0.185647,0.28874290841137584
2947,1,0.049697,0.08703515490550641
2948,4,0.529456,0.5954865899538738
2949,5,0.89142,0.8397168560253602
2950,5,0.536988,0.5652590343112035
2951,3,0.035197,0.10236038370308302
2954,5,0.252479,0.2622351214461949
2956,1,0.99308,0.993759690916815
2957,1,0.322647,0.2979007641701595
2958,4,0.216227,0.2055151595771291
2959,3,0.395001,0.4343367790673856
2960,4,0.139567,0.21581680648144133
2961,2,0.341726,0.2869081851608155
2962,2,0.759325,0.4991532063212005
2963,3,0.046751,0.10439273520483384
2964,3,0.555487,0.5799283363660149
2966,1,0.198257,0.23313334270170502
2967,3,0.551862,0.6817664097045978
2968,4,0.519897,0.3944830843359815
2969,1,0.082009,0.12292930647573423
2970,3,0.109924,0.1640315646928062
2971,1,0.394829,0.3318743970934179
2972,5,0.282014,0.4475055610709664
2974,1,0.327928,0.2651040657136849
2975,4,0.795994,0.8864224020094823
2976,2,0.999995,0.9999715972808165
2977,3,0.613152,0.7341873451739882
2978,1,0.060833,0.1194942089584045
2979,2,0.314099,0.2445737914825062
2980,2,0.077864,0.13605764939513273
2981,4,0.153259,0.32827980129705087
2982,4,0.259382,0.1656547077579008
2984,2,0.745073,0.738688600155657
2985,5,0.114268,0.0918078589557982
2986,1,0.374069,0.27122898176567145
2987,5,0.999916,0.9997150455253956
2988,1,0.023835,0.08040839352196642
2990,2,0.42015,0.5128623907657337
2991,2,0.247532,0.30199464758554423
2992,1,0.998264,0.9956944902344411
2996,3,0.037318,0.05607834199246003
2998,5,0.110114,0.1555712376506841
3001,5,0.646279,0.7431929216172514
3003,4,0.999725,0.9993560192404595
3005,2,0.073726,0.13388002999497475
3006,2,0.996838,0.9932485767110402
3007,5,0.596083,0.5629592511793982
3008,4,0.207555,0.21550115158629068
3009,2,0.312914,0.34600546920076075
3011,3,0.592521,0.2650622514187663
3012,2,0.575432,0.613096455777503
3013,5,0.849022,0.8293806915260523
3014,5,0.427906,0.4963148610421439
3015,1,0.999346,0.9981339853016709
3017,3,0.453245,0.4181137775514987
3018,4,0.453373,0.48808716844870836
3020,4,0.41371,0.3925109479803271
3021,2,0.106479,0.09660589525116856
3022,5,0.296288,0.33273401160242366
3023,5,0.092403,0.10039104646541028
3024,4,0.665657,0.5282806487860641
3025,1,0.239968,0.13747844363859302
3027,1,0.8571,0.7375848316089931
3028,4,0.220041,0.3584905922740755
3029,3,0.990046,0.9848291593496037
3030,4,0.1722,0.18165760614853824
3031,3,0.284717,0.3512623719683188
3032,2,0.493552,0.5099499014322122
3033,1,0.024781,0.07078635122783543
3034,3,0.997988,0.9963007851897189
3035,1,0.355932,0.49193070898941454
3036,2,0.292602,0.2897428676511775
3037,2,0.257567,0.16806571018690947
3038,3,0.815173,0.7300212799886455
3039,1,0.238973,0.3031255321005069
3040,1,0.998981,0.998749416251343
3041,4,0.77981,0.8938670266201978
3042,5,0.171656,0.1508569354733408
3043,1,0.820814,0.9802749252965999
3044,2,0.065166,0.14923846944993846
3046,4,0.414461,0.22688109060998388
3047,1,0.449503,0.4778898098945086
3048,1,0.153476,0.13897732637953772
3052,1,0.381009,0.4444053641904072
3053,3,1.0,0.9999996552495413
3054,2,0.613704,0.576353090481302
3057,3,0.27384,0.5184626813256417
3058,2,0.158467,0.2545437702617812
3059,3,0.823474,0.5784715880733369
3061,3,0.193469,0.42059339456860795
3062,2,0.083676,0.1441720661406621
3063,1,0.048934,0.08643030553283147
3064,2,0.377528,0.28024805510206385
3066,4,0.273286,0.14221584291085163
3067,2,0.242757,0.3970349263979985
3068,1,0.575054,0.3920382001574916
3069,5,0.064448,0.09141244377638333
3070,5,0.931765,0.7951115546670385
3071,3,0.0266,0.049126906066805
3072,4,0.361196,0.4865038353616444
3073,1,0.082843,0.07117938784376057
3074,2,0.625968,0.5743779953522736
3075,4,0.292708,0.4314046339659608
3076,5,0.177678,0.1529213976966373
3079,2,0.770206,0.7344046814154669
3080,2,0.97068,0.9457660254579111
3081,2,0.707451,0.47459052901244697
3082,4,0.524841,0.476253471461346
3083,1,0.243787,0.20451069319541249
3084,3,0.05532,0.05527475070201923
3085,5,0.024257,0.03211437712379401
3086,1,0.24802,0.2035271675987828
3087,5,0.27171,0.1673923758331368
3088,5,0.436978,0.4763934249474726
3090,5,0.716463,0.7284431500840758
3091,2,0.526295,0.46721075602107204
3092,1,0.43901,0.6085833165113665
3093,5,0.835594,0.7704427825498562
3095,1,0.265562,0.31819024441508037
3096,1,0.532942,0.50408994746033
3097,3,0.510676,0.5523983904984799
3098,3,0.647088,0.4922253469353313
3099,4,0.396117,0.32767763555770646
3101,1,0.298051,0.43685443110940414
3102,2,0.838695,0.8034336594147141
3104,4,0.140673,0.3208521466604284
3105,3,0.099654,0.06023784082212769
3106,4,0.301142,0.3662825640585302
3108,3,0.719999,0.34356678106484384
3109,4,0.421718,0.5540788867342575
3110,4,0.352139,0.41567687071553183
3111,4,0.513738,0.5328256276866945
3112,2,0.999596,0.9982529182816027
3113,1,0.429601,0.41787161919691945
3114,3,0.767594,0.8166326088322344
3115,4,0.995766,0.9928815207331223
3116,5,0.170818,0.36884163052459246
3117,3,0.263244,0.16042099787766895
3118,3,0.144374,0.2334257005607319
3121,2,0.441555,0.5516175095408365
3122,2,0.103957,0.190063129826711
3124,5,0.998926,0.9967782633736489
3126,5,0.370751,0.24986940680995556
3128,3,0.027004,0.14622315393628654
3129,1,0.288364,0.4030593419979928
3130,5,0.427832,0.5637816972050579
3131,1,0.725796,0.5705799105410037
3132,3,0.167978,0.16523185680174174
3133,1,0.290888,0.3275526298406155
3134,2,0.11875,0.18517833239848192
3137,1,0.999984,0.9998515267493061
3138,4,0.468359,0.4390196029740852
3141,1,0.194465,0.24615464893908184
3143,1,0.971627,0.9431024860725188
3145,1,0.999998,0.9999882930585021
3146,2,0.730131,0.7413958595153542
3147,4,0.084362,0.1315692479703633
3148,4,0.297998,0.24530491052692188
3150,5,0.14475,0.32618438709775077
3151,4,0.055169,0.12142249526937332
3153,3,0.904122,0.9166056622620183
3154,4,0.702079,0.7400672793144502
3157,4,0.984246,0.9756785841809078
3158,3,0.585459,0.598329024232513
3161,2,0.183637,0.11909863128779997
3162,2,0.458935,0.3677187733638829
3163,1,0.400929,0.2946725821652617
3164,2,0.294808,0.45015704955280533
3165,3,0.102033,0.23660213380848458
3166,3,0.132821,0.06750422996349698
3167,4,0.267615,0.2187099889776813
3168,1,0.749073,0.904443708606427
3170,5,0.066682,0.11743166653847552
3171,1,0.233062,0.31896253100324623
3172,4,0.087305,0.09836428959746817
3173,5,0.511407,0.412155584955101
3177,3,0.786133,0.8505251768249099
3179,1,0.417467,0.3269799034451706
3182,3,0.435515,0.47892679112662684
3184,3,0.087387,0.12447492409755295
3185,1,0.778716,0.6358868549017799
3186,5,0.616591,0.656177037740648
3187,1,0.166314,0.12739666779253342
3189,4,0.653531,0.6988346499408824
3190,4,0.122433,0.15149227098719065
3191,2,0.294165,0.28154303810214004
3193,3,0.166939,0.2039580574166781
3194,1,0.486947,0.4270082668999976
3195,4,0.670174,0.4664393601223481
3196,4,0.101513,0.1129094524630609
3197,5,0.08288,0.17556202120236034
3198,3,0.358674,0.2142246553665931
3199,5,0.996613,0.9906932308475835
3200,1,0.307258,0.3266354587823979
3201,1,0.660102,0.6076626415219631
3202,2,0.196705,0.29149928819415627
3203,3,0.285996,0.27883980661202373
3205,3,0.192241,0.20371686169089304
3206,5,0.600822,0.3649927161388989
3207,2,0.504554,0.440408356499662
3208,5,0.675034,0.5649340377770057
3209,4,0.38584,0.4997439219759474
3210,2,1.0,0.9999999952092116
3211,5,0.104973,0.21177254085042366
3212,5,0.345242,0.41406148607354887
3214,4,0.06849,0.1368936670747936
3215,3,0.57537,0.18962325938817137
3216,2,0.356006,0.45621241142560315
3217,5,0.48792,0.4613520216021203
3219,1,0.6027,0.362650320155007
3220,5,0.998037,0.9932050200432003
3221,3,0.316553,0.236575474638315
3223,4,0.037418,0.03634997875753774
3224,5,0.64028,0.35844261785747167
3227,1,0.159435,0.19194776077259512
3228,4,0.157526,0.18151015275669452
3230,1,0.347385,0.48488029379183123
3231,4,0.464883,0.4782322385268116
3232,5,0.327737,0.3522306538645051
3234,5,0.019275,0.03155363997674463
3235,3,0.365909,0.45038846519662373
3236,2,0.993627,0.9863146414671149
3238,1,0.424439,0.34351080236007475
3239,3,0.200619,0.3007557959289876
3240,2,0.163595,0.10385627714112815
3241,3,0.246055,0.32017463797851164
3243,2,0.142114,0.09374991916033358
3244,5,0.012021,0.02030645969361808
3246,4,0.06512,0.07844542514725782
3247,5,0.442375,0.5320249095572832
3248,4,0.310647,0.1857212522997896
3249,2,0.581921,0.2603659549924157
3250,5,0.514552,0.5958926361602138
3254,3,0.428319,0.4248786330988842
3256,3,0.106352,0.07834400767433845
3257,5,0.424528,0.4045380411723417
3258,4,0.823703,0.5985060430666668
3259,1,0.21447,0.17255239238199047
3260,1,0.739587,0.7554596453596296
3261,5,0.415969,0.5157680444498564
3262,4,0.128094,0.14938994921652352
3263,4,0.334698,0.20556561091261838
3264,5,0.228157,0.32353859503742705
3265,1,0.232711,0.22354439078729124
3266,2,0.333625,0.21181030922216645
3267,3,0.380346,0.40872558442706564
3268,5,0.187969,0.2759762709491319
3269,2,0.211934,0.2827020659784005
3271,1,0.074856,0.2779629642094814
3272,2,0.459092,0.463248317674244
3274,2,0.195305,0.30664843840302014
3275,4,0.201904,0.24241023089275507
3276,5,0.100421,0.15139011429647098
3277,1,0.99734,0.9935640873500956
3278,3,0.68052,0.49821101035777954
3280,5,0.663842,0.7493563669807809
3281,1,0.692941,0.6284415268260958
3282,3,0.4708,0.3246057989018625
3283,2,0.114866,0.1892151698725947
3284,2,0.119041,0.09666136959005694
3285,5,0.785737,0.9624316599119459
3286,5,0.512136,0.5343464667472548
3287,1,0.037016,0.1370142094053869
3288,5,0.623108,0.43137044260718943
3289,5,0.761874,0.8501253253612968
3290,1,0.159632,0.21320052658933258
3291,4,0.776446,0.4720482887128036
3293,5,0.993666,0.9962226375857753
3295,3,0.999797,0.9987647530060111
3297,5,0.250036,0.3478698003868217
3298,5,0.388434,0.44831570506663254
3299,5,0.102044,0.20871988508573236
3300,5,0.422443,0.5279847402823087
3301,5,0.775486,0.675538799371201
3303,1,0.460704,0.4031552674698045
3304,4,0.627105,0.8490318096863334
3305,1,0.256765,0.28836127082963314
3306,4,0.102377,0.26141436819406305
3308,4,0.210769,0.23386482077414386
3309,4,0.00463,0.012119913328034913
3310,5,0.023546,0.04095117614882975
3311,4,0.159627,0.23966689981397704
3313,5,0.021156,0.039703292816346436
3314,4,0.139587,0.3647332834764921
3315,2,0.244565,0.21859468243419555
3316,4,0.093458,0.06870750467307953
3317,3,0.489172,0.39597893991949606
3318,1,0.113523,0.15231567311919747
3321,5,0.291347,0.3425610950634289
3323,1,0.509935,0.40775673772674415
3324,5,0.806783,0.87860029877985
3325,5,0.779529,0.8888883684759791
3326,2,0.180936,0.16601249662912682
3327,3,0.509386,0.30578235969342715
3328,1,0.630197,0.30057691315232854
3329,5,0.206093,0.2650566280904429
3331,4,0.045031,0.15031584142229365
3332,5,0.495719,0.5924532981593802
3333,1,0.165789,0.34598357212689257
3334,5,0.969097,0.9517560139711242
3336,5,0.999204,0.9984363966703017
3338,2,0.020329,0.042473868795580044
3339,3,0.473612,0.5366388071577746
3340,5,0.317347,0.3016634875088455
3341,3,0.31894,0.3101376371529172
3343,3,0.180801,0.22875993537324282
3344,5,0.277405,0.3530644373036392
3345,4,0.044672,0.050538591612896186
3346,1,0.171588,0.3132767293930871
3347,1,0.074904,0.21387986148598567
3348,4,0.608006,0.7477707978277135
3349,3,0.483356,0.4602175401556163
3350,2,0.595706,0.6595194307441202
3351,5,0.999775,0.9988050418282103
3352,2,0.471423,0.3131279472831375
3353,1,0.195522,0.16440655890469044
3354,2,0.620544,0.5341319083502638
3355,4,0.862358,0.8348843092393871
3356,3,0.045348,0.12375239206313207
3357,1,0.999643,0.9992673730861013
3359,4,0.279942,0.2393839982273003
3360,1,0.842456,0.9430889542496673
3361,5,0.645646,0.5822724868405745
3362,5,0.463347,0.5076695854988496
3363,3,0.267661,0.44436911349779956
3364,4,0.479758,0.6509306294081337
3365,2,0.144518,0.20369519433714664
3366,4,0.125191,0.1650898034039672
3367,5,0.494155,0.4351113470563564
3368,1,0.718394,0.6285440582892915
3369,4,0.558759,0.4627222631731291
3370,5,0.135753,0.11342284155681248
3371,4,0.953198,0.9158190706540008
3373,5,0.125851,0.12446014497542153
3374,5,0.090621,0.11267165032117245
3375,3,0.162426,0.3723497014564518
3376,3,0.998907,0.99858871597872
3377,3,0.099391,0.139541785025547
3378,1,0.112634,0.13513251859937123
3379,5,0.297923,0.5679904599845481
3380,4,0.350146,0.5256116707567451
3381,2,0.427672,0.6622761450392138
3382,2,0.896916,0.836100496007975
3383,2,0.310804,0.30968673704694544
3384,2,0.656349,0.38417840628641226
3386,5,0.988308,0.9763673333580196
3388,4,0.447583,0.1752718509346384
3389,1,0.806901,0.8522967294390928
3390,1,0.998423,0.9956538075953009
3391,4,0.329622,0.44468414667799006
3392,2,0.517146,0.5288854145548068
3393,4,0.99364,0.9890834930835478
3394,2,0.464689,0.5533467230832975
3395,5,0.148655,0.12699172013411994
3396,3,0.985543,0.9820975059863367
3397,3,0.140285,0.11133749662737402
3398,2,0.644029,0.42297359956674613
3399,4,0.242217,0.2717021307873198
3400,3,0.031347,0.028011022027747298
3401,5,0.042552,0.0488496786138682
3402,5,0.392918,0.3192749868284256
3406,3,0.115051,0.16692082023268634
3407,2,0.170433,0.27384087116160066
3408,5,0.297018,0.3128467752902255
3409,2,0.733675,0.5986186430953621
3410,5,0.22917,0.17667315407152964
3412,1,0.070944,0.1330171065502485
3413,4,0.080497,0.06439053705710451
3414,3,0.19734,0.3735208229751156
3415,5,0.840011,0.8593217901984985
3417,1,0.428623,0.22151455526745792
3419,1,0.215919,0.26464887494061246
3420,3,0.839414,0.7044980322202925
3421,4,0.270534,0.26881378618451024
3422,1,0.031909,0.05758520344798285
3425,2,0.965302,0.9158392107351945
3426,4,0.257881,0.26552381117941365
3427,5,0.355237,0.21367148342893655
3428,4,0.096989,0.08392802381671359
3430,2,0.185436,0.28241763507679224
3431,2,0.89901,0.9025261156166625
3432,5,0.44904,0.4826078189134093
3433,1,0.101104,0.1568016228863076
3434,1,0.153115,0.32950445597152733
3436,3,0.506035,0.24259128050956916
3438,1,0.197068,0.3640525056445141
3439,2,0.8179,0.9748720074846465
3440,4,0.657938,0.3322846008047883
3441,4,0.238579,0.18058413492153863
3442,1,0.184119,0.4952665984791921
3443,5,0.028821,0.07752872537524934
3444,4,0.071959,0.10012131524319269
3445,1,0.502277,0.4224147094317609
3446,3,0.154858,0.23561194328262422
3447,1,0.331722,0.3915279325454076
3448,2,0.346209,0.22866271661137008
3449,3,0.519483,0.6898567740192667
3450,5,0.545237,0.2928154672265798
3451,1,0.220035,0.3432916347618929
3452,2,0.784277,0.9122763186030481
3453,5,0.018908,0.046166860085171416
3454,1,0.800935,0.6182661625438209
3456,5,0.156296,0.2768659180138149
3457,1,0.39574,0.6174799828963241
3459,1,0.814324,0.7837703877947767
3461,2,0.008408,0.009505740449276514
3463,4,0.008982,0.03810644442220691
3464,5,0.557838,0.5376196676700415
3465,2,0.6145,0.609560882466893
3466,2,0.103743,0.14519965235239826
3468,1,0.571369,0.4822530394182345
3469,1,0.805862,0.8198170308089364
3471,5,0.7161,0.6231047128581931
3473,4,0.265089,0.37655574865082614
3474,1,0.251814,0.13388306741012587
3475,1,0.995318,0.9894559500651865
3476,4,0.157919,0.31851395081423867
3477,3,0.406581,0.4498060496211549
3479,5,0.999998,0.9999911677172436
3481,2,0.413678,0.5950563825906837
3486,4,0.708017,0.6989004346730648
3487,1,0.810464,0.6904967039751387
3489,4,0.635789,0.49414620437273504
3490,1,0.626991,0.6443581551664599
3492,1,0.815464,0.8006638233248896
3493,1,0.591109,0.5459006513914366
3494,4,0.189011,0.15918507533670428
3495,3,0.017666,0.06606068437329173
3496,3,0.191305,0.17510545933150712
3497,2,0.293794,0.38496119736937395
3498,2,0.385486,0.3936167803921652
3499,4,0.00709,0.01863954296083874
3500,5,0.516506,0.5573071861395338
3501,3,0.999999,0.999992165190801
3503,3,0.369802,0.5426599376477595
3504,3,0.775599,0.384810182346723
3505,1,0.187693,0.16178843013919217
3506,4,0.859805,0.9126878245298701
3507,1,0.568807,0.5466659665242478
3508,1,0.66666,0.5587310440003426
3510,5,0.169838,0.18756626589245465
3511,5,0.126805,0.31107558894738674
3512,2,0.812691,0.5643484787602463
3513,4,0.019688,0.09267095995802536
3514,1,0.593703,0.3817155792055401
3515,2,0.562596,0.7015764519510456
3516,2,0.086524,0.10627259983806507
3517,4,0.202506,0.22615913771150983
3518,3,0.02493,0.05035506159572026
3520,5,0.313267,0.2453327181335096
3521,2,0.952756,0.9286101565630788
3522,4,0.4593,0.30101376360334936
3523,5,0.197878,0.17265550197515597
3524,5,0.07831,0.12956258937629425
3525,4,0.206647,0.1662868084880188
3526,1,0.396237,0.4499476961848566
3527,5,0.254133,0.27845301951536194
3528,4,0.275514,0.15206627477037732
3529,3,0.583877,0.5336824299001417
3531,1,0.101606,0.1845259747646116
3532,2,0.506073,0.5560894261294744
3533,4,0.032971,0.0334707706494295
3536,2,0.358079,0.31688085203837707
3537,2,0.99935,0.9958399274562633
3538,3,0.320415,0.22855359468119749
3539,2,0.304095,0.24999743261441665
3540,2,0.56156,0.5777134156705931
3541,1,0.489452,0.4537191769733149
3543,2,0.220726,0.19095229842476877
3544,3,0.698323,0.6343627890075796
3545,3,0.131079,0.244813552296805
3546,1,0.060602,0.06470549863000212
3547,2,0.052998,0.13731933467625657
3548,5,0.082916,0.15840900231616117
3549,5,0.861734,0.8015009017121113
3551,3,0.996413,0.9924003668508552
3552,3,0.1378,0.1971866937387475
3554,5,0.328524,0.6109041927904251
3556,2,0.558256,0.5177449256182935
3557,3,0.999928,0.9997683488372878
3558,5,0.152831,0.21394664912948846
3559,4,0.788841,0.6832375871012677
3560,3,0.346851,0.3409926740405734
3561,1,0.999576,0.9974887351788422
3562,5,0.886121,0.6550900366414614
3563,1,0.126738,0.16096981344556469
3565,4,0.626291,0.5176744526241847
3566,3,0.947521,0.9447656288256647
3567,4,0.240862,0.222886815693017
3568,3,0.837182,0.6818006634789116
3569,2,0.739963,0.7150766194668752
3570,4,0.64385,0.7180161117387268
3571,5,0.042739,0.05371155678840151
3572,1,0.355288,0.3211993122237035
3573,5,0.178299,0.332249277706124
3574,2,0.419965,0.44229193528941996
3575,5,0.066653,0.08468627208298925
3576,5,0.069872,0.13706015058443496
3577,4,0.065586,0.09349847669270622
3578,1,0.062372,0.07942894114453036
3579,1,0.07638,0.12271303211434462
3580,1,0.239578,0.21300771425854612
3581,3,0.76163,0.6839235970121792
3582,4,0.587273,0.6690550025433629
3583,3,0.794547,0.5041844690403509
3584,4,0.629553,0.5278342940555414
3585,5,0.361141,0.2570145025480253
3586,3,0.27409,0.2911307112288365
3587,4,0.305558,0.2452349402890661
3588,4,0.827479,0.8839514128440309
3589,2,0.145992,0.14486678531733008
3590,4,0.999997,0.9999763677265164
3591,4,0.347644,0.29031155891731875
3592,3,0.089521,0.11669449587704868
3594,3,0.574961,0.6720399641118237
3596,2,0.176834,0.11573996201773941
3597,3,0.103034,0.17907812334470147
3599,1,0.34401,0.29849544312768594
3600,5,0.792542,0.8061538056193559
3601,3,0.028955,0.06606740845583361
3604,3,0.817364,0.8197771919915183
3605,2,0.86613,0.7557942587850237
3606,1,0.737985,0.6549183981885315
3608,1,0.10903,0.07556655627976451
3609,2,0.028808,0.048030892128993224
3610,5,0.595435,0.6452507277576635
3611,4,0.031221,0.08971707371993236
3612,5,0.074607,0.07121628444827158
3614,4,0.390165,0.19695710936739333
3616,5,0.477471,0.3367724591840126
3617,1,0.038687,0.06565212985944267
3618,2,0.13173,0.1792735734061713
3619,1,0.091713,0.28867136345523614
3620,1,0.255091,0.17096793052789724
3621,1,0.987378,0.9659730104082912
3622,4,0.349867,0.3450983450271935
3623,2,0.547713,0.5130023872872695
3625,4,0.038587,0.08609223343584121
3626,3,0.000897,0.0021496111862478835
3627,3,0.0636,0.21820149447261178
3630,3,0.299939,0.3782198283085484
3633,1,0.157312,0.08179135875980371
3635,4,0.161407,0.2983650566381227
3636,2,0.732605,0.6415877628740322
3637,1,0.66962,0.6202614908069435
3638,1,0.239705,0.3551802298403651
3639,5,0.445696,0.5760783798516814
3640,1,0.672469,0.7130524059962224
3641,2,0.744186,0.7772472611952094
3642,1,0.815214,0.6721028034214004
3643,4,0.641604,0.5378093463783493
3644,4,0.845482,0.9878350867600164
3645,1,0.093934,0.10281519451042408
3646,4,0.357256,0.3683340449863297
3647,4,0.82631,0.8131196018698453
3648,1,0.60109,0.5451318634154196
3649,3,0.239279,0.510646566518506
3650,5,0.469883,0.5469250682387662
3651,3,0.174387,0.10494525192201638
3652,5,0.390342,0.3186535191479248
3653,2,0.35519,0.3298624584160985
3655,1,0.686647,0.5999751431432295
3656,2,0.285338,0.2505430402579689
3660,5,0.561296,0.5942315801972126
3661,2,0.038688,0.10172356452733126
3662,4,0.878583,0.9050202349457429
3663,4,0.104306,0.061757437916891054
3664,1,0.204729,0.29495792004995014
3667,5,0.904885,0.815167890956611
3668,1,0.393308,0.33736649400410434
3669,5,0.31477,0.13678794463130164
3670,5,0.791695,0.7707628618800194
3672,5,0.575846,0.8419806728330147
3673,5,0.2398,0.2652043801067392
3674,2,0.961071,0.9635454275886626
3675,3,0.24587,0.27039217367607027
3676,5,0.042894,0.04648253980829235
3677,5,0.439096,0.27270292549029146
3678,4,0.16627,0.16982284919483098
3679,4,0.994732,0.9936273936956014
3680,3,0.136777,0.32755069950903765
3681,3,0.178713,0.11282347039569962
3682,5,0.067234,0.12904890791266735
3684,1,0.116374,0.1769169454907411
3686,5,0.01161,0.013151137790672616
3688,1,0.811012,0.799553273435048
3690,3,0.63807,0.8144476017864564
3691,4,0.243323,0.09946027168270512
3693,3,0.46413,0.46807450965087555
3694,1,0.247429,0.38054815708536815
3695,5,0.321847,0.20551123428681756
3696,4,0.082807,0.19176570241263124
3697,5,0.270083,0.4254179031620754
3698,5,0.108815,0.1774929635859612
3699,2,0.178602,0.23124992575405653
3700,4,0.046488,0.1155636451396539
3701,2,0.382112,0.4514494757430333
3704,5,0.976766,0.933504703935011
3705,1,0.306221,0.1850344476884285
3706,5,0.145049,0.10061888388291142
3707,3,0.990537,0.9793686901817877
3708,2,0.02676,0.07086715004858621
3709,2,1.0,0.9999968531509182
3710,4,0.179033,0.2924529547761521
3711,2,0.052719,0.043429560359199405
3712,1,0.186886,0.35980023810202827
3713,1,0.245228,0.24661256076155164
3714,2,0.518169,0.36208813161173237
3715,1,0.278657,0.3163778943956591
3717,5,0.590792,0.4689540030842189
3718,1,0.267798,0.2581184335845784
3719,1,0.02692,0.08625541628722742
3720,1,0.840507,0.816354807150301
3721,4,0.137724,0.17089547005551048
3722,2,0.665299,0.5718471158852099
3723,3,0.73469,0.6513655758592776
3724,3,0.072333,0.07318479690774919
3725,5,0.269357,0.3461575212290673
3726,4,0.085137,0.1139726291524641
3727,3,0.735785,0.7122074584719248
3728,1,0.844191,0.7336431455133668
3729,1,0.190759,0.24166161824889584
3730,5,0.425641,0.35120150183477533
3732,2,0.190174,0.16079005058429136
3733,4,0.034755,0.0703022407047936
3734,2,0.077813,0.09688203744299678
3735,2,0.793939,0.6915724236832482
3737,1,0.166737,0.24547954491272844
3739,2,0.368186,0.37074500470842214
3740,3,0.307195,0.5368769698184163
3741,5,0.073524,0.1464422897457757
3742,1,0.190344,0.22694148812638396
3743,2,0.571403,0.5334344395324614
3744,5,0.158469,0.3266136929703907
3746,5,0.783335,0.5365155508427247
3748,2,0.016331,0.02236999075199462
3749,5,0.492751,0.47288532250611703
3750,4,0.068745,0.08816523303975986
3751,2,0.992251,0.9840351520816784
3752,3,0.14967,0.24699606160576887
3753,4,0.174183,0.1918883275486209
3754,5,0.030015,0.10207426403474099
3755,3,0.113295,0.07580989120447137
3757,2,0.518231,0.5414485137427435
3758,3,1.0,0.9999997857700197
3759,2,0.091345,0.04674068598509922
3760,3,0.093559,0.15779265094061723
3761,2,0.693627,0.7753665943544085
3762,3,0.705595,0.7176646352732841
3763,1,0.3855,0.42263768434941484
3764,5,0.063441,0.1409529576085441
3767,1,0.420241,0.3733206060069048
3768,2,0.236177,0.32896157692837347
3769,2,0.227646,0.2991700611818829
3770,1,0.596844,0.6191314508682053
3771,1,0.522562,0.677465136519932
3772,5,0.01341,0.026994667193399585
3773,5,0.482343,0.6199603930582845
3775,5,0.081562,0.1735737870347834
3776,2,0.291376,0.4041713666018528
3777,5,0.605281,0.5051322160449165
3778,4,0.764544,0.542273395910692
3779,1,0.695664,0.5706556524954737
3780,4,0.29489,0.44113827720977156
3781,3,0.461953,0.35902593336997135
3783,5,0.395641,0.2175693791947374
3784,1,0.26016,0.34476837512938696
3785,3,0.126143,0.25310569170886077
3786,2,0.329085,0.24750950748452688
3787,2,0.301797,0.27689021849434553
3788,2,0.070074,0.16264775667261497
3789,5,0.022579,0.04553196108136783
3791,5,0.083315,0.09752574019271244
3792,2,0.850089,0.806199384669205
3793,5,0.7888,0.8488117881278794
3794,3,0.022228,0.044451149400232134
3795,1,0.035844,0.09204911401131555
3796,2,0.124713,0.21566040954529447
3797,5,0.437574,0.47239167221801803
3798,1,0.994964,0.9931262379093088
3799,3,0.436444,0.2775715213806582
3800,3,0.591448,0.6400161910747733
3801,4,0.995841,0.9936290338411156
3802,3,0.125444,0.17525284279553885
3803,1,0.697089,0.7792857295176351
3805,3,0.213949,0.06752159047398323
3806,2,0.426876,0.4966361524015097
3808,3,0.739687,0.3974052618710927
3811,1,0.135789,0.18090060234047614
3812,1,0.035806,0.07018013244998228
3813,3,0.301623,0.18571751401957534
3814,2,0.185382,0.32444252959062897
3816,1,0.876799,0.8890313413526525
3817,5,0.107381,0.136223967538151
3818,5,0.550488,0.45160198113447103
3819,5,0.398839,0.27574877293404976
3820,1,0.306717,0.2996100185305326
3821,3,0.08079,0.13927965401906647
3822,1,0.683495,0.5602692131253738
3823,2,0.670774,0.828402315363986
3825,1,0.666309,0.3983664762185099
3826,1,0.50361,0.37770832554550177
3828,2,0.413832,0.3606582119965828
3829,5,0.037402,0.04462226817728065
3830,1,0.034141,0.08007208720926867
3831,1,0.393764,0.3369719935057168
3832,3,0.337825,0.3675480570745539
3833,4,0.865636,0.9650903485151034
3835,4,0.869366,0.9433140592670003
3836,4,0.693941,0.82194335729229
3837,5,0.040795,0.048282882920397244
3838,4,0.214796,0.24806599388133893
3839,1,0.125544,0.15616238547327146
3841,3,0.173499,0.24000553251854034
3842,2,0.219818,0.27872125661593045
3843,2,0.022525,0.04831484455674169
3844,1,0.150534,0.2587865834212404
3845,1,0.080026,0.14462083360379244
3846,3,0.133441,0.15644089860159524
3847,1,0.545758,0.6051559908410787
3848,2,0.724144,0.5757189451195691
3849,2,0.075459,0.08604245109632333
3850,3,0.372845,0.3339221826013587
3851,2,0.636379,0.46324846792626256
3852,3,0.451484,0.3638790198691744
3853,3,0.288263,0.5254160042780724
3854,1,0.378939,0.2800732900302467
3856,2,0.22482,0.2011689787959354
3857,3,0.247176,0.1576930681243371
3858,3,0.046917,0.04756752895192506
3859,5,0.572364,0.5076686821294978
3860,5,0.016804,0.07182027263315101
3861,3,0.37734,0.5170299303860236
3863,4,0.752287,0.6758039484180698
3864,3,0.015173,0.032181259799339675
3865,3,0.301187,0.19737571466406606
3866,4,0.97509,0.9817899254083827
3867,2,0.449226,0.5326197077286394
3868,3,0.994464,0.9948277761256871
3869,5,0.195514,0.2823957022634993
3871,1,0.466634,0.43298452072844973
3872,4,0.993327,0.986855925034102
3873,2,0.12848,0.11331086482835773
3874,2,0.448632,0.5699434851346302
3875,4,0.49993,0.5189906326570614
3876,1,0.087018,0.15273669373233245
3879,1,0.437383,0.46128899122804906
3880,1,0.166507,0.21337606759648997
3881,2,0.825318,0.6902744539288505
3882,4,0.042547,0.05068830478315618
3883,4,0.187731,0.14907333851931892
3884,5,0.134859,0.1549497898633031
3885,2,0.999589,0.9987939798684169
3886,2,0.478383,0.5976743058268973
3887,5,0.843021,0.8846372543319865
3888,2,0.997327,0.997108194133157
3889,4,0.560561,0.568658626868051
3890,3,0.60822,0.5480171040353182
3891,4,0.356658,0.528554483703729
3893,2,0.995638,0.9911440078841004
3894,5,0.999968,0.9998876149350386
3895,1,0.147809,0.2073288407759618
3896,3,0.504183,0.5768063574938306
3897,1,0.081581,0.0667058282006888
3898,2,0.983174,0.969545718892259
3899,2,0.016489,0.076316989969627
3900,4,0.135021,0.1938641120432908
3901,1,0.230803,0.4043064130914548
3902,1,0.554399,0.7047568396385352
3903,2,0.365933,0.2177419854775682
3905,4,0.842293,0.7942678373725292
3908,2,0.70707,0.6677420612628804
3909,2,0.767516,0.5837516665567098
3910,4,0.32524,0.41891620719344674
3911,2,0.336674,0.34811915099022334
3912,5,0.325862,0.2131937879267685
3914,5,0.226787,0.3173544299510117
3915,3,0.961118,0.976952725846801
3916,5,0.469752,0.49032316348702504
3917,1,0.073793,0.1786305749752918
3918,4,0.413027,0.18867867114716802
3920,3,0.115172,0.15042975971494654
3921,4,0.188804,0.23770939394140725
3922,4,0.235046,0.29612535603393
3923,4,0.312463,0.1336541839640629
3925,2,0.165032,0.21199069419176983
3926,1,0.366393,0.2921445067057439
3927,4,0.071313,0.1412002702941951
3929,1,0.237399,0.33088775715210905
3930,4,0.320922,0.3524386763165808
3931,3,0.061235,0.0934967679037492
3934,5,0.347161,0.40063873215383017
3935,2,0.336199,0.31613163831100816
3936,3,0.120529,0.17438589680016867
3937,4,0.152597,0.2637680179741551
3938,1,0.075312,0.10791750542354284
3939,3,0.570149,0.5115935756421147
3940,3,0.310045,0.19884691624705578
3942,1,0.084539,0.0855206402190657
3943,3,0.071353,0.15540613610980186
3944,2,0.676185,0.5108692289658284
3945,2,0.554497,0.4623667202176383
3946,4,0.559211,0.5619412397136675
3948,2,0.771435,0.5445144376674884
3949,4,0.152729,0.23768167604870502
3950,5,0.272773,0.3907378007571086
3951,5,0.218522,0.34608515979285165
3952,3,0.563209,0.646511124633025
3954,3,0.252245,0.5810737150990737
3956,1,0.830102,0.670461478027872
3958,1,0.588925,0.6364023065559796
3959,3,0.362689,0.5408008757924709
3960,2,0.126469,0.1546284750894977
3961,5,0.086687,0.10320063179976985
3964,5,0.999906,0.9998487903053146
3965,3,0.073496,0.13634858735291183
3966,4,0.083875,0.04667742335224005
3967,4,0.531562,0.41174060948939023
3968,4,0.816004,0.8470845539326043
3969,2,0.438595,0.3878761205801202
3970,2,0.326858,0.20582959962283018
3971,3,0.839411,0.8551724600330305
3972,1,0.307618,0.24361732788852447
3973,2,0.07389,0.06412307855542938
3974,1,0.071189,0.06774856186755303
3975,3,0.247688,0.19132296715061364
3976,3,0.096859,0.08149147149326307
3979,3,0.428165,0.4182285382382866
3980,4,0.053398,0.05815498873580176
3982,5,0.131975,0.13788257283931593
3983,5,0.604652,0.6238593463419296
3985,3,0.080869,0.17754140845482846
3986,4,0.456115,0.41316343654158144
3987,4,0.983572,0.9893236215024712
3988,3,0.392489,0.5574130391592149
3991,2,0.665058,0.5105166273057056
3992,4,0.473514,0.34076409374789063
3993,3,0.166146,0.2701894571461186
3994,3,0.038399,0.13172864923253494
3995,5,0.364714,0.3365893857642178
3996,3,0.1395,0.13381223567305275
3999,1,0.636837,0.5240381515505964
4000,1,0.286674,0.12729224843284878
4001,3,0.173454,0.14683243837421778
4002,5,0.041872,0.04926390548661833
4003,3,0.562038,0.627178074632723
4004,1,0.999998,0.9999825651914137
4005,5,0.375211,0.36581525633649264
4006,1,0.273932,0.13464532814507887
4007,5,0.29244,0.2912026455646834
4008,1,0.998809,0.9973878302326121
4009,3,0.725314,0.5328356324125979
4011,1,0.200159,0.1122294906774785
4012,2,0.21371,0.16791173162627387
4014,3,0.565064,0.5292026258404363
4015,1,0.479248,0.3909282530312168
4016,4,0.784437,0.878895076020848
4017,1,0.85054,0.7663495252724507
4018,3,0.176974,0.2633515063353018
4019,1,0.21458,0.21763910093560027
4021,5,0.398529,0.37996672933939496
4022,4,0.051869,0.13352104579061277
4023,4,0.447134,0.3169204309069307
4024,1,0.176142,0.23171868717852415
4025,2,0.483152,0.42210590396139375
4026,4,0.06445,0.11162596540241675
4028,3,0.522293,0.5398191681906691
4029,4,0.12239,0.11197914527992432
4031,5,0.053834,0.04419017178171252
4032,4,0.213238,0.10440015980950998
4033,5,0.224728,0.2148679730109645
4034,4,0.996031,0.99424869920597
4035,5,0.233722,0.3111682802925881
4037,3,0.77323,0.45845417876277733
4038,1,0.215708,0.24130803713920154
4039,5,0.120844,0.1744386356336595
4040,5,0.22924,0.29988344946848866
4041,2,0.069574,0.13841504385568865
4042,2,0.195382,0.23538061123706094
4044,3,0.101623,0.0926795184169295
4046,1,0.317886,0.328898168202885
4047,4,0.237708,0.28493338393372536
4048,1,0.090951,0.10327410952189126
4049,2,0.198514,0.17271198153911277
4050,2,0.138696,0.18250123088393252
4051,3,0.153464,0.12084633817757047
4052,2,0.006719,0.02781125906908118
4053,5,0.125782,0.054313594615872915
4054,1,0.261244,0.3804632348498173
4058,1,0.19911,0.22294998081675602
4059,5,0.539723,0.3956749825860771
4060,4,0.999004,0.9973587239793181
4061,1,0.203637,0.2631216886424115
4062,5,0.765479,0.6768653447779911
4063,2,0.750012,0.7856488256274159
4064,1,0.013673,0.032096792264440274
4065,3,0.303377,0.3474565783266585
4066,2,0.069352,0.18188042627439113
4067,4,0.602457,0.4224982196648115
4072,2,0.84516,0.8201779852854384
4073,1,0.013915,0.05648198273312895
4074,5,0.708817,0.7485809831524161
4075,3,0.58711,0.4619455281708031
4077,3,0.359327,0.405083376518541
4078,3,0.064871,0.20937928734738442
4079,4,0.797562,0.7053146792003018
4080,4,0.014656,0.029719151780658766
4081,3,0.514877,0.37535544814222194
4083,4,0.998366,0.9959363679790416
4084,2,0.094432,0.1809706013936423
4085,3,0.087814,0.1928097869034462
4086,1,0.847206,0.9667052516916943
4087,5,0.896492,0.8215449299829752
4088,4,0.290098,0.39705496269959406
4089,1,0.599442,0.41976284958362575
4092,3,0.601311,0.40806463274207533
4093,4,0.68393,0.5879430444199957
4094,5,0.508816,0.38270291977502185
4095,4,0.129857,0.1554108039082989
4097,5,0.306325,0.13999949556731256
4098,2,0.335161,0.6024345426804073
4099,5,0.257263,0.14242008888131333
4100,3,0.363583,0.4146360905884023
4101,2,0.996001,0.9928564586045353
4103,1,0.192626,0.31299701390907053
4104,5,0.546783,0.7689390559133747
4105,5,0.848667,0.6639227696300255
4106,5,0.104834,0.19337217306432117
4107,1,0.293466,0.31539955401382774
4108,5,0.235408,0.2174047766161406
4109,2,0.122924,0.2158833276142802
4110,1,0.19,0.20164653407557928
4111,4,0.193437,0.25129577259324837
4112,1,0.390221,0.256879608312932
4113,5,0.594875,0.6884889031131005
4114,5,0.651531,0.5447153620716614
4116,2,0.190623,0.28681575558272576
4117,3,0.210142,0.25119926325872616
4118,2,0.156879,0.4471081254308697
4121,3,0.506928,0.4125685058659712
4123,2,0.554078,0.5377753671639458
4124,3,0.307961,0.5371521792187807
4125,2,0.351974,0.2240302224313565
4126,4,0.991216,0.9884167937796428
4127,2,0.372477,0.30908689389247146
4128,5,0.017141,0.04683198649160813
4129,5,0.369005,0.4885531556612541
4130,4,0.101306,0.18969388943188753
4131,5,0.400015,0.3268188412087244
4132,4,0.133771,0.156231326652905
4133,2,0.358574,0.35454521620681323
4134,3,0.586687,0.46939343577380893
4135,1,0.383034,0.3189078028363132
4139,5,0.125782,0.2868347163349803
4140,3,0.414694,0.3695083492574046
4141,5,0.086187,0.28177201689944453
4142,5,0.227003,0.3615914849835677
4143,5,0.100106,0.15866469440434441
4144,5,0.791853,0.8013997756152307
4145,4,0.596381,0.43823959531574325
4146,2,0.345814,0.2978046679325295
4149,3,0.525292,0.4896588976020206
4150,4,0.3301,0.640819525395814
4152,2,0.064075,0.13698272841527567
4153,1,0.868426,0.8993539218761548
4154,1,0.146914,0.24196075602951397
4155,5,0.197693,0.3947584553896879
4156,4,0.457625,0.22534783501572309
4157,5,0.188378,0.17942534922832246
4158,4,0.408944,0.537555250463968
4159,3,0.880918,0.5181224052692652
4160,5,0.625771,0.5532556186025581
4161,5,0.194683,0.23569998800895298
4162,5,0.302505,0.26791688964411725
4163,5,0.29574,0.16257715367095943
4164,1,0.051551,0.08659859428978263
4166,5,0.402936,0.41566662818828587
4167,5,0.153743,0.2036174437964322
4169,4,0.047658,0.13736947013500767
4170,5,0.053815,0.09156464946861875
4171,3,0.425414,0.5497450938376603
4173,5,0.02054,0.1041927703055533
4174,2,0.796889,0.6392265786439935
4175,4,0.544076,0.6226427641488067
4176,2,0.121046,0.10070120932077037
4177,4,0.075238,0.14276770818938286
4178,2,0.915886,0.9256149255169946
4179,5,0.633191,0.8121163884253938
4180,3,0.05962,0.17989672072199472
4181,4,0.618909,0.5499223442130221
4183,5,0.722934,0.5722869192862036
4184,5,0.39833,0.19941200956684713
4185,4,0.277849,0.30584980806135437
4188,5,0.966327,0.9166889676273869
4189,2,0.78728,0.8595407818698634
4190,1,0.159057,0.23992605842855896
4194,3,0.112458,0.21587810823107192
4195,5,0.078985,0.08263612590063658
4196,3,0.303996,0.21687821509012797
4197,4,0.078928,0.17766697396582556
4198,4,0.28989,0.461457314898586
4199,4,0.549548,0.5005588551670684
4200,3,0.997027,0.9966175004156097
4201,4,0.240808,0.2665244391757274
4202,2,0.237872,0.6334915403399385
4203,3,0.811414,0.5177247034013214
4204,5,0.156934,0.20904337571796663
4206,3,0.886752,0.9386755532876093
4207,2,0.785061,0.6475999508151246
4208,3,0.038095,0.08125080868290803
4210,2,0.964834,0.9601354646111303
4212,2,0.995874,0.9928091055269493
4213,1,0.387602,0.32576503350266434
4214,2,0.397736,0.263473882063411
4215,1,0.999378,0.996592209736458
4216,2,0.166727,0.1715875188050943
4217,1,0.692517,0.4414315893733744
4218,2,0.734504,0.6047765446702847
4219,1,0.056641,0.0285670976060978
4220,3,0.093875,0.12885519549438007
4221,1,0.370219,0.3411145169692538
4222,4,0.216831,0.15599616324944626
4223,5,0.839865,0.9770512634929889
4224,2,0.303517,0.2537200610102597
4226,2,0.366018,0.38347092085574774
4227,1,0.05823,0.08937480542881625
4228,5,0.529958,0.44965737335007405
4229,3,0.351711,0.40427458485206796
4230,4,0.115629,0.19767935999164613
4231,5,0.579846,0.626142018701669
4232,3,0.138732,0.16559400379101014
4233,4,0.221887,0.11824827861146509
4234,3,0.234942,0.11856900694159472
4236,5,0.038376,0.042236031588087156
4237,4,0.148747,0.13625617255932176
4238,5,0.129201,0.30048210115824936
4239,3,0.299048,0.2602194579538442
4241,5,0.249998,0.23311564751024896
4243,5,0.566181,0.536733139352007
4245,4,0.090206,0.0916477056345086
4246,4,0.978463,0.9619915364997992
4247,4,0.053156,0.13467470058585743
4248,2,0.086007,0.13106427374830704
4249,2,0.76739,0.818774068694131
4250,2,0.248787,0.18890265191903546
4251,1,0.419267,0.511537088161303
4252,2,0.090176,0.1668772354373427
4253,2,0.990337,0.9902445012307675
4254,2,0.586255,0.7016947499275739
4256,2,0.869686,0.8406404280185668
4257,2,0.747105,0.6361753458398084
4258,4,0.705728,0.4792485696566094
4259,2,0.01301,0.037791623440978396
4260,5,0.81803,0.683323771462434
4261,1,0.038103,0.111288484544584
4262,3,0.029844,0.053963675351508714
4263,2,0.306127,0.2842952841489747
4264,2,0.577969,0.4680533587904959
4267,1,0.307753,0.2984223847082215
4268,4,0.963376,0.930996866838391
4269,1,0.217886,0.21820728768748412
4270,4,0.26941,0.4077269945426845
4271,4,0.182977,0.31423990409464647
4272,5,0.450605,0.40659072229493376
4273,1,0.657848,0.544877940012213
4274,1,0.189755,0.2555737262258877
4275,1,0.136918,0.23549131994004988
4276,2,0.27127,0.31000190764789454
4277,4,0.03693,0.05320552601397398
4278,1,0.884543,0.9427460020386801
4279,4,0.697137,0.5404131308269285
4280,3,0.827222,0.7447908797139561
4281,5,0.309956,0.33331703384257005
4283,2,0.717398,0.7196261265936433
4285,2,0.208541,0.334893953680926
4286,3,0.250081,0.2333336231962001
4287,3,0.557799,0.8742236389416129
4288,5,0.574357,0.6398378058958112
4289,2,0.34996,0.2338326839140092
4290,3,0.409973,0.5715559361696593
4292,1,0.388664,0.41327239960585915
4293,1,0.772167,0.76627681700719
4294,5,0.230279,0.18760602537329385
4296,5,0.148747,0.1564324956612691
4297,3,0.211371,0.30361916977410897
4298,1,0.788247,0.6896311193446434
4300,1,0.999996,0.9999835705872313
4302,1,0.735514,0.7811887155468558
4303,3,0.017618,0.05437572834091017
4304,5,0.078493,0.265903520081996
4305,2,0.101873,0.28684231493956536
4306,5,0.082861,0.10435159756725833
4307,1,0.383033,0.5603495808570451
4308,1,0.026769,0.041091183516019404
4309,4,0.146008,0.4128641022270359
4310,3,0.232901,0.19811802448648078
4311,4,0.010988,0.04289739508315468
4312,2,0.174177,0.2929841807713133
4313,4,0.086661,0.10468423748703294
4314,3,0.948411,0.8528240262602865
4315,4,0.123788,0.19668526541997022
4316,2,0.497032,0.4967020285374054
4317,3,0.092574,0.11444170498478169
4319,1,0.077832,0.13862994944238857
4320,4,0.999995,0.9999854230122277
4322,2,0.446787,0.32288873126502965
4323,4,0.951815,0.9593422882058733
4324,2,0.09612,0.14001180389934026
4325,1,0.871905,0.8757570680499805
4326,5,0.419453,0.5494709660078542
4327,5,0.524364,0.6396797649420654
4328,5,0.524222,0.5433235232096024
4329,3,0.672972,0.670118256116127
4330,2,0.042438,0.06768601146235707
4331,1,0.279842,0.28981381055226957
4332,2,0.984146,0.9638587679748091
4333,5,0.016017,0.03073436622566914
4334,1,0.959424,0.8890453450972408
4335,5,0.998924,0.9914930892974473
4336,2,0.028737,0.10842274506138044
4337,1,0.707347,0.7839243968674088
4338,5,0.999818,0.9991836181446794
4339,1,0.325018,0.4515473178023577
4340,4,0.39508,0.5680961181232937
4341,3,0.372893,0.2546605922233943
4342,3,0.481603,0.43919224161097353
4344,2,0.954866,0.8986237679781964
4345,4,0.99655,0.9937361787742942
4346,1,0.63714,0.43983572376943547
4348,5,0.110992,0.20642306626613122
4349,2,0.003748,0.0055998845851883685
4350,1,0.83608,0.8696975768695431
4351,1,0.483131,0.42034867435157125
4352,4,0.108656,0.14064335291449673
4353,5,0.109914,0.18104982394478547
4354,3,0.53338,0.4458281593424649
4355,1,0.125118,0.1533399184338884
4356,4,0.195386,0.09212280846591661
4357,5,0.657275,0.6450087454640053
4358,3,0.844151,0.9617650739026177
4359,5,0.306171,0.1504235446520476
4360,1,0.099793,0.2773527180988681
4361,5,0.242415,0.24011316543603933
4362,4,0.363094,0.4839311482473426
4363,4,0.191445,0.1586136324401282
4364,2,0.998325,0.9980945898399396
4365,5,0.066447,0.08147330499287476
4366,5,0.008816,0.047569620192542385
4367,3,0.057095,0.12242958088591431
4368,3,0.993012,0.9908649953243073
4369,2,0.017564,0.05189151567456658
4372,3,0.519112,0.6204081677293651
4373,1,0.999024,0.9979442101846245
4374,5,0.131882,0.16788808000375718
4375,4,0.605406,0.5165677845487173
4377,2,0.030897,0.059781478356815035
4378,5,0.961843,0.9450690020752502
4379,3,0.59853,0.5001060350528145
4380,1,0.655851,0.5548924347320253
4381,1,0.03172,0.09422464340937305
4382,2,0.065433,0.07244530295297381
4383,4,0.999978,0.9999241699731656
4384,1,0.716266,0.47266354379091435
4385,4,0.426821,0.39231664663742766
4386,1,0.365444,0.4421168668136171
4387,5,0.226818,0.43583980823666985
4389,4,0.492407,0.4875039975701732
4390,3,0.461568,0.5396356250677202
4391,2,0.337115,0.49076142863666283
4392,1,0.503673,0.5092251438556171
4395,4,0.311895,0.45258918737457626
4396,4,0.085878,0.10817785001449344
4397,1,0.408324,0.5142115980525801
4400,3,0.040921,0.11555743723050761
4401,2,0.999924,0.9989929226321939
4403,3,0.120361,0.12475221107623287
4405,2,0.121292,0.14679819856669568
4406,4,0.565208,0.3458613897307062
4407,1,0.849201,0.8872432113410853
4408,3,0.097603,0.058359427281415036
4409,5,0.99553,0.9884772441687629
4411,1,0.345989,0.329706778079827
4412,4,0.930806,0.8856927898191056
4413,3,0.195571,0.14132939122528124
4415,2,0.796263,0.882108033448196
4416,5,0.085745,0.12867510224941603
4417,3,0.059136,0.03743962292901919
4418,3,0.301019,0.2126379909681979
4419,5,0.238986,0.30458554878332034
4421,3,0.057574,0.10113430423939263
4422,5,0.443738,0.5793811177122183
4423,1,0.776694,0.7169294437548401
4424,3,0.048299,0.08114066465356413
4425,3,0.994951,0.9939306996817908
4426,1,0.514568,0.5226335766895721
4427,3,0.999651,0.9988864451107949
4428,3,0.803715,0.8800306696470181
4429,1,0.220544,0.13359610943739142
4430,2,0.610904,0.7059962168834834
4431,5,0.997578,0.9939678201236105
4432,4,0.196652,0.23731127893901768
4434,1,0.999987,0.9999709584790182
4436,5,0.424747,0.6165790709393719
4437,3,0.999609,0.9994632027558008
4438,5,0.999995,0.9999939713322249
4439,2,0.093003,0.16100947567034288
4440,1,0.333197,0.43170570225033195
4445,5,0.999944,0.9994418668700676
4447,5,0.888122,0.8450660242875634
4448,2,0.555809,0.3816072715572151
4449,1,0.237857,0.33234090457798837
4450,4,0.057155,0.05384665828899416
4452,3,0.120173,0.21730416652051698
4453,1,0.896853,0.8882100973866957
4455,5,0.254428,0.23557046700223563
4456,1,0.189819,0.12812604860682086
4458,1,0.030774,0.07476412999855479
4459,3,0.275326,0.35165396424232215
4460,3,0.21704,0.2978863340077561
4461,4,0.764209,0.6894302954631881
4462,1,0.996017,0.9858746993290444
4463,2,0.312364,0.29671143808015327
4464,2,0.788799,0.7781823931250165
4465,1,0.57287,0.38927351137568894
4467,4,0.519627,0.41999466885013054
4468,4,0.210354,0.37649973072227494
4469,2,0.803244,0.5651815733458133
4470,4,0.660357,0.6448635554179328
4471,5,0.15563,0.18946474511269493
4472,1,0.862499,0.9415723670748322
4473,4,0.113152,0.17265719511635555
4474,2,0.232808,0.24585971935839268
4475,1,0.111162,0.254786759859363
4476,5,0.811497,0.8865586650855114
4477,1,0.100798,0.22285633778434982
4478,2,0.054056,0.16932936152208944
4479,2,0.472791,0.3171696492613132
4480,3,0.63583,0.7726927710071787
4481,3,0.078036,0.1085700406530334
4482,2,0.460703,0.3970108550923116
4483,3,0.999999,0.999987668503751
4484,3,0.274699,0.17765166790083872
4485,3,0.457223,0.3886600631707661
4487,4,0.028242,0.11021683735372062
4488,2,0.071371,0.05241810459459023
4490,4,0.140682,0.24076424960762932
4491,1,0.2782,0.1554585106323145
4492,5,0.011274,0.031539353601557844
4493,3,0.520582,0.36933815147978355
4495,1,0.133019,0.2700836582717184
4498,4,0.202092,0.25485481696870105
4499,3,0.092178,0.14679320813275235
4500,5,0.207217,0.16321288896791575
4501,4,0.101941,0.18985377556347854
4502,1,0.702492,0.2728799202247597
4504,3,0.259283,0.4215521560700129
4506,5,0.144563,0.2258943429733882
4508,3,0.715501,0.6715698163710564
4509,3,0.538842,0.624886184749358
4510,5,0.19124,0.26672833797125783
4512,3,0.12544,0.13951530748638785
4513,3,0.547624,0.6102728620310107
4514,3,0.995675,0.9861868592533551
4516,2,0.805786,0.8971301264200805
4517,4,0.723755,0.6991200980951474
4518,4,0.014919,0.07016675230583518
4519,1,0.122903,0.12751717261476855
4520,3,0.642995,0.5132406007749397
4521,4,0.06339,0.10279855034175166
4522,5,0.597628,0.6394161723001601
4523,3,0.041377,0.041540303194552264
4524,4,0.258824,0.3022793901859416
4525,1,0.640152,0.493731065432406
4526,5,0.845034,0.5890847696671481
4527,2,0.610035,0.66305752870001
4529,4,0.099658,0.16924798350847212
4530,2,0.231756,0.30401810906458016
4531,5,0.028539,0.09162194125218506
4532,4,0.375729,0.2483845926989207
4533,5,0.760207,0.5296982400990379
4534,3,0.650555,0.6622233680420029
4535,5,0.270545,0.3402561252248684
4536,1,0.724635,0.6741718568865641
4537,1,0.8302,0.8503455946719183
4538,3,0.35275,0.22434976230039064
4539,3,0.027514,0.03352786322146227
4540,2,0.706566,0.6460479610804034
4541,1,0.120782,0.3614640972705821
4543,1,0.854577,0.8463186280619723
4544,4,0.014225,0.03626278458979711
4545,1,0.528906,0.4663425501930032
4546,3,0.370817,0.4300938642702959
4547,5,0.026335,0.03876000541747634
4548,3,0.746006,0.6199720307438461
4549,4,0.311668,0.4889356966080368
4550,5,0.244332,0.27555717077175795
4552,1,0.066799,0.10817150046593595
4553,5,0.059054,0.07555537155435113
4554,2,0.136777,0.1649409938695168
4555,3,0.353129,0.33840260501661856
4557,2,0.631647,0.6425684827023488
4558,2,0.020139,0.051304133545079435
4559,3,0.052236,0.046855433273075245
4560,3,0.980325,0.972880027810558
4561,1,0.104328,0.1643645250182303
4562,2,0.197365,0.20147729804893066
4563,2,0.996026,0.992315961147934
4564,2,0.325666,0.3506765783986455
4565,2,0.040159,0.08420208338407228
4566,4,0.401061,0.3733803097843726
4567,3,0.106324,0.07893647951377578
4568,2,0.95577,0.9348647194299491
4569,5,0.15011,0.35263438067494207
4571,4,0.421676,0.4342967235395838
4572,1,0.760259,0.9212436854479564
4574,1,0.046503,0.08486277052509104
4575,1,0.350854,0.4058037553364053
4576,4,0.843306,0.7901162538174538
4578,1,0.397196,0.4836677815201685
4579,3,0.814498,0.9786159812220846
4580,1,0.814551,0.7551645838700489
4581,2,0.039629,0.06179181791741997
4582,4,0.451064,0.48652077996274073
4583,2,0.2455,0.22789003628414542
4584,5,0.186159,0.3353425406918196
4585,5,0.748778,0.7561344224584252
4586,1,0.338227,0.19231563687639142
4587,5,0.292591,0.4172643044403562
4588,5,0.554231,0.6419692524976806
4590,4,0.759956,0.46025394089043214
4591,3,0.70697,0.7947512920087686
4592,1,0.276328,0.4025336393189448
4593,2,0.03977,0.07039241891131841
4594,3,0.545714,0.45753213430174194
4595,4,0.291642,0.36459722122384564
4596,4,0.793833,0.6060393430089847
4597,2,0.051976,0.07339113443037462
4599,5,0.309649,0.4149551730880228
4600,3,0.991182,0.9774873804688787
4601,3,0.127899,0.20976830176306
4602,2,0.500459,0.4951239616110182
4603,1,0.175677,0.15686745854995535
4604,5,0.144144,0.1811888117899006
4605,2,0.240625,0.3131832412752606
4606,1,0.149539,0.15615626619880968
4607,4,0.492111,0.5108780426735401
4608,5,0.651708,0.5738915210711931
4609,5,0.384036,0.3259924993455738
4611,1,0.285386,0.5398712096899643
4612,2,0.049144,0.059791660306144204
4614,5,0.533129,0.147874565605329
4615,2,0.783405,0.6741836316567664
4616,5,1.0,0.999998309643096
4617,5,0.012747,0.007379507639357625
4618,1,0.799648,0.8535066246693399
4619,1,0.455265,0.5191621763126375
4620,2,0.773124,0.5854485821972809
4621,4,0.120615,0.17579193464118384
4622,4,0.70348,0.5156083241874521
4623,3,0.782909,0.8503742829126962
4624,2,0.757172,0.7603838112968795
4625,2,0.201787,0.12579068069789417
4626,5,0.195404,0.23453560188592845
4627,5,0.278428,0.3049753856095375
4628,4,0.998091,0.9974484537414968
4629,5,0.229165,0.31843326760499435
4630,2,0.588501,0.33854013002482597
4631,3,0.145801,0.17775619497935682
4632,2,0.068781,0.1107279670890228
4633,2,0.384164,0.16845341082927867
4634,4,0.446252,0.323472161959971
4636,4,0.155149,0.15186569865337535
4637,4,0.113598,0.10674311779558308
4641,5,0.996971,0.9857789664742937
4643,5,0.71739,0.6872947328785541
4644,2,0.274948,0.17732946533462748
4645,5,0.254768,0.35131953661160475
4646,5,0.82034,0.8833676647890505
4647,3,0.144637,0.14971155060215294
4649,2,0.265968,0.14405658315379655
4650,1,0.297387,0.36053246747164325
4652,5,0.986933,0.9850599995665198
4653,3,0.180554,0.13207044533742374
4654,3,0.817836,0.7154361330806072
4656,4,0.42545,0.4090573182356667
4657,4,0.220813,0.3348156622932884
4658,5,0.796566,0.6853526875970686
4659,3,0.999994,0.999966108823358
4660,2,0.999982,0.999904575016015
4661,3,0.14847,0.3398564528795236
4662,2,0.851319,0.6468754309981463
4663,4,0.173128,0.22378331372433719
4664,4,0.492609,0.27553009371227344
4665,2,0.129795,0.18331420250692876
4666,5,0.402822,0.482395946038636
4667,4,0.444344,0.37357901976892177
4669,2,0.630271,0.5247223121556108
4670,2,0.426019,0.34834821627346974
4671,3,0.395096,0.32982266372931957
4672,1,0.994534,0.9828396676010934
4673,5,0.468134,0.5337434847879612
4674,3,0.264777,0.3376540542155267
4675,4,0.123265,0.28002624732655873
4676,3,0.271878,0.17174282023230505
4677,2,0.498722,0.4138891949632455
4678,2,0.934378,0.9246926412041494
4679,2,0.222796,0.23508622018806277
4680,1,0.36469,0.37953518823754756
4682,4,1.0,0.9999999961080044
4684,2,0.715065,0.453584133453445
4685,2,0.397618,0.5434911245280154
4686,1,0.547926,0.358934301382559
4688,3,0.248784,0.16275952667199817
4689,5,0.321237,0.2491350190240502
4691,3,0.387039,0.17346695419642588
4693,2,0.347037,0.4039654810287317
4695,3,0.874787,0.8590537787901169
4696,3,0.278429,0.12446971677782367
4698,3,0.726819,0.7296144681801985
4699,5,0.468844,0.3804399677573332
4700,2,0.181072,0.28292805644981384
4701,5,0.34087,0.5032066118045998
4702,5,0.006578,0.023620263638946527
4704,4,0.143431,0.3298374723991203
4707,5,0.633022,0.4274431252057622
4708,4,0.333476,0.18053274198239888
4709,1,0.884984,0.8296777115110159
4710,2,0.135825,0.17387929063138244
4711,2,0.04238,0.09869184076035954
4712,1,0.833527,0.8313296109361008
4714,3,0.059506,0.1400774010575353
4715,2,0.234396,0.20083367429667945
4716,4,0.209726,0.19880465975709605
4717,4,0.337858,0.29186064841556997
4718,3,0.477993,0.5149457929882155
4719,5,0.544402,0.5437394469093387
4720,2,0.539077,0.5079127526937652
4722,2,0.05763,0.1488320462594361
4723,4,0.044699,0.16840374037763087
4724,1,0.301554,0.383446637534685
4725,3,0.055907,0.03232767499770318
4726,2,0.219632,0.25314006913833725
4727,5,0.596177,0.5842517544608319
4728,4,0.623705,0.5804562787460925
4729,1,0.278765,0.3115733771509485
4730,5,0.183959,0.2880072466662224
4732,2,0.109128,0.348175406011463
4733,3,0.508224,0.43971133932586254
4734,5,0.342863,0.5517791087610842
4735,2,0.058093,0.07499678212048722
4736,2,0.314489,0.553884391972088
4738,1,0.239257,0.3582753954539862
4739,4,0.078948,0.1103592679734038
4741,4,0.99995,0.9998387351101135
4742,3,0.591231,0.44795065498593406
4743,5,0.397036,0.476735422306193
4745,2,0.049525,0.04283332927888493
4746,3,0.996928,0.9967716172779434
4747,5,0.992609,0.9723331089548654
4749,5,0.719047,0.7782608280271175
4750,5,0.408245,0.34267589380242924
4751,4,0.315027,0.2627947401325164
4752,4,0.770548,0.8070266354963632
4753,3,0.773154,0.5340393548348699
4754,3,0.294853,0.5131068692902989
4755,5,0.822689,0.7912419773279985
4756,4,0.551418,0.6219451148507665
4757,4,0.314647,0.2257429169114165
4758,2,0.886366,0.7480141089809161
4759,1,0.187115,0.3470182896130507
4760,3,0.412829,0.48604571606286046
4761,2,0.66035,0.5784161415320839
4762,3,0.999999,0.9999909331292309
4764,2,0.308177,0.13229733930355997
4765,2,0.048954,0.05596421322075478
4766,5,0.065485,0.09778838608794808
4767,3,0.088466,0.12163661920569707
4768,2,0.592255,0.5499284945954994
4770,4,0.363632,0.6245838537901445
4771,5,0.592137,0.6218188943541273
4772,4,0.203117,0.1498682512886503
4773,5,0.598953,0.5104127564123851
4774,5,0.086045,0.19949284179791477
4775,1,0.294435,0.15026258053490435
4776,2,0.276725,0.1874056823565968
4777,3,0.191574,0.18507997728555517
4778,3,0.013754,0.051968494921255576
4780,3,0.183912,0.30893693191474336
4782,5,0.857506,0.9708344871567418
4783,5,0.055814,0.059334795486216785
4784,1,0.394893,0.42103349793883116
4786,5,0.282752,0.2527994339216178
4787,3,0.757144,0.6165377701144584
4788,3,0.188384,0.37193307074921456
4789,2,0.101812,0.20579073025380595
4790,1,0.598724,0.6318399609922052
4791,2,0.102457,0.1407649221133108
4792,3,0.464685,0.4894708935635871
4793,4,0.260305,0.19615909559963532
4794,4,0.995423,0.993475560868303
4795,4,0.999008,0.998735559203003
4796,5,0.234369,0.2094974995913738
4797,5,0.298156,0.40724091204618273
4798,4,0.354051,0.25835272993604386
4799,1,0.343899,0.38061964726985903
4800,3,0.371364,0.5030313961435785
4801,1,0.864481,0.7487859151718547
4802,4,0.445841,0.24171341233432922
4803,4,0.257469,0.3071133501384034
4805,2,0.065487,0.046316193536707316
4806,3,0.286467,0.2916172092749037
4807,1,0.117965,0.23978145790102284
4808,3,0.998877,0.9974135906068021
4811,4,0.854789,0.7501379841886116
4812,3,0.07401,0.05445445592023603
4813,5,0.188654,0.35250092842752256
4814,2,0.019669,0.0815912726007839
4815,5,0.209408,0.0990933469596171
4816,1,0.178919,0.10369134604167915
4818,3,0.636699,0.796496797550574
4819,1,0.462241,0.27329959136810056
4820,1,0.488668,0.49663861204035625
4821,2,0.71889,0.7699605572437046
4822,2,0.301326,0.18570320357572145
4823,1,0.068524,0.20305437755582773
4824,4,0.997438,0.9983056595895011
4825,5,0.87119,0.9843735402486579
4827,4,0.061961,0.0766687240488484
4828,2,0.361035,0.5536101820762813
4829,3,0.529586,0.5155479875071457
4830,5,0.024004,0.08337235569623233
4831,3,0.20299,0.20750640467825693
4832,4,0.34445,0.39329486451307427
4833,4,0.621095,0.5939761207847036
4834,4,0.268557,0.23480661967833683
4835,2,0.439819,0.47154769675652725
4836,4,0.910513,0.9450953248312494
4837,4,0.981373,0.9677182399697031
4840,3,0.359103,0.3308990987657043
4841,2,0.51033,0.6328971484043332
4842,1,0.876398,0.8931542049736609
4844,3,0.277377,0.3449550895838475
4845,4,0.266476,0.3510509127501887
4846,3,0.087861,0.11044942388057898
4849,1,0.823826,0.8579943404941659
4850,1,0.997304,0.9956441382318448
4851,4,0.098176,0.364375918785691
4852,5,0.824914,0.8348566754365133
4853,2,0.999974,0.9996920420155855
4854,4,0.363089,0.43810577851501226
4855,5,0.501085,0.5138417172968255
4856,4,0.355816,0.4846231370364618
4857,5,0.712449,0.7681570153631269
4858,3,0.180725,0.19836182878688904
4860,2,0.092196,0.15289051170395923
4861,5,0.516249,0.35025873088687837
4862,5,1.0,0.9999999986986903
4863,5,0.979135,0.9621237680395168
4864,5,0.391523,0.5237422846272566
4865,5,0.281346,0.3875424723113368
4866,1,0.424779,0.41942475109271793
4867,2,0.999814,0.9996386962243937
4868,2,0.721471,0.784583395848891
4870,5,0.996136,0.9929217505028838
4871,2,0.249433,0.3579752506330958
4872,4,0.207671,0.19800000980203428
4873,2,0.078241,0.0804857105345083
4874,2,0.409059,0.2920382121914995
4875,4,0.367467,0.285468993563226
4876,2,0.999438,0.9972354764804068
4877,4,0.996877,0.9879543304423328
4878,4,0.468963,0.6890441733897793
4879,2,0.434848,0.3578797615148053
4880,5,0.034345,0.0502944828205665
4881,1,0.24847,0.2635172082440102
4882,3,0.592667,0.5749368886509696
4883,3,0.679623,0.43872357004821433
4884,4,0.056441,0.09323195644815391
4885,3,0.282966,0.3422486900901502
4886,5,0.443961,0.5887730423442205
4887,5,0.437374,0.6035927934687679
4888,5,0.135809,0.21749222566677417
4889,3,0.798616,0.8332032421900142
4890,3,0.687336,0.48046279349645754
4891,3,0.799611,0.6280854881877543
4893,5,0.434264,0.44354526526042637
4894,4,0.835396,0.8793749394291849
4895,3,0.997987,0.9956567253047066
4896,5,0.12658,0.24844657527241717
4898,3,0.382286,0.5289510845801532
4899,5,0.105972,0.1570420987182776
4900,1,0.279764,0.1816249849420209
4901,1,0.846105,0.7249761970308403
4902,2,0.490385,0.43215874426721584
4903,2,0.408403,0.534198062911119
4905,4,0.696538,0.558118885654933
4906,3,0.937535,0.9657473672123811
4908,1,0.295826,0.5674325413679879
4909,3,0.406284,0.30595773229502415
4910,3,0.775689,0.5314533945150458
4911,3,0.115769,0.07874306187352766
4912,5,0.203589,0.23223410315266949
4913,4,0.108176,0.27286697206038535
4914,2,0.163705,0.16946606621869942
4915,3,0.787333,0.7720105927912757
4917,4,0.505269,0.39042382743034254
4919,1,0.994001,0.9823794074081977
4920,1,0.042892,0.11288487085841903
4921,3,0.02256,0.03915343488209509
4922,2,0.124938,0.14730386646446214
4923,2,0.052966,0.1843289279767684
4924,1,0.128174,0.09387334610878158
4925,5,0.176387,0.246851186560592
4926,2,0.139275,0.21393976281652144
4927,3,0.021611,0.07667186479379369
4928,5,0.30303,0.32103158935022447
4929,4,0.198305,0.21651867508503322
4930,4,0.069673,0.15827549973784275
4931,1,0.491423,0.4081850960365587
4932,3,0.472858,0.28991251307264343
4933,2,0.029793,0.06978887155495214
4934,1,0.346098,0.3374930499316877
4935,3,0.610576,0.5215550769036946
4936,3,0.421872,0.4246785770109557
4937,1,0.205924,0.1784920003168855
4938,4,0.388827,0.2744815397478578
4940,2,0.765465,0.6025255427838948
4941,5,0.485003,0.33327966195144043
4942,4,0.46612,0.3804319764296106
4943,1,0.03664,0.1281990807737521
4944,4,0.464201,0.4523727178131134
4945,5,0.064565,0.1307618646612095
4946,2,0.144466,0.2713228571238734
4947,3,0.123283,0.25262380627442066
4948,5,0.097545,0.20749548610271676
4949,2,0.264386,0.25602646480656566
4950,3,0.448813,0.19409708982649565
4951,4,0.468055,0.44062206665958137
4953,2,0.228835,0.1830333695744009
4955,2,0.113676,0.1201130399796988
4957,5,0.109354,0.20306791256237108
4959,1,0.820226,0.7957234696389586
4960,4,0.440628,0.5894405175720938
4961,3,0.170463,0.2289582619353857
4962,1,0.185652,0.3194308105725161
4963,2,0.023077,0.03081379918644367
4964,2,0.141232,0.25070764982616967
4965,2,0.143867,0.09816068159864193
4966,2,0.121082,0.21070025662664454
4967,2,0.070976,0.21392171850475344
4968,1,0.016644,0.034446317519942406
4969,4,0.181312,0.20041091438354572
4970,5,0.348497,0.2524644486359885
4971,5,0.22231,0.2509421063721545
4973,1,0.462921,0.4318952391045916
4974,1,0.244694,0.2118092536862362
4975,1,0.500081,0.5174796263718515
4976,3,0.148885,0.34008808241510213
4977,4,0.999928,0.9998078880131573
4979,4,0.696625,0.7089375635318473
4980,5,0.180028,0.2045320511647569
4981,3,0.061322,0.07015014893632923
4982,2,0.106482,0.27966871939092597
4983,2,0.19517,0.2542612022818174
4984,1,0.036088,0.07185050440834911
4985,4,0.050911,0.16995099540857245
4986,1,0.2214,0.25149280991080203
4988,5,1.0,0.9999994921190746
4989,3,0.441568,0.6826344535865224
4990,3,0.057427,0.24538385911796262
4991,5,0.421232,0.47076313903440115
4992,3,0.748332,0.5068698923180682
4993,3,0.996604,0.9967977065727863
4994,5,0.552268,0.5161313446374312
4995,1,0.086176,0.12888709690466363
4996,4,0.995321,0.9797728097837688
4997,2,0.027881,0.06607403616313358
4998,2,0.111243,0.12597625081258998
4999,4,0.586591,0.6339836368335949
5000,4,0.999896,0.9996650662529813
5001,5,0.242577,0.2652681726796809
5002,4,0.999928,0.9997657889006029
5003,2,0.890172,0.8440597547620106
5004,4,0.12218,0.10262762082145112
5006,2,0.249058,0.2574013671467286
5007,2,0.999878,0.9993810682572007
5008,4,0.190398,0.3114865740423706
5009,4,0.8121,0.6465506205087402
5010,5,0.999923,0.9997289144033338
5011,1,0.959107,0.9556120175928736
5012,5,0.053432,0.17963985466761612
5013,5,0.988823,0.983124089987836
5016,1,0.095441,0.34313403127965625
5017,5,0.130897,0.22175605675594398
5019,1,0.176772,0.22553795690171213
5020,3,0.188785,0.16298732162659352
5022,2,0.12595,0.23764494536805325
5023,5,0.367675,0.42581687905265797
5024,2,0.772997,0.642610531510618
5026,3,0.198727,0.2814741356204196
5029,1,0.296754,0.18262605150509614
5030,3,0.546111,0.4368051612735601
5031,1,0.388761,0.25385706822338205
5035,5,0.246885,0.41052106792746607
5036,5,0.080518,0.07145924039358181
5038,2,0.827026,0.8639352138158014
5039,1,0.802134,0.8093484773114383
5040,5,0.909041,0.9463362826885854
5041,4,0.24511,0.26821412164993896
5043,5,0.22669,0.21448058621294153
5044,1,0.553703,0.6526634287357971
5046,3,0.240248,0.31416376362233317
5047,2,0.265455,0.3493202800962762
5048,1,0.883758,0.8438587549225791
5049,2,0.28121,0.359134697544623
5050,3,0.647565,0.6384251607541369
5051,4,0.607773,0.4579263240224868
5053,1,0.705477,0.7929741311808878
5054,2,0.272225,0.3246844114754236
5056,2,0.999851,0.9994202078817868
5057,2,0.255277,0.23177309449969857
5058,3,0.73472,0.7440776410866535
5059,2,0.04229,0.10278680702085155
5060,2,0.533849,0.20598851488383613
5063,2,0.114589,0.18348277373373947
5064,4,0.026986,0.03421256452444589
5065,3,0.459233,0.3090608940238576
5066,2,0.119555,0.11349453993044664
5067,3,0.277743,0.22097769680061438
5068,4,0.133827,0.1039902134082518
5069,1,0.158191,0.20893612614166138
5070,5,0.12371,0.2608631983436575
5071,4,0.998787,0.9978316049051495
5072,2,0.132189,0.21466629420518288
5073,5,0.194854,0.24279966524125415
5074,2,0.830717,0.67339634345222
5075,5,0.084484,0.1342319694230158
5076,1,0.099378,0.18050539944238753
5077,4,0.099626,0.12594662454728467
5078,1,0.440532,0.2929447946778476
5079,3,0.566483,0.532832815116236
5080,2,0.289519,0.18135254361289063
5081,3,0.338455,0.31041526519290896
5082,4,0.097254,0.18600832400161588
5083,3,0.070402,0.11586197166983613
5084,5,0.597291,0.37037853547837857
5085,2,0.072406,0.057588847651026724
5086,4,0.178279,0.2752107686778416
5087,1,0.35526,0.1678767211511189
5088,3,0.162639,0.17214808259317302
5090,4,0.206065,0.20911798036077411
5091,3,0.593056,0.6340088560520145
5092,3,0.534092,0.4208349505954484
5093,1,0.294187,0.6468505613526517
5094,4,0.562749,0.3238605082631837
5095,1,0.840016,0.8381929801757936
5096,5,0.814563,0.7444341647536109
5097,3,0.515123,0.524796601671524
5099,1,0.103003,0.14909430769520932
5100,2,0.062303,0.07517763148459221
5101,1,0.301669,0.31758352206395973
5102,5,0.845481,0.9061335175847641
5103,2,0.112154,0.1540028938912575
5104,1,0.083674,0.15679388004460346
5105,4,0.328858,0.5753587171465134
5106,3,0.420057,0.343306061264331
5108,2,0.02614,0.05671743974472971
5109,1,0.15825,0.1374379676720548
5110,5,0.614329,0.33267777813346633
5111,1,0.046106,0.02640945322701115
5112,5,0.999998,0.9999877318586357
5114,2,0.135869,0.27130623142723065
5116,4,0.272021,0.3562770971042718
5118,3,0.109093,0.11755999947420213
5119,3,0.302774,0.397462476346098
5120,4,0.264765,0.26165260768331944
5122,4,0.829399,0.9625060807075027
5123,3,0.076714,0.07115574852531634
5124,2,0.284756,0.16887996379027712
5125,3,0.742254,0.6917104235658944
5126,3,0.089919,0.11490370210430745
5127,4,0.182524,0.09586533123463971
5128,3,0.544924,0.3598343873177522
5129,1,0.726039,0.784080516506609
5130,3,0.243925,0.3986696471917469
5131,5,0.338011,0.2871405643040101
5132,1,0.657409,0.4970883860260433
5133,4,0.978359,0.9527360832764127
5134,1,0.593957,0.3388362541035974
5135,1,0.985852,0.9781286425878928
5136,5,0.5456,0.46800496914099865
5137,1,0.390245,0.33825336916039217
5138,3,0.715464,0.7658831232618768
5140,5,0.360617,0.44845698534906236
5141,3,0.855524,0.878127214205282
5142,4,0.870364,0.725452649903533
5143,4,0.998033,0.9830497402873559
5144,2,0.368593,0.5271066945185372
5145,2,0.267986,0.2840698506023942
5146,5,0.099309,0.1786436471003431
5147,3,0.997213,0.9888571682926574
5148,5,0.303804,0.23235730247504904
5149,2,0.480892,0.4588075398489498
5151,1,0.285333,0.204241434872631
5152,4,0.8394,0.6186573856538945
5153,5,0.221836,0.3542006655847817
5154,4,0.557977,0.4985667119452312
5155,5,0.470061,0.5271947323776677
5156,1,0.443148,0.45987741960570494
5157,1,0.433321,0.4857547420042631
5158,3,0.307065,0.3660517403058209
5159,2,0.385354,0.2546075777458754
5160,1,0.0016,0.0056295543901605915
5161,4,0.978485,0.9531403837338595
5162,1,0.220672,0.15894106924357743
5164,1,0.322449,0.21838723269180615
5165,3,0.170696,0.17624136880896796
5166,2,0.334401,0.2334674744167877
5167,3,0.543486,0.41488297339932495
5168,1,0.05425,0.10911028690122353
5169,1,0.551565,0.5214039478173073
5170,3,0.547516,0.331995971168173
5171,3,0.313647,0.3633991259664865
5172,2,0.387561,0.16807639799357735
5173,5,0.604605,0.6361903198836719
5174,4,0.440909,0.43540240925313906
5175,4,0.694982,0.3896818285075878
5176,3,0.676534,0.5939848498177004
5177,2,0.757307,0.6696746572943136
5178,5,0.498126,0.3912917366689853
5180,2,0.250359,0.34273652350627204
5181,5,0.084544,0.13325478942931812
5182,1,0.395596,0.3868373635027465
5183,1,0.25866,0.33595300076912343
5184,2,0.136728,0.16431123537661557
5185,4,0.451668,0.8146254019156186
5186,1,0.830832,0.6049564904814988
5187,5,0.32268,0.16757816856728092
5189,3,0.03171,0.02982544009399282
5191,4,0.022107,0.0735623622129763
5192,3,0.999529,0.9990163866989269
5194,2,0.137254,0.18543706470300553
5195,5,0.572948,0.34500061612287053
5196,2,0.245771,0.42337191350508774
5197,1,0.574215,0.34633322555501367
5198,2,0.355409,0.2798547213888117
5199,1,0.076971,0.14349175826542984
5200,2,0.338683,0.3444478911902795
5201,3,0.196815,0.16970698660808906
5202,3,0.160018,0.2811055431931152
5203,3,0.809188,0.8813735905170407
5204,3,0.845954,0.9605653851852197
5205,1,0.231359,0.47012070950243806
5206,4,0.71823,0.8374474927516982
5207,2,0.448163,0.36765525509766783
5208,4,0.048747,0.1215667937297876
5212,5,0.156452,0.1849073602703194
5214,3,0.256258,0.4273126878291818
5215,5,0.575172,0.43915926701377506
5216,5,0.021871,0.07311781480630693
5217,3,0.162915,0.23626711846055568
5218,5,0.131053,0.07703014329389081
5219,1,0.294865,0.26569324255034793
5221,4,0.728939,0.8475161793801214
5222,5,0.34822,0.3795188366859368
5223,3,0.542604,0.4332679864704873
5224,2,0.849891,0.8114028808133418
5225,2,0.997976,0.9938524624503904
5226,3,0.002825,0.0079879980444469
5227,5,0.999232,0.9987169465367158
5229,2,0.14207,0.14293267213422867
5230,4,0.848682,0.9358589694414647
5232,1,0.597962,0.7342302755081584
5234,3,0.99999,0.9999765248443511
5236,3,0.245448,0.4039381914339776
5237,4,0.759298,0.7025430214637496
5238,4,0.097727,0.19661496608308932
5240,1,0.179598,0.10882854848848462
5241,1,0.078382,0.12585324602904321
5242,2,0.39237,0.31457248053822867
5243,4,0.027047,0.07953000184299445
5244,5,0.803173,0.8364836500873378
5245,3,0.244107,0.32893230023089914
5246,1,0.493604,0.48794565356091407
5247,3,0.10261,0.24249296688760094
5248,4,0.146304,0.16429140185440766
5249,1,0.796627,0.5999904803458184
5250,5,0.356472,0.279441626896758
5251,2,0.636917,0.5549712473869536
5252,5,0.639891,0.6978840336184853
5253,3,0.260826,0.15947482424961024
5255,2,0.104517,0.06167886377772854
5256,1,0.991497,0.9736830778274768
5257,4,0.370555,0.33272228861897696
5258,3,0.308222,0.39712375182457976
5259,5,0.387338,0.1597732492755605
5260,2,0.47033,0.4494589758079315
5261,3,0.473663,0.48630631701839455
5262,5,0.490834,0.5613101757752169
5263,3,0.510837,0.5871577382535056
5264,2,0.207589,0.1924735526410658
5265,4,0.197765,0.19530686965228483
5266,2,0.799009,0.8853052388712846
5267,4,0.665608,0.904271345726282
5269,2,0.049046,0.041887739694637334
5270,3,0.572114,0.5124891948582003
5271,2,0.025968,0.05969511843358675
5274,5,0.841884,0.7601986015647733
5276,2,0.425894,0.3281054740592776
5277,2,0.081196,0.14685158025122289
5278,2,0.480851,0.5822026009158294
5281,2,0.255221,0.2860438524263174
5283,5,0.526651,0.49672929447109215
5284,3,0.32592,0.3463203506654229
5286,4,0.357965,0.37242071697801005
5287,4,0.53819,0.5610694110996653
5289,1,0.701258,0.5212200648987119
5291,1,0.856574,0.9727817095512821
5292,2,0.500448,0.6002477608411283
5293,3,0.721713,0.5966632610206921
5294,4,0.074887,0.06678731114625987
5295,2,0.181775,0.20861763602557493
5296,1,0.087859,0.24862036908440444
5297,2,0.958097,0.9527675118037668
5298,5,0.142758,0.28114625050414754
5300,3,0.180047,0.14469641285591003
5301,4,0.090255,0.030130894504443922
5302,5,0.362872,0.5295282121424508
5304,4,0.417114,0.6210850120440936
5305,1,0.180208,0.2536767971980587
5306,4,0.515294,0.4744511262402961
5308,2,0.025983,0.03975462760575357
5309,1,0.031588,0.06113324921630925
5311,1,0.722811,0.6399467983065903
5312,4,0.065315,0.143402241364675
5313,4,0.158659,0.2092680479094668
5317,1,0.982591,0.9675349966496062
5319,4,0.039746,0.13070133356314473
5321,2,0.36211,0.4885596868410669
5322,3,0.030614,0.04073783311509195
5323,1,0.228598,0.1994352155207916
5325,1,0.99877,0.9980001612888793
5326,5,0.057692,0.11991869287951526
5329,2,0.890897,0.8430507296623824
5330,2,0.594674,0.5366243085859822
5331,4,0.985614,0.95791903424886
5332,2,0.120686,0.05982211935673699
5333,4,0.493735,0.46668264477878063
5334,2,0.999716,0.9991270687393377
5335,3,0.017783,0.08203293522081265
5336,2,0.665598,0.42400193944582437
5339,3,0.639244,0.26049528956825074
5340,3,0.362951,0.4552845436738399
5342,3,0.642027,0.5723027331353787
5343,5,0.03347,0.05214060438670385
5344,1,0.802102,0.5829583943004215
5345,1,0.39326,0.16914877410918877
5346,1,0.996165,0.990144099381123
5347,3,0.741973,0.6910233292139373
5348,5,0.244105,0.14242107161250808
5349,1,0.766567,0.7573092103588603
5352,3,0.105944,0.17427190907266193
5353,3,0.023552,0.04031843408897995
5355,3,0.062272,0.06212043260530127
5356,5,0.073301,0.2350883974971979
5357,1,0.316651,0.27538390004692226
5358,2,0.293106,0.46754224434163716
5359,4,0.229519,0.2908387720363863
5360,3,0.090222,0.09048164486093113
5361,3,0.606734,0.5452782064493171
5362,5,0.327744,0.21412740876727868
5363,3,0.655083,0.6948700717371639
5365,5,0.267421,0.22062312902338557
5366,2,0.763668,0.6982330840362
5367,1,0.9988,0.9974522047221812
5368,4,0.369489,0.3667370485173913
5369,2,0.705277,0.5895047527542788
5370,2,0.32359,0.4020802963332962
5371,3,0.392976,0.42886374571958275
5372,4,0.284772,0.2457209875146857
5373,1,0.720062,0.4998749871843309
5374,5,0.074501,0.21960337981854133
5375,3,0.526141,0.6785206578599011
5376,2,0.999993,0.9999592688503468
5377,3,0.220224,0.04160589915767141
5378,2,0.66616,0.39636297937176124
5379,4,0.937889,0.8994344707062767
5380,3,0.620771,0.5849539403136881
5381,3,0.07249,0.11778060209088424
5383,5,0.564293,0.48275097026070446
5384,2,0.343554,0.32467696674613894
5385,1,0.519597,0.4247174018733783
5386,5,0.206872,0.1933757302152019
5387,2,0.682924,0.33702596638313065
5388,2,0.43605,0.4305945753804867
5390,1,0.995078,0.9867510574500392
5391,1,0.752354,0.7932880579711956
5392,4,0.527438,0.4019437537059355
5393,3,0.767579,0.5371886414990674
5394,2,0.22122,0.24576483535659008
5395,3,0.325343,0.4434598746470515
5397,4,0.064362,0.06828130464055761
5398,1,0.484923,0.5963417529651323
5399,5,0.156379,0.1794242959859307
5400,1,0.524859,0.30785401648635524
5402,2,0.242458,0.3578651054360089
5404,3,0.467007,0.6166752093958835
5406,2,0.744494,0.5610917592437623
5407,5,0.766498,0.7379089227401135
5408,5,0.490785,0.6369157700088421
5409,3,0.522931,0.5868817345435959
5411,5,0.410718,0.5127431728049877
5412,3,0.152347,0.16677906607119214
5413,5,0.589719,0.4645878248111082
5414,4,0.871386,0.9118170327573747
5415,2,0.193727,0.15521672880939785
5417,1,0.228599,0.31659458920400557
5418,5,0.210049,0.14649796478053762
5420,5,0.368034,0.2839111945186872
5422,4,0.99999,0.9999799010294436
5423,5,0.952861,0.9546856276389721
5424,4,0.836283,0.9393842199914882
5426,2,0.432931,0.5032468250072774
5427,5,0.827139,0.37479732818296335
5428,2,0.408651,0.30628769612744894
5429,1,0.32145,0.5506548021266903
5430,1,0.727844,0.6883015090974344
5431,1,0.014494,0.025236621370127676
5432,3,0.553581,0.687236268196244
5433,2,0.828573,0.6693791577687949
5434,5,0.901485,0.8663947375993113
5435,2,0.684155,0.4822365270630704
5437,4,0.255444,0.1666098358429392
5438,1,0.221965,0.1449540088707811
5439,3,0.131348,0.1876205999233005
5440,3,0.725918,0.6616527954513514
5441,4,0.329096,0.48178690657855366
5442,1,0.999432,0.998208515284585
5443,5,0.123446,0.2856946493733096
5444,1,0.055681,0.0939209007675246
5447,1,0.3266,0.16249100639710665
5448,1,0.047069,0.06673677793875903
5449,3,0.107709,0.2785185933528188
5450,4,0.220139,0.3964177956130841
5453,5,0.307748,0.47776487656583694
5454,3,0.471998,0.4530431541102814
5455,3,0.568151,0.647754756294105
5456,4,0.818726,0.864396612222216
5457,2,0.425208,0.3422553893508841
5458,1,0.251702,0.20137240837782416
5460,5,0.059392,0.16569300704323792
5461,2,0.218438,0.14503324043565705
5462,5,0.865586,0.8789930637179816
5463,4,0.086675,0.0777462055560129
5464,1,0.315325,0.30207110005346777
5467,5,0.036924,0.08088870801434832
5468,1,0.017871,0.06602009393465266
5469,2,0.248286,0.26060718877365835
5470,5,0.351195,0.40078161176485205
5471,1,0.745386,0.8286260720336808
5472,5,0.729859,0.6002500713680015
5473,3,0.799441,0.7219977097559759
5474,3,0.017317,0.030770198526777225
5475,5,0.043013,0.09277580224800505
5476,1,0.292322,0.4149475549036797
5477,2,0.310035,0.317856173991733
5478,5,0.441987,0.37815249279087815
5479,1,0.146961,0.12905543266535255
5481,2,0.999864,0.9994045500572074
5482,1,0.109809,0.05296253383947616
5484,3,0.339565,0.5196282276798122
5485,1,0.400353,0.449882329412354
5486,4,0.335668,0.3779007600613986
5487,4,0.854164,0.8108839647402042
5489,1,0.064468,0.07694569306390706
5491,1,0.373273,0.25541007362315093
5493,4,0.105297,0.11644899890033011
5494,2,0.289975,0.4763975121437902
5495,2,0.413754,0.4609969596710279
5496,5,0.177827,0.3595522009633395
5497,2,0.842916,0.6603228370933893
5498,3,0.125497,0.17175842685626275
5499,2,0.999933,0.9996290214831197
5500,2,0.994311,0.9887156970468566
5501,2,0.998419,0.9951220800401674
5502,3,0.432082,0.25765450439817966
5503,5,0.85776,0.888425810444924
5505,5,0.180346,0.28180882117875855
5506,5,0.114738,0.14182897486564414
5507,3,0.26912,0.344715941850239
5509,2,0.610133,0.5029405377504427
5510,3,0.878323,0.9326510399465446
5511,5,0.1182,0.19841173769474624
5512,5,0.194341,0.4822129207125377
5513,4,0.090755,0.19980332590854166
5514,4,0.187383,0.2881183819461422
5515,5,0.563096,0.5290800925326458
5516,4,0.839047,0.9711061416048742
5517,4,0.879921,0.9108057146730273
5518,3,0.838846,0.8678024385319114
5520,5,0.596807,0.4617577352498527
5521,1,0.847434,0.7270267422812429
5522,2,0.689422,0.5226986673402491
5523,3,0.762054,0.722905494451159
5525,2,0.498996,0.6596378429038872
5526,1,0.165947,0.18312030663156867
5527,5,0.202778,0.35199501088395224
5528,4,0.024681,0.04260159041603899
5529,5,0.999999,0.9999979360095596
5530,1,0.984987,0.9706960179137744
5531,5,0.637746,0.7204385290839028
5532,3,0.265346,0.4596658316491336
5535,3,0.138919,0.1916099102259839
5536,1,0.469451,0.45569149308836016
5538,3,0.278839,0.4336504657338427
5539,4,0.209732,0.3112320262748075
5540,2,0.346255,0.13917504887331192
5542,5,0.180627,0.1704729098934645
5543,4,0.999515,0.9992369759473668
5544,4,0.093379,0.15569815253010894
5546,4,0.45851,0.6468319821256702
5548,5,0.777036,0.5542130038331221
5549,3,0.256054,0.3589145825794328
5550,3,0.350897,0.4498132866621422
5551,5,0.949021,0.9085108943459359
5552,1,0.068424,0.13435510599437286
5554,4,0.015169,0.045352229966167425
5555,3,0.780554,0.9256697242368619
5557,1,0.22058,0.38558561087870014
5558,4,0.365652,0.43955405524229635
5559,4,0.176324,0.3197195815073339
5560,1,0.997091,0.9915268955509449
5561,2,0.186474,0.3465401504835572
5562,4,0.621388,0.638600751681675
5563,3,0.999986,0.9999434556489225
5564,1,0.102826,0.09238232006004442
5566,1,0.998748,0.9957998934019844
5568,5,0.773001,0.7460017917849546
5569,3,0.283997,0.37123927984385835
5570,5,0.028961,0.029429021092267964
5571,4,0.787954,0.6465258788522249
5574,2,0.406121,0.5030216851108034
5575,3,0.880093,0.7477860393830462
5576,2,0.55584,0.4257942235708091
5577,4,0.100443,0.27331260880867525
5579,3,0.140102,0.18513057248536896
5580,4,0.045353,0.07775743630045216
5581,5,0.779683,0.3360600808517404
5582,4,0.113017,0.17230467082112055
5584,3,0.238807,0.2226541288644604
5585,2,0.296904,0.20889561212763189
5586,3,0.18627,0.29628215747411724
5587,1,0.027701,0.0573959664278247
5588,5,0.982156,0.9684808798270667
5589,3,0.3417,0.3788818988105954
5592,3,0.11018,0.14232364289505775
5593,1,0.493265,0.4597765292575403
5594,3,0.556272,0.6743076954161378
5595,2,0.220153,0.3579048514000614
5596,1,0.119034,0.22401220535981442
5597,3,0.045068,0.0934918989188302
5598,2,0.153284,0.16058512861950744
5599,2,0.217621,0.19562187244963708
5602,5,0.401006,0.38036673255512193
5603,4,0.639822,0.4715515580145692
5604,5,0.208018,0.21190629823920876
5605,5,0.38926,0.5139494764766268
5607,3,0.687733,0.6835202105296883
5608,4,0.611897,0.9281525891760117
5609,3,0.640032,0.5640084325380162
5610,3,0.423508,0.40759670318700425
5611,3,0.812907,0.886850028337675
5613,1,0.310405,0.24784507142652012
5614,5,0.402166,0.6619982546808962
5615,2,0.660321,0.6871203267684037
5616,2,0.039894,0.07632760023391791
5617,3,0.628941,0.6284965131073881
5619,3,0.462848,0.21728368795034644
5620,3,0.556018,0.6025887030599288
5622,1,0.503155,0.563548136631982
5623,4,0.102198,0.09481862339390998
5624,5,0.443301,0.283166149960737
5625,5,0.539911,0.33058604702386163
5628,3,0.144945,0.37620036834553855
5629,2,0.531199,0.7020068654631276
5630,3,0.657941,0.6607909877847423
5631,3,0.038398,0.09357017069413856
5632,3,0.259475,0.25963139068720265
5634,2,0.39737,0.1700613831705045
5636,3,0.111975,0.12575735690589715
5637,2,0.474347,0.21281586779018238
5638,2,0.618101,0.5790008883979476
5640,2,0.474876,0.4320863481488632
5642,1,0.212562,0.19498052803441443
5643,2,0.998596,0.9957427415990899
5644,5,0.997204,0.9965111601234788
5647,5,0.184927,0.41831069829437695
5648,3,0.844638,0.7264841908926656
5649,2,0.294977,0.40512267050330214
5650,1,0.350945,0.4148259712605986
5651,1,0.661176,0.6995566904083523
5652,5,0.489586,0.5969714441236306
5653,3,0.323183,0.32010149654500575
5654,5,0.21496,0.5072208961111793
5655,1,0.231708,0.21182800645620656
5659,4,0.813428,0.49035861313784895
5661,1,0.996101,0.9830021140227438
5662,4,0.361495,0.33926714053672563
5664,3,0.235602,0.16420721588762388
5665,3,0.687357,0.5792692810028612
5666,3,0.999983,0.999896833261174
5667,3,0.774193,0.7182686761191913
5668,2,0.534552,0.32138472591351885
5670,2,0.80349,0.7169282444299028
5671,3,0.339226,0.4125395639031435
5672,4,0.391241,0.4677613050167699
5673,3,0.416794,0.3404032766283568
5674,1,0.095842,0.049817650485863625
5676,1,0.269423,0.15806850153070778
5677,4,0.0759,0.18869877906245125
5678,4,0.462019,0.4736386250063793
5679,2,0.773156,0.7799928891630705
5680,2,0.097402,0.2465526836423686
5681,5,0.662726,0.3976134530017843
5682,1,0.728637,0.4982476166302306
5683,2,0.293954,0.26236491236368004
5684,3,0.267913,0.33442566203458185
5686,2,0.902822,0.9091943320520067
5687,3,0.779114,0.7548531588595007
5688,1,0.837284,0.7005090878581497
5690,4,0.371214,0.4429555918795175
5691,2,0.422344,0.4409194512455596
5693,3,0.734751,0.5235363108654343
5695,4,0.44657,0.5152969006192173
5698,5,0.99981,0.9990843205728448
5699,4,0.999169,0.9953226281389674
5700,5,0.138105,0.20669358020025383
5701,2,0.072914,0.0977375902462844
5702,1,0.401079,0.38395928359265585
5705,3,0.143038,0.13935700126536948
5706,3,0.67154,0.562636521902693
5707,1,0.041459,0.05924082110953621
5708,5,0.197298,0.28339646548219566
5709,1,0.430098,0.4848655846008591
5710,2,0.035782,0.05781305313923178
5711,1,0.2033,0.19501715549932908
5712,1,0.415624,0.24575038208532432
5713,5,0.297368,0.4427632580999957
5714,1,0.090998,0.10524505819674139
5715,1,0.831323,0.6423321830304597
5716,2,0.813611,0.6411516940637394
5718,4,0.330037,0.2833554997530323
5719,4,0.180175,0.23522967852491092
5721,3,0.293047,0.19171092935803322
5723,1,0.393554,0.5709480358559601
5724,1,0.669088,0.7139112793517882
5725,1,0.994777,0.9925812029766186
5726,2,0.147366,0.10108780204116433
5727,3,0.055711,0.09540285983561536
5728,5,0.03669,0.06119136840769293
5729,1,0.826902,0.7954794262944097
5730,2,0.737022,0.7707927493052089
5731,5,0.061948,0.20467625067358836
5732,1,0.329554,0.3588167142145345
5733,1,0.355704,0.3160520811508588
5734,4,0.154743,0.11097140324392422
5736,1,0.394312,0.37263017485047595
5737,5,0.793234,0.7746592510253868
5738,5,0.454455,0.2873317828225715
5739,3,0.416559,0.30448090508217923
5740,2,0.134228,0.22049765661388837
5741,3,0.305141,0.3084023645784367
5743,1,0.573521,0.33820234485206546
5744,1,0.581522,0.4911127120656842
5745,5,0.404154,0.3099784947727613
5746,1,0.666253,0.782311434322534
5747,3,0.790793,0.7922702642242239
5748,5,0.019351,0.02212613275965008
5749,2,0.146183,0.22519767529627144
5752,5,0.634764,0.6466825033269329
5753,2,0.254534,0.18446657059503063
5754,3,0.878941,0.8218153984931759
5755,2,0.155564,0.2217359893010384
5757,1,0.408431,0.3006862089720399
5758,1,0.897275,0.8097201248891174
5759,5,0.226449,0.250679924553573
5760,5,0.715574,0.6150293904751983
5761,4,0.212958,0.31825722016278685
5763,2,0.766704,0.6219987572543275
5764,3,0.168906,0.30409022492456617
5765,2,0.898919,0.9592076138361959
5766,4,0.322077,0.21215812720143687
5767,3,0.627346,0.5926252203315677
5769,3,0.085479,0.14207999742404848
5770,1,0.095502,0.1511742099182632
5771,1,0.617212,0.4891344513400162
5773,5,0.813625,0.959096092270033
5774,2,0.03148,0.04878496172105616
5775,4,0.334556,0.3228436473961084
5776,3,0.187113,0.15837129986444726
5777,5,0.682617,0.6466486383578661
5778,5,0.128186,0.43269510072592593
5779,2,0.303757,0.3662983297179644
5780,3,0.220678,0.31168868047771303
5781,5,0.672442,0.5404179173566069
5783,3,0.101965,0.13630418152335833
5784,1,0.231648,0.19408479718902952
5786,2,0.376504,0.510195402039411
5788,2,0.766123,0.7107197058113909
5789,3,0.835603,0.8698817593602843
5790,4,0.998964,0.9966770528633749
5791,1,0.549949,0.2580698805648993
5794,3,0.999997,0.9999858974432148
5796,4,0.771705,0.9150015509355602
5798,1,0.043239,0.06917195782278664
5800,3,0.231753,0.16226035727132168
5801,1,0.308561,0.28868231578864456
5802,2,0.24385,0.24166615817919035
5803,3,0.436683,0.33532066589880744
5804,3,0.050843,0.10599375348121468
5805,1,0.205431,0.22349520066483447
5807,4,0.431588,0.3654202082181237
5808,4,0.999834,0.9994443542673229
5810,4,0.740445,0.7872361009945361
5811,4,0.216525,0.3170856986582093
5813,3,0.415053,0.3997069710418379
5814,5,0.510067,0.5250269887576108
5815,2,0.169738,0.0977668606398195
5816,3,0.481912,0.5467007203403681
5817,5,0.072755,0.13261623940560321
5818,4,0.46587,0.46004073538864876
5819,3,0.787847,0.46366651937402126
5820,3,0.986829,0.9640269783415326
5823,5,0.19979,0.1724227995202555
5824,1,0.148984,0.11501743481116587
5825,3,0.996639,0.9882323914456635
5827,3,0.987741,0.9845305443740839
5828,5,0.21027,0.16477090228023844
5829,1,0.375277,0.2936354033561101
5835,5,0.828011,0.7011757480086295
5836,4,0.55983,0.4811279922229139
5839,1,0.414206,0.36780479884288747
5840,5,0.045951,0.12365598541473174
5841,2,0.029343,0.06374245156399957
5842,3,0.09843,0.19054861688520444
5843,3,0.05873,0.05409868359457894
5844,1,0.883427,0.7950095644419153
5845,5,0.519812,0.5437592443942506
5846,4,0.99999,0.9999679923748237
5848,3,0.053249,0.09069179642419417
5849,1,0.210059,0.4537658144803022
5850,1,0.642782,0.43990656709302733
5852,1,0.038457,0.05830658314369396
5853,1,0.332706,0.31949439589211953
5854,4,0.663072,0.7992582388170503
5855,3,0.996245,0.9826858447768198
5856,2,0.872413,0.773071030742898
5857,4,0.834784,0.8408095581300534
5858,3,0.26573,0.2831722887000621
5864,2,0.843963,0.8034463712448381
5865,3,0.08133,0.2751953842682066
5866,5,0.999973,0.9999352060901031
5867,5,0.833284,0.7305566507591813
5868,3,0.207261,0.2634745486092262
5869,5,0.843246,0.8665574585974042
5870,1,0.259649,0.3605821339175692
5871,1,0.017445,0.02770977081676697
5872,5,0.334512,0.34627513976899743
5873,1,0.914086,0.8844919180201111
5874,5,0.998421,0.9962128432258658
5876,1,0.071345,0.08923472139042556
5877,5,0.452237,0.26289661395556213
5878,1,0.494589,0.31477224649363905
5879,3,0.182136,0.2461774611235144
5881,2,0.638735,0.5148915808850039
5882,2,0.999982,0.9999084420860617
5883,3,0.822969,0.8485707348094825
5885,3,0.17154,0.13069743669540299
5886,5,0.081958,0.12800502678046713
5887,4,0.565656,0.41149722572154507
5888,4,0.766271,0.8311384160686394
5889,5,0.188745,0.11341109306905467
5891,5,0.077142,0.08221113191966364
5892,1,0.656751,0.5276310912114545
5893,1,0.358193,0.31061010377941173
5894,3,0.725231,0.6437677544044597
5896,2,0.180275,0.34071766311566937
5897,4,0.484653,0.6632128523433535
5898,3,0.466824,0.4550884408365495
5899,1,0.414878,0.986180501251866
5900,4,0.531198,0.3459594610867751
5902,5,0.542356,0.44765181324971803
5903,5,0.525344,0.4651499765013593
5904,3,0.394969,0.4685496293595738
5905,4,0.78351,0.6476668424830297
5906,3,0.235793,0.2544633319161497
5907,2,0.281392,0.1968133571800781
5908,1,0.419198,0.2336496312231959
5909,4,0.154724,0.1530787676787137
5910,3,0.508937,0.40138351963961594
5912,4,0.00167,0.006053946824317467
5913,5,0.26763,0.6208616657535555
5916,5,0.32902,0.14443834403988898
5917,5,0.213805,0.22779148039483704
5918,5,0.685597,0.7138478064769852
5919,3,0.336945,0.25301808120956765
5920,3,0.015833,0.04650999869264069
5922,4,0.321671,0.2545725703651309
5923,3,0.456679,0.4607188204009051
5924,5,0.070038,0.15082541708385827
5925,5,0.443911,0.5284060407836818
5927,3,0.426796,0.38810479192094366
5929,5,0.136698,0.231997031599076
5930,3,0.173678,0.3101030787644198
5931,1,0.203336,0.15954667956156238
5932,1,0.701384,0.822711960839717
5934,2,0.631829,0.33997347827602803
5937,5,1.0,0.9999987746942175
5938,5,0.164167,0.141852903403101
5939,4,0.283725,0.16882781607258301
5942,3,0.830065,0.6820150756561336
5943,3,0.286097,0.35201885556999235
5944,3,0.021664,0.07668547890987717
5945,3,0.570254,0.4882432797714046
5946,3,0.632027,0.7053779192349134
5947,1,0.125064,0.18836600769753373
5948,4,0.12956,0.11923285326662107
5949,4,0.064332,0.06535615294478685
5950,5,0.121935,0.0881209418410781
5952,1,0.131632,0.05044147595872671
5953,5,0.052232,0.12724930268280116
5954,2,0.41266,0.3692956861783622
5955,2,0.154873,0.12291722216343196
5956,2,0.572767,0.762849458807342
5957,4,0.206852,0.18921773473436557
5958,5,0.51286,0.46781329702510044
5959,3,0.759727,0.6465633143558231
5960,3,0.10676,0.17278845559768438
5961,2,0.813597,0.8016573816671416
5962,1,0.211256,0.2687524813089128
5963,1,0.102987,0.16467947108837694
5964,2,0.999723,0.9994005915134946
5965,3,0.997998,0.9933015838726609
5966,4,0.519371,0.4771059655101572
5967,2,0.587459,0.5274549070701182
5968,3,0.786395,0.7049202095949134
5969,3,0.097464,0.17027686629738734
5970,1,0.067613,0.09576492144513453
5971,5,0.298877,0.4023291593440288
5972,4,0.257746,0.19537378690143484
5973,5,0.999372,0.9979833265397735
5974,4,0.378139,0.33449591966205655
5975,5,0.116834,0.09924794864004115
5976,3,0.30978,0.3022193587280907
5977,3,0.448696,0.48563755081411586
5978,2,0.375556,0.4311115638935258
5979,4,0.302466,0.24795788342297634
5980,1,0.71829,0.5530767962077354
5981,4,0.010201,0.018012975092795966
5982,1,0.216431,0.16475696808348453
5984,4,0.042526,0.07388309664671455
5985,1,0.197035,0.3932350928008033
5986,2,0.272851,0.3483963579834998
5988,1,0.169042,0.24773284400247736
5989,4,0.030837,0.1196143508104354
5990,3,0.289031,0.39885047702350246
5991,2,0.027916,0.06420761525610431
5993,5,0.863258,0.845721470048494
5997,4,0.999996,0.9999816887207482
5999,3,0.106797,0.26243585830938515
6001,5,0.999997,0.9999713753561712
6002,3,0.999997,0.9999741284485576
6004,4,0.999883,0.9996528625839707
6005,2,0.609458,0.562811137911494
6006,4,0.587214,0.4083358337222193
6007,5,0.449759,0.42214613758101144
6010,2,0.057268,0.09550406096776576
6011,4,0.243559,0.25211995324988257
6013,1,0.104044,0.13816722787776728
6015,2,0.693703,0.538805502775017
6016,2,0.301144,0.3647343779699795
6017,3,0.09276,0.1832395415274838
6018,1,0.230282,0.3662998515544601
6019,5,0.069203,0.05799109631222947
6020,1,0.199361,0.10900697016245238
6021,1,0.191889,0.23959951811901273
6022,1,0.035561,0.11642904473603422
6023,5,0.174991,0.20205280914911847
6024,2,0.07894,0.08684536966456086
6025,5,0.04569,0.07705700088284483
6026,1,0.12527,0.10515928269333043
6027,1,0.123973,0.11973380063457569
6028,1,0.589455,0.49029803387760706
6029,5,0.079988,0.07628471755979481
6030,3,0.799143,0.8359525876123732
6031,5,0.125549,0.16903104470125163
6032,2,0.673556,0.6945543703987206
6033,2,0.998245,0.9940536626186305
6034,3,0.092295,0.18017580811109687
6035,4,0.185554,0.12007163786189755
6036,5,0.999937,0.9996947267743809
6037,2,0.25895,0.3517250166796814
6038,5,0.04572,0.06763494477512559
6039,5,0.993627,0.9937982675508832
6040,1,0.620004,0.6421094818532109
6042,2,0.123041,0.2740222258042335
6043,4,0.460295,0.3786817043675926
6045,3,0.479484,0.46705067349817597
6046,5,0.999954,0.9998327069697606
6047,1,0.02903,0.027519538872127037
6048,1,0.156917,0.20930326116546785
6050,2,0.03212,0.05890060696614881
6051,1,0.538893,0.2592078355231688
6053,2,0.79794,0.8792413642703772
6054,2,0.156487,0.21089259196708846
6056,5,0.181395,0.28921893040014346
6057,3,0.25724,0.21850982624768037
6058,3,0.069667,0.06827762518578354
6060,5,0.785117,0.7953385636080896
6061,4,0.848408,0.7670706427503998
6062,1,0.802206,0.5898998572682125
6063,5,0.595311,0.513270377163849
6064,2,0.267919,0.29773851141871716
6065,4,0.607624,0.6935857469620036
6066,4,0.087298,0.24476764741409213
6067,1,0.154219,0.12167499922272433
6071,5,0.426543,0.320247441470067
6072,1,0.140582,0.130612086734053
6073,4,0.145441,0.15712653694352693
6074,5,0.992528,0.9794079706887034
6075,4,0.382361,0.4964038686371781
6076,5,0.313556,0.4745990142651052
6077,4,0.999243,0.9973368899460627
6078,4,0.107562,0.22317976318712035
6079,4,0.164982,0.205819647058768
6080,2,0.345732,0.32575847760901777
6083,3,0.447327,0.5961297739309113
6084,1,0.132181,0.14724569757902983
6085,4,0.058469,0.07021949972965011
6086,1,0.914201,0.8448731834745614
6088,1,0.032261,0.05879870202679121
6089,2,0.838124,0.4444025633950569
6090,2,0.607911,0.39157131393444616
6092,5,0.304005,0.41983481565246117
6093,2,0.100393,0.20200915194756347
6094,3,0.176028,0.24279438665187297
6095,4,0.005831,0.004312825427899893
6096,5,0.12257,0.23161147411892782
6098,4,0.191505,0.30932082317599763
6099,2,0.739764,0.5328569988544847
6100,4,0.802472,0.5992289315884141
6101,1,0.171595,0.3203544471047998
6102,1,0.274321,0.31799662745887325
6103,5,0.381085,0.20023083980422526
6104,3,1.0,0.999997122318934
6105,3,0.998787,0.9944047737618167
6106,1,0.489676,0.32160741734761694
6108,3,0.612665,0.5794879286552798
6109,3,0.390662,0.20165113020058698
6110,3,0.727748,0.8382144650105687
6112,1,0.259592,0.15804519040197812
6114,2,0.202472,0.2585849243979043
6115,1,0.473368,0.4684950930495497
6116,4,0.901023,0.7782020316480781
6117,4,0.066899,0.07967184537990733
6118,3,0.479851,0.47065597816768895
6119,5,0.881903,0.9524513311980238
6120,2,0.715688,0.9387682175699382
6121,2,0.385571,0.5311549064008302
6122,4,0.179681,0.2588621032772837
6124,2,0.995691,0.9866719625805859
6125,4,0.249933,0.19877215173401333
6126,5,0.60536,0.7945074401312521
6127,1,0.99849,0.9944215802070182
6128,3,1.0,0.999998374792297
6129,1,0.250224,0.20767418115825467
6130,5,0.094956,0.12682827235349858
6131,5,0.1734,0.5398649193137949
6132,1,0.998695,0.9951754293527539
6133,5,0.019839,0.015632522444859978
6135,1,0.269449,0.48540139366361257
6136,3,0.736246,0.9170840866896659
6137,3,0.06103,0.22272233114236603
6138,2,0.401832,0.39230932607563435
6139,4,0.098667,0.2501247945509261
6140,5,0.241761,0.41975698156440333
6141,2,0.091138,0.1755646195480165
6143,2,0.045865,0.10706447982399747
6144,5,0.169745,0.23701993501127988
6146,5,0.214274,0.11611898991431889
6147,5,0.649379,0.4384059908229078
6149,5,0.042373,0.09721669659733587
6150,1,0.63037,0.7177163837838424
6154,2,0.998573,0.9931212159655632
6155,4,0.088742,0.19171340747646615
6156,1,0.012082,0.022366046390676707
6158,3,0.208757,0.39608725160269664
6159,4,0.735812,0.6846260038628729
6160,4,0.802865,0.8528643641846773
6161,5,0.300644,0.22496713283272252
6162,5,0.674211,0.6541087986758987
6163,1,0.046304,0.07318142441065466
6164,2,0.326069,0.2989449831136199
6165,3,0.364916,0.38430087809662494
6166,3,0.127594,0.2475779351414293
6167,2,0.026576,0.026506921633901587
6168,2,0.244007,0.3220280218465013
6169,1,0.40377,0.3950691328618593
6170,5,0.969069,0.929762445571
6172,5,0.604951,0.696834006080617
6173,2,0.161651,0.20995674227213865
6175,3,0.80786,0.6778998866631171
6176,4,0.143626,0.1264909125861585
6177,5,0.104029,0.21496874837106397
6178,4,0.880709,0.6579440610890578
6180,5,0.151832,0.14095345373721865
6181,2,0.99694,0.994819486109976
6182,2,0.322559,0.3941875454395538
6183,2,0.992814,0.9929611484167473
6185,1,0.180873,0.35441950919695453
6186,4,0.48084,0.5263352054770474
6187,2,0.534797,0.34555782927354683
6189,1,0.05599,0.06271414288197127
6190,4,0.892883,0.8039448670038036
6192,3,0.062448,0.1508728088906837
6193,2,0.999882,0.9983737713622184
6194,3,0.070147,0.08900056689184772
6196,5,0.078257,0.06906850990399292
6197,5,0.247613,0.14863644055962888
6198,1,0.837881,0.6882221160336722
6199,2,0.289371,0.1777236469912019
6200,4,0.233344,0.4342144519422559
6201,1,0.994204,0.9822192354777872
6204,4,0.536088,0.4327625085012396
6205,1,0.043451,0.15880397355293696
6206,2,0.640554,0.4859375670607456
6207,3,0.269231,0.21489506688148896
6208,4,0.487503,0.6499747523441954
6209,5,0.137604,0.16756988879150955
6210,1,0.057342,0.07508949367052704
6211,5,0.814823,0.9145504556368659
6212,3,0.230098,0.34103884075335944
6213,5,0.401034,0.356860060658144
6215,5,0.819137,0.8549300239905234
6216,5,0.072273,0.21315195694574066
6217,2,0.97749,0.9129767164924276
6218,5,0.199228,0.2517584756474731
6219,3,0.228035,0.2815651612417698
6220,1,0.559702,0.369364389311704
6221,3,0.670945,0.5659799050134059
6223,5,0.699595,0.36893390205992954
6224,2,0.331008,0.31370896860072867
6225,3,0.292085,0.24140670900200864
6226,4,0.004468,0.014543268399597879
6227,3,0.380314,0.347206731813799
6228,4,0.453423,0.6290659757738077
6230,2,0.363598,0.5101593178123535
6232,3,0.090203,0.22899591943819492
6233,4,0.091014,0.2527949570674977
6234,5,0.63691,0.5691542178938405
6235,5,0.271079,0.10101525767834278
6237,3,0.990489,0.992443833354212
6239,5,0.348859,0.40749009825450755
6240,4,0.51132,0.7410625974522284
6242,4,0.108636,0.1338988994771134
6243,3,0.6717,0.5852900349887323
6245,2,0.244503,0.3495532790600607
6247,3,0.213608,0.3464076357265225
6248,4,0.852156,0.7112659762984351
6250,2,0.671831,0.6627210037410037
6251,4,0.219484,0.4236563733070805
6252,3,0.828588,0.6562684344816482
6254,3,0.20567,0.25514807634713466
6255,1,0.749898,0.6863068498496856
6258,3,0.507196,0.6197161034810952
6259,1,0.441814,0.5247604099173051
6261,5,0.44361,0.5061419170214756
6262,5,0.84463,0.7239786354396489
6263,1,0.26124,0.21430163908993055
6264,5,0.310319,0.2384714531721846
6266,4,0.786139,0.5389714634997916
6268,3,0.844203,0.7576793043589033
6269,4,0.611053,0.3226668433540797
6270,4,0.437651,0.4822651934837084
6271,4,0.268282,0.3588475291912089
6272,5,0.44589,0.883391448786745
6273,4,0.992285,0.993246813889454
6274,1,0.708893,0.6083209793271928
6275,2,0.07562,0.11319806149824262
6276,5,0.134073,0.14473409092678083
6277,2,0.212191,0.561507373568191
6278,1,0.433417,0.4898070085503219
6280,1,0.1053,0.12473336810511802
6281,1,0.533664,0.6478766915987487
6282,3,0.799456,0.7079531613080167
6283,1,0.837096,0.6714671381699514
6284,1,0.404665,0.5960988497678973
6285,3,0.902652,0.7572533671309944
6286,3,0.551282,0.41195177163751606
6287,1,0.99625,0.9935549019359504
6288,2,0.814484,0.9309524240218631
6291,5,0.07052,0.08467767540853254
6292,5,0.871297,0.8884013737030897
6293,4,0.38552,0.5255973692098589
6294,3,0.488311,0.4394580265574231
6295,2,0.760687,0.6694121358143537
6298,1,0.648937,0.6863046635837988
6299,3,0.378932,0.33840975206351215
6300,3,0.175676,0.22531573234749622
6302,2,0.154912,0.16358176175907366
6303,3,0.120858,0.22737911932163365
6304,4,0.758749,0.6850205828553169
6306,4,0.998382,0.9979501578864604
6308,2,0.101226,0.1303782643639383
6310,4,0.999005,0.9956763270924169
6311,5,0.316198,0.24223933456038746
6312,4,0.391368,0.38287507512545615
6313,4,0.994301,0.9784836995294571
6314,5,0.703272,0.6220182785520001
6316,5,0.033382,0.07467656319282587
6317,5,0.226964,0.1678670554520012
6318,4,0.903478,0.9287114702435921
6319,4,0.421309,0.3436536634984092
6320,4,0.506338,0.439468516492994
6321,4,0.464859,0.24208061655405474
6322,4,0.148931,0.10690802079245165
6323,4,0.824551,0.6259594583876773
6324,2,0.421199,0.4557725098398249
6325,5,0.333139,0.35964420812000375
6326,4,0.218285,0.44492568319452264
6327,3,0.074282,0.15320560784351012
6328,3,0.726478,0.9020096216980532
6329,5,0.161285,0.2598069283737213
6330,1,0.725913,0.5964953459662405
6331,2,0.041534,0.05453318327120889
6332,2,0.152111,0.20764357476780734
6333,4,0.334742,0.14048617088153664
6334,4,0.208326,0.2236776957178041
6335,2,0.416938,0.6819739352701616
6336,2,0.036683,0.11430805405927907
6337,2,0.033364,0.0536190131616185
6338,2,0.529978,0.5608666587568035
6339,5,0.647582,0.4500918912953164
6340,4,0.213058,0.24732244723005514
6341,3,0.390067,0.4499754692690283
6342,4,0.187378,0.2844400002418849
6343,4,0.751893,0.7137263677446887
6346,3,0.894002,0.8082297067856851
6347,2,0.380463,0.412960608363695
6348,2,0.202807,0.2333910478309621
6350,1,0.991613,0.9905244061448766
6351,3,0.630952,0.48098368824348364
6352,4,0.330236,0.2571679816898595
6353,4,0.099357,0.15603901823426544
6357,2,0.691351,0.6156886915179968
6359,4,0.229254,0.47028388576269164
6361,2,0.724665,0.7064170237887913
6362,5,0.030848,0.057205392398914486
6363,3,0.218146,0.34337555755427723
6364,1,0.058324,0.24459364814543139
6365,4,0.06401,0.17899109312975572
6366,1,0.063007,0.07684362478198527
6367,3,0.740132,0.7006549431079094
6368,2,0.453864,0.2967069502857357
6369,1,0.802141,0.893452044639605
6370,1,0.074387,0.16064252957727815
6372,1,0.477845,0.5306131768525695
6375,3,0.621224,0.5233872527234092
6376,5,0.77687,0.9097212014526217
6377,5,0.606979,0.4560716153444114
6379,3,0.9875,0.9924720108355916
6380,1,0.141279,0.1862421655337905
6381,3,0.8296,0.8739378741035135
6382,1,0.529225,0.4964666926871153
6384,4,0.796436,0.6951667837083134
6388,5,0.160212,0.2654410149997851
6389,3,0.521743,0.3589491471079453
6390,4,0.597741,0.5585074690272105
6391,2,0.563992,0.5910931879825928
6392,1,0.781031,0.6192559377516009
6393,5,0.17579,0.2415006077290393
6394,4,0.999628,0.9996962416149064
6395,5,0.742839,0.6976866137771058
6397,5,0.617739,0.6234466530133443
6398,2,0.063534,0.11146165105017239
6400,4,0.52732,0.4375058692440055
6401,5,0.799733,0.7728497540856042
6403,5,0.895925,0.7266990061290923
6404,5,0.505903,0.6060195294357469
6405,5,0.039646,0.2156018845753096
6406,3,0.477521,0.3575354699375985
6407,3,0.151632,0.26385105766709094
6408,4,0.156369,0.11989496125318135
6412,4,0.997566,0.9922679940031026
6413,5,0.774799,0.6023368136212857
6415,2,0.164802,0.17576855376973097
6416,4,0.866088,0.8627495154740401
6417,2,0.323469,0.3468828567274035
6418,3,0.372421,0.4137755392525703
6419,2,0.832417,0.7745824213402156
6420,4,0.444884,0.40447545696959347
6421,5,0.425868,0.390896636783643
6422,5,0.123777,0.1393662729599259
6423,4,0.319094,0.5509242917377237
6424,5,0.30402,0.2852257339685225
6425,1,0.113962,0.13168744376963998
6427,5,0.457902,0.39817103819371
6428,3,0.156878,0.14570919047445224
6429,4,0.267104,0.24210202697775146
6430,3,0.68527,0.30515182512756384
6431,4,0.999946,0.9996741235201672
6432,5,0.782084,0.6535824834754229
6433,2,0.82005,0.6829677480351576
6434,3,0.326882,0.41983513413201656
6435,3,0.124204,0.09464835770188564
6436,3,0.44598,0.19912210999401836
6437,1,0.794268,0.8713875865387354
6438,1,0.051,0.09985349542083996
6440,4,0.458306,0.5679776615746439
6441,4,0.553965,0.4504138552083948
6442,2,0.278998,0.5903720654399868
6443,2,0.145348,0.20727954738735016
6444,5,0.398183,0.2676283446951653
6445,1,0.74314,0.8561586034104047
6448,2,0.514975,0.4392622601896041
6450,3,0.293857,0.28942240979446077
6451,2,0.848573,0.7039357342253747
6452,2,0.337308,0.29797144783876567
6453,2,0.512642,0.4244142867341826
6455,4,0.484238,0.561303683653748
6456,2,0.061673,0.15479787489512323
6457,3,0.148524,0.09600267661211763
6458,4,0.999982,0.9999449523769749
6461,1,0.299813,0.21364762037355894
6463,3,0.228319,0.4180552497316663
6464,3,0.490198,0.4519045699652462
6467,4,0.491325,0.43662542390397896
6468,1,0.472937,0.6285975064680269
6469,4,0.112575,0.1632749447142153
6471,5,0.129056,0.2535364522675783
6473,2,0.815693,0.8313563402040561
6475,5,0.614685,0.3256512143385158
6476,2,0.898358,0.8233640277971682
6478,4,0.413243,0.2490006877964369
6479,2,0.098157,0.09845350537611922
6480,4,0.718847,0.6953969698579165
6481,5,0.494814,0.5505154574390096
6482,2,0.53586,0.4062131779537487
6484,4,0.156908,0.2219861559159048
6485,1,0.996862,0.9939851779589539
6487,5,0.12076,0.16120182016111645
6489,3,0.372005,0.31858153069504236
6490,4,0.517573,0.34476408166887407
6493,1,0.279532,0.4535140784034188
6494,2,0.197448,0.2732412094887288
6495,1,0.446583,0.42715899092795934
6497,5,0.014773,0.04936926719553915
6500,4,0.113876,0.1313727650132195
6502,2,0.074879,0.17013575386067992
6506,3,0.071917,0.11286700593753203
6507,4,0.807557,0.699582086591227
6508,3,0.249365,0.25682002657700626
6510,2,0.157893,0.29568414805729426
6511,5,0.555652,0.2021903627741284
6512,5,0.298839,0.2557641355892571
6513,5,0.03034,0.06163845870679734
6514,3,0.35681,0.386534248016495
6516,1,0.310179,0.30345286108486863
6518,4,0.455758,0.11827351046996358
6519,2,0.136429,0.16714748121608175
6520,1,0.715661,0.36037051742830495
6521,4,0.111913,0.1120001850115959
6522,2,0.368065,0.31948827676937963
6523,1,0.036069,0.10271985257600805
6524,3,0.036055,0.08892765549085742
6525,1,0.085739,0.13244828327828093
6526,2,0.288419,0.17359466107541086
6527,4,0.030387,0.05893142480076139
6528,3,0.014636,0.02951605613362103
6529,1,0.50078,0.45904968873848345
6530,2,0.018544,0.07699653853330976
6531,2,0.235613,0.10579088648822665
6533,2,0.847533,0.9518486627356131
6534,3,0.127205,0.11361831625217153
6535,2,0.246212,0.25673797370158535
6537,2,0.583442,0.5314252951364483
6538,5,0.092347,0.18193726423211606
6540,3,0.183791,0.2566801189485068
6541,1,0.806712,0.7155196134079349
6542,4,0.494732,0.6573756183666879
6543,2,0.363586,0.3176662892324371
6545,1,0.999996,0.999977904412587
6548,2,0.264796,0.3379509656023685
6549,4,0.305497,0.3219071858908547
6550,3,0.825252,0.9488184535367499
6551,3,0.305416,0.2188270703895559
6552,3,0.427737,0.3837096650110031
6553,2,0.342355,0.3123783592827524
6554,5,0.458885,0.4196309145303272
6555,1,0.327507,0.4921273828434468
6556,2,0.134689,0.42516170078819243
6557,3,0.156872,0.1354119930365152
6558,4,0.14268,0.18124675876970012
6559,2,0.150933,0.27411145789217173
6560,5,0.094324,0.2840776942405971
6561,5,0.83693,0.9595229546590991
6562,2,0.020936,0.034562788682350805
6563,5,0.083669,0.22591461967733523
6564,2,0.52589,0.3061247182551859
6565,1,0.049809,0.045577818564241666
6566,5,0.043603,0.139462997105781
6567,2,0.494689,0.3106017288148837
6568,3,0.515846,0.6245446941448619
6570,4,0.509999,0.4420210649251071
6571,4,0.23965,0.22065376229056383
6572,3,0.510419,0.3133002993722919
6573,3,0.662367,0.6459180010176871
6574,2,0.592096,0.32602517405997955
6575,5,0.202929,0.503683160014343
6576,3,0.364974,0.3166108417462422
6578,4,0.991145,0.9859429298957487
6579,5,0.80083,0.830978549420957
6580,3,0.079326,0.20665420130022247
6581,4,0.0925,0.17968022061192124
6582,2,0.177514,0.20910908393340544
6584,2,0.073082,0.09495191988273477
6586,4,0.087639,0.06316260606681133
6588,1,0.6836,0.6659530380573543
6589,1,0.650516,0.6707924894321975
6590,5,0.986811,0.9840464157811684
6591,3,0.721812,0.6819750325783344
6592,1,0.129632,0.22418980712782471
6593,3,0.575811,0.36740839749652104
6596,4,0.484183,0.5554553546474839
6597,4,0.591003,0.40226333950232457
6598,2,0.666176,0.5936969163805593
6599,5,0.329886,0.3784108541661763
6601,4,0.057624,0.10854667368058604
6602,5,0.130163,0.2984216980731129
6603,1,1.0,0.9999967934166138
6605,3,0.110166,0.1502397126261881
6607,3,0.0755,0.05750581265064764
6608,4,0.212776,0.35441216601831743
6610,2,0.396937,0.14627085515186827
6614,3,0.278922,0.4092355990294586
6615,1,0.082319,0.1370258382491719
6616,1,0.252782,0.24184723047907983
6619,4,0.130268,0.05864419312022955
6620,1,0.045205,0.08575136377899305
6622,4,0.097691,0.16166571691995496
6623,3,0.001336,0.015624745133223917
6624,1,0.431,0.2868554213118467
6625,3,0.744872,0.7217164505314712
6626,4,0.274609,0.38485998099337004
6628,4,0.133974,0.3071391387708377
6629,4,0.659957,0.40262712879639817
6630,2,0.729524,0.6516063638756627
6631,5,0.992636,0.9839240775826179
6632,2,0.699881,0.6996674243648675
6635,3,0.652892,0.49113921451528997
6636,1,0.212449,0.28224547515848497
6637,2,0.051178,0.16290250865032935
6638,1,0.196036,0.45845715098690465
6639,4,0.010104,0.00987876564577855
6640,5,0.622239,0.6336343946890909
6641,3,0.69598,0.8679599082903973
6642,5,0.058436,0.05158375439304312
6643,5,0.211701,0.22474345714091212
6644,2,0.171487,0.31730311596438593
6645,1,0.043749,0.0971114071387952
6647,5,0.061138,0.11264641447942558
6648,5,0.25719,0.23762275212339273
6649,5,0.998465,0.9932884497040326
6650,4,0.773902,0.765286463392495
6652,5,0.158721,0.159898988403334
6653,1,0.11219,0.2587717626352926
6654,3,0.051487,0.10233891091393739
6655,5,0.470959,0.6292327239095649
6656,4,0.651591,0.4373752772469509
6657,2,0.577296,0.5271258917242764
6658,5,0.719407,0.5334920551951221
6659,1,0.485687,0.3515755306318411
6661,5,0.408545,0.47210042396965995
6662,3,0.826784,0.6172815605212488
6663,3,0.16232,0.2333702085214563
6665,1,0.88349,0.8989690630231001
6666,4,0.405513,0.39576239621181036
6667,4,0.017064,0.04029497524108808
6668,3,0.809318,0.8293755471806342
6670,1,0.778414,0.7638342400745219
6672,5,0.880365,0.8380145033635452
6673,4,0.391234,0.39356997257640325
6675,2,0.237321,0.18756950287458152
6677,5,0.454697,0.5341752965575063
6678,1,0.721048,0.5607500984983468
6679,2,0.273802,0.46459086000897
6680,4,0.997772,0.9909335253473796
6681,4,0.236848,0.2592292740168177
6682,1,0.692363,0.6187386144622204
6684,2,0.09567,0.20469017281172122
6685,4,0.013479,0.0403369241468285
6687,4,0.319067,0.26391411782907487
6689,4,0.994511,0.9957813991308059
6690,2,0.999994,0.9999004457513987
6691,4,0.302303,0.2655733932128039
6693,3,0.834501,0.8881831051049406
6694,1,0.034394,0.06185454485467622
6695,1,0.423448,0.27959668134671
6696,2,0.822439,0.6469320658411765
6697,2,0.99443,0.9933743964086788
6698,5,0.187489,0.10635724489763748
6699,1,0.136121,0.1405866946247106
6700,1,0.18846,0.3115230541257337
6701,5,0.301687,0.5389040885033657
6702,4,0.272924,0.2558457105200848
6704,1,0.10662,0.22873301681837965
6705,1,0.096847,0.08958514055638533
6706,1,0.028246,0.11897635464151224
6707,2,0.463026,0.4791269132166367
6708,3,0.90287,0.8103934919648963
6710,4,0.8039,0.9237832630317536
6711,2,0.442518,0.7101177035853842
6712,1,0.426485,0.19864792051208108
6713,3,1.0,0.9999958537573308
6714,4,0.585318,0.8651639101842958
6715,2,0.999852,0.9997273048341624
6716,2,0.55868,0.5591733351519507
6717,5,0.053082,0.03123120357337695
6718,4,0.214432,0.3271974830136181
6720,1,0.245044,0.39720712095477756
6721,2,0.312578,0.23016125375777283
6723,2,0.512221,0.4220715986839873
6724,3,0.075369,0.06591026701181646
6728,1,0.993743,0.9821671143595501
6729,5,0.090691,0.12369263560907824
6730,4,0.096944,0.153570705360003
6732,3,0.336092,0.43915406319574507
6734,4,0.100553,0.1102160504358607
6735,3,0.743975,0.6965943531936276
6737,2,0.374479,0.4310159821787019
6739,4,0.991829,0.9604914558868513
6740,4,0.117692,0.18651340614880732
6741,5,0.537576,0.31333628398623864
6742,3,0.413567,0.2934591136217542
6743,1,0.498984,0.4075707109526275
6744,2,0.500699,0.709795395465214
6745,2,0.188452,0.20707179907376652
6746,4,0.811743,0.689059432301262
6747,3,0.733277,0.7888485063527991
6749,1,0.721289,0.6311860359538237
6750,1,0.118873,0.30375811616493303
6751,3,0.640845,0.48022867583559764
6752,3,0.842099,0.8442525706796042
6753,2,0.061509,0.1533675920268838
6754,2,0.336753,0.5092677456767292
6755,5,0.252949,0.6810514570057781
6756,3,0.263506,0.15360010115928102
6757,1,0.483965,0.720778024024669
6758,5,0.335438,0.18769174007866626
6760,3,0.182206,0.16774865400281794
6761,5,0.102029,0.1375593593436414
6762,3,0.187027,0.27999366075777316
6763,1,0.311833,0.2553861628389894
6764,3,0.092943,0.10975595483996203
6766,3,0.999973,0.999910489406726
6767,5,0.392531,0.44428506989024
6768,4,0.995536,0.9943529747838203
6770,1,0.320011,0.2939004967523395
6771,4,0.830558,0.7779206692872837
6772,1,0.159453,0.22904019817538393
6773,5,0.339679,0.27598579085648484
6774,3,0.034496,0.11705289088028013
6775,1,0.731336,0.316655423420365
6776,2,0.092315,0.15846627865600374
6778,5,0.223453,0.3252135845790619
6779,2,0.866127,0.8445563191948535
6780,1,0.424011,0.8792885415321624
6781,1,0.319481,0.28634017178402565
6782,4,0.465882,0.5721908473483457
6784,3,0.886216,0.8523882400433628
6785,5,0.268221,0.3152042581572028
6786,5,0.885497,0.8347215543079125
6787,4,0.839749,0.8620347001479234
6788,1,0.175847,0.2882262111462215
6789,2,0.066707,0.13929496671081995
6791,1,0.897872,0.8480802125920636
6792,3,0.598591,0.6118944515569411
6793,5,0.820287,0.7204470040779852
6796,3,0.425827,0.5813145398192175
6797,5,0.414696,0.3177428674289277
6800,1,0.701236,0.774978393586397
6801,1,0.595178,0.5037941604167565
6802,1,0.999999,0.9999908225502205
6804,2,0.742285,0.7230315005575758
6805,5,0.807878,0.8593942460415083
6807,1,0.221601,0.1445007765299731
6808,4,0.27187,0.3044231995702128
6810,5,0.888495,0.9571714864377261
6811,2,0.992592,0.985104249897123
6812,4,0.485124,0.3913256311937162
6813,5,0.016145,0.050493995295649505
6814,4,0.795491,0.6996752145714318
6815,5,0.68684,0.618122549575442
6816,1,0.285219,0.21637023379911394
6817,1,0.070192,0.07462945362899055
6818,3,0.989344,0.9871390699028505
6819,1,0.996645,0.9952648661981873
6820,4,0.400232,0.3215318797646002
6821,3,0.999928,0.9996617138164169
6822,5,0.375304,0.1591996137344117
6823,2,0.601356,0.6344898937917032
6824,5,0.683408,0.6909642551712746
6825,5,0.018199,0.03718797593810351
6826,5,0.16628,0.16425741609612157
6827,1,0.417643,0.3014914926511275
6828,1,0.173503,0.16150465408822579
6829,4,0.735367,0.48145927003867794
6830,5,0.694777,0.7928219939530404
6831,4,0.195189,0.21693113987266602
6833,4,0.631441,0.5896774404175884
6834,5,0.026344,0.15008853431984745
6835,2,0.182681,0.24040825933652835
6836,2,0.786626,0.8633046468283204
6837,5,0.838637,0.7913918792588688
6838,1,0.7499,0.6376527178971585
6839,4,0.20276,0.3005464784033103
6841,4,0.022361,0.02923694056259581
6842,1,0.54731,0.5245062491264795
6843,2,0.798696,0.5919282000160994
6844,1,0.176553,0.24250618323824252
6845,3,0.503722,0.5270590497891315
6847,3,0.756433,0.8898044023533545
6848,2,0.079352,0.09989510510569914
6849,2,0.999603,0.9976418346257108
6850,2,0.543924,0.6429739652700439
6851,4,0.322038,0.2015298772539777
6852,1,1.0,0.9999983192238354
6853,3,0.608712,0.4993772166029076
6854,4,0.164884,0.3713633365379726
6855,4,0.634702,0.5618787085980683
6856,3,0.882323,0.9575203038612634
6857,2,0.289455,0.39460684856413125
6858,2,0.139484,0.10138115206317856
6859,5,0.828884,0.771276677472188
6860,1,0.816093,0.6158318152465818
6861,5,0.237407,0.28926096265869705
6862,3,0.820383,0.8019729446886907
6863,2,0.234832,0.33218461828892465
6864,4,0.807986,0.8303966105283892
6865,5,0.419732,0.6151046917381647
6867,3,0.091947,0.12980848132936684
6868,1,0.419725,0.49846293674010045
6869,3,0.831237,0.838717408544406
6870,2,0.387072,0.39343401488155
6871,1,0.575489,0.43012862471605967
6872,4,0.143414,0.20948703782161393
6873,1,0.692806,0.4545577580644104
6874,2,0.135686,0.07523544794988365
6875,2,0.991308,0.984747405359544
6876,2,0.996593,0.9931948622479464
6877,4,0.753964,0.7044021126721871
6878,1,0.267407,0.25221415340867664
6881,4,0.296034,0.25544593825753187
6882,2,0.900578,0.9109838057229969
6883,3,0.618589,0.5995737825164439
6884,1,0.067218,0.13719687214026519
6885,2,0.025396,0.09192763179299841
6886,1,0.055434,0.10100090546850395
6887,3,0.007889,0.011309338336148616
6888,5,0.831122,0.8059958871615907
6892,3,0.083003,0.15260011714190366
6893,5,0.444404,0.2209926790699853
6896,2,0.998616,0.9986418334024227
6897,1,0.635631,0.41592759572480953
6898,3,0.633464,0.5311171349732526
6899,3,0.191137,0.18839321788333876
6900,1,0.161081,0.16979926353195018
6901,2,0.066053,0.2853086766585985
6902,4,0.999636,0.9992411062654787
6903,5,0.750101,0.6959544607439135
6905,5,0.599997,0.8771643820012472
6906,3,0.299045,0.3289543095715972
6907,4,0.244283,0.24535433848246957
6908,1,0.140568,0.23879424554051903
6909,4,0.018712,0.0736028572059897
6911,1,0.796549,0.6660171698966155
6912,3,1.0,0.9999984691210605
6914,3,0.323318,0.4453396659353246
6915,5,0.275591,0.2502841972472836
6916,4,0.612472,0.5903235951203861
6917,1,0.372849,0.4352389469955886
6920,2,0.943922,0.782832423121353
6921,5,0.816111,0.7801281786097989
6922,1,0.334768,0.523252885680254
6923,4,0.266176,0.09900908860965697
6924,4,0.81015,0.733431540143093
6925,3,0.140804,0.264506666127401
6927,3,0.68156,0.755057706302672
6928,3,0.215815,0.23037883063252715
6929,3,0.066613,0.1227070491850747
6930,2,0.024234,0.07329014921994179
6931,1,0.696231,0.7765586278740512
6932,2,0.772323,0.9256993076198757
6933,3,0.654042,0.37021267539084757
6934,1,0.099527,0.14598082727859912
6935,1,0.231319,0.15075636302767886
6937,5,0.314462,0.3189690577894729
6938,4,0.278165,0.16254152496600774
6940,5,0.107141,0.17841183982611308
6941,4,0.447276,0.4523172595012103
6942,4,0.088247,0.08735102013977564
6943,5,0.305299,0.3199308227492681
6944,4,0.398621,0.32965862951456704
6945,5,0.827043,0.7565931379144633
6946,3,0.295494,0.2727281250683564
6947,2,0.875271,0.9249832394946506
6948,5,0.840044,0.5878810635590906
6949,5,0.456618,0.4042343973056687
6950,3,0.247502,0.20172471813774476
6951,5,0.497734,0.520230662361134
6953,1,0.06411,0.09722153716070593
6954,5,0.999976,0.9998970130286746
6955,5,0.579479,0.5102379713188857
6956,2,0.43578,0.6063761470549257
6957,2,0.086837,0.09696798765619451
6958,4,0.027849,0.1260333526857278
6959,4,0.36042,0.32769911943701846
6960,5,0.057215,0.0900447413251014
6961,4,0.281026,0.3192758049825935
6962,2,1.0,0.9999986682328253
6963,4,1.0,0.999999999720145
6965,3,0.755185,0.6720336718244377
6966,2,0.160547,0.24492581297848742
6967,5,0.137468,0.10992245418918735
6968,2,0.911901,0.8451267421863887
6969,5,0.989517,0.9796627523632846
6970,5,0.24567,0.18424395704768842
6971,1,0.681734,0.713999864786715
6972,4,0.420422,0.16496333470810023
6973,2,0.321943,0.28742145843342065
6974,4,0.079259,0.191767311725073
6976,1,0.340723,0.36358998859874303
6977,3,0.086546,0.12504438961746656
6978,4,0.442986,0.4061136008069744
6979,5,0.416121,0.44763165606033695
6980,2,0.48974,0.33784263158836325
6981,2,0.5903,0.32984192419443353
6982,1,0.489866,0.1879284762050874
6983,1,0.779328,0.6108607485969285
6984,1,0.015339,0.03879134933011611
6985,3,0.110679,0.13627174074790213
6986,5,0.243966,0.2768409693399485
6987,4,0.129536,0.0614869574064628
6988,4,0.096748,0.0636649757326872
6990,5,0.841976,0.7822481861172043
6991,4,0.528884,0.4351740510759381
6992,5,0.124605,0.1492759241757298
6993,3,0.198329,0.20237562886256497
6994,5,0.786548,0.5905606413248815
6995,4,0.152897,0.20043725450498226
6996,4,0.141809,0.15387662693834447
6997,5,0.05055,0.14838477046992754
6998,2,0.342884,0.43600731923562097
6999,1,0.635054,0.5926353992678102
7002,1,0.212332,0.43744200483443846
7003,1,0.34455,0.5015808073047728
7004,1,0.406403,0.5137116189844521
7005,2,0.035947,0.09552178544453853
7006,5,0.017761,0.13537520880421836
7007,5,0.365783,0.4618196875297382
7008,3,0.714184,0.5814926515540423
7009,4,0.465776,0.2840551522330703
7010,2,0.224911,0.3066925584782759
7013,4,0.322066,0.2056710652953861
7014,1,0.198543,0.21197944775633012
7015,1,0.178014,0.2551951926156246
7016,4,0.302681,0.2739690010594799
7017,5,0.189922,0.2527160531507182
7019,5,0.12162,0.24678241999360306
7021,5,0.15182,0.13867058845524832
7023,5,0.318126,0.20075862911087922
7024,5,0.484269,0.3805461750461418
7025,2,0.193641,0.32187415366543237
7026,5,0.759249,0.7404173566188439
7028,5,0.02608,0.045128017575328326
7029,3,0.753344,0.4782156464360746
7030,4,0.12894,0.2871121522012313
7031,5,0.618051,0.5099264873556665
7032,3,0.396656,0.239815692372097
7034,4,0.100638,0.09094930386236208
7035,3,0.02532,0.0661815061758958
7036,1,0.390773,0.4693838548191001
7038,1,0.918376,0.8917101688782382
7042,4,0.815707,0.9619449782296047
7043,2,0.366275,0.4089916503383302
7044,3,0.735246,0.5764696995279467
7046,2,0.419926,0.4370563704029265
7048,1,0.722515,0.8648757172218962
7049,2,0.526445,0.5587692098535834
7050,3,0.102745,0.14416543414954414
7051,1,0.363666,0.856540560385153
7052,3,0.995871,0.9866148216311958
7053,1,0.051978,0.12261157849499216
7054,3,0.621128,0.4476604297609884
7055,2,0.212069,0.16499182093963857
7056,5,0.605554,0.5092747716381685
7057,2,0.450463,0.3068099939168363
7058,2,0.038067,0.14009264459216791
7059,1,0.252649,0.15950489907793805
7060,3,0.053859,0.17543351288467715
7061,1,0.99897,0.9946494152113732
7062,3,0.849347,0.95199799578444
7063,5,0.055256,0.10791542146411995
7064,2,0.240714,0.43555779798436034
7065,5,0.029018,0.07781502962175542
7066,4,0.305355,0.3156775023473809
7067,2,0.999054,0.9955016664675036
7069,3,0.997493,0.9958034717655161
7070,1,0.999806,0.9989628514714686
7071,4,0.375681,0.19034282144214146
7072,5,0.992276,0.9850654495780302
7074,4,0.562473,0.8296101189412977
7075,3,0.352483,0.3189143717389959
7076,1,0.344537,0.29852848493329814
7077,4,0.010742,0.020332955336178404
7078,2,0.348028,0.5034400355855667
7079,1,0.992376,0.9834489469257307
7080,1,0.026827,0.060522537344603694
7081,3,0.049844,0.03006279140701887
7082,5,0.497158,0.49059549071573794
7084,2,0.99974,0.9992772849248363
7085,3,0.070947,0.10475949734926794
7086,4,0.232938,0.38946570823702303
7087,1,0.987628,0.9615111346717399
7089,4,0.827792,0.95866247085986
7091,1,0.359584,0.2369259954861422
7092,1,0.352235,0.32993076599935234
7094,2,0.826981,0.7945494304273883
7095,3,0.271129,0.49862373107328783
7096,1,0.248846,0.35207032139738537
7098,5,0.887982,0.9508366282703281
7099,4,0.11409,0.10017709899563954
7100,2,0.996686,0.9948141440557572
7101,1,0.405447,0.36775846267148254
7102,4,0.295897,0.13830726194636
7103,1,0.779549,0.7312414777839442
7104,3,0.345074,0.2919174992830513
7106,5,0.344928,0.38413813677011854
7107,5,0.9964,0.9953273933287505
7108,2,0.264096,0.16862202038694865
7109,3,0.970355,0.9725952476840749
7110,2,0.267294,0.3368127391511915
7111,2,0.207006,0.2492388729174272
7112,5,0.673344,0.859080174509221
7114,1,0.212156,0.3414118540621593
7115,4,0.075476,0.253612189134377
7116,3,0.99957,0.999340732685387
7117,5,0.151561,0.07136687508351897
7118,4,1.0,0.9999999940446247
7119,1,0.999952,0.9998532574901298
7120,1,0.068191,0.1252785260092093
7121,1,0.084602,0.14937820863022064
7122,3,0.355112,0.3259232897073851
7123,3,0.330999,0.25990241538664377
7124,1,0.710807,0.6837491311086407
7126,1,0.144817,0.13515565715265493
7127,4,0.347408,0.3294439909708531
7128,5,0.073618,0.15312807465545736
7129,3,0.38948,0.48759748200273345
7130,5,0.554102,0.4516235747935411
7131,2,0.124329,0.1526824528355473
7132,1,0.119014,0.1713779866328999
7133,2,0.468429,0.31394518495877477
7134,4,0.202534,0.2388343817012963
7135,4,0.133526,0.13799089731287928
7136,3,0.999992,0.9999287437435735
7137,2,0.827228,0.8730565422847348
7138,1,0.042724,0.2419850516050389
7139,1,0.156181,0.11983478869477822
7142,1,0.649371,0.52385193788542
7143,3,0.337052,0.160723554850794
7144,1,0.260067,0.43736524298354584
7146,5,0.531554,0.5369829606677883
7147,1,0.209256,0.19622484463176423
7148,1,0.390241,0.5153887979777414
7149,1,0.526031,0.45397869275695324
7150,5,0.300732,0.4313491051195765
7151,5,0.320606,0.35697480635964035
7152,4,0.030263,0.062268693003369915
7153,2,0.796252,0.8243992641673638
7155,1,0.999002,0.9916012833812521
7156,2,0.233813,0.15229554105072549
7157,2,0.537357,0.7400300755614847
7158,1,0.088485,0.07758992352866982
7159,3,0.994053,0.9862543194687904
7160,3,0.118247,0.15868224949275592
7161,3,1.0,0.9999987952446566
7163,2,0.038491,0.0720298650724242
7164,1,0.163874,0.23272807855631605
7165,3,0.476432,0.4218800221742747
7166,5,0.25977,0.35848485627212573
7169,1,0.072989,0.06855656483508021
7170,3,0.580981,0.3241284911535006
7171,5,0.99989,0.9995527881768792
7172,4,0.03692,0.08585688886658288
7173,3,0.146949,0.11277022126008802
7174,3,0.991865,0.9877840699637672
7175,3,0.06284,0.09787357159682472
7176,1,0.510825,0.528029756363791
7177,1,0.46133,0.26130211179524404
7178,4,0.425818,0.43182178192411025
7179,4,0.213681,0.1236598446655657
7180,2,0.194219,0.24685072460440047
7181,3,0.379062,0.4793952530084672
7182,1,0.755242,0.5737409553223611
7183,3,0.721015,0.565126090644278
7185,3,0.219166,0.2582958060913628
7186,1,0.998614,0.9937388180695697
7187,4,0.206703,0.24235095756160696
7188,3,0.137751,0.059323569937539046
7189,1,0.702755,0.5150160835647365
7190,4,0.604584,0.44969836327169094
7191,4,0.308133,0.2598282971932986
7192,5,0.126085,0.20435688073015726
7194,5,0.612443,0.48241950167939146
7195,3,0.494856,0.6387294572431631
7196,2,0.067742,0.11161132680692411
7197,3,0.231677,0.37148320090177206
7198,4,0.513629,0.5817486641239819
7199,5,0.89829,0.9123065305907387
7201,1,0.578783,0.5856079766454911
7203,3,0.995894,0.9844936132957781
7205,5,0.17582,0.2564927146809655
7206,1,0.165916,0.2263019349979352
7208,5,0.681835,0.4240527120709782
7209,1,0.165813,0.23376219804984313
7210,1,0.698936,0.7292160442869629
7211,2,0.4675,0.4153436250931497
7213,4,0.273788,0.39276050962533504
7214,5,0.968799,0.9450626622820942
7215,1,0.283234,0.43139233726655385
7216,3,0.383555,0.26787920781724345
7217,4,0.995731,0.9917072839609473
7218,2,0.271844,0.3059576082576667
7219,4,0.378073,0.42713139837343633
7220,3,0.325452,0.18444943882124565
7222,4,0.177143,0.18712648277492702
7224,5,0.414062,0.3799169644401773
7225,1,0.837872,0.7089645004793717
7226,5,0.305894,0.1948208367254602
7228,3,0.726385,0.665722952145585
7229,4,0.029749,0.06764039575092036
7230,2,0.883604,0.8462296458349507
7232,3,0.142571,0.08795281942335352
7233,4,0.05422,0.12248967160910197
7234,4,0.433574,0.2904849239873618
7235,4,0.895699,0.977229674801976
7236,2,0.20676,0.3107076600325241
7237,5,0.144969,0.1343238135008975
7238,4,0.071298,0.19660032179466685
7241,4,0.522598,0.45681914908826793
7242,2,0.125526,0.12508821196388212
7243,4,0.02633,0.050388661430322806
7244,1,0.200633,0.2775743232454211
7247,2,0.874319,0.8893022566431211
7248,2,0.985424,0.9858205059259355
7249,2,0.810856,0.730157571711421
7250,2,0.332939,0.6196288878470897
7251,1,0.875541,0.9891075288657574
7252,3,0.068087,0.1120119331198859
7254,4,0.071759,0.08183523700260659
7255,5,0.562879,0.3296585701824408
7256,2,0.243514,0.1980059984212916
7257,4,0.291083,0.13024658016407925
7258,4,0.134935,0.16423525168931877
7259,2,0.556551,0.4706097814543193
7260,5,0.741474,0.7562666118082005
7261,4,0.317183,0.1804926513055034
7262,1,0.988636,0.9803689688906612
7263,4,0.716799,0.5799865258569535
7264,3,0.286809,0.32454576887100106
7265,3,0.158648,0.2800504319136135
7266,5,0.448055,0.3828543113704091
7267,1,0.536569,0.4987632432700691
7268,4,0.405629,0.3349523786574185
7269,4,0.613162,0.5068984450319035
7270,5,0.646344,0.7235651842153367
7271,5,0.449803,0.5408215850857729
7272,3,0.817575,0.7057345498920303
7273,4,0.770481,0.6752439906801725
7274,1,0.152229,0.2823346513419665
7275,4,0.014881,0.02323130137185264
7276,3,0.226223,0.20877579964168017
7277,3,0.04232,0.09193738188630281
7278,5,0.042693,0.18471955415521366
7280,5,0.994459,0.9942925012229982
7281,3,0.122608,0.1617938075395331
7282,1,0.643439,0.4050065452402013
7283,5,0.686658,0.49708393086086555
7284,3,0.641261,0.5158118757105218
7285,2,0.705238,0.6735266713811636
7286,5,0.435527,0.40501611844723967
7287,2,0.76047,0.5296233577894419
7288,3,0.093168,0.19880388197125806
7289,1,0.136672,0.15388023879398516
7290,2,0.59666,0.6068958248386143
7291,3,0.142125,0.187974841077282
7292,1,0.996454,0.9920647526927215
7293,2,0.987839,0.9855560475523273
7294,4,0.569681,0.38387988391823
7295,5,0.188896,0.28515953570294705
7296,3,0.041322,0.09389687365106429
7297,1,0.290826,0.5192575269076596
7298,2,0.770186,0.587558122496601
7301,4,0.159403,0.22512402952741167
7302,2,0.05443,0.05381273020206306
7303,3,0.306514,0.29353656501667774
7304,3,0.700339,0.7145351310450212
7305,1,0.410215,0.4367632945238299
7306,3,0.25798,0.350544179491039
7307,1,0.78674,0.4683896074860894
7308,4,0.461557,0.44564899840759875
7309,3,0.371492,0.21907661617177507
7310,1,0.392926,0.31146880386047315
7311,1,0.840954,0.8008791886875174
7313,1,0.028384,0.03161560387993639
7314,1,0.992641,0.973297040581494
7315,5,0.673229,0.45574565374444015
7316,1,0.344045,0.272433248291329
7317,3,0.328681,0.286569742625081
7318,3,0.124035,0.19151994684905294
7319,3,0.36467,0.27434149898214244
7320,2,0.055029,0.07803323405603828
7321,3,0.812442,0.788379374473345
7322,3,0.270743,0.2402761919625172
7325,4,0.999286,0.9973449938218308
7326,4,0.232631,0.34500555028643376
7327,3,0.205677,0.2307672880971386
7329,1,0.066273,0.13534517206645302
7330,2,0.999651,0.9984653263922346
7331,3,0.722351,0.7558683391264892
7332,5,0.724846,0.6227023225726561
7333,2,0.98561,0.9830085928172856
7334,4,0.151909,0.15561561469246749
7335,5,0.332606,0.22881100244869898
7336,4,0.848325,0.9125570774778575
7338,1,0.548796,0.5360018946489289
7341,2,0.20477,0.44825126415103633
7342,1,0.079312,0.06800388743738477
7345,5,0.820534,0.7478458774620969
7346,4,0.68884,0.5434879151847679
7347,1,0.668816,0.3885007888211725
7348,5,0.567851,0.6231751801445274
7349,2,0.235765,0.4668398735795154
7350,3,0.369596,0.27799063676132163
7351,5,0.999243,0.99765514610142
7352,3,0.317311,0.22269410779485788
7353,5,0.869947,0.8926949256274908
7354,5,0.337608,0.4508073976178177
7355,3,0.187917,0.149917549824622
7357,2,0.214818,0.25137136279312056
7358,4,0.589061,0.41976715454391056
7359,1,0.799749,0.847412422162129
7360,1,0.985899,0.9882527043199464
7361,2,0.607589,0.4027991104768522
7362,5,0.677017,0.6548147928912479
7363,4,0.576526,0.6220262823747956
7364,4,0.84799,0.6573350234974981
7365,4,0.495439,0.3928618616017131
7367,4,0.019838,0.04352636202010766
7368,1,0.079898,0.12461561882268349
7369,3,0.337942,0.3237687935742625
7370,1,0.754195,0.47149156536737
7372,2,0.997376,0.9968091945811519
7373,4,0.285211,0.2732549877260295
7374,4,0.487311,0.2609538163516032
7375,5,0.443147,0.47460706222426513
7376,1,0.843308,0.7870711664791586
7377,1,0.062274,0.1799040188564762
7378,2,0.623064,0.48336455654596805
7379,5,0.210818,0.34248807184112173
7380,4,0.618654,0.4611858133299178
7381,5,0.500016,0.5925928393486387
7382,2,0.410166,0.48640259097467764
7383,2,0.975702,0.9796709933949691
7385,4,0.346441,0.3910520895700821
7386,1,0.142662,0.20614113532558045
7389,1,0.526508,0.5352585152541317
7391,4,0.899882,0.7681909533797217
7392,3,0.143984,0.19537277255997051
7393,4,0.24885,0.33633580596155305
7394,4,0.976723,0.9396519675927232
7395,1,0.222801,0.32829125177747775
7396,4,0.277066,0.2394698630288729
7397,4,0.359186,0.4490222952821274
7398,4,0.515779,0.4140366506941835
7400,5,0.224851,0.19200370246403672
7403,5,0.080252,0.18010766433451253
7404,2,0.036821,0.0815467127862138
7405,1,0.685695,0.6292965664507139
7407,2,0.084489,0.16371287154630978
7408,4,0.999948,0.9997442406931402
7409,1,0.155524,0.282936036953127
7411,4,0.226457,0.271015462217932
7412,2,0.133292,0.2159287023033662
7413,3,0.414974,0.4629003677394968
7414,3,0.467241,0.49131863382031027
7415,1,0.759886,0.5795149835849794
7416,5,0.73402,0.6259738861040993
7417,1,0.614572,0.5517575779490429
7419,2,0.605995,0.442393363202183
7420,4,0.590504,0.6114059091053858
7421,3,0.381308,0.3105285129242969
7422,5,0.805468,0.7808809181505775
7423,3,0.182512,0.15862054563571468
7424,4,0.166246,0.16754308930915038
7426,4,0.365812,0.30318625700688046
7427,4,0.138776,0.15351719624243015
7428,5,0.988101,0.967168925132965
7429,3,0.07865,0.06091532807682133
7430,1,0.47865,0.48674633611057627
7431,2,0.696973,0.6586710887683365
7432,5,0.988581,0.9685643638788854
7433,2,0.104356,0.11530625780876111
7435,4,0.141841,0.26094288126266013
7437,5,0.140712,0.2800900827377602
7438,4,0.470832,0.2516650066868932
7439,3,0.138506,0.16205718856686133
7440,2,0.418817,0.5975891265984459
7441,1,0.072206,0.09266576187996362
7442,3,0.046155,0.10724996837245367
7443,5,0.141289,0.18871771777019358
7444,5,0.900173,0.691222099764508
7445,5,0.170401,0.3731345879097816
7446,1,0.037381,0.13023602200123788
7447,2,0.118198,0.15511013513577226
7448,4,0.641108,0.6173811317959209
7449,5,0.370696,0.47083573246518606
7450,3,0.988666,0.9635245881243811
7451,5,0.014174,0.056780634180154485
7452,4,0.304865,0.534455908489698
7453,5,0.459682,0.4260926756990196
7455,5,0.602389,0.6475436703310729
7457,2,0.199656,0.39092896078024836
7458,3,0.796945,0.8498752566956722
7461,1,0.003718,0.017827075660593605
7462,3,0.612073,0.6938419357487501
7463,2,0.144405,0.12999769878709405
7464,4,0.328476,0.3271569278625177
7465,1,0.81915,0.9686124821209159
7466,5,0.474867,0.7259357174921467
7467,5,0.667137,0.5982405734349014
7468,2,0.562232,0.43383799086178954
7469,5,0.54789,0.48765720623881237
7470,2,0.544782,0.4271636909668872
7472,5,0.122534,0.07719704959219671
7473,1,0.289075,0.33485467786844714
7474,1,0.876816,0.804873033514828
7475,2,0.230623,0.21672888162910864
7476,3,0.997886,0.9959968584045574
7477,2,0.433362,0.46971109868453
7478,1,0.30726,0.3086937058908205
7479,3,0.160768,0.3022159477705316
7480,1,0.999997,0.9999552223108222
7482,4,0.324264,0.4029839241550304
7483,5,0.258259,0.16178731756765594
7484,2,0.250875,0.1813343194047081
7486,4,0.347048,0.2514910939019419
7487,4,0.266103,0.296617919255015
7488,4,0.374191,0.44581080159650194
7489,5,0.56638,0.5218355551269726
7490,3,0.413112,0.3670112261181611
7491,2,0.810478,0.844146975655119
7493,2,0.334847,0.46346791856281394
7494,5,0.055522,0.12671968525123828
7495,5,0.112428,0.22213044116284986
7496,3,0.065695,0.12340642412215105
7497,5,0.534514,0.703215620403121
7498,1,0.598377,0.3894606372481773
