row,set
0,test
1,development
2,development
3,development
4,development
5,test
6,development
7,development
8,development
9,development
10,development
11,development
12,development
13,development
14,development
15,development
16,development
17,development
18,development
19,development
20,development
21,development
22,development
23,development
24,development
25,development
26,development
27,development
28,test
29,development
30,development
31,test
32,test
33,test
34,development
35,development
36,test
37,test
38,development
39,development
40,test
41,development
42,development
43,development
44,development
45,development
46,development
47,development
48,development
49,development
50,development
51,development
52,development
53,development
54,development
55,development
56,development
57,development
58,test
59,development
60,development
61,development
62,test
63,development
64,development
65,development
66,development
67,test
68,development
69,development
70,development
71,development
72,development
73,development
74,development
75,development
76,development
77,development
78,development
79,development
80,development
81,test
82,development
83,development
84,test
85,development
86,development
87,development
88,development
89,development
90,development
91,development
92,development
93,development
94,development
95,development
96,development
97,development
98,development
99,development
100,test
101,test
102,development
103,development
104,development
105,development
106,development
107,development
108,development
109,development
110,test
111,test
112,development
113,development
114,development
115,development
116,development
117,test
118,development
119,development
120,development
121,development
122,development
123,development
124,development
125,development
126,test
127,development
128,development
129,development
130,test
131,development
132,development
133,development
134,development
135,test
136,development
137,development
138,development
139,development
140,development
141,development
142,development
143,test
144,development
145,test
146,development
147,development
148,development
149,development
150,development
151,development
152,development
153,test
154,test
155,test
156,development
157,test
158,development
159,development
160,development
161,development
162,development
163,development
164,development
165,development
166,development
167,development
168,development
169,development
170,test
171,development
172,development
173,development
174,development
175,test
176,development
177,test
178,development
179,development
180,test
181,development
182,development
183,development
184,development
185,development
186,test
187,development
188,development
189,development
190,development
191,development
192,development
193,development
194,development
195,development
196,development
197,development
198,test
199,development
200,development
201,development
202,development
203,test
204,test
205,test
206,development
207,development
208,development
209,development
210,development
211,development
212,development
213,development
214,development
215,development
216,development
217,development
218,development
219,test
220,test
221,development
222,development
223,development
224,development
225,test
226,development
227,development
228,development
229,development
230,development
231,development
232,development
233,test
234,development
235,test
236,test
237,development
238,development
239,development
240,development
241,development
242,development
243,test
244,test
245,development
246,test
247,test
248,development
249,development
250,development
251,test
252,development
253,development
254,development
255,development
256,test
257,development
258,development
259,test
260,development
261,development
262,development
263,test
264,test
265,development
266,development
267,development
268,development
269,development
270,test
271,development
272,development
273,development
274,development
275,development
276,development
277,development
278,development
279,test
280,development
281,development
282,development
283,development
284,test
285,development
286,development
287,development
288,development
289,development
290,test
291,test
292,development
293,development
294,development
295,development
296,development
297,development
298,development
299,development
300,test
301,development
302,test
303,test
304,development
305,development
306,development
307,development
308,development
309,development
310,development
311,development
312,development
313,development
314,development
315,development
316,development
317,development
318,test
319,development
320,development
321,development
322,development
323,development
324,development
325,development
326,development
327,development
328,development
329,test
330,development
331,test
332,development
333,development
334,development
335,development
336,test
337,development
338,development
339,development
340,test
341,development
342,test
343,development
344,development
345,test
346,development
347,development
348,development
349,test
350,development
351,test
352,development
353,test
354,development
355,development
356,development
357,development
358,test
359,test
360,development
361,test
362,development
363,development
364,development
365,development
366,development
367,test
368,development
369,test
370,test
371,development
372,test
373,development
374,development
375,development
376,development
377,development
378,development
379,development
380,development
381,development
382,test
383,development
384,development
385,development
386,development
387,development
388,development
389,development
390,test
391,development
392,development
393,development
394,test
395,development
396,development
397,development
398,development
399,development
400,test
401,development
402,development
403,development
404,test
405,development
406,development
407,test
408,development
409,development
410,development
411,development
412,test
413,development
414,development
415,development
416,development
417,development
418,development
419,development
420,development
421,development
422,development
423,test
424,development
425,development
426,development
427,development
428,development
429,development
430,development
431,test
432,development
433,development
434,test
435,development
436,development
437,test
438,development
439,development
440,development
441,test
442,development
443,development
444,development
445,test
446,development
447,test
448,development
449,development
450,development
451,development
452,test
453,development
454,development
455,development
456,development
457,development
458,development
459,development
460,development
461,development
462,test
463,test
464,development
465,development
466,development
467,test
468,development
469,development
470,development
471,development
472,development
473,development
474,development
475,development
476,test
477,development
478,development
479,development
480,development
481,development
482,development
483,development
484,development
485,development
486,test
487,development
488,development
489,development
490,development
491,development
492,development
493,development
494,test
495,development
496,development
497,development
498,development
499,development
500,development
501,test
502,development
503,development
504,development
505,test
506,test
507,development
508,development
509,development
510,development
511,test
512,development
513,development
514,test
515,test
516,development
517,test
518,development
519,test
520,test
521,development
522,development
523,development
524,development
525,test
526,test
527,development
528,development
529,development
530,development
531,development
532,development
533,development
534,development
535,test
536,development
537,test
538,development
539,development
540,development
541,development
542,development
543,development
544,development
545,development
546,development
547,development
548,test
549,development
550,development
551,development
552,development
553,development
554,development
555,development
556,development
557,development
558,test
559,development
560,development
561,development
562,development
563,development
564,development
565,development
566,test
567,test
568,development
569,development
570,development
571,development
572,development
573,development
574,development
575,development
576,development
577,development
578,development
579,development
580,development
581,test
582,test
583,development
584,development
585,development
586,development
587,test
588,development
589,development
590,development
591,test
592,development
593,development
594,development
595,test
596,development
597,development
598,test
599,development
600,development
601,development
602,development
603,development
604,test
605,development
606,development
607,development
608,development
609,development
610,test
611,development
612,development
613,test
614,development
615,development
616,development
617,test
618,test
619,test
620,development
621,development
622,development
623,development
624,development
625,development
626,test
627,development
628,test
629,development
630,development
631,development
632,development
633,development
634,test
635,test
636,test
637,test
638,development
639,development
640,development
641,development
642,development
643,development
644,test
645,development
646,test
647,development
648,development
649,development
650,development
651,development
652,development
653,development
654,development
655,development
656,development
657,test
658,test
659,development
660,development
661,development
662,development
663,development
664,test
665,development
666,development
667,development
668,development
669,test
670,development
671,development
672,development
673,development
674,development
675,development
676,development
677,development
678,development
679,development
680,development
681,development
682,development
683,development
684,development
685,development
686,development
687,development
688,development
689,development
690,development
691,development
692,development
693,test
694,development
695,development
696,development
697,development
698,development
699,development
700,test
701,development
702,development
703,test
704,development
705,development
706,development
707,development
708,development
709,test
710,development
711,test
712,test
713,development
714,development
715,development
716,test
717,development
718,test
719,development
720,development
721,development
722,test
723,test
724,test
725,development
726,test
727,development
728,development
729,development
730,development
731,development
732,test
733,development
734,development
735,development
736,development
737,development
738,development
739,development
740,test
741,development
742,development
743,development
744,development
745,test
746,development
747,development
748,development
749,test
750,development
751,development
752,development
753,test
754,test
755,development
756,development
757,development
758,development
759,development
760,development
761,development
762,development
763,development
764,test
765,development
766,development
767,development
768,test
769,development
770,development
771,development
772,development
773,development
774,development
775,development
776,development
777,development
778,test
779,development
780,test
781,development
782,development
783,development
784,development
785,development
786,development
787,development
788,development
789,development
790,development
791,development
792,development
793,development
794,development
795,test
796,development
797,development
798,development
799,development
800,development
801,development
802,development
803,development
804,development
805,development
806,development
807,development
808,development
809,development
810,development
811,development
812,development
813,development
814,development
815,test
816,test
817,development
818,development
819,development
820,development
821,development
822,development
823,test
824,development
825,development
826,development
827,development
828,test
829,test
830,development
831,test
832,test
833,development
834,development
835,test
836,development
837,development
838,development
839,development
840,development
841,development
842,development
843,test
844,development
845,development
846,development
847,test
848,development
849,test
850,development
851,development
852,development
853,development
854,development
855,development
856,development
857,development
858,test
859,test
860,test
861,development
862,development
863,development
864,development
865,development
866,test
867,development
868,development
869,test
870,development
871,test
872,development
873,test
874,development
875,development
876,development
877,development
878,test
879,development
880,development
881,development
882,development
883,test
884,development
885,development
886,development
887,development
888,development
889,development
890,development
891,development
892,development
893,test
894,development
895,development
896,development
897,development
898,development
899,test
900,test
901,development
902,test
903,development
904,test
905,test
906,development
907,test
908,development
909,development
910,test
911,development
912,development
913,development
914,development
915,test
916,development
917,development
918,test
919,development
920,development
921,development
922,development
923,development
924,development
925,development
926,development
927,development
928,development
929,development
930,development
931,development
932,development
933,development
934,development
935,test
936,development
937,development
938,development
939,development
940,test
941,development
942,development
943,development
944,development
945,test
946,test
947,development
948,development
949,development
950,development
951,development
952,development
953,development
954,development
955,development
956,development
957,test
958,test
959,development
960,development
961,development
962,development
963,test
964,development
965,development
966,test
967,test
968,development
969,development
970,development
971,development
972,development
973,development
974,development
975,development
976,development
977,development
978,development
979,development
980,development
981,development
982,development
983,development
984,development
985,development
986,development
987,development
988,development
989,test
990,development
991,development
992,development
993,development
994,development
995,development
996,development
997,development
998,development
999,development
1000,development
1001,development
1002,test
1003,development
1004,development
1005,development
1006,development
1007,development
1008,development
1009,development
1010,development
1011,test
1012,test
1013,development
1014,development
1015,development
1016,development
1017,development
1018,development
1019,development
1020,development
1021,development
1022,test
1023,development
1024,development
1025,development
1026,development
1027,development
1028,development
1029,development
1030,development
1031,development
1032,development
1033,development
1034,development
1035,test
1036,test
1037,development
1038,development
1039,development
1040,development
1041,development
1042,development
1043,development
1044,development
1045,development
1046,development
1047,development
1048,development
1049,development
1050,test
1051,development
1052,development
1053,development
1054,development
1055,test
1056,development
1057,development
1058,development
1059,development
1060,test
1061,development
1062,test
1063,development
1064,test
1065,test
1066,development
1067,development
1068,development
1069,development
1070,development
1071,test
1072,development
1073,development
1074,development
1075,development
1076,development
1077,development
1078,development
1079,development
1080,development
1081,development
1082,development
1083,development
1084,development
1085,development
1086,development
1087,development
1088,development
1089,development
1090,development
1091,development
1092,development
1093,development
1094,development
1095,development
1096,development
1097,development
1098,development
1099,development
1100,test
1101,development
1102,development
1103,test
1104,development
1105,development
1106,development
1107,development
1108,development
1109,development
1110,test
1111,test
1112,development
1113,development
1114,development
1115,development
1116,test
1117,development
1118,development
1119,development
1120,development
1121,test
1122,development
1123,development
1124,development
1125,development
1126,development
1127,development
1128,test
1129,development
1130,development
1131,development
1132,development
1133,test
1134,development
1135,development
1136,test
1137,development
1138,development
1139,development
1140,development
1141,development
1142,development
1143,test
1144,development
1145,test
1146,development
1147,development
1148,development
1149,development
1150,development
1151,test
1152,development
1153,development
1154,test
1155,development
1156,development
1157,development
1158,development
1159,development
1160,development
1161,development
1162,development
1163,development
1164,development
1165,test
1166,development
1167,development
1168,development
1169,development
1170,test
1171,development
1172,development
1173,test
1174,development
1175,test
1176,test
1177,development
1178,development
1179,test
1180,development
1181,development
1182,development
1183,development
1184,test
1185,test
1186,development
1187,development
1188,development
1189,development
1190,development
1191,development
1192,development
1193,development
1194,development
1195,test
1196,test
1197,development
1198,test
1199,test
1200,development
1201,development
1202,development
1203,development
1204,test
1205,development
1206,development
1207,development
1208,development
1209,test
1210,development
1211,development
1212,development
1213,development
1214,development
1215,development
1216,development
1217,development
1218,development
1219,development
1220,development
1221,development
1222,development
1223,development
1224,development
1225,development
1226,development
1227,development
1228,development
1229,test
1230,development
1231,development
1232,test
1233,development
1234,development
1235,development
1236,development
1237,development
1238,development
1239,development
1240,test
1241,development
1242,development
1243,development
1244,development
1245,development
1246,development
1247,development
1248,development
1249,test
1250,development
1251,development
1252,development
1253,test
1254,development
1255,development
1256,development
1257,development
1258,development
1259,development
1260,development
1261,development
1262,development
1263,development
1264,development
1265,development
1266,development
1267,development
1268,development
1269,development
1270,development
1271,development
1272,development
1273,development
1274,test
1275,development
1276,test
1277,development
1278,development
1279,development
1280,test
1281,test
1282,test
1283,development
1284,development
1285,development
1286,development
1287,development
1288,development
1289,test
1290,test
1291,development
1292,test
1293,development
1294,development
1295,development
1296,development
1297,development
1298,test
1299,development
1300,development
1301,development
1302,development
1303,development
1304,development
1305,development
1306,development
1307,development
1308,development
1309,development
1310,test
1311,development
1312,development
1313,development
1314,development
1315,development
1316,development
1317,test
1318,development
1319,development
1320,development
1321,development
1322,development
1323,test
1324,development
1325,development
1326,development
1327,development
1328,development
1329,development
1330,development
1331,test
1332,test
1333,development
1334,development
1335,test
1336,development
1337,development
1338,development
1339,development
1340,development
1341,development
1342,test
1343,development
1344,development
1345,development
1346,test
1347,development
1348,development
1349,development
1350,test
1351,test
1352,development
1353,development
1354,development
1355,development
1356,development
1357,development
1358,development
1359,development
1360,test
1361,test
1362,development
1363,development
1364,development
1365,test
1366,development
1367,development
1368,development
1369,development
1370,development
1371,test
1372,development
1373,development
1374,test
1375,development
1376,development
1377,test
1378,development
1379,development
1380,development
1381,test
1382,test
1383,development
1384,development
1385,development
1386,test
1387,development
1388,test
1389,development
1390,development
1391,development
1392,development
1393,development
1394,development
1395,test
1396,development
1397,development
1398,development
1399,development
1400,development
1401,test
1402,test
1403,development
1404,development
1405,development
1406,development
1407,development
1408,development
1409,development
1410,test
1411,test
1412,development
1413,development
1414,development
1415,development
1416,development
1417,development
1418,development
1419,test
1420,development
1421,test
1422,development
1423,development
1424,development
1425,test
1426,development
1427,development
1428,development
1429,development
1430,test
1431,development
1432,development
1433,development
1434,development
1435,test
1436,development
1437,development
1438,development
1439,development
1440,development
1441,development
1442,development
1443,development
1444,development
1445,development
1446,test
1447,development
1448,test
1449,development
1450,development
1451,development
1452,development
1453,development
1454,development
1455,test
1456,test
1457,development
1458,development
1459,development
1460,development
1461,test
1462,development
1463,development
1464,development
1465,development
1466,development
1467,development
1468,development
1469,development
1470,test
1471,development
1472,development
1473,test
1474,development
1475,development
1476,development
1477,development
1478,development
1479,development
1480,development
1481,development
1482,development
1483,development
1484,development
1485,development
1486,development
1487,development
1488,development
1489,development
1490,development
1491,development
1492,test
1493,development
1494,development
1495,development
1496,development
1497,development
1498,development
1499,development
1500,test
1501,development
1502,development
1503,development
1504,development
1505,development
1506,development
1507,development
1508,development
1509,development
1510,development
1511,development
1512,development
1513,development
1514,development
1515,development
1516,development
1517,development
1518,development
1519,development
1520,development
1521,development
1522,development
1523,development
1524,test
1525,test
1526,development
1527,test
1528,development
1529,development
1530,development
1531,development
1532,test
1533,development
1534,development
1535,development
1536,development
1537,test
1538,development
1539,test
1540,test
1541,development
1542,test
1543,development
1544,development
1545,development
1546,development
1547,development
1548,development
1549,development
1550,test
1551,development
1552,development
1553,development
1554,development
1555,development
1556,development
1557,development
1558,development
1559,development
1560,test
1561,test
1562,test
1563,development
1564,development
1565,development
1566,development
1567,development
1568,development
1569,development
1570,development
1571,test
1572,development
1573,test
1574,development
1575,development
1576,development
1577,development
1578,test
1579,development
1580,development
1581,development
1582,development
1583,test
1584,test
1585,test
1586,development
1587,development
1588,development
1589,test
1590,development
1591,development
1592,development
1593,development
1594,development
1595,development
1596,development
1597,test
1598,development
1599,test
1600,development
1601,development
1602,development
1603,development
1604,development
1605,development
1606,test
1607,development
1608,test
1609,development
1610,development
1611,development
1612,development
1613,development
1614,development
1615,test
1616,development
1617,development
1618,development
1619,test
1620,development
1621,test
1622,development
1623,development
1624,development
1625,development
1626,development
1627,development
1628,development
1629,development
1630,test
1631,development
1632,development
1633,development
1634,development
1635,test
1636,development
1637,development
1638,development
1639,development
1640,development
1641,test
1642,test
1643,development
1644,development
1645,development
1646,development
1647,development
1648,development
1649,development
1650,development
1651,test
1652,development
1653,development
1654,development
1655,development
1656,development
1657,development
1658,development
1659,development
1660,development
1661,test
1662,development
1663,development
1664,development
1665,development
1666,development
1667,test
1668,development
1669,test
1670,development
1671,development
1672,development
1673,development
1674,test
1675,development
1676,development
1677,development
1678,development
1679,development
1680,development
1681,test
1682,development
1683,development
1684,development
1685,test
1686,test
1687,development
1688,development
1689,development
1690,test
1691,development
1692,development
1693,development
1694,development
1695,development
1696,development
1697,development
1698,development
1699,development
1700,test
1701,development
1702,development
1703,development
1704,development
1705,test
1706,development
1707,development
1708,development
1709,development
1710,development
1711,development
1712,test
1713,development
1714,development
1715,development
1716,test
1717,development
1718,test
1719,development
1720,test
1721,development
1722,development
1723,development
1724,development
1725,development
1726,development
1727,development
1728,development
1729,development
1730,test
1731,test
1732,development
1733,development
1734,development
1735,development
1736,development
1737,development
1738,development
1739,development
1740,development
1741,development
1742,development
1743,development
1744,test
1745,development
1746,development
1747,development
1748,development
1749,development
1750,development
1751,development
1752,development
1753,test
1754,development
1755,test
1756,development
1757,development
1758,development
1759,test
1760,development
1761,development
1762,development
1763,development
1764,development
1765,development
1766,development
1767,development
1768,development
1769,development
1770,development
1771,development
1772,development
1773,test
1774,test
1775,development
1776,development
1777,development
1778,development
1779,development
1780,development
1781,development
1782,test
1783,development
1784,development
1785,development
1786,development
1787,development
1788,development
1789,test
1790,development
1791,test
1792,development
1793,development
1794,test
1795,development
1796,development
1797,development
1798,development
1799,development
1800,development
1801,development
1802,development
1803,test
1804,test
1805,development
1806,development
1807,test
1808,development
1809,development
1810,test
1811,test
1812,development
1813,development
1814,development
1815,development
1816,development
1817,development
1818,development
1819,development
1820,test
1821,development
1822,development
1823,development
1824,development
1825,test
1826,development
1827,development
1828,development
1829,development
1830,development
1831,development
1832,test
1833,test
1834,test
1835,test
1836,development
1837,development
1838,test
1839,development
1840,development
1841,development
1842,development
1843,development
1844,development
1845,development
1846,development
1847,test
1848,development
1849,development
1850,development
1851,development
1852,development
1853,development
1854,test
1855,development
1856,development
1857,development
1858,test
1859,development
1860,test
1861,test
1862,development
1863,development
1864,development
1865,development
1866,development
1867,development
1868,development
1869,development
1870,test
1871,test
1872,development
1873,development
1874,development
1875,development
1876,development
1877,development
1878,test
1879,development
1880,development
1881,development
1882,development
1883,development
1884,development
1885,development
1886,development
1887,development
1888,development
1889,development
1890,test
1891,development
1892,development
1893,development
1894,development
1895,test
1896,development
1897,development
1898,development
1899,test
1900,development
1901,development
1902,development
1903,development
1904,development
1905,test
1906,development
1907,development
1908,development
1909,development
1910,development
1911,development
1912,development
1913,test
1914,development
1915,development
1916,development
1917,development
1918,test
1919,development
1920,development
1921,development
1922,development
1923,development
1924,development
1925,development
1926,development
1927,test
1928,development
1929,test
1930,development
1931,test
1932,development
1933,development
1934,test
1935,development
1936,development
1937,development
1938,test
1939,test
1940,development
1941,test
1942,development
1943,development
1944,test
1945,development
1946,development
1947,development
1948,development
1949,development
1950,development
1951,development
1952,development
1953,development
1954,development
1955,test
1956,development
1957,development
1958,development
1959,development
1960,development
1961,test
1962,test
1963,test
1964,development
1965,development
1966,development
1967,development
1968,development
1969,test
1970,development
1971,test
1972,test
1973,development
1974,test
1975,test
1976,development
1977,test
1978,development
1979,development
1980,development
1981,development
1982,development
1983,development
1984,development
1985,development
1986,development
1987,test
1988,development
1989,test
1990,test
1991,development
1992,test
1993,test
1994,test
1995,test
1996,development
1997,development
1998,development
1999,development
2000,development
2001,development
2002,development
2003,development
2004,development
2005,development
2006,development
2007,development
2008,test
2009,development
2010,development
2011,development
2012,development
2013,development
2014,development
2015,development
2016,test
2017,development
2018,test
2019,development
2020,test
2021,development
2022,test
2023,test
2024,development
2025,development
2026,development
2027,development
2028,development
2029,test
2030,test
2031,development
2032,development
2033,test
2034,development
2035,development
2036,test
2037,development
2038,development
2039,test
2040,development
2041,development
2042,development
2043,development
2044,test
2045,development
2046,development
2047,development
2048,test
2049,development
2050,test
2051,development
2052,test
2053,development
2054,development
2055,development
2056,development
2057,development
2058,development
2059,development
2060,test
2061,development
2062,development
2063,development
2064,development
2065,development
2066,development
2067,test
2068,development
2069,development
2070,test
2071,development
2072,test
2073,development
2074,development
2075,development
2076,development
2077,development
2078,test
2079,development
2080,development
2081,test
2082,test
2083,development
2084,development
2085,development
2086,test
2087,test
2088,test
2089,development
2090,development
2091,development
2092,development
2093,test
2094,development
2095,development
2096,development
2097,test
2098,test
2099,test
2100,test
2101,development
2102,development
2103,development
2104,development
2105,development
2106,development
2107,development
2108,development
2109,test
2110,development
2111,development
2112,development
2113,test
2114,test
2115,development
2116,development
2117,development
2118,test
2119,development
2120,development
2121,development
2122,development
2123,development
2124,test
2125,test
2126,development
2127,test
2128,development
2129,development
2130,development
2131,development
2132,test
2133,test
2134,development
2135,development
2136,test
2137,development
2138,development
2139,development
2140,development
2141,development
2142,development
2143,development
2144,development
2145,development
2146,development
2147,development
2148,development
2149,development
2150,test
2151,test
2152,development
2153,development
2154,test
2155,test
2156,development
2157,development
2158,development
2159,test
2160,development
2161,development
2162,development
2163,test
2164,development
2165,development
2166,development
2167,test
2168,development
2169,development
2170,test
2171,development
2172,development
2173,development
2174,development
2175,development
2176,development
2177,development
2178,test
2179,development
2180,development
2181,development
2182,test
2183,development
2184,test
2185,development
2186,development
2187,development
2188,development
2189,development
2190,development
2191,development
2192,development
2193,development
2194,development
2195,test
2196,development
2197,development
2198,test
2199,development
2200,development
2201,development
2202,development
2203,development
2204,development
2205,test
2206,development
2207,development
2208,development
2209,development
2210,development
2211,development
2212,development
2213,development
2214,development
2215,test
2216,development
2217,development
2218,development
2219,development
2220,development
2221,development
2222,development
2223,development
2224,development
2225,development
2226,development
2227,development
2228,development
2229,development
2230,development
2231,development
2232,development
2233,development
2234,development
2235,development
2236,development
2237,development
2238,development
2239,test
2240,test
2241,development
2242,development
2243,development
2244,test
2245,development
2246,development
2247,development
2248,test
2249,development
2250,test
2251,test
2252,development
2253,development
2254,development
2255,test
2256,development
2257,development
2258,test
2259,development
2260,development
2261,test
2262,test
2263,development
2264,development
2265,development
2266,development
2267,development
2268,development
2269,development
2270,development
2271,development
2272,development
2273,development
2274,test
2275,development
2276,development
2277,development
2278,development
2279,development
2280,test
2281,development
2282,development
2283,development
2284,test
2285,development
2286,development
2287,development
2288,development
2289,development
2290,development
2291,test
2292,development
2293,development
2294,test
2295,development
2296,development
2297,test
2298,development
2299,development
2300,development
2301,development
2302,development
2303,development
2304,development
2305,development
2306,test
2307,development
2308,test
2309,development
2310,test
2311,development
2312,development
2313,development
2314,development
2315,development
2316,development
2317,test
2318,development
2319,development
2320,test
2321,test
2322,test
2323,development
2324,development
2325,development
2326,test
2327,development
2328,development
2329,test
2330,development
2331,development
2332,development
2333,development
2334,test
2335,development
2336,development
2337,development
2338,test
2339,test
2340,development
2341,development
2342,test
2343,development
2344,development
2345,development
2346,test
2347,development
2348,test
2349,development
2350,development
2351,development
2352,development
2353,development
2354,development
2355,development
2356,development
2357,development
2358,development
2359,development
2360,development
2361,test
2362,test
2363,test
2364,development
2365,development
2366,development
2367,development
2368,development
2369,development
2370,development
2371,development
2372,development
2373,development
2374,development
2375,development
2376,development
2377,development
2378,development
2379,development
2380,development
2381,development
2382,test
2383,development
2384,development
2385,development
2386,development
2387,test
2388,development
2389,development
2390,development
2391,test
2392,development
2393,test
2394,development
2395,test
2396,development
2397,development
2398,development
2399,development
2400,development
2401,test
2402,development
2403,development
2404,development
2405,development
2406,development
2407,development
2408,development
2409,development
2410,development
2411,development
2412,development
2413,development
2414,development
2415,development
2416,test
2417,development
2418,development
2419,test
2420,test
2421,test
2422,test
2423,test
2424,development
2425,development
2426,development
2427,development
2428,development
2429,development
2430,development
2431,development
2432,development
2433,development
2434,test
2435,development
2436,development
2437,development
2438,development
2439,development
2440,test
2441,development
2442,development
2443,development
2444,development
2445,development
2446,development
2447,test
2448,test
2449,test
2450,development
2451,test
2452,development
2453,test
2454,development
2455,development
2456,test
2457,development
2458,development
2459,development
2460,development
2461,test
2462,development
2463,test
2464,development
2465,development
2466,development
2467,development
2468,development
2469,development
2470,test
2471,test
2472,test
2473,development
2474,development
2475,development
2476,development
2477,test
2478,test
2479,development
2480,development
2481,development
2482,development
2483,development
2484,development
2485,development
2486,development
2487,development
2488,development
2489,development
2490,test
2491,development
2492,development
2493,development
2494,development
2495,development
2496,development
2497,development
2498,development
2499,development
2500,development
2501,test
2502,development
2503,development
2504,development
2505,development
2506,test
2507,development
2508,development
2509,development
2510,test
2511,test
2512,development
2513,development
2514,development
2515,development
2516,development
2517,development
2518,test
2519,development
2520,development
2521,test
2522,test
2523,development
2524,development
2525,development
2526,test
2527,test
2528,development
2529,development
2530,development
2531,development
2532,development
2533,development
2534,test
2535,test
2536,development
2537,development
2538,development
2539,development
2540,development
2541,development
2542,development
2543,development
2544,development
2545,development
2546,development
2547,test
2548,test
2549,development
2550,development
2551,development
2552,development
2553,development
2554,test
2555,development
2556,development
2557,development
2558,development
2559,development
2560,development
2561,test
2562,test
2563,development
2564,development
2565,development
2566,development
2567,test
2568,development
2569,development
2570,development
2571,development
2572,test
2573,development
2574,development
2575,development
2576,development
2577,development
2578,development
2579,development
2580,development
2581,development
2582,test
2583,development
2584,test
2585,development
2586,development
2587,development
2588,development
2589,development
2590,development
2591,test
2592,test
2593,development
2594,development
2595,test
2596,development
2597,test
2598,development
2599,development
2600,development
2601,test
2602,test
2603,development
2604,development
2605,development
2606,development
2607,test
2608,development
2609,development
2610,development
2611,development
2612,development
2613,development
2614,development
2615,test
2616,development
2617,development
2618,development
2619,test
2620,development
2621,development
2622,development
2623,development
2624,development
2625,test
2626,test
2627,development
2628,development
2629,development
2630,development
2631,development
2632,development
2633,development
2634,development
2635,development
2636,development
2637,test
2638,development
2639,test
2640,development
2641,development
2642,test
2643,development
2644,development
2645,development
2646,development
2647,development
2648,development
2649,development
2650,development
2651,development
2652,test
2653,development
2654,test
2655,development
2656,test
2657,test
2658,development
2659,development
2660,development
2661,development
2662,development
2663,test
2664,development
2665,development
2666,development
2667,test
2668,development
2669,development
2670,test
2671,test
2672,development
2673,test
2674,development
2675,development
2676,development
2677,development
2678,development
2679,development
2680,test
2681,development
2682,development
2683,test
2684,development
2685,development
2686,development
2687,test
2688,test
2689,development
2690,test
2691,development
2692,development
2693,development
2694,development
2695,development
2696,development
2697,development
2698,development
2699,development
2700,development
2701,test
2702,test
2703,development
2704,development
2705,development
2706,development
2707,development
2708,test
2709,development
2710,development
2711,development
2712,test
2713,development
2714,development
2715,test
2716,development
2717,development
2718,development
2719,development
2720,development
2721,development
2722,development
2723,development
2724,development
2725,development
2726,development
2727,development
2728,development
2729,development
2730,development
2731,test
2732,development
2733,development
2734,development
2735,test
2736,test
2737,test
2738,development
2739,test
2740,test
2741,development
2742,test
2743,development
2744,development
2745,development
2746,development
2747,development
2748,development
2749,development
2750,development
2751,development
2752,test
2753,development
2754,development
2755,development
2756,development
2757,development
2758,test
2759,test
2760,development
2761,development
2762,development
2763,test
2764,development
2765,development
2766,test
2767,development
2768,development
2769,test
2770,development
2771,development
2772,development
2773,development
2774,test
2775,test
2776,test
2777,development
2778,development
2779,development
2780,test
2781,development
2782,development
2783,development
2784,test
2785,test
2786,development
2787,development
2788,development
2789,development
2790,development
2791,development
2792,development
2793,development
2794,development
2795,development
2796,development
2797,development
2798,test
2799,development
2800,development
2801,test
2802,development
2803,development
2804,development
2805,development
2806,test
2807,test
2808,test
2809,development
2810,development
2811,test
2812,development
2813,development
2814,development
2815,test
2816,development
2817,development
2818,test
2819,development
2820,development
2821,development
2822,development
2823,test
2824,development
2825,test
2826,development
2827,development
2828,test
2829,development
2830,development
2831,development
2832,test
2833,development
2834,development
2835,test
2836,development
2837,development
2838,test
2839,development
2840,development
2841,development
2842,test
2843,development
2844,development
2845,development
2846,development
2847,development
2848,development
2849,test
2850,development
2851,development
2852,development
2853,development
2854,development
2855,development
2856,development
2857,development
2858,test
2859,test
2860,development
2861,development
2862,development
2863,development
2864,development
2865,test
2866,development
2867,development
2868,development
2869,test
2870,development
2871,development
2872,development
2873,development
2874,development
2875,development
2876,development
2877,development
2878,development
2879,test
2880,development
2881,development
2882,development
2883,test
2884,test
2885,development
2886,test
2887,development
2888,development
2889,development
2890,development
2891,development
2892,development
2893,development
2894,development
2895,development
2896,development
2897,development
2898,development
2899,development
2900,development
2901,test
2902,development
2903,development
2904,development
2905,development
2906,development
2907,development
2908,development
2909,development
2910,development
2911,development
2912,development
2913,development
2914,test
2915,development
2916,development
2917,development
2918,test
2919,test
2920,development
2921,development
2922,development
2923,development
2924,development
2925,test
2926,development
2927,development
2928,test
2929,development
2930,development
2931,test
2932,development
2933,development
2934,development
2935,development
2936,development
2937,test
2938,development
2939,development
2940,development
2941,development
2942,development
2943,development
2944,development
2945,development
2946,test
2947,development
2948,development
2949,development
2950,development
2951,development
2952,test
2953,test
2954,development
2955,test
2956,development
2957,development
2958,development
2959,development
2960,development
2961,development
2962,development
2963,development
2964,development
2965,test
2966,development
2967,development
2968,development
2969,development
2970,development
2971,development
2972,development
2973,test
2974,development
2975,development
2976,development
2977,development
2978,development
2979,development
2980,development
2981,development
2982,development
2983,test
2984,development
2985,development
2986,development
2987,development
2988,development
2989,test
2990,development
2991,development
2992,development
2993,test
2994,test
2995,test
2996,development
2997,test
2998,development
2999,test
3000,test
3001,development
3002,test
3003,development
3004,test
3005,development
3006,development
3007,development
3008,development
3009,development
3010,test
3011,development
3012,development
3013,development
3014,development
3015,development
3016,test
3017,development
3018,development
3019,test
3020,development
3021,development
3022,development
3023,development
3024,development
3025,development
3026,test
3027,development
3028,development
3029,development
3030,development
3031,development
3032,development
3033,development
3034,development
3035,development
3036,development
3037,development
3038,development
3039,development
3040,development
3041,development
3042,development
3043,development
3044,development
3045,test
3046,development
3047,development
3048,development
3049,test
3050,test
3051,test
3052,development
3053,development
3054,development
3055,test
3056,test
3057,development
3058,development
3059,development
3060,test
3061,development
3062,development
3063,development
3064,development
3065,test
3066,development
3067,development
3068,development
3069,development
3070,development
3071,development
3072,development
3073,development
3074,development
3075,development
3076,development
3077,test
3078,test
3079,development
3080,development
3081,development
3082,development
3083,development
3084,development
3085,development
3086,development
3087,development
3088,development
3089,test
3090,development
3091,development
3092,development
3093,development
3094,test
3095,development
3096,development
3097,development
3098,development
3099,development
3100,test
3101,development
3102,development
3103,test
3104,development
3105,development
3106,development
3107,test
3108,development
3109,development
3110,development
3111,development
3112,development
3113,development
3114,development
3115,development
3116,development
3117,development
3118,development
3119,test
3120,test
3121,development
3122,development
3123,test
3124,development
3125,test
3126,development
3127,test
3128,development
3129,development
3130,development
3131,development
3132,development
3133,development
3134,development
3135,test
3136,test
3137,development
3138,development
3139,test
3140,test
3141,development
3142,test
3143,development
3144,test
3145,development
3146,development
3147,development
3148,development
3149,test
3150,development
3151,development
3152,test
3153,development
3154,development
3155,test
3156,test
3157,development
3158,development
3159,test
3160,test
3161,development
3162,development
3163,development
3164,development
3165,development
3166,development
3167,development
3168,development
3169,test
3170,development
3171,development
3172,development
3173,development
3174,test
3175,test
3176,test
3177,development
3178,test
3179,development
3180,test
3181,test
3182,development
3183,test
3184,development
3185,development
3186,development
3187,development
3188,test
3189,development
3190,development
3191,development
3192,test
3193,development
3194,development
3195,development
3196,development
3197,development
3198,development
3199,development
3200,development
3201,development
3202,development
3203,development
3204,test
3205,development
3206,development
3207,development
3208,development
3209,development
3210,development
3211,development
3212,development
3213,test
3214,development
3215,development
3216,development
3217,development
3218,test
3219,development
3220,development
3221,development
3222,test
3223,development
3224,development
3225,test
3226,test
3227,development
3228,development
3229,test
3230,development
3231,development
3232,development
3233,test
3234,development
3235,development
3236,development
3237,test
3238,development
3239,development
3240,development
3241,development
3242,test
3243,development
3244,development
3245,test
3246,development
3247,development
3248,development
3249,development
3250,development
3251,test
3252,test
3253,test
3254,development
3255,test
3256,development
3257,development
3258,development
3259,development
3260,development
3261,development
3262,development
3263,development
3264,development
3265,development
3266,development
3267,development
3268,development
3269,development
3270,test
3271,development
3272,development
3273,test
3274,development
3275,development
3276,development
3277,development
3278,development
3279,test
3280,development
3281,development
3282,development
3283,development
3284,development
3285,development
3286,development
3287,development
3288,development
3289,development
3290,development
3291,development
3292,test
3293,development
3294,test
3295,development
3296,test
3297,development
3298,development
3299,development
3300,development
3301,development
3302,test
3303,development
3304,development
3305,development
3306,development
3307,test
3308,development
3309,development
3310,development
3311,development
3312,test
3313,development
3314,development
3315,development
3316,development
3317,development
3318,development
3319,test
3320,test
3321,development
3322,test
3323,development
3324,development
3325,development
3326,development
3327,development
3328,development
3329,development
3330,test
3331,development
3332,development
3333,development
3334,development
3335,test
3336,development
3337,test
3338,development
3339,development
3340,development
3341,development
3342,test
3343,development
3344,development
3345,development
3346,development
3347,development
3348,development
3349,development
3350,development
3351,development
3352,development
3353,development
3354,development
3355,development
3356,development
3357,development
3358,test
3359,development
3360,development
3361,development
3362,development
3363,development
3364,development
3365,development
3366,development
3367,development
3368,development
3369,development
3370,development
3371,development
3372,test
3373,development
3374,development
3375,development
3376,development
3377,development
3378,development
3379,development
3380,development
3381,development
3382,development
3383,development
3384,development
3385,test
3386,development
3387,test
3388,development
3389,development
3390,development
3391,development
3392,development
3393,development
3394,development
3395,development
3396,development
3397,development
3398,development
3399,development
3400,development
3401,development
3402,development
3403,test
3404,test
3405,test
3406,development
3407,development
3408,development
3409,development
3410,development
3411,test
3412,development
3413,development
3414,development
3415,development
3416,test
3417,development
3418,test
3419,development
3420,development
3421,development
3422,development
3423,test
3424,test
3425,development
3426,development
3427,development
3428,development
3429,test
3430,development
3431,development
3432,development
3433,development
3434,development
3435,test
3436,development
3437,test
3438,development
3439,development
3440,development
3441,development
3442,development
3443,development
3444,development
3445,development
3446,development
3447,development
3448,development
3449,development
3450,development
3451,development
3452,development
3453,development
3454,development
3455,test
3456,development
3457,development
3458,test
3459,development
3460,test
3461,development
3462,test
3463,development
3464,development
3465,development
3466,development
3467,test
3468,development
3469,development
3470,test
3471,development
3472,test
3473,development
3474,development
3475,development
3476,development
3477,development
3478,test
3479,development
3480,test
3481,development
3482,test
3483,test
3484,test
3485,test
3486,development
3487,development
3488,test
3489,development
3490,development
3491,test
3492,development
3493,development
3494,development
3495,development
3496,development
3497,development
3498,development
3499,development
3500,development
3501,development
3502,test
3503,development
3504,development
3505,development
3506,development
3507,development
3508,development
3509,test
3510,development
3511,development
3512,development
3513,development
3514,development
3515,development
3516,development
3517,development
3518,development
3519,test
3520,development
3521,development
3522,development
3523,development
3524,development
3525,development
3526,development
3527,development
3528,development
3529,development
3530,test
3531,development
3532,development
3533,development
3534,test
3535,test
3536,development
3537,development
3538,development
3539,development
3540,development
3541,development
3542,test
3543,development
3544,development
3545,development
3546,development
3547,development
3548,development
3549,development
3550,test
3551,development
3552,development
3553,test
3554,development
3555,test
3556,development
3557,development
3558,development
3559,development
3560,development
3561,development
3562,development
3563,development
3564,test
3565,development
3566,development
3567,development
3568,development
3569,development
3570,development
3571,development
3572,development
3573,development
3574,development
3575,development
3576,development
3577,development
3578,development
3579,development
3580,development
3581,development
3582,development
3583,development
3584,development
3585,development
3586,development
3587,development
3588,development
3589,development
3590,development
3591,development
3592,development
3593,test
3594,development
3595,test
3596,development
3597,development
3598,test
3599,development
3600,development
3601,development
3602,test
3603,test
3604,development
3605,development
3606,development
3607,test
3608,development
3609,development
3610,development
3611,development
3612,development
3613,test
3614,development
3615,test
3616,development
3617,development
3618,development
3619,development
3620,development
3621,development
3622,development
3623,development
3624,test
3625,development
3626,development
3627,development
3628,test
3629,test
3630,development
3631,test
3632,test
3633,development
3634,test
3635,development
3636,development
3637,development
3638,development
3639,development
3640,development
3641,development
3642,development
3643,development
3644,development
3645,development
3646,development
3647,development
3648,development
3649,development
3650,development
3651,development
3652,development
3653,development
3654,test
3655,development
3656,development
3657,test
3658,test
3659,test
3660,development
3661,development
3662,development
3663,development
3664,development
3665,test
3666,test
3667,development
3668,development
3669,development
3670,development
3671,test
3672,development
3673,development
3674,development
3675,development
3676,development
3677,development
3678,development
3679,development
3680,development
3681,development
3682,development
3683,test
3684,development
3685,test
3686,development
3687,test
3688,development
3689,test
3690,development
3691,development
3692,test
3693,development
3694,development
3695,development
3696,development
3697,development
3698,development
3699,development
3700,development
3701,development
3702,test
3703,test
3704,development
3705,development
3706,development
3707,development
3708,development
3709,development
3710,development
3711,development
3712,development
3713,development
3714,development
3715,development
3716,test
3717,development
3718,development
3719,development
3720,development
3721,development
3722,development
3723,development
3724,development
3725,development
3726,development
3727,development
3728,development
3729,development
3730,development
3731,test
3732,development
3733,development
3734,development
3735,development
3736,test
3737,development
3738,test
3739,development
3740,development
3741,development
3742,development
3743,development
3744,development
3745,test
3746,development
3747,test
3748,development
3749,development
3750,development
3751,development
3752,development
3753,development
3754,development
3755,development
3756,test
3757,development
3758,development
3759,development
3760,development
3761,development
3762,development
3763,development
3764,development
3765,test
3766,test
3767,development
3768,development
3769,development
3770,development
3771,development
3772,development
3773,development
3774,test
3775,development
3776,development
3777,development
3778,development
3779,development
3780,development
3781,development
3782,test
3783,development
3784,development
3785,development
3786,development
3787,development
3788,development
3789,development
3790,test
3791,development
3792,development
3793,development
3794,development
3795,development
3796,development
3797,development
3798,development
3799,development
3800,development
3801,development
3802,development
3803,development
3804,test
3805,development
3806,development
3807,test
3808,development
3809,test
3810,test
3811,development
3812,development
3813,development
3814,development
3815,test
3816,development
3817,development
3818,development
3819,development
3820,development
3821,development
3822,development
3823,development
3824,test
3825,development
3826,development
3827,test
3828,development
3829,development
3830,development
3831,development
3832,development
3833,development
3834,test
3835,development
3836,development
3837,development
3838,development
3839,development
3840,test
3841,development
3842,development
3843,development
3844,development
3845,development
3846,development
3847,development
3848,development
3849,development
3850,development
3851,development
3852,development
3853,development
3854,development
3855,test
3856,development
3857,development
3858,development
3859,development
3860,development
3861,development
3862,test
3863,development
3864,development
3865,development
3866,development
3867,development
3868,development
3869,development
3870,test
3871,development
3872,development
3873,development
3874,development
3875,development
3876,development
3877,test
3878,test
3879,development
3880,development
3881,development
3882,development
3883,development
3884,development
3885,development
3886,development
3887,development
3888,development
3889,development
3890,development
3891,development
3892,test
3893,development
3894,development
3895,development
3896,development
3897,development
3898,development
3899,development
3900,development
3901,development
3902,development
3903,development
3904,test
3905,development
3906,test
3907,test
3908,development
3909,development
3910,development
3911,development
3912,development
3913,test
3914,development
3915,development
3916,development
3917,development
3918,development
3919,test
3920,development
3921,development
3922,development
3923,development
3924,test
3925,development
3926,development
3927,development
3928,test
3929,development
3930,development
3931,development
3932,test
3933,test
3934,development
3935,development
3936,development
3937,development
3938,development
3939,development
3940,development
3941,test
3942,development
3943,development
3944,development
3945,development
3946,development
3947,test
3948,development
3949,development
3950,development
3951,development
3952,development
3953,test
3954,development
3955,test
3956,development
3957,test
3958,development
3959,development
3960,development
3961,development
3962,test
3963,test
3964,development
3965,development
3966,development
3967,development
3968,development
3969,development
3970,development
3971,development
3972,development
3973,development
3974,development
3975,development
3976,development
3977,test
3978,test
3979,development
3980,development
3981,test
3982,development
3983,development
3984,test
3985,development
3986,development
3987,development
3988,development
3989,test
3990,test
3991,development
3992,development
3993,development
3994,development
3995,development
3996,development
3997,test
3998,test
3999,development
4000,development
4001,development
4002,development
4003,development
4004,development
4005,development
4006,development
4007,development
4008,development
4009,development
4010,test
4011,development
4012,development
4013,test
4014,development
4015,development
4016,development
4017,development
4018,development
4019,development
4020,test
4021,development
4022,development
4023,development
4024,development
4025,development
4026,development
4027,test
4028,development
4029,development
4030,test
4031,development
4032,development
4033,development
4034,development
4035,development
4036,test
4037,development
4038,development
4039,development
4040,development
4041,development
4042,development
4043,test
4044,development
4045,test
4046,development
4047,development
4048,development
4049,development
4050,development
4051,development
4052,development
4053,development
4054,development
4055,test
4056,test
4057,test
4058,development
4059,development
4060,development
4061,development
4062,development
4063,development
4064,development
4065,development
4066,development
4067,development
4068,test
4069,test
4070,test
4071,test
4072,development
4073,development
4074,development
4075,development
4076,test
4077,development
4078,development
4079,development
4080,development
4081,development
4082,test
4083,development
4084,development
4085,development
4086,development
4087,development
4088,development
4089,development
4090,test
4091,test
4092,development
4093,development
4094,development
4095,development
4096,test
4097,development
4098,development
4099,development
4100,development
4101,development
4102,test
4103,development
4104,development
4105,development
4106,development
4107,development
4108,development
4109,development
4110,development
4111,development
4112,development
4113,development
4114,development
4115,test
4116,development
4117,development
4118,development
4119,test
4120,test
4121,development
4122,test
4123,development
4124,development
4125,development
4126,development
4127,development
4128,development
4129,development
4130,development
4131,development
4132,development
4133,development
4134,development
4135,development
4136,test
4137,test
4138,test
4139,development
4140,development
4141,development
4142,development
4143,development
4144,development
4145,development
4146,development
4147,test
4148,test
4149,development
4150,development
4151,test
4152,development
4153,development
4154,development
4155,development
4156,development
4157,development
4158,development
4159,development
4160,development
4161,development
4162,development
4163,development
4164,development
4165,test
4166,development
4167,development
4168,test
4169,development
4170,development
4171,development
4172,test
4173,development
4174,development
4175,development
4176,development
4177,development
4178,development
4179,development
4180,development
4181,development
4182,test
4183,development
4184,development
4185,development
4186,test
4187,test
4188,development
4189,development
4190,development
4191,test
4192,test
4193,test
4194,development
4195,development
4196,development
4197,development
4198,development
4199,development
4200,development
4201,development
4202,development
4203,development
4204,development
4205,test
4206,development
4207,development
4208,development
4209,test
4210,development
4211,test
4212,development
4213,development
4214,development
4215,development
4216,development
4217,development
4218,development
4219,development
4220,development
4221,development
4222,development
4223,development
4224,development
4225,test
4226,development
4227,development
4228,development
4229,development
4230,development
4231,development
4232,development
4233,development
4234,development
4235,test
4236,development
4237,development
4238,development
4239,development
4240,test
4241,development
4242,test
4243,development
4244,test
4245,development
4246,development
4247,development
4248,development
4249,development
4250,development
4251,development
4252,development
4253,development
4254,development
4255,test
4256,development
4257,development
4258,development
4259,development
4260,development
4261,development
4262,development
4263,development
4264,development
4265,test
4266,test
4267,development
4268,development
4269,development
4270,development
4271,development
4272,development
4273,development
4274,development
4275,development
4276,development
4277,development
4278,development
4279,development
4280,development
4281,development
4282,test
4283,development
4284,test
4285,development
4286,development
4287,development
4288,development
4289,development
4290,development
4291,test
4292,development
4293,development
4294,development
4295,test
4296,development
4297,development
4298,development
4299,test
4300,development
4301,test
4302,development
4303,development
4304,development
4305,development
4306,development
4307,development
4308,development
4309,development
4310,development
4311,development
4312,development
4313,development
4314,development
4315,development
4316,development
4317,development
4318,test
4319,development
4320,development
4321,test
4322,development
4323,development
4324,development
4325,development
4326,development
4327,development
4328,development
4329,development
4330,development
4331,development
4332,development
4333,development
4334,development
4335,development
4336,development
4337,development
4338,development
4339,development
4340,development
4341,development
4342,development
4343,test
4344,development
4345,development
4346,development
4347,test
4348,development
4349,development
4350,development
4351,development
4352,development
4353,development
4354,development
4355,development
4356,development
4357,development
4358,development
4359,development
4360,development
4361,development
4362,development
4363,development
4364,development
4365,development
4366,development
4367,development
4368,development
4369,development
4370,test
4371,test
4372,development
4373,development
4374,development
4375,development
4376,test
4377,development
4378,development
4379,development
4380,development
4381,development
4382,development
4383,development
4384,development
4385,development
4386,development
4387,development
4388,test
4389,development
4390,development
4391,development
4392,development
4393,test
4394,test
4395,development
4396,development
4397,development
4398,test
4399,test
4400,development
4401,development
4402,test
4403,development
4404,test
4405,development
4406,development
4407,development
4408,development
4409,development
4410,test
4411,development
4412,development
4413,development
4414,test
4415,development
4416,development
4417,development
4418,development
4419,development
4420,test
4421,development
4422,development
4423,development
4424,development
4425,development
4426,development
4427,development
4428,development
4429,development
4430,development
4431,development
4432,development
4433,test
4434,development
4435,test
4436,development
4437,development
4438,development
4439,development
4440,development
4441,test
4442,test
4443,test
4444,test
4445,development
4446,test
4447,development
4448,development
4449,development
4450,development
4451,test
4452,development
4453,development
4454,test
4455,development
4456,development
4457,test
4458,development
4459,development
4460,development
4461,development
4462,development
4463,development
4464,development
4465,development
4466,test
4467,development
4468,development
4469,development
4470,development
4471,development
4472,development
4473,development
4474,development
4475,development
4476,development
4477,development
4478,development
4479,development
4480,development
4481,development
4482,development
4483,development
4484,development
4485,development
4486,test
4487,development
4488,development
4489,test
4490,development
4491,development
4492,development
4493,development
4494,test
4495,development
4496,test
4497,test
4498,development
4499,development
4500,development
4501,development
4502,development
4503,test
4504,development
4505,test
4506,development
4507,test
4508,development
4509,development
4510,development
4511,test
4512,development
4513,development
4514,development
4515,test
4516,development
4517,development
4518,development
4519,development
4520,development
4521,development
4522,development
4523,development
4524,development
4525,development
4526,development
4527,development
4528,test
4529,development
4530,development
4531,development
4532,development
4533,development
4534,development
4535,development
4536,development
4537,development
4538,development
4539,development
4540,development
4541,development
4542,test
4543,development
4544,development
4545,development
4546,development
4547,development
4548,development
4549,development
4550,development
4551,test
4552,development
4553,development
4554,development
4555,development
4556,test
4557,development
4558,development
4559,development
4560,development
4561,development
4562,development
4563,development
4564,development
4565,development
4566,development
4567,development
4568,development
4569,development
4570,test
4571,development
4572,development
4573,test
4574,development
4575,development
4576,development
4577,test
4578,development
4579,development
4580,development
4581,development
4582,development
4583,development
4584,development
4585,development
4586,development
4587,development
4588,development
4589,test
4590,development
4591,development
4592,development
4593,development
4594,development
4595,development
4596,development
4597,development
4598,test
4599,development
4600,development
4601,development
4602,development
4603,development
4604,development
4605,development
4606,development
4607,development
4608,development
4609,development
4610,test
4611,development
4612,development
4613,test
4614,development
4615,development
4616,development
4617,development
4618,development
4619,development
4620,development
4621,development
4622,development
4623,development
4624,development
4625,development
4626,development
4627,development
4628,development
4629,development
4630,development
4631,development
4632,development
4633,development
4634,development
4635,test
4636,development
4637,development
4638,test
4639,test
4640,test
4641,development
4642,test
4643,development
4644,development
4645,development
4646,development
4647,development
4648,test
4649,development
4650,development
4651,test
4652,development
4653,development
4654,development
4655,test
4656,development
4657,development
4658,development
4659,development
4660,development
4661,development
4662,development
4663,development
4664,development
4665,development
4666,development
4667,development
4668,test
4669,development
4670,development
4671,development
4672,development
4673,development
4674,development
4675,development
4676,development
4677,development
4678,development
4679,development
4680,development
4681,test
4682,development
4683,test
4684,development
4685,development
4686,development
4687,test
4688,development
4689,development
4690,test
4691,development
4692,test
4693,development
4694,test
4695,development
4696,development
4697,test
4698,development
4699,development
4700,development
4701,development
4702,development
4703,test
4704,development
4705,test
4706,test
4707,development
4708,development
4709,development
4710,development
4711,development
4712,development
4713,test
4714,development
4715,development
4716,development
4717,development
4718,development
4719,development
4720,development
4721,test
4722,development
4723,development
4724,development
4725,development
4726,development
4727,development
4728,development
4729,development
4730,development
4731,test
4732,development
4733,development
4734,development
4735,development
4736,development
4737,test
4738,development
4739,development
4740,test
4741,development
4742,development
4743,development
4744,test
4745,development
4746,development
4747,development
4748,test
4749,development
4750,development
4751,development
4752,development
4753,development
4754,development
4755,development
4756,development
4757,development
4758,development
4759,development
4760,development
4761,development
4762,development
4763,test
4764,development
4765,development
4766,development
4767,development
4768,development
4769,test
4770,development
4771,development
4772,development
4773,development
4774,development
4775,development
4776,development
4777,development
4778,development
4779,test
4780,development
4781,test
4782,development
4783,development
4784,development
4785,test
4786,development
4787,development
4788,development
4789,development
4790,development
4791,development
4792,development
4793,development
4794,development
4795,development
4796,development
4797,development
4798,development
4799,development
4800,development
4801,development
4802,development
4803,development
4804,test
4805,development
4806,development
4807,development
4808,development
4809,test
4810,test
4811,development
4812,development
4813,development
4814,development
4815,development
4816,development
4817,test
4818,development
4819,development
4820,development
4821,development
4822,development
4823,development
4824,development
4825,development
4826,test
4827,development
4828,development
4829,development
4830,development
4831,development
4832,development
4833,development
4834,development
4835,development
4836,development
4837,development
4838,test
4839,test
4840,development
4841,development
4842,development
4843,test
4844,development
4845,development
4846,development
4847,test
4848,test
4849,development
4850,development
4851,development
4852,development
4853,development
4854,development
4855,development
4856,development
4857,development
4858,development
4859,test
4860,development
4861,development
4862,development
4863,development
4864,development
4865,development
4866,development
4867,development
4868,development
4869,test
4870,development
4871,development
4872,development
4873,development
4874,development
4875,development
4876,development
4877,development
4878,development
4879,development
4880,development
4881,development
4882,development
4883,development
4884,development
4885,development
4886,development
4887,development
4888,development
4889,development
4890,development
4891,development
4892,test
4893,development
4894,development
4895,development
4896,development
4897,test
4898,development
4899,development
4900,development
4901,development
4902,development
4903,development
4904,test
4905,development
4906,development
4907,test
4908,development
4909,development
4910,development
4911,development
4912,development
4913,development
4914,development
4915,development
4916,test
4917,development
4918,test
4919,development
4920,development
4921,development
4922,development
4923,development
4924,development
4925,development
4926,development
4927,development
4928,development
4929,development
4930,development
4931,development
4932,development
4933,development
4934,development
4935,development
4936,development
4937,development
4938,development
4939,test
4940,development
4941,development
4942,development
4943,development
4944,development
4945,development
4946,development
4947,development
4948,development
4949,development
4950,development
4951,development
4952,test
4953,development
4954,test
4955,development
4956,test
4957,development
4958,test
4959,development
4960,development
4961,development
4962,development
4963,development
4964,development
4965,development
4966,development
4967,development
4968,development
4969,development
4970,development
4971,development
4972,test
4973,development
4974,development
4975,development
4976,development
4977,development
4978,test
4979,development
4980,development
4981,development
4982,development
4983,development
4984,development
4985,development
4986,development
4987,test
4988,development
4989,development
4990,development
4991,development
4992,development
4993,development
4994,development
4995,development
4996,development
4997,development
4998,development
4999,development
5000,development
5001,development
5002,development
5003,development
5004,development
5005,test
5006,development
5007,development
5008,development
5009,development
5010,development
5011,development
5012,development
5013,development
5014,test
5015,test
5016,development
5017,development
5018,test
5019,development
5020,development
5021,test
5022,development
5023,development
5024,development
5025,test
5026,development
5027,test
5028,test
5029,development
5030,development
5031,development
5032,test
5033,test
5034,test
5035,development
5036,development
5037,test
5038,development
5039,development
5040,development
5041,development
5042,test
5043,development
5044,development
5045,test
5046,development
5047,development
5048,development
5049,development
5050,development
5051,development
5052,test
5053,development
5054,development
5055,test
5056,development
5057,development
5058,development
5059,development
5060,development
5061,test
5062,test
5063,development
5064,development
5065,development
5066,development
5067,development
5068,development
5069,development
5070,development
5071,development
5072,development
5073,development
5074,development
5075,development
5076,development
5077,development
5078,development
5079,development
5080,development
5081,development
5082,development
5083,development
5084,development
5085,development
5086,development
5087,development
5088,development
5089,test
5090,development
5091,development
5092,development
5093,development
5094,development
5095,development
5096,development
5097,development
5098,test
5099,development
5100,development
5101,development
5102,development
5103,development
5104,development
5105,development
5106,development
5107,test
5108,development
5109,development
5110,development
5111,development
5112,development
5113,test
5114,development
5115,test
5116,development
5117,test
5118,development
5119,development
5120,development
5121,test
5122,development
5123,development
5124,development
5125,development
5126,development
5127,development
5128,development
5129,development
5130,development
5131,development
5132,development
5133,development
5134,development
5135,development
5136,development
5137,development
5138,development
5139,test
5140,development
5141,development
5142,development
5143,development
5144,development
5145,development
5146,development
5147,development
5148,development
5149,development
5150,test
5151,development
5152,development
5153,development
5154,development
5155,development
5156,development
5157,development
5158,development
5159,development
5160,development
5161,development
5162,development
5163,test
5164,development
5165,development
5166,development
5167,development
5168,development
5169,development
5170,development
5171,development
5172,development
5173,development
5174,development
5175,development
5176,development
5177,development
5178,development
5179,test
5180,development
5181,development
5182,development
5183,development
5184,development
5185,development
5186,development
5187,development
5188,test
5189,development
5190,test
5191,development
5192,development
5193,test
5194,development
5195,development
5196,development
5197,development
5198,development
5199,development
5200,development
5201,development
5202,development
5203,development
5204,development
5205,development
5206,development
5207,development
5208,development
5209,test
5210,test
5211,test
5212,development
5213,test
5214,development
5215,development
5216,development
5217,development
5218,development
5219,development
5220,test
5221,development
5222,development
5223,development
5224,development
5225,development
5226,development
5227,development
5228,test
5229,development
5230,development
5231,test
5232,development
5233,test
5234,development
5235,test
5236,development
5237,development
5238,development
5239,test
5240,development
5241,development
5242,development
5243,development
5244,development
5245,development
5246,development
5247,development
5248,development
5249,development
5250,development
5251,development
5252,development
5253,development
5254,test
5255,development
5256,development
5257,development
5258,development
5259,development
5260,development
5261,development
5262,development
5263,development
5264,development
5265,development
5266,development
5267,development
5268,test
5269,development
5270,development
5271,development
5272,test
5273,test
5274,development
5275,test
5276,development
5277,development
5278,development
5279,test
5280,test
5281,development
5282,test
5283,development
5284,development
5285,test
5286,development
5287,development
5288,test
5289,development
5290,test
5291,development
5292,development
5293,development
5294,development
5295,development
5296,development
5297,development
5298,development
5299,test
5300,development
5301,development
5302,development
5303,test
5304,development
5305,development
5306,development
5307,test
5308,development
5309,development
5310,test
5311,development
5312,development
5313,development
5314,test
5315,test
5316,test
5317,development
5318,test
5319,development
5320,test
5321,development
5322,development
5323,development
5324,test
5325,development
5326,development
5327,test
5328,test
5329,development
5330,development
5331,development
5332,development
5333,development
5334,development
5335,development
5336,development
5337,test
5338,test
5339,development
5340,development
5341,test
5342,development
5343,development
5344,development
5345,development
5346,development
5347,development
5348,development
5349,development
5350,test
5351,test
5352,development
5353,development
5354,test
5355,development
5356,development
5357,development
5358,development
5359,development
5360,development
5361,development
5362,development
5363,development
5364,test
5365,development
5366,development
5367,development
5368,development
5369,development
5370,development
5371,development
5372,development
5373,development
5374,development
5375,development
5376,development
5377,development
5378,development
5379,development
5380,development
5381,development
5382,test
5383,development
5384,development
5385,development
5386,development
5387,development
5388,development
5389,test
5390,development
5391,development
5392,development
5393,development
5394,development
5395,development
5396,test
5397,development
5398,development
5399,development
5400,development
5401,test
5402,development
5403,test
5404,development
5405,test
5406,development
5407,development
5408,development
5409,development
5410,test
5411,development
5412,development
5413,development
5414,development
5415,development
5416,test
5417,development
5418,development
5419,test
5420,development
5421,test
5422,development
5423,development
5424,development
5425,test
5426,development
5427,development
5428,development
5429,development
5430,development
5431,development
5432,development
5433,development
5434,development
5435,development
5436,test
5437,development
5438,development
5439,development
5440,development
5441,development
5442,development
5443,development
5444,development
5445,test
5446,test
5447,development
5448,development
5449,development
5450,development
5451,test
5452,test
5453,development
5454,development
5455,development
5456,development
5457,development
5458,development
5459,test
5460,development
5461,development
5462,development
5463,development
5464,development
5465,test
5466,test
5467,development
5468,development
5469,development
5470,development
5471,development
5472,development
5473,development
5474,development
5475,development
5476,development
5477,development
5478,development
5479,development
5480,test
5481,development
5482,development
5483,test
5484,development
5485,development
5486,development
5487,development
5488,test
5489,development
5490,test
5491,development
5492,test
5493,development
5494,development
5495,development
5496,development
5497,development
5498,development
5499,development
5500,development
5501,development
5502,development
5503,development
5504,test
5505,development
5506,development
5507,development
5508,test
5509,development
5510,development
5511,development
5512,development
5513,development
5514,development
5515,development
5516,development
5517,development
5518,development
5519,test
5520,development
5521,development
5522,development
5523,development
5524,test
5525,development
5526,development
5527,development
5528,development
5529,development
5530,development
5531,development
5532,development
5533,test
5534,test
5535,development
5536,development
5537,test
5538,development
5539,development
5540,development
5541,test
5542,development
5543,development
5544,development
5545,test
5546,development
5547,test
5548,development
5549,development
5550,development
5551,development
5552,development
5553,test
5554,development
5555,development
5556,test
5557,development
5558,development
5559,development
5560,development
5561,development
5562,development
5563,development
5564,development
5565,test
5566,development
5567,test
5568,development
5569,development
5570,development
5571,development
5572,test
5573,test
5574,development
5575,development
5576,development
5577,development
5578,test
5579,development
5580,development
5581,development
5582,development
5583,test
5584,development
5585,development
5586,development
5587,development
5588,development
5589,development
5590,test
5591,test
5592,development
5593,development
5594,development
5595,development
5596,development
5597,development
5598,development
5599,development
5600,test
5601,test
5602,development
5603,development
5604,development
5605,development
5606,test
5607,development
5608,development
5609,development
5610,development
5611,development
5612,test
5613,development
5614,development
5615,development
5616,development
5617,development
5618,test
5619,development
5620,development
5621,test
5622,development
5623,development
5624,development
5625,development
5626,test
5627,test
5628,development
5629,development
5630,development
5631,development
5632,development
5633,test
5634,development
5635,test
5636,development
5637,development
5638,development
5639,test
5640,development
5641,test
5642,development
5643,development
5644,development
5645,test
5646,test
5647,development
5648,development
5649,development
5650,development
5651,development
5652,development
5653,development
5654,development
5655,development
5656,test
5657,test
5658,test
5659,development
5660,test
5661,development
5662,development
5663,test
5664,development
5665,development
5666,development
5667,development
5668,development
5669,test
5670,development
5671,development
5672,development
5673,development
5674,development
5675,test
5676,development
5677,development
5678,development
5679,development
5680,development
5681,development
5682,development
5683,development
5684,development
5685,test
5686,development
5687,development
5688,development
5689,test
5690,development
5691,development
5692,test
5693,development
5694,test
5695,development
5696,test
5697,test
5698,development
5699,development
5700,development
5701,development
5702,development
5703,test
5704,test
5705,development
5706,development
5707,development
5708,development
5709,development
5710,development
5711,development
5712,development
5713,development
5714,development
5715,development
5716,development
5717,test
5718,development
5719,development
5720,test
5721,development
5722,test
5723,development
5724,development
5725,development
5726,development
5727,development
5728,development
5729,development
5730,development
5731,development
5732,development
5733,development
5734,development
5735,test
5736,development
5737,development
5738,development
5739,development
5740,development
5741,development
5742,test
5743,development
5744,development
5745,development
5746,development
5747,development
5748,development
5749,development
5750,test
5751,test
5752,development
5753,development
5754,development
5755,development
5756,test
5757,development
5758,development
5759,development
5760,development
5761,development
5762,test
5763,development
5764,development
5765,development
5766,development
5767,development
5768,test
5769,development
5770,development
5771,development
5772,test
5773,development
5774,development
5775,development
5776,development
5777,development
5778,development
5779,development
5780,development
5781,development
5782,test
5783,development
5784,development
5785,test
5786,development
5787,test
5788,development
5789,development
5790,development
5791,development
5792,test
5793,test
5794,development
5795,test
5796,development
5797,test
5798,development
5799,test
5800,development
5801,development
5802,development
5803,development
5804,development
5805,development
5806,test
5807,development
5808,development
5809,test
5810,development
5811,development
5812,test
5813,development
5814,development
5815,development
5816,development
5817,development
5818,development
5819,development
5820,development
5821,test
5822,test
5823,development
5824,development
5825,development
5826,test
5827,development
5828,development
5829,development
5830,test
5831,test
5832,test
5833,test
5834,test
5835,development
5836,development
5837,test
5838,test
5839,development
5840,development
5841,development
5842,development
5843,development
5844,development
5845,development
5846,development
5847,test
5848,development
5849,development
5850,development
5851,test
5852,development
5853,development
5854,development
5855,development
5856,development
5857,development
5858,development
5859,test
5860,test
5861,test
5862,test
5863,test
5864,development
5865,development
5866,development
5867,development
5868,development
5869,development
5870,development
5871,development
5872,development
5873,development
5874,development
5875,test
5876,development
5877,development
5878,development
5879,development
5880,test
5881,development
5882,development
5883,development
5884,test
5885,development
5886,development
5887,development
5888,development
5889,development
5890,test
5891,development
5892,development
5893,development
5894,development
5895,test
5896,development
5897,development
5898,development
5899,development
5900,development
5901,test
5902,development
5903,development
5904,development
5905,development
5906,development
5907,development
5908,development
5909,development
5910,development
5911,test
5912,development
5913,development
5914,test
5915,test
5916,development
5917,development
5918,development
5919,development
5920,development
5921,test
5922,development
5923,development
5924,development
5925,development
5926,test
5927,development
5928,test
5929,development
5930,development
5931,development
5932,development
5933,test
5934,development
5935,test
5936,test
5937,development
5938,development
5939,development
5940,test
5941,test
5942,development
5943,development
5944,development
5945,development
5946,development
5947,development
5948,development
5949,development
5950,development
5951,test
5952,development
5953,development
5954,development
5955,development
5956,development
5957,development
5958,development
5959,development
5960,development
5961,development
5962,development
5963,development
5964,development
5965,development
5966,development
5967,development
5968,development
5969,development
5970,development
5971,development
5972,development
5973,development
5974,development
5975,development
5976,development
5977,development
5978,development
5979,development
5980,development
5981,development
5982,development
5983,test
5984,development
5985,development
5986,development
5987,test
5988,development
5989,development
5990,development
5991,development
5992,test
5993,development
5994,test
5995,test
5996,test
5997,development
5998,test
5999,development
6000,test
6001,development
6002,development
6003,test
6004,development
6005,development
6006,development
6007,development
6008,test
6009,test
6010,development
6011,development
6012,test
6013,development
6014,test
6015,development
6016,development
6017,development
6018,development
6019,development
6020,development
6021,development
6022,development
6023,development
6024,development
6025,development
6026,development
6027,development
6028,development
6029,development
6030,development
6031,development
6032,development
6033,development
6034,development
6035,development
6036,development
6037,development
6038,development
6039,development
6040,development
6041,test
6042,development
6043,development
6044,test
6045,development
6046,development
6047,development
6048,development
6049,test
6050,development
6051,development
6052,test
6053,development
6054,development
6055,test
6056,development
6057,development
6058,development
6059,test
6060,development
6061,development
6062,development
6063,development
6064,development
6065,development
6066,development
6067,development
6068,test
6069,test
6070,test
6071,development
6072,development
6073,development
6074,development
6075,development
6076,development
6077,development
6078,development
6079,development
6080,development
6081,test
6082,test
6083,development
6084,development
6085,development
6086,development
6087,test
6088,development
6089,development
6090,development
6091,test
6092,development
6093,development
6094,development
6095,development
6096,development
6097,test
6098,development
6099,development
6100,development
6101,development
6102,development
6103,development
6104,development
6105,development
6106,development
6107,test
6108,development
6109,development
6110,development
6111,test
6112,development
6113,test
6114,development
6115,development
6116,development
6117,development
6118,development
6119,development
6120,development
6121,development
6122,development
6123,test
6124,development
6125,development
6126,development
6127,development
6128,development
6129,development
6130,development
6131,development
6132,development
6133,development
6134,test
6135,development
6136,development
6137,development
6138,development
6139,development
6140,development
6141,development
6142,test
6143,development
6144,development
6145,test
6146,development
6147,development
6148,test
6149,development
6150,development
6151,test
6152,test
6153,test
6154,development
6155,development
6156,development
6157,test
6158,development
6159,development
6160,development
6161,development
6162,development
6163,development
6164,development
6165,development
6166,development
6167,development
6168,development
6169,development
6170,development
6171,test
6172,development
6173,development
6174,test
6175,development
6176,development
6177,development
6178,development
6179,test
6180,development
6181,development
6182,development
6183,development
6184,test
6185,development
6186,development
6187,development
6188,test
6189,development
6190,development
6191,test
6192,development
6193,development
6194,development
6195,test
6196,development
6197,development
6198,development
6199,development
6200,development
6201,development
6202,test
6203,test
6204,development
6205,development
6206,development
6207,development
6208,development
6209,development
6210,development
6211,development
6212,development
6213,development
6214,test
6215,development
6216,development
6217,development
6218,development
6219,development
6220,development
6221,development
6222,test
6223,development
6224,development
6225,development
6226,development
6227,development
6228,development
6229,test
6230,development
6231,test
6232,development
6233,development
6234,development
6235,development
6236,test
6237,development
6238,test
6239,development
6240,development
6241,test
6242,development
6243,development
6244,test
6245,development
6246,test
6247,development
6248,development
6249,test
6250,development
6251,development
6252,development
6253,test
6254,development
6255,development
6256,test
6257,test
6258,development
6259,development
6260,test
6261,development
6262,development
6263,development
6264,development
6265,test
6266,development
6267,test
6268,development
6269,development
6270,development
6271,development
6272,development
6273,development
6274,development
6275,development
6276,development
6277,development
6278,development
6279,test
6280,development
6281,development
6282,development
6283,development
6284,development
6285,development
6286,development
6287,development
6288,development
6289,test
6290,test
6291,development
6292,development
6293,development
6294,development
6295,development
6296,test
6297,test
6298,development
6299,development
6300,development
6301,test
6302,development
6303,development
6304,development
6305,test
6306,development
6307,test
6308,development
6309,test
6310,development
6311,development
6312,development
6313,development
6314,development
6315,test
6316,development
6317,development
6318,development
6319,development
6320,development
6321,development
6322,development
6323,development
6324,development
6325,development
6326,development
6327,development
6328,development
6329,development
6330,development
6331,development
6332,development
6333,development
6334,development
6335,development
6336,development
6337,development
6338,development
6339,development
6340,development
6341,development
6342,development
6343,development
6344,test
6345,test
6346,development
6347,development
6348,development
6349,test
6350,development
6351,development
6352,development
6353,development
6354,test
6355,test
6356,test
6357,development
6358,test
6359,development
6360,test
6361,development
6362,development
6363,development
6364,development
6365,development
6366,development
6367,development
6368,development
6369,development
6370,development
6371,test
6372,development
6373,test
6374,test
6375,development
6376,development
6377,development
6378,test
6379,development
6380,development
6381,development
6382,development
6383,test
6384,development
6385,test
6386,test
6387,test
6388,development
6389,development
6390,development
6391,development
6392,development
6393,development
6394,development
6395,development
6396,test
6397,development
6398,development
6399,test
6400,development
6401,development
6402,test
6403,development
6404,development
6405,development
6406,development
6407,development
6408,development
6409,test
6410,test
6411,test
6412,development
6413,development
6414,test
6415,development
6416,development
6417,development
6418,development
6419,development
6420,development
6421,development
6422,development
6423,development
6424,development
6425,development
6426,test
6427,development
6428,development
6429,development
6430,development
6431,development
6432,development
6433,development
6434,development
6435,development
6436,development
6437,development
6438,development
6439,test
6440,development
6441,development
6442,development
6443,development
6444,development
6445,development
6446,test
6447,test
6448,development
6449,test
6450,development
6451,development
6452,development
6453,development
6454,test
6455,development
6456,development
6457,development
6458,development
6459,test
6460,test
6461,development
6462,test
6463,development
6464,development
6465,test
6466,test
6467,development
6468,development
6469,development
6470,test
6471,development
6472,test
6473,development
6474,test
6475,development
6476,development
6477,test
6478,development
6479,development
6480,development
6481,development
6482,development
6483,test
6484,development
6485,development
6486,test
6487,development
6488,test
6489,development
6490,development
6491,test
6492,test
6493,development
6494,development
6495,development
6496,test
6497,development
6498,test
6499,test
6500,development
6501,test
6502,development
6503,test
6504,test
6505,test
6506,development
6507,development
6508,development
6509,test
6510,development
6511,development
6512,development
6513,development
6514,development
6515,test
6516,development
6517,test
6518,development
6519,development
6520,development
6521,development
6522,development
6523,development
6524,development
6525,development
6526,development
6527,development
6528,development
6529,development
6530,development
6531,development
6532,test
6533,development
6534,development
6535,development
6536,test
6537,development
6538,development
6539,test
6540,development
6541,development
6542,development
6543,development
6544,test
6545,development
6546,test
6547,test
6548,development
6549,development
6550,development
6551,development
6552,development
6553,development
6554,development
6555,development
6556,development
6557,development
6558,development
6559,development
6560,development
6561,development
6562,development
6563,development
6564,development
6565,development
6566,development
6567,development
6568,development
6569,test
6570,development
6571,development
6572,development
6573,development
6574,development
6575,development
6576,development
6577,test
6578,development
6579,development
6580,development
6581,development
6582,development
6583,test
6584,development
6585,test
6586,development
6587,test
6588,development
6589,development
6590,development
6591,development
6592,development
6593,development
6594,test
6595,test
6596,development
6597,development
6598,development
6599,development
6600,test
6601,development
6602,development
6603,development
6604,test
6605,development
6606,test
6607,development
6608,development
6609,test
6610,development
6611,test
6612,test
6613,test
6614,development
6615,development
6616,development
6617,test
6618,test
6619,development
6620,development
6621,test
6622,development
6623,development
6624,development
6625,development
6626,development
6627,test
6628,development
6629,development
6630,development
6631,development
6632,development
6633,test
6634,test
6635,development
6636,development
6637,development
6638,development
6639,development
6640,development
6641,development
6642,development
6643,development
6644,development
6645,development
6646,test
6647,development
6648,development
6649,development
6650,development
6651,test
6652,development
6653,development
6654,development
6655,development
6656,development
6657,development
6658,development
6659,development
6660,test
6661,development
6662,development
6663,development
6664,test
6665,development
6666,development
6667,development
6668,development
6669,test
6670,development
6671,test
6672,development
6673,development
6674,test
6675,development
6676,test
6677,development
6678,development
6679,development
6680,development
6681,development
6682,development
6683,test
6684,development
6685,development
6686,test
6687,development
6688,test
6689,development
6690,development
6691,development
6692,test
6693,development
6694,development
6695,development
6696,development
6697,development
6698,development
6699,development
6700,development
6701,development
6702,development
6703,test
6704,development
6705,development
6706,development
6707,development
6708,development
6709,test
6710,development
6711,development
6712,development
6713,development
6714,development
6715,development
6716,development
6717,development
6718,development
6719,test
6720,development
6721,development
6722,test
6723,development
6724,development
6725,test
6726,test
6727,test
6728,development
6729,development
6730,development
6731,test
6732,development
6733,test
6734,development
6735,development
6736,test
6737,development
6738,test
6739,development
6740,development
6741,development
6742,development
6743,development
6744,development
6745,development
6746,development
6747,development
6748,test
6749,development
6750,development
6751,development
6752,development
6753,development
6754,development
6755,development
6756,development
6757,development
6758,development
6759,test
6760,development
6761,development
6762,development
6763,development
6764,development
6765,test
6766,development
6767,development
6768,development
6769,test
6770,development
6771,development
6772,development
6773,development
6774,development
6775,development
6776,development
6777,test
6778,development
6779,development
6780,development
6781,development
6782,development
6783,test
6784,development
6785,development
6786,development
6787,development
6788,development
6789,development
6790,test
6791,development
6792,development
6793,development
6794,test
6795,test
6796,development
6797,development
6798,test
6799,test
6800,development
6801,development
6802,development
6803,test
6804,development
6805,development
6806,test
6807,development
6808,development
6809,test
6810,development
6811,development
6812,development
6813,development
6814,development
6815,development
6816,development
6817,development
6818,development
6819,development
6820,development
6821,development
6822,development
6823,development
6824,development
6825,development
6826,development
6827,development
6828,development
6829,development
6830,development
6831,development
6832,test
6833,development
6834,development
6835,development
6836,development
6837,development
6838,development
6839,development
6840,test
6841,development
6842,development
6843,development
6844,development
6845,development
6846,test
6847,development
6848,development
6849,development
6850,development
6851,development
6852,development
6853,development
6854,development
6855,development
6856,development
6857,development
6858,development
6859,development
6860,development
6861,development
6862,development
6863,development
6864,development
6865,development
6866,test
6867,development
6868,development
6869,development
6870,development
6871,development
6872,development
6873,development
6874,development
6875,development
6876,development
6877,development
6878,development
6879,test
6880,test
6881,development
6882,development
6883,development
6884,development
6885,development
6886,development
6887,development
6888,development
6889,test
6890,test
6891,test
6892,development
6893,development
6894,test
6895,test
6896,development
6897,development
6898,development
6899,development
6900,development
6901,development
6902,development
6903,development
6904,test
6905,development
6906,development
6907,development
6908,development
6909,development
6910,test
6911,development
6912,development
6913,test
6914,development
6915,development
6916,development
6917,development
6918,test
6919,test
6920,development
6921,development
6922,development
6923,development
6924,development
6925,development
6926,test
6927,development
6928,development
6929,development
6930,development
6931,development
6932,development
6933,development
6934,development
6935,development
6936,test
6937,development
6938,development
6939,test
6940,development
6941,development
6942,development
6943,development
6944,development
6945,development
6946,development
6947,development
6948,development
6949,development
6950,development
6951,development
6952,test
6953,development
6954,development
6955,development
6956,development
6957,development
6958,development
6959,development
6960,development
6961,development
6962,development
6963,development
6964,test
6965,development
6966,development
6967,development
6968,development
6969,development
6970,development
6971,development
6972,development
6973,development
6974,development
6975,test
6976,development
6977,development
6978,development
6979,development
6980,development
6981,development
6982,development
6983,development
6984,development
6985,development
6986,development
6987,development
6988,development
6989,test
6990,development
6991,development
6992,development
6993,development
6994,development
6995,development
6996,development
6997,development
6998,development
6999,development
7000,test
7001,test
7002,development
7003,development
7004,development
7005,development
7006,development
7007,development
7008,development
7009,development
7010,development
7011,test
7012,test
7013,development
7014,development
7015,development
7016,development
7017,development
7018,test
7019,development
7020,test
7021,development
7022,test
7023,development
7024,development
7025,development
7026,development
7027,test
7028,development
7029,development
7030,development
7031,development
7032,development
7033,test
7034,development
7035,development
7036,development
7037,test
7038,development
7039,test
7040,test
7041,test
7042,development
7043,development
7044,development
7045,test
7046,development
7047,test
7048,development
7049,development
7050,development
7051,development
7052,development
7053,development
7054,development
7055,development
7056,development
7057,development
7058,development
7059,development
7060,development
7061,development
7062,development
7063,development
7064,development
7065,development
7066,development
7067,development
7068,test
7069,development
7070,development
7071,development
7072,development
7073,test
7074,development
7075,development
7076,development
7077,development
7078,development
7079,development
7080,development
7081,development
7082,development
7083,test
7084,development
7085,development
7086,development
7087,development
7088,test
7089,development
7090,test
7091,development
7092,development
7093,test
7094,development
7095,development
7096,development
7097,test
7098,development
7099,development
7100,development
7101,development
7102,development
7103,development
7104,development
7105,test
7106,development
7107,development
7108,development
7109,development
7110,development
7111,development
7112,development
7113,test
7114,development
7115,development
7116,development
7117,development
7118,development
7119,development
7120,development
7121,development
7122,development
7123,development
7124,development
7125,test
7126,development
7127,development
7128,development
7129,development
7130,development
7131,development
7132,development
7133,development
7134,development
7135,development
7136,development
7137,development
7138,development
7139,development
7140,test
7141,test
7142,development
7143,development
7144,development
7145,test
7146,development
7147,development
7148,development
7149,development
7150,development
7151,development
7152,development
7153,development
7154,test
7155,development
7156,development
7157,development
7158,development
7159,development
7160,development
7161,development
7162,test
7163,development
7164,development
7165,development
7166,development
7167,test
7168,test
7169,development
7170,development
7171,development
7172,development
7173,development
7174,development
7175,development
7176,development
7177,development
7178,development
7179,development
7180,development
7181,development
7182,development
7183,development
7184,test
7185,development
7186,development
7187,development
7188,development
7189,development
7190,development
7191,development
7192,development
7193,test
7194,development
7195,development
7196,development
7197,development
7198,development
7199,development
7200,test
7201,development
7202,test
7203,development
7204,test
7205,development
7206,development
7207,test
7208,development
7209,development
7210,development
7211,development
7212,test
7213,development
7214,development
7215,development
7216,development
7217,development
7218,development
7219,development
7220,development
7221,test
7222,development
7223,test
7224,development
7225,development
7226,development
7227,test
7228,development
7229,development
7230,development
7231,test
7232,development
7233,development
7234,development
7235,development
7236,development
7237,development
7238,development
7239,test
7240,test
7241,development
7242,development
7243,development
7244,development
7245,test
7246,test
7247,development
7248,development
7249,development
7250,development
7251,development
7252,development
7253,test
7254,development
7255,development
7256,development
7257,development
7258,development
7259,development
7260,development
7261,development
7262,development
7263,development
7264,development
7265,development
7266,development
7267,development
7268,development
7269,development
7270,development
7271,development
7272,development
7273,development
7274,development
7275,development
7276,development
7277,development
7278,development
7279,test
7280,development
7281,development
7282,development
7283,development
7284,development
7285,development
7286,development
7287,development
7288,development
7289,development
7290,development
7291,development
7292,development
7293,development
7294,development
7295,development
7296,development
7297,development
7298,development
7299,test
7300,test
7301,development
7302,development
7303,development
7304,development
7305,development
7306,development
7307,development
7308,development
7309,development
7310,development
7311,development
7312,test
7313,development
7314,development
7315,development
7316,development
7317,development
7318,development
7319,development
7320,development
7321,development
7322,development
7323,test
7324,test
7325,development
7326,development
7327,development
7328,test
7329,development
7330,development
7331,development
7332,development
7333,development
7334,development
7335,development
7336,development
7337,test
7338,development
7339,test
7340,test
7341,development
7342,development
7343,test
7344,test
7345,development
7346,development
7347,development
7348,development
7349,development
7350,development
7351,development
7352,development
7353,development
7354,development
7355,development
7356,test
7357,development
7358,development
7359,development
7360,development
7361,development
7362,development
7363,development
7364,development
7365,development
7366,test
7367,development
7368,development
7369,development
7370,development
7371,test
7372,development
7373,development
7374,development
7375,development
7376,development
7377,development
7378,development
7379,development
7380,development
7381,development
7382,development
7383,development
7384,test
7385,development
7386,development
7387,test
7388,test
7389,development
7390,test
7391,development
7392,development
7393,development
7394,development
7395,development
7396,development
7397,development
7398,development
7399,test
7400,development
7401,test
7402,test
7403,development
7404,development
7405,development
7406,test
7407,development
7408,development
7409,development
7410,test
7411,development
7412,development
7413,development
7414,development
7415,development
7416,development
7417,development
7418,test
7419,development
7420,development
7421,development
7422,development
7423,development
7424,development
7425,test
7426,development
7427,development
7428,development
7429,development
7430,development
7431,development
7432,development
7433,development
7434,test
7435,development
7436,test
7437,development
7438,development
7439,development
7440,development
7441,development
7442,development
7443,development
7444,development
7445,development
7446,development
7447,development
7448,development
7449,development
7450,development
7451,development
7452,development
7453,development
7454,test
7455,development
7456,test
7457,development
7458,development
7459,test
7460,test
7461,development
7462,development
7463,development
7464,development
7465,development
7466,development
7467,development
7468,development
7469,development
7470,development
7471,test
7472,development
7473,development
7474,development
7475,development
7476,development
7477,development
7478,development
7479,development
7480,development
7481,test
7482,development
7483,development
7484,development
7485,test
7486,development
7487,development
7488,development
7489,development
7490,development
7491,development
7492,test
7493,development
7494,development
7495,development
7496,development
7497,development
7498,development
7499,test
