fold,initialization,epoch,train_loss,train_rmse,validation_mae,validation_rmse
1,random,1,0.05850794458551075,0.3420758529493444,0.28501126853511705,0.34071059015818933
1,random,2,0.04546904851337565,0.3015594419459475,0.25323635105720305,0.30046710262901277
1,random,3,0.03622887843727801,0.2691797854121962,0.22745886039800348,0.26858149054449876
1,random,4,0.029913311316612637,0.24459481317727338,0.20757464816825924,0.2444582890054843
1,random,5,0.02555069966886822,0.22605618624080262,0.1922540797917331,0.22621278886009197
1,random,6,0.022379545956223157,0.21156344654133027,0.17995181129999083,0.21186733128825097
1,random,7,0.020004229721882958,0.2000211474913738,0.17009099818960688,0.20037652077400642
1,random,8,0.01816743373360319,0.19061707024085323,0.16196691640622174,0.19097134619615425
1,random,9,0.016720151973817984,0.1828669022749496,0.1551811669751786,0.1831995413421124
1,random,10,0.015546495752935627,0.17633204900377938,0.1493572766436717,0.17663788352177534
1,random,11,0.014576416034668834,0.17074200440822307,0.14426473344513635,0.17102293017600775
1,random,12,0.013763982262216411,0.16591553430716735,0.13984318049183045,0.16618092381979746
1,random,13,0.013072363039725575,0.16169330870339424,0.13592355584400695,0.1619503228879828
1,random,14,0.012477026365786683,0.15796851816603638,0.13242953765459792,0.15822607734828092
1,random,15,0.011956634975958051,0.15463916047339402,0.12928233509756362,0.15490663797270787
1,random,16,0.011505678578607906,0.15169494769838518,0.12647988395917287,0.15197969755067722
1,random,17,0.011104520255675997,0.14902697913918805,0.12391519374972271,0.14933431925315646
1,random,18,0.010747006747830738,0.1466083677545776,0.12159917486969088,0.146944094485654
1,random,19,0.010426615467649876,0.14440647816251095,0.11948944286172988,0.14477261149857895
1,random,20,0.010138390052802499,0.14239655931800108,0.11754544518017752,0.1427944591093902
1,random,21,0.009876099982399153,0.14054252013109167,0.11575354269734421,0.14097641866863442
1,random,22,0.009638338382360556,0.13884047235846295,0.11410139680876692,0.1393107319995769
1,random,23,0.00942006445232117,0.13725934906097415,0.11256310073808827,0.1377691456246353
1,random,24,0.009220427905447534,0.13579711267510466,0.11113447205720244,0.13634831746492435
1,random,25,0.009036005367520271,0.1344321789418015,0.10980631944066233,0.13502594492655404
1,random,26,0.008866170662824368,0.1331628376299061,0.10858554196716165,0.13379895277475967
1,random,27,0.008708556350830192,0.13197390917018553,0.10743427455258782,0.13264989020959533
1,random,28,0.008561906116369904,0.13085798497890685,0.10634809469082943,0.13157646184539173
1,random,29,0.008424903654151746,0.12980680763466718,0.10531745254522931,0.13056536207172065
1,random,30,0.008297657840474629,0.12882280730115012,0.10434590837357312,0.12962167705955832
1,random,31,0.008178398563231735,0.1278936946313753,0.10342772740819203,0.12873240501997235
1,random,32,0.00806652166944852,0.12701591765954784,0.10255905079098196,0.12789495035201318
1,random,33,0.007961024590755471,0.12618260253105792,0.10173107750336875,0.12709938304196125
1,random,34,0.007861999115188357,0.1253953676591632,0.10094353528782378,0.1263511381259605
1,random,35,0.007768234815848129,0.1246453754926201,0.10019725969758334,0.12563920741923132
1,random,36,0.007680333611442967,0.12393815886516119,0.09948605567681353,0.12496830852379798
1,random,37,0.007597324636759441,0.12326657808797518,0.09880819782121769,0.12433267059784012
1,random,38,0.00751861023595682,0.12262634493416837,0.09816429200762133,0.12372634415325494
1,random,39,0.007443786875459296,0.12201464564108111,0.09754931678676602,0.12314912262660248
1,random,40,0.007373077804312444,0.12143374987467401,0.09697128025743718,0.12260009382265102
1,random,41,0.007305689951436968,0.12087754093657736,0.09642533544852602,0.12207526177733172
1,random,42,0.007241261939993313,0.12034335827118431,0.09591085762842172,0.1215728229237168
1,random,43,0.007179502739872182,0.11982906775797082,0.09541781711856806,0.12109072287350064
1,random,44,0.0071215011488902896,0.11934405011470232,0.09494807245673116,0.12063351240842309
1,random,45,0.0070658985803784624,0.11887723567090937,0.09449796387175725,0.12019597836972154
1,random,46,0.00701287114735542,0.11843032675252922,0.09406856262913611,0.11977649619658608
1,random,47,0.0069621287984183,0.11800109150697125,0.09365293511711222,0.11937342885474189
1,random,48,0.006913298032790048,0.11758654712840282,0.09324790614905325,0.11898555824611784
1,random,49,0.006866923726349509,0.11719149906328111,0.0928651443504859,0.11861453806948907
1,random,50,0.006822016305903926,0.11680767359984467,0.09249683033039229,0.11825706543146543
1,random,51,0.006779085462262602,0.11643955910482144,0.09214078336789103,0.11791513785145637
1,random,52,0.00673771872346207,0.11608375186443683,0.09179254890239176,0.11758338139179324
1,random,53,0.006698113821335205,0.11574207377902994,0.09146182163161122,0.11726331441067955
1,random,54,0.006660296428103746,0.11541487276866656,0.09113797384436545,0.11695805744629041
1,random,55,0.00662410378038985,0.11510085821043951,0.09082268640784474,0.11666514532955834
1,random,56,0.006589006113705942,0.1147955235512774,0.09051944415633033,0.11638036333529828
1,random,57,0.00655524674410651,0.11450106326236896,0.09022967202021936,0.11610578675366989
1,random,58,0.006522396601515578,0.11421380478309598,0.08994274894508307,0.1158394622434173
1,random,59,0.006491112826752075,0.11393957018307621,0.08966070319567664,0.11558275069201027
1,random,60,0.006460866858617006,0.11367380400617379,0.08938924813083049,0.11533720074180252
1,random,61,0.006431824389854072,0.11341802669641252,0.08912353120244149,0.11509995236485132
1,random,62,0.006403627165469096,0.11316914036493425,0.08886594679703498,0.11486808770305157
1,random,63,0.006376355123423088,0.11292789844341466,0.08861229803182728,0.1146432442099753
1,random,64,0.006350240375049335,0.11269640965930845,0.08836999825917019,0.1144272632280071
1,random,65,0.006324752679218531,0.11247001982055957,0.08813185688210537,0.11421724568926311
1,random,66,0.006300245574201363,0.11225190933076695,0.08790119889139444,0.11401404100484704
1,random,67,0.006276623839750763,0.11204127667739924,0.08767458891907264,0.11381816908625375
1,random,68,0.006253733270683683,0.11183678527822304,0.08745362682581875,0.11362793295918548
1,random,69,0.006231654058548711,0.11163918719292712,0.08723982594034889,0.11344468185954829
1,random,70,0.006210195691834989,0.11144680966124593,0.08703190248615611,0.11326525771522555
1,random,71,0.00618971380924961,0.11126287619192315,0.08682899472728224,0.113092968412816
1,random,72,0.006169687140331075,0.11108273619542394,0.08662544428249745,0.11292437423226158
1,random,73,0.006150371855806406,0.11090871792430392,0.08643447987482787,0.11276300643523157
1,random,74,0.006131568545141567,0.1107390495276311,0.08624473278516612,0.11260469470477381
1,random,75,0.006113259477120221,0.11057359067263955,0.08605803800101168,0.11245145224347908
1,random,76,0.006095749644303644,0.11041512255396581,0.08587740565975317,0.11230431235201091
1,random,77,0.006078550519497287,0.11025924468721239,0.08570271265832957,0.11215916747996293
1,random,78,0.006062063454296367,0.11010961315249788,0.08553645517231459,0.11202072395200147
1,random,79,0.006045845853369851,0.10996222854571337,0.08537180598629641,0.11188521719949789
1,random,80,0.0060301644539716304,0.10981952880951211,0.08521300906297777,0.11175401632933007
1,random,81,0.006014933786721552,0.10968075297627704,0.0850535025870348,0.11162468332755911
1,random,82,0.006000195426167903,0.10954629547518166,0.08490155597453601,0.11150092764619311
1,random,83,0.00598585857907355,0.10941534242576358,0.084755057124561,0.11137986798095756
1,random,84,0.00597207130177318,0.1092892611538131,0.08461137856441349,0.11126269263318557
1,random,85,0.005958494167482575,0.10916495928165387,0.08446641847590296,0.11114644800597051
1,random,86,0.005945273995472362,0.10904378932770414,0.08432427610565946,0.11103404539385074
1,random,87,0.005932375598853403,0.10892543870789231,0.08418841927630308,0.11092413414266541
1,random,88,0.005919943798891746,0.10881124757020062,0.08405716007658823,0.11081920349405264
1,random,89,0.005908108400619394,0.10870242316176207,0.0839319878170295,0.11071993581856775
1,random,90,0.005896393158562121,0.10859459616907391,0.08380287649858842,0.11062049727138831
1,random,91,0.005885035381526033,0.1084899569686156,0.08367952946471778,0.11052554016920793
1,random,92,0.005873944378968376,0.10838767807244858,0.08355927873896478,0.11043156311198396
1,random,93,0.005863230237469266,0.10828878277521883,0.0834409597006448,0.11033962853171016
1,random,94,0.005852753465957502,0.1081919910710354,0.0833269890255306,0.11024983472208232
1,random,95,0.005842598992068396,0.10809809426690552,0.0832134723587063,0.1101626944319273
1,random,96,0.005832743661434069,0.1080068855345257,0.08310767740919185,0.1100788214737594
1,random,97,0.005823011492265579,0.10791674098364516,0.08300057214701873,0.10999504443670259
1,random,98,0.005813679717107064,0.10783023432328305,0.08289567831398478,0.10991563248573678
1,random,99,0.0058045326910715865,0.10774537290363412,0.08278999357111944,0.1098380725169523
1,random,100,0.005795540832130749,0.10766188584759928,0.08268819364703063,0.10976074657393832
1,random,101,0.0057868424766843955,0.10758106224316988,0.0825893387598623,0.1096862111624736
1,random,102,0.005778284925684143,0.10750148767048893,0.08249144696774749,0.10961337372373585
1,random,103,0.005770117086708931,0.107425481955716,0.08239806379879314,0.10954289780186352
1,random,104,0.005762055029898243,0.10735040782314935,0.08231134804436474,0.10947590226758964
1,random,105,0.005754254074197161,0.10727771505953285,0.08222258934471073,0.1094103885443625
1,random,106,0.005746687808129908,0.10720716215001597,0.08213476308005767,0.10934512824117397
1,random,107,0.0057393091004069785,0.10713831341221476,0.08204959822097639,0.10928196247214861
1,random,108,0.005731984511425587,0.10706992585619536,0.08196395609939053,0.10921962523712224
1,random,109,0.005724849852644128,0.10700326960092507,0.08188139918525449,0.10915760606622647
1,random,110,0.005717923614249978,0.10693852078881565,0.0818021223097385,0.10909846630702803
1,random,111,0.005711208344559742,0.10687570673038603,0.0817264351885643,0.10904178864213394
1,random,112,0.005704568250846139,0.10681355954040797,0.0816537865401994,0.10898553193417772
1,random,113,0.005698007878398355,0.10675212296154446,0.08157912426678852,0.10892910346747975
1,random,114,0.005691825183045644,0.10669419087322086,0.08150468714897316,0.10887527701595624
1,random,115,0.0056857431612073175,0.1066371713916617,0.08143479089297512,0.10882302353769026
1,random,116,0.005679746095553465,0.10658091851315098,0.08136420003088711,0.10877201095250959
1,random,117,0.0056740094039189,0.10652708016198416,0.08129592430357621,0.1087226341650488
1,random,118,0.005668421673118066,0.106474613623324,0.0812303605136392,0.10867504036767714
1,random,119,0.005662819254285806,0.10642198320164689,0.0811652166984087,0.1086273804081106
1,random,120,0.00565746791536711,0.1063716871669065,0.0811001418865424,0.1085814515656835
1,random,121,0.005652291625494102,0.1063230137410909,0.08103390007220858,0.10853627991939221
1,random,122,0.005647202383989816,0.10627513711108366,0.08096896818850491,0.10849308283193142
1,random,123,0.00564225527505546,0.10622857689958441,0.08090928304388376,0.10845144301567926
1,random,124,0.005637415391161728,0.10618300609006817,0.08085173418396603,0.10841006898626802
1,random,125,0.005632663208884217,0.10613824201374561,0.08079089711527095,0.10836842099056504
1,random,126,0.005627953606963471,0.10609386039694729,0.08073523377400992,0.10832951021290928
1,random,127,0.0056234576392522875,0.10605147466445045,0.08067512771795549,0.10828978801394702
1,random,128,0.005619009231593046,0.10600952062520655,0.08061899739341433,0.10825222037810059
1,random,129,0.005614662946175166,0.10596851368378407,0.08056178516406258,0.10821525470244972
1,random,130,0.005610420302400365,0.10592846928376115,0.08050681467296819,0.10817905022985953
1,random,131,0.005606329142585911,0.10588984033027825,0.08045578182559573,0.10814414145808897
1,random,132,0.005602291469899249,0.10585170258337132,0.0804030041336346,0.10810929680049138
1,random,133,0.005598325584069423,0.10581422951635024,0.08035025758247788,0.10807545607149271
1,random,134,0.005594421854856457,0.10577733079310006,0.08029970863014242,0.1080411093810364
1,random,135,0.005590656364352648,0.10574172652602801,0.08025020183009059,0.10800870687975565
1,random,136,0.005586991737698976,0.10570706445360192,0.0802055221465309,0.10797833663844937
1,random,137,0.005583370509037279,0.1056728016950178,0.0801603199041019,0.10794745484868598
1,random,138,0.005579810419268752,0.10563910657771346,0.08011736330088601,0.1079173949196576
1,random,139,0.005576350612547796,0.10560635030667234,0.08007353630909142,0.10788927951579362
1,random,140,0.005572985881205022,0.10557448442881473,0.0800320717742188,0.10786175663891025
1,random,141,0.005569650958159819,0.10554289135853555,0.07999272131249978,0.10783266735975358
1,random,142,0.005566367507363877,0.10551177666368694,0.07994883227584611,0.10780406946573903
1,random,143,0.005563185857040748,0.1054816178965866,0.07990714692563712,0.1077769957023479
1,random,144,0.005560135776417985,0.1054526981771257,0.07986656574872716,0.10775091283020562
1,random,145,0.005557135002564183,0.10542423822408377,0.0798284948440445,0.10772583246391461
1,random,146,0.005554141278347935,0.10539583747328862,0.0797944893000453,0.10770178959635297
1,random,147,0.00555133124970437,0.10536917243391797,0.07975563435529726,0.1076782263727031
1,random,148,0.005548511476214135,0.10534240813854727,0.07972014339503809,0.10765431922610245
1,random,149,0.005545686535896555,0.10531558798104443,0.07968167108832101,0.1076301572367957
1,random,150,0.005542979752690967,0.10528988320528204,0.07964383116203601,0.10760745090616064
1,random,151,0.005540323709345111,0.10526465417551241,0.07960917901089752,0.10758538843961893
1,random,152,0.005537767220205662,0.10524036507163648,0.0795726024079917,0.10756360074291225
1,random,153,0.005535240558064647,0.10521635384354133,0.07953757875553279,0.10754097269612414
1,random,154,0.005532806995876951,0.10519322217592682,0.07950337996146796,0.10752004019516871
1,random,155,0.005530420012975411,0.10517052831449894,0.07946918343281446,0.10749845185325739
1,random,156,0.005528009351803241,0.10514760436456211,0.0794351436175669,0.10747809575978229
1,random,157,0.005525684537672816,0.10512549203378614,0.07940216496516533,0.10745716822914651
1,random,158,0.00552343300606751,0.10510407229092039,0.07937099955062457,0.10743791105313862
1,random,159,0.0055212272872307705,0.1050830841499313,0.07933945413412946,0.10741962656581863
1,random,160,0.005519067760234632,0.10506253147754085,0.07930753419177426,0.10740147847580847
1,random,161,0.005516945733108995,0.10504233178208675,0.0792754605623527,0.10738338101708732
1,random,162,0.005514886329204652,0.10502272448574787,0.07924358291704862,0.1073659410514291
1,random,163,0.0055128612876757,0.10500344077863068,0.07921152622783474,0.10734789475781778
1,random,164,0.005510889846819087,0.10498466408784748,0.0791813752109095,0.10733033760300886
1,random,165,0.005508957733019044,0.10496625870268068,0.07915158703529004,0.10731428735423071
1,random,166,0.005507020763333729,0.10494780382012507,0.07912282222580608,0.10729766544568829
1,random,167,0.005505166998482033,0.10493013864931308,0.07909317296448358,0.10728227266354282
1,random,168,0.005503352504199566,0.10491284482082798,0.07906424789495178,0.10726580661829148
1,random,169,0.005501586652600435,0.10489601186508889,0.07903678377032812,0.10725145846547045
1,random,170,0.005499846801595377,0.104879424117368,0.07900808665429092,0.1072364498288806
1,random,171,0.005498108961768921,0.1048628529248458,0.07898432226461939,0.10722246476621446
1,random,172,0.00549646551325929,0.1048471793922878,0.07895892999452717,0.10720807147940968
1,random,173,0.005494814171896534,0.10483142822547573,0.07893859002414731,0.1071952190469542
1,random,174,0.005493209234355764,0.104816117409068,0.07891347724007998,0.10718309562130565
1,random,175,0.0054916079809767945,0.10480083950977487,0.07888806408465497,0.10717006931496444
1,random,176,0.005490122398056602,0.104786663254983,0.07886787768970158,0.10715928253748684
1,random,177,0.0054886420043823185,0.10477253461076828,0.07884197493567055,0.10714599027927343
1,random,178,0.005487136509704699,0.10475816445227264,0.07882016525390494,0.10713457345891435
1,random,179,0.0054856695596770255,0.10474416031146581,0.07879987849736583,0.10712297389644813
1,random,180,0.005484263215374892,0.10473073298105855,0.07877736937182674,0.10711193848576595
1,random,181,0.0054828983804252615,0.10471770032258407,0.07875433698909179,0.10710076351137202
1,random,182,0.005481555682354502,0.10470487746379824,0.07873598648228321,0.1070897823828247
1,random,183,0.005480222622683953,0.10469214509870312,0.07871658813489432,0.10707834017862346
1,random,184,0.00547891528578526,0.10467965691370278,0.07869715849685835,0.10706797482815328
1,random,185,0.00547761902120545,0.10466727302462266,0.07867665637364295,0.1070570662133463
1,random,186,0.005476401397637486,0.10465563909926198,0.07865482003181096,0.107047334394042
1,random,187,0.005475152564505884,0.10464370563493902,0.07863416193908587,0.10703757012113498
1,random,188,0.005473924306211611,0.10463196744983448,0.07861631747958851,0.10702698197215145
1,random,189,0.005472718965321006,0.10462044700077519,0.07859951994430203,0.10701767506619866
1,random,190,0.005471557427361831,0.10460934401249088,0.0785832435529865,0.10700908822693538
1,random,191,0.005470441565432043,0.10459867652539435,0.07856704083488976,0.10700073031143914
1,random,192,0.0054693059753422564,0.10458781932273238,0.07855055641994221,0.10699221888325769
1,random,193,0.005468203570218786,0.10457727831817756,0.07853360503482933,0.1069831880705607
1,random,194,0.005467121041269757,0.10456692633208416,0.0785163724422352,0.10697460004368274
1,random,195,0.0054661257885106765,0.10455740804467828,0.07849851508015697,0.10696670832326899
1,random,196,0.0054650939791391255,0.10454753922631681,0.07847904058868804,0.1069576111532383
1,random,197,0.0054640617705955545,0.10453766565784367,0.07846382365555034,0.10694933836674557
1,random,198,0.00546308455497622,0.10452831726356471,0.07844870449810531,0.1069415426253314
1,random,199,0.005462133197862562,0.10451921543776113,0.07843325749356986,0.10693394618529012
1,random,200,0.005461220180810523,0.10451047967367218,0.07841891471797899,0.10692712541213384
1,random,201,0.005460306958118111,0.10450174121150432,0.07840303660089364,0.10692018597235607
1,random,202,0.005459366462914498,0.10449274101979043,0.07838341414878554,0.10691201979035167
1,random,203,0.005458499834097282,0.10448444701578587,0.07836634124046121,0.10690480572761409
1,random,204,0.005457611701732502,0.10447594653060102,0.07835042953530405,0.10689759545244132
1,random,205,0.005456732445526557,0.10446753031948786,0.07833389953698207,0.10688959059490583
1,random,206,0.00545590551135547,0.10445961431438917,0.07831955994330363,0.10688292041545272
1,random,207,0.005455048219719674,0.1044514070725682,0.07830407535678521,0.10687533187170994
1,random,208,0.005454218637165426,0.10444346448835777,0.07828843499292186,0.1068681878298713
1,random,209,0.005453399622914609,0.10443562249457422,0.07827561080125976,0.10686114984429079
1,random,210,0.00545264665370265,0.104428412357008,0.07826333980786238,0.1068551648160685
1,random,211,0.005451906859629512,0.10442132789453994,0.07824941519539315,0.10684988994677766
1,random,212,0.005451149563230357,0.10441407532732698,0.07823524305358755,0.10684359552222786
1,random,213,0.0054503870789527065,0.10440677256723059,0.07822174154018938,0.10683781108449877
1,random,214,0.0054496845189228186,0.10440004328469235,0.07820807727015837,0.10683222858380359
1,random,215,0.005448980453469368,0.10439329914768829,0.07819415935206893,0.10682652249332106
1,random,216,0.005448300206325249,0.10438678274882553,0.078183518893305,0.10682235837172815
1,random,217,0.005447644851087351,0.10438050441617296,0.07816926760165742,0.10681663193495182
1,random,218,0.0054469878332188805,0.10437420977635117,0.07815487930111965,0.10681091651706828
1,random,219,0.005446333231146937,0.1043679379038116,0.07814142566957374,0.10680584342987635
1,random,220,0.005445691285385782,0.1043617869278385,0.07812649921910533,0.10680010347063756
1,random,221,0.005445074650018627,0.10435587812882058,0.07811532166801802,0.10679598266077288
1,random,222,0.005444471428996553,0.10435009754663915,0.07810184631241472,0.10679154731502981
1,random,223,0.0054438772143243245,0.10434440295793852,0.07808806380599892,0.10678734951958295
1,random,224,0.005443263301922046,0.104338519271859,0.07807695926792357,0.10678250622555892
1,random,225,0.005442667682377554,0.10433281058590872,0.0780613628313588,0.10677705633356999
1,random,226,0.005442107120452816,0.104327437622639,0.07804969039355387,0.10677270494584404
1,random,227,0.0054415540753976884,0.1043221364370735,0.07803955781900354,0.10676807881027975
1,random,228,0.005441002557365787,0.1043168496204308,0.07802700625669172,0.10676321721955545
1,random,229,0.005440483965951849,0.10431187819181331,0.07801672512784137,0.10676026849611948
1,random,230,0.005439957833513377,0.10430683422972223,0.07800591204495615,0.10675725201170012
1,random,231,0.005439440671344316,0.10430187602669778,0.07799592988813381,0.10675349283054464
1,random,232,0.005438928394254134,0.10429696442614361,0.07798431131411271,0.10674919913737344
1,random,233,0.00543842987537399,0.10429218451421937,0.07797283136728739,0.10674562217367448
1,random,234,0.005437957830739054,0.10428765824141469,0.07796238649607574,0.10674320486196714
1,random,235,0.005437481430262306,0.10428309000276417,0.07795166814048095,0.10673928276342017
1,random,236,0.005437013223733973,0.10427860014148611,0.07793830423453306,0.10673367875544675
1,random,237,0.0054365309644618795,0.10427397531946195,0.07792965883197148,0.10673020796654904
1,random,238,0.005436091463120206,0.10426976036339784,0.07792053395476858,0.1067267510924006
1,random,239,0.005435655999584896,0.10426558396311696,0.07791289427136378,0.1067238554634659
1,random,240,0.0054352412084362955,0.10426160566993294,0.07789976917030034,0.10672066226573095
1,random,241,0.00543481705310031,0.10425753740713724,0.07788869079318322,0.10671757847605194
1,random,242,0.005434392519451309,0.10425346535680537,0.0778801254229684,0.10671508767850775
1,random,243,0.005433979535351945,0.10424950393504945,0.07787045128122548,0.10671170716079055
1,random,244,0.005433581794194203,0.10424568858417314,0.0778614547559091,0.10670789219829828
1,random,245,0.005433199033000943,0.10424201679745977,0.07785119699509697,0.10670579756257291
1,random,246,0.005432801904034667,0.10423820704554225,0.07784712817161595,0.10670423319279752
1,random,247,0.005432411709881601,0.10423446368530517,0.07783680617646835,0.10670202079366453
1,random,248,0.0054320338441336755,0.10423083847051866,0.07782619383878983,0.10669847059700857
1,random,249,0.005431684290553678,0.10422748476820956,0.07781543923562564,0.10669478453283919
1,random,250,0.005431329516866819,0.1042240808725778,0.07780577403778476,0.10669104125481216
1,random,251,0.005430999256077149,0.10422091206736918,0.07779786997596574,0.10668970968302217
1,random,252,0.005430667145954287,0.10421772542091184,0.0777907194019828,0.10668778185828634
1,random,253,0.005430338150296937,0.1042145685621443,0.07778352651625434,0.10668562854826392
1,random,254,0.005430000768002006,0.10421133113056377,0.07777878405884128,0.10668345594853947
1,random,255,0.005429693256804101,0.10420838024654352,0.07777212982451523,0.10668330043067013
1,random,256,0.005429381591292031,0.10420538941237185,0.07776453133807566,0.1066806234976132
1,random,257,0.005429073365406709,0.10420243150144538,0.07775552765153015,0.10667859534557539
1,random,258,0.005428778018931107,0.10419959710988433,0.07774944387624991,0.1066765852289745
1,random,259,0.00542847008481675,0.10419664183472277,0.07774200099628319,0.10667400388048227
1,random,260,0.00542816289788535,0.10419369364683594,0.07773271212490701,0.10667139341740149
1,random,261,0.005427879963367846,0.10419097814463443,0.0777278957558524,0.10666984826151421
1,random,262,0.005427617924770025,0.10418846313071352,0.07772149968838832,0.10666759307438406
1,random,263,0.0054273498518572485,0.10418589013736215,0.07771413815097446,0.10666483619008486
1,random,264,0.005427089340528013,0.10418338966004143,0.07770587895697038,0.10666291047530439
1,random,265,0.0054268057579408115,0.10418066766863046,0.07769595108987369,0.10666018431720066
1,random,266,0.005426543901213785,0.10417815415156659,0.07769099155019774,0.10665842825656703
1,random,267,0.0054262783082433715,0.10417560470900442,0.07768222004128457,0.10665631196682544
1,random,268,0.005426021111873274,0.10417313580643787,0.07767484845676989,0.10665457732737951
1,random,269,0.005425761565549499,0.10417064428666552,0.07766871364308076,0.10665339843749697
1,random,270,0.005425518700993502,0.10416831284986335,0.07766213404416926,0.1066521260446624
1,random,271,0.005425292180806846,0.10416613826773886,0.07765434509863774,0.1066505464362578
1,random,272,0.00542504589512317,0.10416377388634851,0.07764740284847282,0.10664899942780305
1,random,273,0.005424803419436004,0.1041614460290947,0.07764111949566091,0.10664677893956816
1,random,274,0.005424577101521597,0.10415927324555982,0.07763483613462133,0.10664573105023203
1,random,275,0.005424346063958929,0.10415705510390479,0.0776300290267153,0.10664449063533747
1,random,276,0.005424131017889075,0.10415499045066516,0.07762444823511837,0.1066446330563431
1,random,277,0.005423912650187831,0.10415289386462415,0.07761742801137832,0.10664271724375837
1,random,278,0.005423703803547743,0.10415088865245216,0.07761065071392236,0.10664097327218582
1,random,279,0.005423497986472319,0.10414891249045588,0.07760397986320143,0.10663990022463386
1,random,280,0.005423285012753826,0.10414686757415055,0.07759897025045058,0.10663917387333542
1,random,281,0.0054230895102068705,0.10414499037598372,0.07759122602682376,0.10663725780146924
1,random,282,0.005422900431980168,0.10414317483138459,0.07758626002464877,0.10663728385738551
1,random,283,0.00542271965127849,0.10414143893070126,0.07757902381037281,0.10663593568981053
1,random,284,0.005422534982644021,0.10413966566725688,0.07757362674777751,0.10663571447395108
1,random,285,0.0054223443101969766,0.10413783472107509,0.07756835353892454,0.10663471588431409
1,random,286,0.0054221561573943675,0.10413602793840725,0.07756292872437796,0.10663290681245427
1,random,287,0.005421971947278773,0.10413425898597227,0.07755754805948452,0.10663065598270745
1,random,288,0.005421814010509954,0.10413274231009144,0.07755223286401945,0.10662941644559576
1,random,289,0.005421635489179314,0.1041310279328819,0.07754640246587988,0.10662766951522239
1,random,290,0.00542147137185833,0.10412945185545087,0.0775414154735322,0.10662720973007912
1,random,291,0.005421284894180474,0.10412766101454958,0.07753547733263567,0.10662488740579741
1,random,292,0.005421124254842343,0.10412611828779889,0.07752957131957482,0.10662436430399863
1,random,293,0.005420962755220575,0.10412456727612918,0.07752298605318972,0.10662241678892424
1,random,294,0.005420795257372762,0.10412295863422977,0.07751626490979723,0.10662016489485236
1,random,295,0.00542064164583278,0.10412148333396697,0.0775090901983993,0.10661852914039223
1,random,296,0.005420498277456677,0.10412010639119301,0.07750483767328013,0.10661723767288377
1,random,297,0.005420348872348918,0.1041186714508874,0.07750057724571592,0.10661644250402835
1,random,298,0.0054202032854493605,0.10411727316299982,0.07749588608464057,0.10661562040301999
1,random,299,0.00542006380493692,0.10411593350623065,0.07749163263308675,0.10661466191939016
1,random,300,0.005419918463340435,0.10411453753766027,0.07748725354347309,0.1066137429968839
1,guided,1,0.007139667096558966,0.11949616811060484,0.08620963695551334,0.12075411197855512
1,guided,2,0.007062309425761596,0.11884703972553626,0.08591344979986106,0.12014646586219077
1,guided,3,0.006989372601714397,0.11823174363693023,0.0856357622619207,0.11957244718004822
1,guided,4,0.00692059186684516,0.11764856027036762,0.0853714725543319,0.11902848997793299
1,guided,5,0.006854465037336297,0.11708514028121841,0.0851286445581887,0.11850650834439493
1,guided,6,0.0067923034409562,0.11655302176225377,0.08490360154821414,0.11801455139205055
1,guided,7,0.006733419400050877,0.1160467095617181,0.08468703630042522,0.11754627659854774
1,guided,8,0.006677733602763878,0.11556585657333118,0.08448806245724501,0.11710257441681227
1,guided,9,0.006624220545333649,0.11510187266359874,0.08430039149484747,0.1166750199946103
1,guided,10,0.006574320156108862,0.11466752073807876,0.08412281438042321,0.1162763885859824
1,guided,11,0.006526658651448689,0.11425111510570642,0.08395107084545037,0.11589263852370793
1,guided,12,0.006481478807755993,0.1138549850270597,0.0837875192863074,0.11553054835802776
1,guided,13,0.006438643490512088,0.11347813437409066,0.08363366942049495,0.11518484646753009
1,guided,14,0.006398127295776477,0.11312053125561669,0.08349416298870421,0.1148583719233857
1,guided,15,0.0063593640886776695,0.11277733893542327,0.08335944645351943,0.1145452687165567
1,guided,16,0.006322900416186914,0.11245354966551224,0.0832306771511958,0.11425030485918268
1,guided,17,0.006288096686138546,0.11214362831778314,0.08310564170995055,0.11396805971695494
1,guided,18,0.006254735473120323,0.11184574621433149,0.08298456780767334,0.11369962554001799
1,guided,19,0.006223327700325775,0.11156457950734879,0.08286847108276928,0.11344476423685541
1,guided,20,0.006193593456439766,0.11129773992709614,0.08275663074136735,0.11320069916246342
1,guided,21,0.006165267595032634,0.11104294299983798,0.08265007224955809,0.1129698664956501
1,guided,22,0.006138237657487585,0.11079925683403824,0.08255010576320852,0.11274863996645315
1,guided,23,0.006112646641516125,0.11056804820124234,0.082455323757236,0.11254008367926555
1,guided,24,0.00608815628644192,0.11034633012875344,0.08236147866711047,0.11233940598177132
1,guided,25,0.00606455338501679,0.11013222403108719,0.08227197712455016,0.11214667458769435
1,guided,26,0.0060423216356759605,0.10993017452615965,0.08218677022688702,0.11196405335538837
1,guided,27,0.006021067962662426,0.1097366662757934,0.08210410946663775,0.1117880308645598
1,guided,28,0.006000755750629116,0.10955141031158948,0.08202584948376664,0.11162082810979074
1,guided,29,0.005981360305426733,0.1093742227897116,0.08194804239612086,0.11146000641556918
1,guided,30,0.005963067460525109,0.10920684466209166,0.08187170657426333,0.1113086242183393
1,guided,31,0.0059454285206206265,0.10904520641110847,0.08179887465079208,0.11116203082662651
1,guided,32,0.005928595661456331,0.10889073111570452,0.08172755900490515,0.11102272788985114
1,guided,33,0.005912450806524636,0.10874236347003532,0.08165654554784102,0.11088747316610123
1,guided,34,0.005897062439107722,0.10860075910515288,0.08158691470524329,0.1107588858731394
1,guided,35,0.005882228904660229,0.10846408534312386,0.08151784161462149,0.11063477801337863
1,guided,36,0.005867945767615212,0.1083323199014515,0.08145101575883698,0.11051470866498396
1,guided,37,0.005854320124859296,0.108206470461422,0.08138594770437751,0.11039997972067063
1,guided,38,0.0058412969909162615,0.10808604896947858,0.08132112772020597,0.11028940061417407
1,guided,39,0.0058287177982493665,0.10796960496592888,0.0812588321292085,0.11018389056233642
1,guided,40,0.005816713592449184,0.1078583663185122,0.08119928311184954,0.1100811826115862
1,guided,41,0.005805178708433856,0.10775136851505744,0.08113878328950554,0.10998279810575712
1,guided,42,0.005793954528336234,0.10764715071320963,0.08108014373868831,0.10988793156404562
1,guided,43,0.005783178631464752,0.10754700025072528,0.08102272894431051,0.10979743989621797
1,guided,44,0.005772836269278278,0.1074507912421149,0.08096389051861852,0.10970761273576367
1,guided,45,0.005762824452550752,0.10735757497774204,0.08090954950141897,0.10962189301895746
1,guided,46,0.0057532832441808,0.10726866498825088,0.08085814490275588,0.10953968017537973
1,guided,47,0.0057441191436032255,0.10718319964997523,0.08080907188696038,0.10946058067088581
1,guided,48,0.0057351849289209176,0.10709981259480258,0.08075916259246421,0.10938384242634543
1,guided,49,0.005726532723562408,0.1070189957303133,0.08070807438779211,0.10930784311740345
1,guided,50,0.005718059831494796,0.10693979457147648,0.08065805617089436,0.10923539350519448
1,guided,51,0.005710016944795335,0.10686455862254178,0.08061015530701443,0.10916731035373593
1,guided,52,0.0057021704563153695,0.10679110877142693,0.08056099095887262,0.10909946022984232
1,guided,53,0.005694644004600763,0.1067206072377848,0.08051628717727478,0.10903321648907863
1,guided,54,0.005687425128569634,0.10665294303083843,0.08046837791739268,0.10897000773185143
1,guided,55,0.005680582615429596,0.1065887669074898,0.08042077615563237,0.10891024978535502
1,guided,56,0.005673818349716863,0.10652528666675216,0.08037764755335221,0.108851287195109
1,guided,57,0.005667232088638215,0.10646344056659277,0.08033965219454492,0.10879346590554305
1,guided,58,0.0056608137280922495,0.10640313649599104,0.0803000961087497,0.10873816012529683
1,guided,59,0.0056546220519407605,0.10634492984567492,0.08025649737196021,0.10868272448792121
1,guided,60,0.005648566757054792,0.10628797445670693,0.08021662084088649,0.1086310661126419
1,guided,61,0.005642839926086469,0.10623408046466509,0.08017647996618557,0.10858101252611498
1,guided,62,0.0056372492678689575,0.10618144157873312,0.0801380043776515,0.10853128867050109
1,guided,63,0.0056318389061105045,0.10613047541691788,0.08009736339927653,0.10848308429249817
1,guided,64,0.00562649144456735,0.10608007772025198,0.08005842333045356,0.10843483593327083
1,guided,65,0.00562129275100002,0.10603105913834888,0.08001868583642774,0.10838895050239425
1,guided,66,0.005616375448302644,0.1059846729324825,0.07998109983274994,0.10834469877574669
1,guided,67,0.0056116069581115015,0.10593967111626788,0.07994316348557808,0.10830218995709347
1,guided,68,0.005606968448979998,0.1058958776249576,0.07990574040995765,0.10826057486837201
1,guided,69,0.005602448616737022,0.10585318716729337,0.07986920071712329,0.10822026171755869
1,guided,70,0.005598023095074733,0.10581137079798875,0.0798336760391316,0.10817984740606673
1,guided,71,0.0055938307663044974,0.10577174259985034,0.07979879167056235,0.10814098405717833
1,guided,72,0.005589616338439952,0.10573189053866343,0.07975936005188135,0.1081020130460933
1,guided,73,0.005585640924309474,0.10569428484368938,0.07972651902361468,0.10806622242986247
1,guided,74,0.005581733785922975,0.1056573119658358,0.07969180947531224,0.1080302271915758
1,guided,75,0.0055779114239515645,0.1056211287948729,0.07965759786151409,0.10799617673160933
1,guided,76,0.005574292962204622,0.10558686435541707,0.0796250230366877,0.10796346936607096
1,guided,77,0.005570581390950067,0.10555170667450212,0.07959177618637443,0.1079294110991428
1,guided,78,0.005567151146139363,0.10551920342894333,0.07956164725213884,0.10789848822447191
1,guided,79,0.005563763877367902,0.10548709757470723,0.0795301551511865,0.10786885741547234
1,guided,80,0.005560407731208962,0.10545527707240603,0.07949994085172907,0.10783930594554629
1,guided,81,0.005557132214641018,0.1054242117792779,0.07946730809581043,0.107809011568706
1,guided,82,0.005553947739565889,0.1053940011534422,0.07943813255882246,0.10778073621231345
1,guided,83,0.005550834184593841,0.10536445496080583,0.07941203820548068,0.1077527935992927
1,guided,84,0.005547883810930115,0.10533644963572784,0.07938584180952873,0.10772559384288452
1,guided,85,0.005544923915096328,0.10530834644126104,0.07935760470913289,0.10769791945277542
1,guided,86,0.005542048029173434,0.10528103370667893,0.07932991312751833,0.10767167655103707
1,guided,87,0.005539217652862121,0.10525414626381348,0.07930328055016005,0.10764578185196001
1,guided,88,0.005536444451773642,0.10522779529928052,0.07927584608009232,0.10762126060786313
1,guided,89,0.00553387343360453,0.10520335958137962,0.07925209899773604,0.10759915066589923
1,guided,90,0.00553128701608756,0.10517877177536882,0.07922342529158348,0.107575912857066
1,guided,91,0.005528770176753514,0.10515483989577955,0.07919772454945777,0.10755457482823276
1,guided,92,0.005526289464344946,0.10513124620534987,0.07917169124911369,0.10753233189973839
1,guided,93,0.005523940302130279,0.10510889878721286,0.07914494170444655,0.10751046344689591
1,guided,94,0.005521623661167238,0.10508685608740265,0.0791202901118987,0.10748892030384878
1,guided,95,0.005519378343258202,0.10506548760899749,0.07909468514314763,0.10746805142218495
1,guided,96,0.005517158944080464,0.1050443615248383,0.07907332650407461,0.10744799492956383
1,guided,97,0.005514957279573252,0.10502340005516153,0.07904932048631506,0.10742769792886417
1,guided,98,0.005512863597061721,0.10500346277206024,0.07902577496356432,0.10740906488658267
1,guided,99,0.005510765342731854,0.10498347815472542,0.07900017462290977,0.10739052267161321
1,guided,100,0.005508711573476691,0.10496391354629163,0.07897560514102207,0.10737167241297262
1,guided,101,0.005506754335627462,0.10494526512070435,0.07895220337564345,0.10735406660453095
1,guided,102,0.005504771891835819,0.10492637315599752,0.0789282446854349,0.10733663746616463
1,guided,103,0.005502936734914277,0.10490888174901376,0.07890649272171368,0.10731955406805682
1,guided,104,0.00550109480652792,0.10489132286827085,0.0788890269996012,0.10730463820167582
1,guided,105,0.005499332349501155,0.10487451882608238,0.07886867969823122,0.10728987575076061
1,guided,106,0.005497570399788722,0.10485771692907225,0.07884721512701255,0.10727365474671215
1,guided,107,0.005495866795896352,0.10484146885556642,0.07882596339383195,0.10725821227088551
1,guided,108,0.0054941663273243005,0.10482524817356074,0.07880344877504425,0.10724340940409782
1,guided,109,0.005492482603001607,0.10480918474066676,0.07878101463851794,0.10722746465140882
1,guided,110,0.0054908704405952765,0.1047938017307825,0.07876037181469893,0.10721322103357663
1,guided,111,0.005489313320574186,0.1047789417829192,0.07874230713841754,0.1072001008813303
1,guided,112,0.005487728252206452,0.10476381295281736,0.0787258813180621,0.10718647621202232
1,guided,113,0.005486175741455773,0.10474899275368496,0.07870687953030334,0.10717252598421596
1,guided,114,0.005484717658784935,0.10473507205119911,0.07868610713706932,0.10715872102844427
1,guided,115,0.005483279341770816,0.10472133824365325,0.07866906785955113,0.10714586772989382
1,guided,116,0.005481848145586477,0.10470767064151965,0.0786508926845658,0.10713350864402468
1,guided,117,0.005480471017286077,0.1046945176911005,0.07863341741898879,0.10712110939555125
1,guided,118,0.005479156135772897,0.10468195771739175,0.07861720719399821,0.10710961949462883
1,guided,119,0.005477800239080922,0.10466900438124863,0.07860103721321615,0.10709764217527903
1,guided,120,0.005476529943426459,0.1046568673659446,0.07858468614308167,0.10708636068370972
1,guided,121,0.0054752730673908595,0.10464485718267152,0.07856533001089629,0.10707455368680995
1,guided,122,0.005474060864922892,0.10463327257543742,0.07854490692673419,0.10706424404006266
1,guided,123,0.005472873324350106,0.10462192240969487,0.07852851439292495,0.10705439045837994
1,guided,124,0.0054716999846171396,0.10461070676194803,0.07851315279356626,0.10704404436350391
1,guided,125,0.005470542218460538,0.10459963879919029,0.0784944765463878,0.1070330025765505
1,guided,126,0.005469370802826733,0.1045884391587018,0.07848001286270616,0.10702382416576306
1,guided,127,0.005468290966743726,0.10457811402720672,0.07846101634155687,0.10701330608474266
1,guided,128,0.005467194167567618,0.1045676256550527,0.07844511383401331,0.10700419675822317
1,guided,129,0.005466121194802878,0.10455736410987873,0.07842748846954531,0.10699493801828737
1,guided,130,0.005465073942099726,0.10454734757132508,0.07841115138944323,0.10698597940283965
1,guided,131,0.00546406272295412,0.10453767476803873,0.07839680102943612,0.10697720582025676
1,guided,132,0.005463072516998131,0.10452820209874587,0.0783801240722508,0.1069683909981001
1,guided,133,0.005462094980452918,0.10451884978751841,0.0783631002701288,0.10695996570140609
1,guided,134,0.005461109174879709,0.10450941751708034,0.0783473905476968,0.10695055080735213
1,guided,135,0.005460175796786084,0.10450048609251619,0.07833199111148999,0.10694217603808054
1,guided,136,0.005459267693321741,0.1044917957862888,0.0783205549924173,0.10693499105557107
1,guided,137,0.005458370753974034,0.10448321160812424,0.07830769607129398,0.10692718553011363
1,guided,138,0.00545746783325127,0.10447456947268335,0.07829611876894117,0.10691959525386514
1,guided,139,0.005456604335782002,0.10446630400068725,0.07828344707082467,0.10691334628286955
1,guided,140,0.005455761015877075,0.1044582310387944,0.0782719465457513,0.10690696881387178
1,guided,141,0.005454903507173241,0.10445002161008145,0.07826110295451308,0.10689897087675698
1,guided,142,0.005454062602184584,0.10444197051171128,0.07824678292977787,0.10689115305574236
1,guided,143,0.005453256448784031,0.1044342515536357,0.07823357511701105,0.10688424993982064
1,guided,144,0.0054524823491949445,0.10442683897537974,0.07822051736910683,0.10687757742203789
1,guided,145,0.005451726921586697,0.10441960468788127,0.07820916889884032,0.10687157617385289
1,guided,146,0.005450954856951109,0.10441221055940832,0.07820058668628817,0.1068662639592899
1,guided,147,0.0054502558931213314,0.10440551607191385,0.0781871542321531,0.10686053224818254
1,guided,148,0.005449537044289694,0.10439863068345,0.07817627811041067,0.10685440913529524
1,guided,149,0.00544879888828229,0.10439155989142312,0.07816254313815355,0.10684797310326934
1,guided,150,0.005448098178605648,0.10438484735444746,0.07814870612710277,0.10684230872245579
1,guided,151,0.005447412023672366,0.10437827382815225,0.07813750291849907,0.10683697025360119
1,guided,152,0.005446762580676644,0.1043720516295109,0.0781239341685796,0.10683133795626529
1,guided,153,0.005446109983471908,0.10436579883728106,0.07811124034281404,0.10682473655241694
1,guided,154,0.00544548648165842,0.10435982446955744,0.0780990874445406,0.10681924436229173
1,guided,155,0.005444867204351329,0.10435389024230318,0.078086651564939,0.10681272244403393
1,guided,156,0.005444223626651854,0.10434772279884075,0.07807419589913922,0.10680732600098394
1,guided,157,0.0054436189487769154,0.1043419278025561,0.07806247524799052,0.10680106424705378
1,guided,158,0.0054430311449316406,0.10433629421185746,0.07805175030866089,0.10679588602152304
1,guided,159,0.005442462288621823,0.10433084192722518,0.07804057950858047,0.10679140323204628
1,guided,160,0.0054419042099755795,0.10432549266574857,0.07802875130004414,0.10678678717331633
1,guided,161,0.005441349354927524,0.10432017403098524,0.07801656821344544,0.10678192086376276
1,guided,162,0.005440815034918988,0.1043150519811881,0.07800441266813216,0.10677733331676557
1,guided,163,0.0054402776890096404,0.10430990067112172,0.07799183408759354,0.10677195450638341
1,guided,164,0.0054397583024175696,0.10430492128770885,0.07798080889129551,0.1067668027917249
1,guided,165,0.005439254060608547,0.10430008687061144,0.07796959315745595,0.10676287823352736
1,guided,166,0.005438731845204207,0.1042950798954985,0.0779592430485695,0.1067582764362229
1,guided,167,0.005438240093620902,0.10429036478621505,0.07794770781668724,0.10675435881302503
1,guided,168,0.005437764548110004,0.10428580486442059,0.0779366460443074,0.10674921659962637
1,guided,169,0.005437302510021902,0.104281374271937,0.07792625918235149,0.10674579274651841
1,guided,170,0.005436843291730756,0.10427697053262294,0.07791413541661532,0.10674161539677801
1,guided,171,0.005436376853451461,0.10427249736581033,0.07790579699122144,0.10673833351661016
1,guided,172,0.0054359463173160524,0.10426836833206946,0.07789607718593555,0.10673420728058408
1,guided,173,0.005435498292318172,0.10426407139871502,0.07789025801319945,0.10673139546733636
1,guided,174,0.005435070608608898,0.10425996939006742,0.07788029576619315,0.10672912327758442
1,guided,175,0.005434634358354273,0.10425578505151907,0.07786994042982859,0.10672591590858797
1,guided,176,0.005434250918675301,0.10425210711228143,0.07786382823647742,0.10672426605950114
1,guided,177,0.005433859083225704,0.10424834850706945,0.07785274280072563,0.10672021337790093
1,guided,178,0.0054334486385855685,0.10424441125149653,0.07784531308700414,0.10671788927044666
1,guided,179,0.005433049038962358,0.1042405778856042,0.07783905481182993,0.10671525125688894
1,guided,180,0.005432669858289544,0.10423694026869307,0.07783013856477328,0.10671282828159323
1,guided,181,0.0054323085413926974,0.1042334739073077,0.07782062492609007,0.106710093716358
1,guided,182,0.005431947342081863,0.1042300085587818,0.077815069218627,0.10670726317544779
1,guided,183,0.005431585851623342,0.10422654030162704,0.07780788133870532,0.10670395920471326
1,guided,184,0.005431231018233394,0.10422313580231017,0.07780046270639598,0.10670160109340944
1,guided,185,0.005430874365846463,0.10421971373829869,0.07779162393633027,0.10669864012715785
1,guided,186,0.005430556146805775,0.10421666034570264,0.0777810466162997,0.10669640966765519
1,guided,187,0.005430212962491468,0.10421336730469338,0.07777162557654352,0.10669421680260674
1,guided,188,0.005429869023730007,0.10421006691994787,0.07776480309040029,0.10669102160186394
1,guided,189,0.005429535740334591,0.10420686868277533,0.07775889097630982,0.1066889773777714
1,guided,190,0.0054292118835521964,0.1042037608107519,0.0777532211923825,0.10668733259531557
1,guided,191,0.005428910421261315,0.10420086776281007,0.07774761035156974,0.10668572230458762
1,guided,192,0.005428595265061153,0.10419784321243078,0.0777417869599757,0.10668402596468153
1,guided,193,0.005428289068672543,0.10419490456517097,0.07773526541711268,0.10668159968569617
1,guided,194,0.005427986354342821,0.10419199925467235,0.07772818631586198,0.10667948210059748
1,guided,195,0.005427724043468448,0.10418948165211733,0.07772020994084607,0.10667763033291051
1,guided,196,0.005427432854181762,0.10418668680960885,0.07771074173273802,0.10667478320228667
1,guided,197,0.005427140175055419,0.1041838775920288,0.07770527647430843,0.10667268741951814
1,guided,198,0.005426872275424625,0.10418130614870046,0.07769966368668013,0.10667070108871315
1,guided,199,0.005426613317364972,0.10417882047100525,0.07769377632243964,0.1066688407413858
1,guided,200,0.005426366466138557,0.10417645094874903,0.07768846758277095,0.10666750164364878
1,guided,201,0.005426115816695599,0.10417404491230624,0.07768169915628526,0.10666610892759265
1,guided,202,0.0054258442146480545,0.10417143768469411,0.07767132063735399,0.10666355887883983
1,guided,203,0.005425607649404148,0.10416916673761145,0.07766315928465885,0.10666155502852352
1,guided,204,0.005425356089259495,0.10416675179018971,0.07765607621997662,0.10665964993628857
1,guided,205,0.005425104023479032,0.10416433193256733,0.07764820409036977,0.10665690027738096
1,guided,206,0.005424874790837084,0.1041621312266323,0.07764223685867162,0.10665514418568753
1,guided,207,0.00542462534157267,0.1041597363818925,0.07763531324746822,0.1066526310150723
1,guided,208,0.005424384924556489,0.10415742819939909,0.07762801673635236,0.10665035612835944
1,guided,209,0.005424149558225871,0.10415516845769941,0.07762311198819627,0.10664813254055668
1,guided,210,0.005423944771724983,0.1041532022717015,0.07761818169693603,0.10664662018546561
1,guided,211,0.005423742899023304,0.1041512640251985,0.07761173891245436,0.10664575040711341
1,guided,212,0.0054235271394785164,0.10414919240664823,0.07760504334271964,0.10664394720029452
1,guided,213,0.005423306080907076,0.10414706986667532,0.07759895997234872,0.10664260055689102
1,guided,214,0.005423110779328362,0.1041451946018477,0.0775925616988183,0.10664119944593375
1,guided,215,0.005422910481053549,0.10414327132420557,0.07758593166822754,0.10663964904848193
1,guided,216,0.005422721113630596,0.1041414529726813,0.07758225225637445,0.10663945077143201
1,guided,217,0.005422538670309301,0.10413970107801636,0.07757511152107402,0.1066375909328511
1,guided,218,0.0054223531944957715,0.10413792003392204,0.07756778950520724,0.10663573920907
1,guided,219,0.0054221660642828915,0.10413612307247559,0.07756132188519788,0.10663447746857584
1,guided,220,0.0054219822203329816,0.10413435763793794,0.07755364096060331,0.10663256050153846
1,guided,221,0.005421809870007265,0.10413270254830866,0.07754944025525491,0.10663201907859927
1,guided,222,0.005421639994374224,0.10413107119754626,0.07754280802528314,0.10663112471973453
1,guided,223,0.005421472218781679,0.10412945998882044,0.07753574881897804,0.10663033110646146
1,guided,224,0.005421290629035596,0.10412771608976734,0.07753145737827677,0.10662900938710435
1,guided,225,0.005421115430595837,0.10412603354200944,0.07752276129935852,0.106627085310943
1,guided,226,0.005420955770881289,0.10412450019934107,0.0775177109280569,0.10662597643961368
1,guided,227,0.005420797517269929,0.1041229803383473,0.0775141319310809,0.1066245338259284
1,guided,228,0.005420637354836104,0.10412144212251484,0.07750810241741567,0.10662284710723074
1,guided,229,0.005420491537705011,0.10412004166062373,0.0775041809874714,0.10662281919407939
1,guided,230,0.005420339789910267,0.1041185842192475,0.07749972595383081,0.1066227651234695
1,guided,231,0.005420190303751152,0.10411714847950027,0.07749603641244784,0.10662196949298974
1,guided,232,0.005420042116226861,0.10411572519294923,0.07749060876493023,0.10662062022317206
1,guided,233,0.005419897651225139,0.10411433764112547,0.07748537887436618,0.10661990791957777
1,guided,234,0.0054197650785098835,0.10411306429560013,0.07748103024669226,0.10662017407202627
1,guided,235,0.0054196282175564955,0.10411174974570829,0.07747652080412569,0.10661902519151416
1,guided,236,0.005419492434730468,0.10411044553483063,0.07746954007861814,0.10661618467800785
1,guided,237,0.005419347458350775,0.10410905300069513,0.0774672382007151,0.10661538208325624
1,guided,238,0.005419222707902908,0.10410785472674872,0.07746420654606628,0.10661439232639047
1,guided,239,0.0054190982412985755,0.1041066591654787,0.07746234905524035,0.10661393921339282
1,guided,240,0.005418982009228168,0.10410554268844832,0.07745477079873497,0.1066131619956668
1,guided,241,0.005418858443921021,0.10410435575825847,0.07744941518616504,0.10661246359954575
1,guided,242,0.005418733390354618,0.10410315451853146,0.07744629892963512,0.10661231820308982
1,guided,243,0.005418613013117281,0.1041019981855995,0.0774421171757778,0.10661128317018695
1,guided,244,0.005418497817541903,0.10410089161522011,0.0774383817589477,0.10660971919699207
1,guided,245,0.005418389256984945,0.1040998487701586,0.07743294092909768,0.10660979786782968
1,guided,246,0.005418270596009658,0.10409870888737917,0.07743381544460178,0.10661036266402729
1,guided,247,0.00541815394331658,0.10409758828442262,0.07742841100537494,0.1066103075098576
1,guided,248,0.005418043017063725,0.10409652268028674,0.07742252168718275,0.10660891965874802
1,guided,249,0.005417946861256271,0.10409559895842159,0.07741647879105154,0.10660724391695009
1,guided,250,0.005417844086904875,0.10409461164637557,0.07741155506900735,0.10660552642038164
1,guided,251,0.0054177517827079195,0.10409372490892925,0.07740827498066447,0.10660605050815655
1,guided,252,0.005417657248883172,0.10409281674431883,0.07740568951344924,0.10660595255833075
1,guided,253,0.005417563408283102,0.10409191523152124,0.07740296432780491,0.10660561718631402
1,guided,254,0.005417462000459664,0.10409094101274774,0.0774030025083887,0.1066052902227267
1,guided,255,0.00541737635233916,0.10409011818937627,0.07740065030874857,0.10660681292181419
1,guided,256,0.005417285905982418,0.10408924926218287,0.07739759961669639,0.10660583707824228
1,guided,257,0.005417197177962857,0.10408839683617821,0.0773928729429175,0.10660550033286428
1,guided,258,0.00541711275752289,0.10408758578738282,0.07739123493741677,0.10660510255938452
1,guided,259,0.005417020006704754,0.1040866946992242,0.07738840782304393,0.10660420990156057
1,guided,260,0.005416926967692822,0.10408580083462703,0.0773835907620848,0.10660326705953597
1,guided,261,0.005416846539302513,0.10408502811934589,0.07738318743478141,0.10660324044549471
1,guided,262,0.0054167748700776975,0.10408433955286163,0.07738098531851353,0.1066024123723975
1,guided,263,0.005416698433913622,0.10408360518269553,0.0773778842464008,0.10660113182272273
1,guided,264,0.005416624371988289,0.10408289361838755,0.07737379613732438,0.10660060131586326
1,guided,265,0.00541653740158266,0.10408205802714184,0.077368009382381,0.10659942793897116
1,guided,266,0.005416461510970538,0.10408132888247092,0.0773671230209218,0.10659906306466564
1,guided,267,0.005416381508995626,0.10408056023096364,0.07736234080378883,0.10659839616833927
1,guided,268,0.005416305470373913,0.10407982965372217,0.0773590013149803,0.10659805570997531
1,guided,269,0.005416225938848374,0.10407906551125806,0.07735682842679749,0.10659817924319094
1,guided,270,0.005416154086203321,0.10407837514299809,0.07735412032634564,0.10659817070895086
1,guided,271,0.0054160910962334115,0.10407776992454644,0.07734998169451382,0.10659785087219041
1,guided,272,0.005416016014596077,0.10407704852267936,0.07734677698251219,0.10659763021772972
1,guided,273,0.005415941909288558,0.1040763364967134,0.07734421834166702,0.10659667587631949
1,guided,274,0.005415876240737807,0.10407570552955965,0.07734156917317656,0.10659680408230461
1,guided,275,0.0054158068077481735,0.10407503838815697,0.07734046281487778,0.10659677363937396
1,guided,276,0.005415743955295661,0.10407443447163824,0.07733842934978435,0.10659801004947658
1,guided,277,0.0054156779591734835,0.10407380034546143,0.07733501775630974,0.10659723800352977
1,guided,278,0.0054156167125843525,0.10407321185189157,0.07733161026470156,0.10659661004625919
1,guided,279,0.005415555728450524,0.10407262587684164,0.07732844123248538,0.10659662646360192
1,guided,280,0.005415491059142116,0.1040720044886435,0.07732696092445013,0.10659699990663288
1,guided,281,0.005415433215803967,0.104071448686025,0.07732248777388018,0.10659612158567167
1,guided,282,0.005415379139466045,0.10407092907691412,0.07732081134783869,0.10659710543683008
1,guided,283,0.005415326895692498,0.10407042707409726,0.07731686741358734,0.10659667492413229
1,guided,284,0.005415273742907453,0.10406991633423612,0.0773147592949644,0.10659739935289425
1,guided,285,0.005415215904132401,0.10406936056431211,0.07731279291863431,0.1065973714719494
1,guided,286,0.005415158468273342,0.10406880866305084,0.07731071731929919,0.10659650645273097
1,guided,287,0.005415101646650447,0.10406826266110573,0.07730854661616422,0.10659519451057423
1,guided,288,0.005415058078047113,0.10406784400617813,0.07730607731810303,0.10659476715986654
1,guided,289,0.005415003176760647,0.1040673164520028,0.0773032645812359,0.10659393725870867
1,guided,290,0.005414955413816578,0.10406685748898713,0.07730103036398847,0.10659431700238711
1,guided,291,0.005414894481418742,0.1040662719753018,0.07729814311513647,0.10659296525222078
1,guided,292,0.0054148473447716535,0.10406581902595735,0.07729484795308969,0.10659323529760438
1,guided,293,0.005414798722732698,0.1040653518009976,0.07729098650796107,0.10659212642952891
1,guided,294,0.00541474621041105,0.10406484719069212,0.07728714056738137,0.10659070909789352
1,guided,295,0.005414700647830301,0.10406440936103276,0.07728262035203162,0.1065898789808358
1,guided,296,0.005414660321774474,0.10406402184976779,0.07728104162381595,0.10658930859105217
1,guided,297,0.005414615467459266,0.10406359082272018,0.0772794796051918,0.1065892493096089
1,guided,298,0.0054145727156953375,0.10406317999845419,0.07727720892843155,0.10658911741082588
1,guided,299,0.005414532480781548,0.10406279335844823,0.0772753489269277,0.10658885313865843
1,guided,300,0.005414487689539199,0.10406236293241855,0.07727349375260296,0.1065886720476527
2,random,1,0.05884083610858801,0.3430476238325752,0.28505118869218277,0.33965000826224817
2,random,2,0.04839043416964229,0.3110962364595313,0.25857698228537185,0.30831907209999404
2,random,3,0.040562844923279766,0.28482571837276127,0.23693750540243064,0.2826961471121848
2,random,4,0.03488028535604233,0.2641222647034601,0.2199741474544506,0.2625897125347937
2,random,5,0.030627376538428265,0.24749697589436628,0.20624806002778512,0.24648986607577342
2,random,6,0.027372235836144027,0.2339753655244245,0.19498084764562673,0.23342851632866446
2,random,7,0.024821435356792484,0.22280680131805888,0.18564607005992628,0.22266999565597853
2,random,8,0.02275465194798629,0.21332909763080277,0.17772314349844753,0.21356169292699392
2,random,9,0.02107523889619225,0.2053058152912004,0.17099177709678084,0.20586454624014663
2,random,10,0.019679920022361706,0.19839314515558096,0.16513623766525118,0.19923224566523276
2,random,11,0.018497352816437187,0.19234007807234138,0.1599445782713411,0.19342124438182917
2,random,12,0.017486729418881103,0.18701192164608707,0.15534741041887268,0.18829861437694811
2,random,13,0.016607916728954,0.18225211509858535,0.15121096630261643,0.18371054752761604
2,random,14,0.015836334579416446,0.17796816894836248,0.147493510845982,0.17956592813023003
2,random,15,0.015158723999734973,0.1741190627113239,0.1441435156600295,0.17583171779119522
2,random,16,0.014552296561789402,0.1706006832447596,0.14108636597772992,0.17240603807836669
2,random,17,0.014007955074841927,0.16737953922055065,0.13827536167986412,0.169257229424595
2,random,18,0.01351685319088241,0.16441930051476566,0.13569281845563888,0.166352060402793
2,random,19,0.013068409859235753,0.16166885822096816,0.13329491224988027,0.1636429674198214
2,random,20,0.012659524545107464,0.15911960624076132,0.13105404847310453,0.16112345807393574
2,random,21,0.012285444592065854,0.1567510420511829,0.12896509976816972,0.15877441271942663
2,random,22,0.01194072833894219,0.1545362633102159,0.1270179762610052,0.15656978905369756
2,random,23,0.011622093026735137,0.15246044094607059,0.12518497769828205,0.1544959082921852
2,random,24,0.011328102903800751,0.15051978543567454,0.12345331983716944,0.15255253639894895
2,random,25,0.011053839936273725,0.14868651543616002,0.12183834908560162,0.1507103063987829
2,random,26,0.010799195780060849,0.14696391244153,0.12031319460965688,0.14897407217959885
2,random,27,0.010561356916413741,0.1453365536705322,0.1188680008003676,0.14732955084139318
2,random,28,0.010339443418633814,0.14380155366778075,0.1174959996222802,0.14577444927456093
2,random,29,0.010130810598686181,0.14234332157629442,0.1162012477596394,0.14429383782728236
2,random,30,0.009935773214493253,0.14096647271243792,0.11497201044510254,0.14289114089368357
2,random,31,0.00975275812465711,0.1396621503819636,0.11380503254765685,0.14156200068633934
2,random,32,0.009580430686499853,0.1384227632038882,0.1127042155076993,0.14029470747868938
2,random,33,0.009417185933793164,0.13723837607457445,0.11164828147942953,0.13908310563820583
2,random,34,0.009262812914704896,0.13610887491052812,0.11063224129971694,0.13792335024655233
2,random,35,0.009116705477308917,0.13503114809042333,0.10965458407099796,0.1368155192809848
2,random,36,0.008977802731572584,0.1339985278394698,0.1087141668268032,0.1357517496890551
2,random,37,0.008846710281446266,0.1330166176193506,0.10781711018501781,0.1347379455847064
2,random,38,0.008723278883534467,0.13208541844983848,0.10696947330496148,0.13377568604630197
2,random,39,0.008606109280537677,0.13119534504347077,0.10615185421300385,0.1328554675165048
2,random,40,0.008494717051335476,0.13034352343968209,0.10536189324499645,0.13197183946915067
2,random,41,0.008388209263829452,0.12952381451941147,0.10460250930787687,0.1311228459585243
2,random,42,0.008286855896547015,0.12873892881756485,0.10387596872467121,0.1303066844662673
2,random,43,0.008190028511935952,0.12798459682271107,0.10317459645706642,0.12952189841723477
2,random,44,0.00809794554052363,0.12726307823185506,0.1024989996922156,0.1287697317020319
2,random,45,0.008010105297007535,0.12657097058178493,0.10185064524117045,0.12804874426949964
2,random,46,0.007926457165904779,0.12590835687836435,0.10121964639545909,0.1273578608500949
2,random,47,0.00784626782295613,0.12526985130474236,0.10061655435556537,0.12669119459526257
2,random,48,0.007769281989827217,0.12465377643559153,0.10002712182301123,0.12604861415494203
2,random,49,0.007695905853538563,0.12406374050090996,0.09946167729777942,0.1254305858117135
2,random,50,0.007625430793351523,0.12349437876560636,0.09891344299167994,0.12483562114901235
2,random,51,0.007557830823384391,0.12294576709577594,0.09837904504175536,0.12426029121585438
2,random,52,0.00749292513258555,0.12241670745928065,0.09786390496446681,0.12370564100189978
2,random,53,0.007430694747960373,0.12190729878034681,0.09737175467750767,0.12317086125015267
2,random,54,0.007370943451406398,0.12141617232812438,0.09689411529003729,0.12265693787882484
2,random,55,0.007313623412342295,0.12094315534450302,0.09643235425774717,0.12216019336875736
2,random,56,0.0072584168490363865,0.12048582363943391,0.09598542185031896,0.12167971338269015
2,random,57,0.007205474239198034,0.12004560999218616,0.09555592450993254,0.12121690703630504
2,random,58,0.007154752865755792,0.11962234628827334,0.09513655156245333,0.12077266524822727
2,random,59,0.007105641313358252,0.11921108432824737,0.09472984769508365,0.12033961130299604
2,random,60,0.00705820943381369,0.11881253666018321,0.0943304979195,0.11991761289408452
2,random,61,0.0070126988057095056,0.11842887152809914,0.09394490775624746,0.11951408213465416
2,random,62,0.006968724968886959,0.1180569775056685,0.0935656955250055,0.1191216455719038
2,random,63,0.006926252147485472,0.11769666220828415,0.09319485184898126,0.11874210567181243
2,random,64,0.006885304200682207,0.11734823561248978,0.09283402419323027,0.118373953257531
2,random,65,0.0068459099324417304,0.11701205008409801,0.09247805959039983,0.11801833672087843
2,random,66,0.006807760989199756,0.11668556885236285,0.09214126250379948,0.11767129807779989
2,random,67,0.006770792584537636,0.1163683168610566,0.09181333948635069,0.1173361263609191
2,random,68,0.006735476648872541,0.11606443597306232,0.0915004823988355,0.11701282451968846
2,random,69,0.006701127825673803,0.11576811154781616,0.09119439097625412,0.11669784763485423
2,random,70,0.006667922663854706,0.11548093058037509,0.09089463731543565,0.11639347218727676
2,random,71,0.006635742925967377,0.11520193510499185,0.09060158209099325,0.1160973215174979
2,random,72,0.006604594850279005,0.11493123901080163,0.09031731477642647,0.11581002397572628
2,random,73,0.00657460485196374,0.11467000350539579,0.09004104830053525,0.11553288341700417
2,random,74,0.006545403836569875,0.11441506750922166,0.08977326255600572,0.11526206164170563
2,random,75,0.0065171721708692535,0.1141680530697555,0.08951115274192771,0.11499972027029379
2,random,76,0.006489783872595355,0.11392790591067102,0.08926587015178936,0.11474342479798318
2,random,77,0.006463373409978926,0.11369585225485516,0.08902422129142695,0.1144968817334373
2,random,78,0.00643780173644129,0.1134707163671869,0.08878889111532559,0.11425581704170895
2,random,79,0.006412988419490606,0.11325182929640126,0.08855791991603361,0.11402376807768422
2,random,80,0.006388779437467093,0.1130378647840368,0.08832986023936383,0.11379652910466652
2,random,81,0.006365425978646838,0.11283107709001841,0.08810921214405083,0.1135756916850923
2,random,82,0.006342845796253966,0.11263077551232581,0.08789286461279723,0.11336146511926799
2,random,83,0.006320827118618718,0.11243511122971078,0.087681644548648,0.11315162065643626
2,random,84,0.006299392507775122,0.11224430950186404,0.08747501668776671,0.11294743775541137
2,random,85,0.006278666501677636,0.11205950652825164,0.08727639643860521,0.11274989222702474
2,random,86,0.006258585749363704,0.11188016579683553,0.08708504761345938,0.11255903688335968
2,random,87,0.006239311011982282,0.11170775274780423,0.08690201345482214,0.11237496921874213
2,random,88,0.006220401390330285,0.11153834668247764,0.08671970576158883,0.11219338154157135
2,random,89,0.0062020399385095525,0.11137360493859892,0.08654233417116011,0.11201722704861658
2,random,90,0.006184056153601443,0.11121201512068238,0.08637132133272361,0.11184508586719363
2,random,91,0.006166798911230176,0.11105673244995258,0.08619861016079448,0.11167982537716657
2,random,92,0.006150008004316237,0.11090543723655966,0.08603079656395055,0.11151699034786307
2,random,93,0.006133759817862603,0.11075883547476113,0.08586575376634326,0.11135972085977099
2,random,94,0.006117970012085382,0.11061618337373046,0.08570136995196798,0.11120721101225285
2,random,95,0.006102524238752413,0.11047646119198798,0.08554172035596319,0.11105741297327751
2,random,96,0.006087512087806351,0.11034049200367335,0.08538808100414563,0.11091187814826395
2,random,97,0.006072914946417235,0.11020812081164649,0.08523534112544766,0.11076978761019586
2,random,98,0.006058654925931225,0.1100786530252912,0.08508618214028686,0.11063108666310452
2,random,99,0.006044873825804011,0.10995338854081771,0.0849382900889189,0.11049501013325731
2,random,100,0.006031379224516455,0.10983058976912083,0.08479719020857192,0.11036265272639535
2,random,101,0.006018310695746445,0.10971153718498747,0.08465777715863937,0.1102336428598956
2,random,102,0.006005566252549175,0.10959531242301539,0.084518813053562,0.1101079320102494
2,random,103,0.005993211451181974,0.10948252327364376,0.08437942740527438,0.10998713391446512
2,random,104,0.005981004260849629,0.10937096745343006,0.08424716004136064,0.1098669731640499
2,random,105,0.005969375595562695,0.10926459257749233,0.0841171452648947,0.10975077377889486
2,random,106,0.005957988794726059,0.1091603297423204,0.08399006719430915,0.1096375366339442
2,random,107,0.005946850417178368,0.10905824514614536,0.0838625354253517,0.1095265936755709
2,random,108,0.0059359706974310795,0.10895843884189127,0.08373669072039384,0.10941987238431773
2,random,109,0.005925421996769811,0.10886158180708023,0.08361444652283315,0.10931591187659218
2,random,110,0.005915112423554771,0.10876683707412634,0.0834950629318155,0.10921205487790964
2,random,111,0.005905144711563118,0.10867515550081461,0.08337598960226912,0.10911199262558405
2,random,112,0.005895398518175126,0.10858543657576854,0.08326478431599883,0.10901495963529763
2,random,113,0.0058858186747681425,0.10849717668924055,0.08315199938132863,0.10892011135161248
2,random,114,0.005876606354620484,0.10841223505324926,0.08304091556649035,0.10882749145339053
2,random,115,0.005867600518854424,0.10832913291312199,0.08293358361223392,0.1087366094989922
2,random,116,0.005858746213333664,0.108247366834798,0.08283025771059196,0.1086472277406929
2,random,117,0.0058500704384762585,0.10816718946590281,0.08272602657955895,0.10855976065162874
2,random,118,0.0058416747824635955,0.10808954419798054,0.08262383223782462,0.10847427863789161
2,random,119,0.005833562367012316,0.10801446539248635,0.0825234663019415,0.10839484056341334
2,random,120,0.005825653154225358,0.10794121691203373,0.08242543299682242,0.1083140118570292
2,random,121,0.005817860719508628,0.10786900128868004,0.0823261313814967,0.10823481822076152
2,random,122,0.005810312882405002,0.10779900632570787,0.08223042138179068,0.10815869957719502
2,random,123,0.005802948569640287,0.10773066944598726,0.08213969256161349,0.1080841575404056
2,random,124,0.005795778094834202,0.10766408960126121,0.082047697253488,0.1080115613664228
2,random,125,0.005788776168855298,0.10759903502220917,0.08195801859731217,0.10793891604701249
2,random,126,0.0057819464127667995,0.10753554215018214,0.08186905625489337,0.10786967415581422
2,random,127,0.005775226265102673,0.10747303164145573,0.08178123049133044,0.10780226773212694
2,random,128,0.005768722372783726,0.10741249808829256,0.08169717942274679,0.10773474655123907
2,random,129,0.005762338913970002,0.10735305225255592,0.08161056072666305,0.1076685952390475
2,random,130,0.005756046976759815,0.10729442647928937,0.08153568554324149,0.10760412647014288
2,random,131,0.005749954493995971,0.10723762860112089,0.08145553237478373,0.1075420976122075
2,random,132,0.005744063029120574,0.107182676110653,0.0813770284593704,0.1074818254060162
2,random,133,0.005738231260167903,0.10712825267097287,0.08129966491460118,0.10742197841957532
2,random,134,0.005732541755943419,0.10707513022119954,0.08122613302040439,0.10736382350538082
2,random,135,0.005727009301929373,0.10702344885051475,0.08115235713538839,0.10730630303866817
2,random,136,0.005721563416410623,0.10697255177297232,0.08108138875219705,0.10725087957114614
2,random,137,0.00571630405839791,0.10692337497851356,0.0810099796445222,0.10719598911812586
2,random,138,0.005711153770361095,0.10687519609676602,0.08094039371452572,0.10714300712999424
2,random,139,0.005706111757918005,0.10682800904180519,0.0808714169306805,0.10709225036289081
2,random,140,0.005701296253619262,0.10678292235764351,0.08080618739615515,0.10704182095290446
2,random,141,0.005696520801616804,0.1067381918679233,0.08074199002568379,0.1069924850735825
2,random,142,0.005691782098200023,0.1066937870562295,0.08067884179238098,0.10694323240075719
2,random,143,0.005687208545879804,0.10665091228751683,0.08061562629743638,0.1068946920304542
2,random,144,0.005682740542642676,0.10660901033817616,0.08055264727642109,0.10684871458428634
2,random,145,0.005678336128699398,0.10656768861807409,0.08049189373607554,0.10680456014956163
2,random,146,0.005674032164918869,0.1065272938257503,0.08043188367287059,0.10675989512431312
2,random,147,0.005669842098395983,0.10648795329421994,0.08037228138918254,0.10671548979286638
2,random,148,0.005665718703849536,0.10644922455189175,0.08031630638804643,0.1066720210518275
2,random,149,0.005661728932710712,0.10641173744198251,0.08025819237752098,0.10662985107853694
2,random,150,0.005657841756993797,0.10637520159317017,0.08020271491515278,0.10658783151091232
2,random,151,0.0056540298629909865,0.10633936113209433,0.08015044722053438,0.1065480881693428
2,random,152,0.005650268788399854,0.10630398664584366,0.08009601826927011,0.10650735069584827
2,random,153,0.005646577068099329,0.10626925301421224,0.08004255546723009,0.10646785692494967
2,random,154,0.005642947528527267,0.10623509334045193,0.07999023607617896,0.10643017407248127
2,random,155,0.005639492097316739,0.10620256209072114,0.0799424161493724,0.10639434194760211
2,random,156,0.005636065863126996,0.10617029587532471,0.0798949134378284,0.10635852452878079
2,random,157,0.005632690362241138,0.1061384978435359,0.07984661644647209,0.10632086113886452
2,random,158,0.005629441643652858,0.10610788513256551,0.07980117791683719,0.10628638552515027
2,random,159,0.005626224357000239,0.10607755989840867,0.07975600112363372,0.10625256430509326
2,random,160,0.0056230604207282145,0.10604772907260404,0.07971057185485361,0.10621858248664391
2,random,161,0.005619933678482445,0.10601824068038901,0.07966918981546972,0.10618454293764207
2,random,162,0.005616933579199227,0.10598993894893258,0.07962812236936141,0.10615104461165192
2,random,163,0.005614029777133984,0.10596253844764181,0.07958651160041164,0.10611859958247985
2,random,164,0.005611170137701099,0.10593554774202188,0.07954213727254222,0.10608658995954026
2,random,165,0.005608366852826389,0.10590908226234792,0.07950030935025804,0.10605666192494378
2,random,166,0.005605634323313862,0.1058832784089524,0.07945872174877737,0.10602675294192465
2,random,167,0.0056030373030084004,0.10585874836789258,0.07941781093307757,0.10599885149627276
2,random,168,0.005600393864160463,0.1058337740436432,0.07937701568657912,0.10597034276434973
2,random,169,0.005597877840604702,0.10580999802102543,0.07933924554005661,0.10594267427256172
2,random,170,0.005595357657678772,0.10578617733597119,0.07930247732250531,0.10591538445478092
2,random,171,0.005592909630057806,0.10576303352360697,0.07926523649183384,0.1058888175912716
2,random,172,0.005590501930747411,0.10574026603661833,0.07922798957662042,0.10586255144142452
2,random,173,0.005588139871281912,0.10571792536066825,0.07918749071553764,0.10583614555682441
2,random,174,0.005585892514882979,0.10569666517807437,0.07914880135896993,0.1058114783997914
2,random,175,0.0055836493205847475,0.10567544010397825,0.07911288058061323,0.10578607106150233
2,random,176,0.0055814654531600215,0.10565477228369782,0.0790763868714026,0.10576312761010673
2,random,177,0.005579313568215572,0.10563440318585202,0.07904170114371208,0.10573899538546638
2,random,178,0.0055771750439281755,0.10561415666403984,0.07900622175651104,0.10571535475000446
2,random,179,0.005575142474637936,0.10559490967502114,0.07897119774749349,0.10569346689428283
2,random,180,0.005573112662374144,0.10557568529139788,0.0789420628785891,0.10567268789403539
2,random,181,0.005571093652239887,0.1055565597415896,0.078909176396082,0.10564960465674386
2,random,182,0.005569174376635194,0.10553837573731362,0.07887878176047008,0.1056290791810765
2,random,183,0.005567232301414106,0.10551997253045611,0.07884909317307048,0.10560732065839641
2,random,184,0.005565388808071847,0.10550250052081085,0.07881909485683433,0.10558613211212971
2,random,185,0.005563547515602417,0.10548504648150293,0.07879046190456715,0.10556671836359827
2,random,186,0.005561783627875698,0.10546832347084785,0.07876223131055489,0.10554766805056119
2,random,187,0.005560069384931116,0.1054520685897732,0.07873056873906092,0.10552832789838981
2,random,188,0.005558381077195684,0.10543605718344824,0.07870205293390135,0.10550929497373089
2,random,189,0.005556705082433844,0.10542016014438456,0.07867316058599604,0.10549065001432867
2,random,190,0.005555050972461947,0.1054044683347148,0.07864389864768041,0.1054730172845125
2,random,191,0.0055534331628163775,0.10538911863011644,0.07861740902650881,0.10545477342602198
2,random,192,0.005551828855283483,0.10537389482488993,0.0785886965975561,0.10543798250143303
2,random,193,0.005550300213438067,0.10535938698984601,0.07856086811900305,0.10542207257437503
2,random,194,0.005548745958895153,0.10534463402466357,0.07853361878061776,0.10540490979659423
2,random,195,0.0055472712047033345,0.10533063376533282,0.07850891768417069,0.10538810122634938
2,random,196,0.005545781359237037,0.10531648835046711,0.07848429753880272,0.10537212075686754
2,random,197,0.005544325694918908,0.10530266563500573,0.07845886564802265,0.10535593256252428
2,random,198,0.005542905823382584,0.10528918105278039,0.07843678949199656,0.105340424100791
2,random,199,0.005541553175138347,0.1052763332866257,0.0784132451213251,0.10532441852641754
2,random,200,0.005540231610187847,0.10526377924231912,0.07839017154893506,0.10530923825637756
2,random,201,0.00553896238814082,0.1052517210133955,0.0783670325482952,0.10529401899028015
2,random,202,0.005537653625047543,0.10523928567837719,0.07834290479130242,0.10527948328078669
2,random,203,0.0055364018980369745,0.10522739090215033,0.07832161899467728,0.10526399565660936
2,random,204,0.005535182648103702,0.1052158034527485,0.0783005368872085,0.10524779433706778
2,random,205,0.00553395869888022,0.10520417005879776,0.07827882609803048,0.10523323605740938
2,random,206,0.0055328048436405755,0.10519320171608597,0.07825963729130149,0.10522078425999598
2,random,207,0.005531655381440349,0.10518227399557731,0.0782388675910639,0.10520780828215966
2,random,208,0.005530482468972225,0.10517112216737279,0.07821846498402646,0.10519370934004128
2,random,209,0.005529424059988958,0.1051610580014195,0.07819782707102162,0.10518211844622792
2,random,210,0.005528322585764183,0.10515058331520737,0.0781759333047456,0.10516966622756456
2,random,211,0.005527205327429039,0.10513995746079641,0.0781574429553806,0.10515704622087681
2,random,212,0.005526167053398954,0.10513008183578051,0.07813907638543448,0.10514472190747462
2,random,213,0.005525132386509628,0.10512023959742128,0.07811955552540259,0.10513169426515617
2,random,214,0.005524139775500058,0.10511079654821438,0.07810059859718037,0.10512049500572974
2,random,215,0.005523119180986152,0.10510108639767861,0.07808249975901932,0.10510817746574092
2,random,216,0.005522140293933129,0.10509177221774432,0.07806472441758018,0.10509547609286841
2,random,217,0.0055211913764994115,0.10508274241281879,0.07804701221769392,0.10508417017339078
2,random,218,0.005520210305996666,0.1050734058265617,0.07803306834906219,0.10507346835558401
2,random,219,0.005519278241385908,0.10506453484773925,0.0780183297815916,0.1050638823697336
2,random,220,0.005518382101130391,0.10505600507472565,0.07800111189008067,0.10505285574959504
2,random,221,0.0055175179145283,0.10504777879163651,0.07798233526170238,0.10504433666885718
2,random,222,0.005516637111053324,0.10503939366783611,0.07796569213042126,0.10503360315775578
2,random,223,0.005515777718371853,0.10503121172653254,0.07794989450020569,0.10502275729371432
2,random,224,0.005514944845928517,0.10502328166581462,0.07793567652215785,0.10501332651855443
2,random,225,0.0055141482647103075,0.10501569658589431,0.07792004062437655,0.10500350973495873
2,random,226,0.005513362557000803,0.10500821450725466,0.07790433546591581,0.10499501881530088
2,random,227,0.005512608231156954,0.10500103076786393,0.07788873545065352,0.10498726446511221
2,random,228,0.005511827896387788,0.10499359881809736,0.07787421695659709,0.10497707225143708
2,random,229,0.005511081645739351,0.104986490995169,0.07785833617175837,0.10496855642679936
2,random,230,0.005510338678375057,0.10497941396650161,0.07784373929736155,0.10495910137092695
2,random,231,0.0055096227186852975,0.10497259374413206,0.07783400512002026,0.10495108574201861
2,random,232,0.005508902044384609,0.10496572816290667,0.07782049220699112,0.1049424427597593
2,random,233,0.005508222320705526,0.10495925229064397,0.07780515981028287,0.10493480436079412
2,random,234,0.0055075224561647665,0.10495258411458736,0.07779276254850619,0.10492649800769123
2,random,235,0.005506830943235596,0.10494599509495917,0.07777928211773875,0.10491845529732416
2,random,236,0.0055061702454425295,0.10493969930815057,0.07776609202901823,0.1049111129260824
2,random,237,0.005505528006417945,0.10493357905282699,0.07775405243987495,0.10490235111437117
2,random,238,0.005504930246612811,0.10492788234413969,0.07774228442932778,0.1048952657573794
2,random,239,0.005504313683211872,0.1049220061113194,0.07772909583653821,0.10488847197099994
2,random,240,0.0055037032757274595,0.10491618822400535,0.07771922891258662,0.10487945185057902
2,random,241,0.005503103287184271,0.1049104693267957,0.07770650665306486,0.10487317081739833
2,random,242,0.005502524564446313,0.10490495283299367,0.07769398025458919,0.1048661508384185
2,random,243,0.005501947691132863,0.10489945367953889,0.07768175763701739,0.10485905731827044
2,random,244,0.005501362730070884,0.10489387713370961,0.07767068041473793,0.10485075379962155
2,random,245,0.005500821086870293,0.10488871328098456,0.0776601473917105,0.10484317401277345
2,random,246,0.00550027936729683,0.10488354844585332,0.07764818946380826,0.10483686816249707
2,random,247,0.005499743105199489,0.10487843539259621,0.07763532084759518,0.10483002383789247
2,random,248,0.00549920326672095,0.10487328798813308,0.0776233462147409,0.10482195501941105
2,random,249,0.00549867923536162,0.10486829106418794,0.07761338498282444,0.10481584391977602
2,random,250,0.005498192544730526,0.10486364999112444,0.07760137370177349,0.1048089560535517
2,random,251,0.00549770138809108,0.10485896612203537,0.07759003009778112,0.10480290009253958
2,random,252,0.00549721033642219,0.1048542830448255,0.07758000397248832,0.10479722836149472
2,random,253,0.005496748098426896,0.10484987456765885,0.07757105917222913,0.1047908044901488
2,random,254,0.005496272790856207,0.10484534124944424,0.07756192667378263,0.10478518155095777
2,random,255,0.005495804217073338,0.10484087196387998,0.07755212856599533,0.10477941627536447
2,random,256,0.005495347990771449,0.10483652026628362,0.07754362566011587,0.10477175239927299
2,random,257,0.005494929932480099,0.10483253247422862,0.07753487873200017,0.10476581923502085
2,random,258,0.005494491875998393,0.10482835375983345,0.07752516788653903,0.10476116010862513
2,random,259,0.005494058405783006,0.10482421863083936,0.07751438154458795,0.10475611600449884
2,random,260,0.00549363431644099,0.1048201728336773,0.07750625444247215,0.10475119802814424
2,random,261,0.0054932206003786965,0.10481622584675233,0.0774968625187976,0.1047458179998222
2,random,262,0.005492817132008447,0.10481237648301318,0.07748939370945314,0.10474059138148649
2,random,263,0.005492434702387556,0.10480872771279648,0.07748152932419827,0.10473717960874858
2,random,264,0.005492040527498941,0.10480496674775429,0.07747355982664955,0.10473270917104975
2,random,265,0.0054916736353372965,0.10480146597578964,0.07746609493568683,0.10472960184353762
2,random,266,0.005491308311737255,0.10479798005436226,0.077456742785437,0.1047247833095737
2,random,267,0.005490950579243665,0.10479456645498053,0.07744775556156241,0.10471956921204596
2,random,268,0.005490613767994534,0.10479135239125921,0.07744051124130652,0.10471484066825665
2,random,269,0.005490257635744018,0.10478795384722443,0.07743226643655822,0.10471075120677367
2,random,270,0.005489908601166317,0.10478462292880876,0.0774254361706582,0.10470624313105605
2,random,271,0.005489567991683328,0.10478137231095351,0.07741737672995663,0.1047006230742259
2,random,272,0.005489225392666126,0.10477810260418086,0.07740795685837666,0.10469602159480092
2,random,273,0.005488893866331081,0.10477493847606002,0.07740113426116382,0.10469310818657035
2,random,274,0.005488576486754329,0.10477190927681264,0.0773953809357238,0.10468911257750153
2,random,275,0.005488265972369856,0.10476894551697899,0.07738981273714868,0.10468548918691022
2,random,276,0.005487962778213039,0.10476605154546045,0.07738323771702756,0.10468177042560202
2,random,277,0.00548766285879217,0.10476318875246372,0.07737337483997708,0.1046768411940902
2,random,278,0.005487364255162001,0.10476033844124408,0.07736673764974271,0.10467085700282826
2,random,279,0.005487067742905602,0.1047575080164243,0.07735890092119203,0.1046668644860683
2,random,280,0.0054867747417911205,0.10475471103288024,0.07735122874851184,0.10466236170110936
2,random,281,0.005486500351785983,0.10475209164294509,0.07734413050682927,0.10465732994710172
2,random,282,0.005486233103266915,0.10474954036430818,0.07733581764970218,0.10465346979168143
2,random,283,0.005485958770276279,0.10474692138937812,0.07732750502538313,0.10465076950108873
2,random,284,0.005485697032470095,0.10474442259586039,0.07731940083245531,0.10464690724336663
2,random,285,0.005485430311586939,0.1047418761679104,0.07731059173396329,0.10464429212891208
2,random,286,0.005485180962081841,0.10473949553135953,0.07730171394411244,0.1046407530953013
2,random,287,0.005484933954351457,0.10473713719929008,0.0772955536799203,0.10463750521729323
2,random,288,0.005484685282701427,0.10473476292713348,0.07729030822692576,0.1046346565625644
2,random,289,0.005484437013380731,0.104732392442651,0.07728273106958049,0.104631516180138
2,random,290,0.005484194355330901,0.10473007548293758,0.07727496321124022,0.10462763471908318
2,random,291,0.005483965077910593,0.10472788623772174,0.07726677403333065,0.10462468707324953
2,random,292,0.0054837380669459975,0.10472571858856827,0.07725851316270786,0.10462123308740731
2,random,293,0.005483517132736826,0.1047236089211676,0.07724907511701201,0.10461925279717255
2,random,294,0.005483307063460307,0.10472160296195153,0.077243302770307,0.10461657566210543
2,random,295,0.005483103230855734,0.10471965652021338,0.07723572351250553,0.1046152711342992
2,random,296,0.005482879326176358,0.10471751836418162,0.07723121756238777,0.10461142017651705
2,random,297,0.005482685415398028,0.10471566659672303,0.0772266597664232,0.10460934015347761
2,random,298,0.005482481227442723,0.10471371665109326,0.07722206535931958,0.10460796281967503
2,random,299,0.0054822794939585785,0.1047117901094101,0.07721660111037706,0.1046034582848404
2,random,300,0.005482061293316513,0.10470970626753294,0.07721235621760644,0.1045991306808173
2,guided,1,0.007220668959142351,0.12017211789048532,0.0874608822158705,0.11990210672958924
2,guided,2,0.007145134587540441,0.11954191388413053,0.0870900331961167,0.1192663511937692
2,guided,3,0.00707341425634092,0.11894044103113895,0.08674333754372124,0.11865916674971529
2,guided,4,0.007004213422751601,0.1183572002267002,0.08641280322953734,0.11807113025881394
2,guided,5,0.006939724563317024,0.11781107387098229,0.08609966798722903,0.11752151057896877
2,guided,6,0.006877798158152186,0.11728425434091472,0.08580786561514614,0.11699108548223532
2,guided,7,0.006818919652122338,0.11678115988567965,0.08553663525280236,0.11648668832944475
2,guided,8,0.006763427098321325,0.11630500503694005,0.08528080021181964,0.1160084485064519
2,guided,9,0.006710349828132613,0.11584774342327617,0.08503142164310178,0.11555143622254514
2,guided,10,0.0066602561193662875,0.1154145235173311,0.08479272488148458,0.11511814668774235
2,guided,11,0.006613194080310094,0.11500603532258726,0.08456625836226493,0.11471204173197923
2,guided,12,0.00656827173028647,0.11461476109373059,0.08435086151918568,0.11432214225680225
2,guided,13,0.006525456260027002,0.11424059050991467,0.08414380395757756,0.11395107940936255
2,guided,14,0.006484615891656497,0.1138825350232115,0.0839444647432381,0.11359410559324229
2,guided,15,0.006446004645187903,0.11354298432917732,0.08375382698840719,0.113257384886279
2,guided,16,0.006408955068157733,0.11321620968887568,0.08357583018698624,0.11293423339679391
2,guided,17,0.006373818578770698,0.11290543457930356,0.08340845152479226,0.1126265444025521
2,guided,18,0.006340451098210259,0.11260951201572857,0.08325756484729187,0.1123331656281657
2,guided,19,0.0063082813598457224,0.1123234735916382,0.08311364183370056,0.11205131388716778
2,guided,20,0.006278066719822287,0.1120541540490337,0.08298089650037586,0.11178615030498318
2,guided,21,0.006249421081466372,0.1117982207502997,0.08285826178459589,0.11153492472101326
2,guided,22,0.006221873843446796,0.11155154721873467,0.08274420189851932,0.11129186347192997
2,guided,23,0.006195424242738445,0.11131418815890852,0.08263283091624975,0.11105718511739081
2,guided,24,0.006170449233780761,0.11108959657664404,0.0825229972210995,0.1108371083835409
2,guided,25,0.006146567497441356,0.11087441091109666,0.08242026179839014,0.1106263468642282
2,guided,26,0.006123652672430791,0.11066754422531289,0.0823188922805645,0.1104249225317038
2,guided,27,0.006101985509206275,0.11047158466507372,0.08222036666524693,0.11023387910608279
2,guided,28,0.006081390780662761,0.11028500152480174,0.08212358461995621,0.11005140358929133
2,guided,29,0.006061465458714142,0.11010418210689493,0.08202996618205617,0.1098769372251207
2,guided,30,0.0060424149712112,0.10993102356670023,0.08193698867139167,0.10970907115280425
2,guided,31,0.006024212522817359,0.10976531804552254,0.08184472820621126,0.10954877167351426
2,guided,32,0.006006507811707037,0.10960390332198061,0.08175710738929264,0.10939237108638176
2,guided,33,0.0059894882141326815,0.10944851039765394,0.08167288713874245,0.10924346210458608
2,guided,34,0.005973322936190275,0.10930071304607555,0.08159017606509884,0.10909944717729603
2,guided,35,0.005957982516798556,0.10916027223123398,0.08150873040790352,0.10896446697538836
2,guided,36,0.005943180007902824,0.10902458445600996,0.08142764099739343,0.1088336694405621
2,guided,37,0.005929138201366087,0.10889571342680195,0.08134730261955828,0.10870891389459403
2,guided,38,0.005915858557931413,0.10877369680149161,0.08126990664835866,0.10859131377561791
2,guided,39,0.005902964747197926,0.10865509419440882,0.08119121584580201,0.10847809298404705
2,guided,40,0.0058905565275983425,0.10854083588768186,0.08111306296816174,0.10836709106522079
2,guided,41,0.005878333849957781,0.10842816838771907,0.0810397959747594,0.10825995045091918
2,guided,42,0.005866716957505294,0.10832097633889101,0.08096901837236814,0.10815639577543974
2,guided,43,0.005855589180484236,0.10821819791961272,0.08090060987567686,0.10805761329829093
2,guided,44,0.005844989331660469,0.10812020469514909,0.08083263892032583,0.10796321028722632
2,guided,45,0.005834715186719724,0.10802513769229571,0.08076975869593137,0.10787247739053074
2,guided,46,0.005824911167052887,0.10793434270011457,0.08070969802308026,0.10778577927279859
2,guided,47,0.005815398217182466,0.10784617023503863,0.08065419782708234,0.1077016497625461
2,guided,48,0.005806043475890821,0.10775939379832108,0.08059667248907344,0.10761990988391694
2,guided,49,0.005797164227343051,0.10767696343548189,0.08054236041280724,0.1075402050127639
2,guided,50,0.005788609288502076,0.10759748406447128,0.0804884559926019,0.10746529878217702
2,guided,51,0.005780290034891887,0.10752013797323631,0.08043470610986204,0.1073912331937261
2,guided,52,0.005772287044303403,0.10744567971122342,0.08038162655412831,0.1073200806078516
2,guided,53,0.005764538271433396,0.1073735374422711,0.08033215093117703,0.10725211126207829
2,guided,54,0.005756883828488841,0.10730222577830192,0.08028327177444472,0.10718591657551262
2,guided,55,0.005749727370681625,0.10723551063599804,0.08023516994624819,0.1071223717414285
2,guided,56,0.005742585383428166,0.10716888898769238,0.08018879553414185,0.10705977572399326
2,guided,57,0.005735850296629111,0.10710602500913859,0.08014120032419991,0.10700024566956795
2,guided,58,0.0057293757571088505,0.10704555812464944,0.08009088843841596,0.10694391912444112
2,guided,59,0.005723077789649554,0.10698670748882362,0.08004276302156432,0.10688836483915268
2,guided,60,0.005717018861299496,0.10693005995789487,0.07999474096359468,0.10683311435472632
2,guided,61,0.005711055632799563,0.10687427784831637,0.07994812040459434,0.10678089660652046
2,guided,62,0.005705280946912454,0.10682023166902845,0.07990179047384217,0.10672955706010663
2,guided,63,0.005699701022934957,0.10676798230682227,0.07985672265953174,0.10668095662812342
2,guided,64,0.005694137137283734,0.10671585765277562,0.07981016431202656,0.10663115067598232
2,guided,65,0.0056888673968454465,0.10666646517856909,0.07976273918672738,0.10658392343519375
2,guided,66,0.005683772414279376,0.1066186889272174,0.0797211674626088,0.10653737002521986
2,guided,67,0.005678789769603659,0.10657194536653311,0.0796795963356098,0.10649399553272182
2,guided,68,0.005674087272465703,0.10652781113367253,0.07964085744687457,0.10645033963618708
2,guided,69,0.005669422734026047,0.1064840150823216,0.0796024507695528,0.10640832931580094
2,guided,70,0.005664898939062802,0.10644152327980658,0.07956362902699138,0.10636802511967283
2,guided,71,0.00566047674040186,0.10639996936467472,0.07952486820878862,0.10632819859991885
2,guided,72,0.0056561361014050866,0.10635916604980584,0.07948691657346946,0.10628961749309183
2,guided,73,0.00565196389834286,0.10631993132374437,0.07944881877531504,0.10625219082449573
2,guided,74,0.005647881477831083,0.10628152687867336,0.07941061899526711,0.1062153560619838
2,guided,75,0.0056439101145909715,0.10624415385884507,0.07937163364188193,0.10617965658859543
2,guided,76,0.005640049617055182,0.10620781154938823,0.07933747163787468,0.10614451124840787
2,guided,77,0.005636308256731337,0.10617257891500363,0.07930333575353607,0.1061113541064862
2,guided,78,0.005632688507688568,0.10613848037058536,0.0792686294228052,0.10607746627600363
2,guided,79,0.005629161357962282,0.1061052435835504,0.07923584715073964,0.10604705894262367
2,guided,80,0.005625683948669964,0.10607246531187972,0.07920254052932048,0.10601596927218675
2,guided,81,0.0056223621843828646,0.10604114469754525,0.07917013802059653,0.10598558369871505
2,guided,82,0.0056190882022277905,0.10601026556166898,0.07913804792729283,0.1059553438380872
2,guided,83,0.005615879967327614,0.10597999780456323,0.07910658497321572,0.10592546009123753
2,guided,84,0.005612661831514637,0.105949627951349,0.0790738005721428,0.10589589009186645
2,guided,85,0.0056095773083337215,0.10592051084028742,0.07904265462156496,0.1058678354737143
2,guided,86,0.005606611359677034,0.10589250549190943,0.07901319997721444,0.10584153164993777
2,guided,87,0.005603800704847696,0.1058659596362088,0.07898467524922516,0.10581640713426181
2,guided,88,0.005600992574430885,0.10583943097381887,0.07895573158954179,0.105790319870934
2,guided,89,0.005598244339391445,0.10581346170872065,0.0789281455734212,0.1057654506829036
2,guided,90,0.005595453510034021,0.10578708342736387,0.07890161469102211,0.1057406359131728
2,guided,91,0.00559284194368596,0.10576239354029353,0.07887243181281697,0.105717838534559
2,guided,92,0.005590291273605136,0.10573827380475942,0.07884411427854361,0.10569384588497462
2,guided,93,0.005587861381323987,0.10571529105407587,0.07881620196285685,0.10567166721715529
2,guided,94,0.005585457062196159,0.10569254526404555,0.07878703448914762,0.10564999110607148
2,guided,95,0.005583092811492207,0.10567017376244071,0.07875923551524648,0.10562836645787527
2,guided,96,0.005580773530136663,0.10564822317612978,0.07873450507613089,0.10560748181230992
2,guided,97,0.005578524468822469,0.1056269328232385,0.07870884380131406,0.10558698087865463
2,guided,98,0.0055762903871561225,0.10560578002321769,0.0786831302888318,0.10556670722152864
2,guided,99,0.005574171466656763,0.10558571367999331,0.07865640465220196,0.10554582008724452
2,guided,100,0.0055720598709938065,0.10556571290901044,0.0786333558271556,0.10552613277940096
2,guided,101,0.005570007922171718,0.10554627347445024,0.07861042289078285,0.10550638925381046
2,guided,102,0.005568024896361499,0.10552748358945645,0.07858641581711713,0.10548748253480907
2,guided,103,0.005566074942174302,0.10550900380701451,0.07856107101185236,0.10546968113932198
2,guided,104,0.005564090276436867,0.1054901917377807,0.07853824928928595,0.10545126850844254
2,guided,105,0.005562273803023369,0.10547297097383167,0.07851500882902283,0.10543310455074555
2,guided,106,0.0055604614225333235,0.10545578620951364,0.07849236155350199,0.10541520892507429
2,guided,107,0.005558690676615985,0.10543899351393662,0.07846887678920164,0.10539795771401728
2,guided,108,0.005556896642923522,0.10542197724311114,0.07844518276029996,0.10538219013086148
2,guided,109,0.005555176415834823,0.10540565844237039,0.07842259686013191,0.10536678034315207
2,guided,110,0.005553496446751824,0.10538971910724332,0.07840015913789569,0.10534995082074165
2,guided,111,0.005551901343003771,0.10537458273230571,0.0783775477003748,0.10533409875704541
2,guided,112,0.005550327713830766,0.10535964800463948,0.07835762270611123,0.10531928527411018
2,guided,113,0.005548751193616864,0.10534468371604581,0.07833485837952905,0.10530495812870362
2,guided,114,0.005547255548929521,0.10533048513065456,0.07831160422946677,0.10529032022014156
2,guided,115,0.005545771755665322,0.10531639716269563,0.07829060408345066,0.10527546523708221
2,guided,116,0.005544290804375186,0.10530233429867722,0.07827110422279122,0.10526087649754312
2,guided,117,0.005542829502216893,0.10528845617841391,0.07825107055524264,0.10524658401843039
2,guided,118,0.0055414261744124475,0.1052751269238128,0.0782314171848759,0.10523228415683121
2,guided,119,0.005540050703522985,0.10526206062511778,0.0782128162568183,0.10522123357636387
2,guided,120,0.005538735061173452,0.1052495611503768,0.07819508074470635,0.10520751882134954
2,guided,121,0.005537419854385132,0.10523706432987508,0.07817610124173972,0.10519433785578164
2,guided,122,0.0055361524240990076,0.10522502006746312,0.07815866317501051,0.10518221999071987
2,guided,123,0.005534901585311856,0.10521313212058518,0.07814341152798522,0.10517007931437618
2,guided,124,0.005533687419058564,0.10520159142388069,0.07812560196711167,0.1051584005155417
2,guided,125,0.0055324984163433654,0.10519028868049907,0.07810831961409188,0.10514552837776632
2,guided,126,0.005531331689284858,0.10517919651038278,0.07809065218548937,0.10513433259651178
2,guided,127,0.005530164222800894,0.10516809613947467,0.07807285141281864,0.10512392513768394
2,guided,128,0.005529057264767842,0.10515757000585209,0.07805665302964142,0.10511187931562388
2,guided,129,0.0055279565097324495,0.10514710181200858,0.07803737287881994,0.10510013682546901
2,guided,130,0.00552684763108357,0.10513655530864201,0.0780256195526159,0.10508921192568473
2,guided,131,0.005525777128830534,0.1051263727979857,0.07800857444968322,0.10507872557428818
2,guided,132,0.005524750749521256,0.10511660905414763,0.07799210848527698,0.10506851790119737
2,guided,133,0.005523722190998648,0.10510682367000392,0.07797596727575766,0.10505825370050724
2,guided,134,0.005522714849499513,0.10509723925488731,0.07796239624965533,0.1050484355962003
2,guided,135,0.0055217335736020565,0.10508790200210542,0.07794767352429484,0.1050382163720007
2,guided,136,0.005520752025119247,0.10507856132550776,0.07793453755060561,0.10502891635707522
2,guided,137,0.0055198235948873695,0.10506972537212962,0.07791875952438516,0.10501892627702172
2,guided,138,0.00551890903761139,0.10506102072235345,0.07790310454589262,0.10500993163644808
2,guided,139,0.005518009851472577,0.10505246167008726,0.07788775274732293,0.10500210859434952
2,guided,140,0.005517163035183299,0.10504440047126072,0.07787457248452771,0.10499305955619927
2,guided,141,0.005516308400509209,0.10503626421868982,0.07786257024008876,0.10498447435091854
2,guided,142,0.005515445438594408,0.10502804804997956,0.07785057816107162,0.10497565956883499
2,guided,143,0.005514618895673283,0.1050201780199718,0.07783738155354132,0.10496629891443765
2,guided,144,0.005513807808272733,0.10501245457823309,0.07782323836600584,0.10495861228054866
2,guided,145,0.005512992940284862,0.10500469456443233,0.07781105641695511,0.10495186527719906
2,guided,146,0.0055122019965765205,0.1049971618337993,0.0777982597103416,0.10494399411021268
2,guided,147,0.005511435575141488,0.10498986213098375,0.07778510702888232,0.10493547701952488
2,guided,148,0.005510668815432527,0.10498255869840978,0.07777432989578277,0.10492723516468684
2,guided,149,0.0055099334189351225,0.10497555352495287,0.07776027726911065,0.1049193099158813
2,guided,150,0.005509220160176142,0.10496875878256484,0.07774703036878959,0.10491077738938222
2,guided,151,0.0055085082424537555,0.10496197637672183,0.07773667615372314,0.10490378478462661
2,guided,152,0.005507814889463978,0.10495537041489567,0.0777238691382951,0.10489544734497942
2,guided,153,0.005507120410750574,0.10494875331084762,0.07771145325543292,0.10488742528727348
2,guided,154,0.005506426261529726,0.10494213892931405,0.07769909779944326,0.10488052263981222
2,guided,155,0.005505787373026972,0.10493605074546089,0.07768927864200015,0.10487437378989785
2,guided,156,0.0055051410006740735,0.10492989088600134,0.07767927518356754,0.10486800261767029
2,guided,157,0.005504501333020342,0.1049237945655831,0.07766786511963368,0.10485939634053985
2,guided,158,0.0055038827846751615,0.10491789918479269,0.07765807318381314,0.10485273542566013
2,guided,159,0.0055032791152691525,0.104912145295663,0.07764750573274129,0.10484676437240446
2,guided,160,0.005502670904672311,0.10490634780290763,0.0776358635918946,0.1048397837093583
2,guided,161,0.005502059096059414,0.10490051569043322,0.07762829164350027,0.10483258024808788
2,guided,162,0.005501486359173534,0.10489505573832862,0.07761956229158935,0.10482493881158578
2,guided,163,0.005500938040570224,0.10488982830160629,0.07761018500760825,0.10481770136675661
2,guided,164,0.005500392590328737,0.10488462795213355,0.07759786750552583,0.10481035837734141
2,guided,165,0.005499851581101047,0.1048794696887913,0.07758799370967956,0.1048043964079003
2,guided,166,0.0054993292133463205,0.10487448892219996,0.07757690288217925,0.10479804196845052
2,guided,167,0.005498845914544688,0.1048698804666496,0.07756526788578695,0.10479294174959815
2,guided,168,0.005498330369707281,0.10486496430845987,0.07755410232349441,0.10478710165887921
2,guided,169,0.005497853625641193,0.10486041794348516,0.07754567258714608,0.10478122740952817
2,guided,170,0.0054973613649934505,0.10485572340119018,0.07753835485654223,0.10477557156025676
2,guided,171,0.005496886231546394,0.10485119199652805,0.07752966425518397,0.10477010717541503
2,guided,172,0.005496418000403244,0.10484672622836866,0.07752132098414144,0.10476457255836684
2,guided,173,0.0054959534948042935,0.10484229580473993,0.0775087213140539,0.10475856441469718
2,guided,174,0.005495527169737744,0.10483822937972334,0.07749723935365191,0.10475350449979753
2,guided,175,0.00549508880378239,0.1048340479403747,0.07748832532434761,0.10474742198401331
2,guided,176,0.005494660139021963,0.10482995887647732,0.07747793651859294,0.10474326300899726
2,guided,177,0.005494238220073134,0.10482593400559934,0.0774699704402953,0.10473772580148145
2,guided,178,0.005493814082074975,0.10482188781046614,0.07745949013426727,0.10473265377694574
2,guided,179,0.005493420892130535,0.10481813671431614,0.07744881957895043,0.10472838455477157
2,guided,180,0.005493013898385007,0.10481425378625758,0.07744459462176258,0.10472510920025822
2,guided,181,0.005492606504880589,0.10481036690023167,0.07743651608802528,0.10471950675311104
2,guided,182,0.0054922306216246275,0.1048067805213444,0.07742986879410932,0.1047158102226025
2,guided,183,0.005491832652983999,0.10480298328753813,0.07742426170288332,0.10471078015771682
2,guided,184,0.0054914700604004755,0.1047995234760204,0.0774178183107568,0.10470577198471841
2,guided,185,0.005491097033336367,0.10479596398083628,0.07741222912476943,0.10470220754174041
2,guided,186,0.005490748664317869,0.10479263966823117,0.07740692450021718,0.10469852076505207
2,guided,187,0.005490410763840685,0.10478941515096538,0.0773969839223971,0.10469424858233495
2,guided,188,0.0054900761734787175,0.10478622212370019,0.07739020636948986,0.10468994421442754
2,guided,189,0.005489739592030731,0.10478300999714345,0.07738298754346416,0.10468580440223896
2,guided,190,0.005489403709139372,0.10477980443901747,0.07737513513255337,0.10468253262005382
2,guided,191,0.00548907494913093,0.10477666676441783,0.077369967385149,0.10467827856396492
2,guided,192,0.005488741624691472,0.10477348543110965,0.07736207821641918,0.10467538673757558
2,guided,193,0.005488435111286486,0.10477055990388222,0.07735374490595473,0.10467282876853577
2,guided,194,0.0054881087384319625,0.10476744473768522,0.07734584059296667,0.1046690415095023
2,guided,195,0.005487810844888213,0.10476460132018078,0.07733945011496163,0.10466513618876544
2,guided,196,0.005487497577335604,0.10476161107328967,0.0773329166346652,0.10466204850347358
2,guided,197,0.005487191930808423,0.1047586934894515,0.07732485598509586,0.10465850687219663
2,guided,198,0.005486892979064203,0.10475583973282065,0.07732026653445713,0.10465539363609636
2,guided,199,0.005486618533148258,0.10475321983737071,0.07731334875374302,0.10465127816225772
2,guided,200,0.005486350744669931,0.10475066343150224,0.07730662532136079,0.10464774493975991
2,guided,201,0.0054861020194621295,0.10474828895463763,0.07729946658347944,0.10464391459477687
2,guided,202,0.005485827577189203,0.1047456689051075,0.07729131650710401,0.10464083768170387
2,guided,203,0.005485571050638296,0.10474321983439593,0.07728611831826449,0.10463642879468031
2,guided,204,0.005485322596301936,0.10474084777489569,0.07728051178851156,0.104631050499448
2,guided,205,0.005485066039622366,0.10473839830379655,0.07727358156521127,0.10462716995337971
2,guided,206,0.005484833407312335,0.10473617720073933,0.07726844592091862,0.10462494286709505
2,guided,207,0.005484597830146636,0.10473392793308801,0.07726195961403198,0.10462202884214468
2,guided,208,0.005484345720850993,0.10473152076477256,0.07725604113432467,0.10461822729585474
2,guided,209,0.0054841384801004745,0.10472954196501076,0.07724872377619055,0.10461614947312407
2,guided,210,0.00548390746720086,0.10472733613723649,0.07724018492754799,0.10461337035805994
2,guided,211,0.005483662965234675,0.10472500145843566,0.0772353156506078,0.10461046624838571
2,guided,212,0.005483448912416027,0.10472295748703842,0.07723019051050772,0.10460740591520969
2,guided,213,0.005483230889651573,0.10472087556596892,0.07722367690935793,0.10460347139984842
2,guided,214,0.0054830251314076876,0.10471891072206288,0.0772172120711124,0.10460107239316077
2,guided,215,0.005482802781407186,0.10471678739731453,0.07721177697421777,0.10459770779013293
2,guided,216,0.005482597156306219,0.10471482374818017,0.07720585019454819,0.10459375952337854
2,guided,217,0.005482397991224728,0.10471292175490786,0.0771999855695422,0.10459093558279384
2,guided,218,0.00548217763166713,0.10471081731766904,0.0771977270668129,0.10458881129770319
2,guided,219,0.005481976256019426,0.10470889414008178,0.07719420350205915,0.10458745664467137
2,guided,220,0.005481786885659764,0.10470708558316161,0.07718828777174741,0.104584434631148
2,guided,221,0.005481605778811333,0.10470535591660374,0.07718070366497891,0.10458362091320686
2,guided,222,0.005481414496439498,0.10470352903736815,0.0771752439515756,0.10458069403852484
2,guided,223,0.00548122769544968,0.10470174492767233,0.07717076934859589,0.10457751101564237
2,guided,224,0.005481048944129844,0.10470003767076537,0.07716733623827615,0.10457546437528815
2,guided,225,0.005480882519283728,0.10469844811919352,0.07716236080290508,0.10457291441157979
2,guided,226,0.005480716264885245,0.10469686017149936,0.07715690906512734,0.10457151230562182
2,guided,227,0.005480559617594576,0.10469536396225551,0.07715137278333356,0.10457054941536804
2,guided,228,0.0054803900339685345,0.10469374416810714,0.07714697660159849,0.10456734018865012
2,guided,229,0.005480230889929975,0.10469222406587773,0.0771409984973757,0.10456550292691094
2,guided,230,0.005480070652054832,0.10469069349330754,0.0771362428475443,0.1045627759933154
2,guided,231,0.005479918308893198,0.10468923830932382,0.07713598733150041,0.10456118118512138
2,guided,232,0.005479761235510111,0.10468773792102025,0.07713176710013224,0.10455899949461914
2,guided,233,0.005479618699783985,0.10468637637996632,0.07712540439513466,0.10455749699312199
2,guided,234,0.005479462167129934,0.10468488111594658,0.0771223274046109,0.10455543422014117
2,guided,235,0.005479307505659756,0.1046834037052651,0.07711755300748142,0.10455350594037983
2,guided,236,0.005479164100191587,0.10468203379942125,0.07711255540724092,0.10455215946465644
2,guided,237,0.005479024632790779,0.10468070149545979,0.07710891054710865,0.10454925282752862
2,guided,238,0.005478902214641608,0.10467953204558768,0.07710504536157088,0.10454767681882733
2,guided,239,0.005478768455688373,0.10467825424306973,0.07709964031680397,0.1045464402024104
2,guided,240,0.00547863554443699,0.1046769845232178,0.07709774253377451,0.10454301079051678
2,guided,241,0.00547850422189878,0.10467572996543927,0.07709269485647986,0.10454211520237694
2,guided,242,0.005478380564033703,0.10467454861649705,0.0770876507873221,0.10454043749956093
2,guided,243,0.005478253100732896,0.10467333089887697,0.07708261604727298,0.10453853440228812
2,guided,244,0.0054781199017364885,0.104672058370288,0.07707859033600878,0.10453554135062629
2,guided,245,0.005478003698776678,0.10467094820222733,0.0770751002461661,0.10453295576264937
2,guided,246,0.005477884228072272,0.10466980680284331,0.0770700086590042,0.1045315829220005
2,guided,247,0.0054777654318158816,0.10466867183466007,0.07706384140888572,0.10452957893778397
2,guided,248,0.005477641241958917,0.10466748532336981,0.07705887360159258,0.10452641766497967
2,guided,249,0.005477523557061617,0.10466636094812523,0.0770552843040876,0.10452508490639768
2,guided,250,0.005477419850590262,0.10466537011438179,0.07704973869275365,0.10452267470505366
2,guided,251,0.005477311248554028,0.10466433249731284,0.07704464682673424,0.10452110341510684
2,guided,252,0.00547720123353019,0.10466328136963976,0.07704081232252454,0.10451984987826878
2,guided,253,0.005477102472135431,0.10466233775466159,0.07703806565516601,0.10451776240458716
2,guided,254,0.005476994727917618,0.104661308303667,0.07703482176012394,0.1045164489218865
2,guided,255,0.0054768873938171835,0.10466028276110459,0.07703110807500972,0.10451494853772864
2,guided,256,0.00547678551496045,0.10465930933233268,0.07702867079358178,0.10451148666016817
2,guided,257,0.005476697813991831,0.10465847136273138,0.07702582596022073,0.10450952553168656
2,guided,258,0.005476597932806048,0.10465751700481,0.07702171161412621,0.10450883682793234
2,guided,259,0.005476498272662159,0.104656564750255,0.07701677026364194,0.1045077252164244
2,guided,260,0.005476401078548004,0.10465563605031507,0.07701435823368002,0.10450673800739006
2,guided,261,0.0054763066572466965,0.10465473383700039,0.07701062354147453,0.10450518895822494
2,guided,262,0.005476216024309129,0.10465386781489855,0.07700863522613746,0.10450369132074781
2,guided,263,0.005476131943517569,0.1046530643939065,0.07700622651027916,0.10450386638868345
2,guided,264,0.0054760409764546365,0.10465219516526766,0.07700346983197964,0.10450303089830197
2,guided,265,0.005475961200302642,0.10465143286455893,0.07700091689416988,0.10450335818800309
2,guided,266,0.005475880129215551,0.10465065818441421,0.07699699573496609,0.10450196476772908
2,guided,267,0.005475802155213169,0.10464991309325745,0.0769931116867405,0.10450012811133773
2,guided,268,0.005475732340016387,0.10464924596017294,0.07699078669205071,0.10449863591431602
2,guided,269,0.005475650982294235,0.10464846852481154,0.07698737724586077,0.10449788538447664
2,guided,270,0.005475571896173963,0.10464771279081032,0.07698553581369894,0.10449666153401861
2,guided,271,0.005475494960237362,0.10464697759837464,0.07698239087399443,0.10449427390940945
2,guided,272,0.005475414557007141,0.10464620926729397,0.07697807848186744,0.10449287967486255
2,guided,273,0.00547533748740153,0.10464547278694411,0.07697605650008411,0.10449306150366469
2,guided,274,0.0054752675698805705,0.10464480464772793,0.07697499472354652,0.10449213343637404
2,guided,275,0.005475199511966136,0.10464415427501085,0.07697400495282097,0.10449149480674552
2,guided,276,0.005475132494603054,0.10464351384202514,0.07697213143032977,0.10449067105404784
2,guided,277,0.0054750639585060615,0.104642858891623,0.07696678847143457,0.10448858243391351
2,guided,278,0.005474996253820878,0.10464221188240315,0.07696487148453075,0.10448547297324166
2,guided,279,0.005474926712033256,0.10464154731303676,0.07696140608119936,0.10448429845624432
2,guided,280,0.005474858477757496,0.10464089523467865,0.07695826019633913,0.10448256878169729
2,guided,281,0.005474798198107537,0.10464031917103021,0.07695558019597028,0.10448018832152572
2,guided,282,0.005474738651369461,0.10463975010835472,0.0769516454991599,0.1044789165124515
2,guided,283,0.005474673742235294,0.10463912979603084,0.07694759344362681,0.10447885463017814
2,guided,284,0.005474614628760371,0.10463856486745574,0.07694365687224866,0.10447754407658641
2,guided,285,0.005474550956330564,0.1046379563669949,0.07693899953177377,0.10447743475134376
2,guided,286,0.00547449521604724,0.10463742366904147,0.07693416179123029,0.10447632514804804
2,guided,287,0.005474439431577915,0.10463689054609675,0.07693220525172523,0.10447550012594156
2,guided,288,0.0054743824886226864,0.10463634634889242,0.07693110858446493,0.10447504774984365
2,guided,289,0.005474324221129486,0.10463578949030285,0.07692770916361232,0.10447426413310228
2,guided,290,0.0054742676475838066,0.10463524881782245,0.07692411569338656,0.10447273787732905
2,guided,291,0.005474215800264772,0.10463475331136182,0.07691998808501585,0.10447202022625683
2,guided,292,0.005474164048609018,0.10463425871681815,0.07691581268818672,0.10447079194991168
2,guided,293,0.005474114840813738,0.10463378843197581,0.07691036338667268,0.10447096135238979
2,guided,294,0.005474069708463361,0.10463335709479421,0.07690839309966768,0.10447040124237503
2,guided,295,0.00547402648159935,0.10463294396698727,0.07690466159239445,0.10447112191807682
2,guided,296,0.005473971244436003,0.10463241605196741,0.0769039754096431,0.10446945957868338
2,guided,297,0.005473930410614421,0.10463202579147955,0.07690307337146655,0.1044693925293044
2,guided,298,0.005473883508897425,0.10463157753658715,0.07690202434176353,0.10446997912422502
2,guided,299,0.005473835832599902,0.10463112187680969,0.07690032249045489,0.10446746671365294
2,guided,300,0.0054737805576412606,0.1046305935913704,0.076899713631475,0.10446520139518341
3,random,1,0.047858972072706944,0.30938316719791636,0.26432338252351634,0.3076436456381759
3,random,2,0.03820939521814736,0.27643948783828753,0.2363815284385521,0.2744545943817244
3,random,3,0.03154690961113799,0.2511848307965192,0.21485013010758688,0.24898149707137418
3,random,4,0.0268193333287746,0.23160023026229745,0.1980080085502503,0.229172856652714
3,random,5,0.023394787926118158,0.21630898236605042,0.184583513122949,0.2137173089800604
3,random,6,0.020820783668407086,0.2040626554193936,0.17362108088823508,0.20139184655820366
3,random,7,0.018856897234395955,0.19420039770503023,0.164682225482707,0.191523625868469
3,random,8,0.017312691142815355,0.186078967875552,0.15724033073867583,0.18344472581492438
3,random,9,0.016066717856229283,0.17925801436047026,0.1509536994134037,0.17669522138177135
3,random,10,0.015046822419146103,0.17347519949056756,0.14555942187845136,0.17099827980558427
3,random,11,0.014194163603543081,0.1684883592628469,0.14086084329516677,0.16610495817943918
3,random,12,0.013468215995166115,0.1641232219715791,0.1367005821970348,0.16183661391180126
3,random,13,0.012843531147333286,0.1602718387448855,0.13302202352955117,0.15808210215785573
3,random,14,0.01230257893888244,0.1568603132655449,0.1297395960985462,0.1547645535626153
3,random,15,0.011826419866368232,0.1537947974826732,0.12675749598238362,0.15179005996218461
3,random,16,0.011407153520270323,0.15104405662104234,0.1240770734428626,0.14912830239591934
3,random,17,0.011032103696818578,0.14854025512849087,0.12162731286282015,0.1467085331602746
3,random,18,0.01069596515409966,0.1462598041438567,0.11937009915213996,0.14450875640868605
3,random,19,0.010393912542159638,0.14417983591445538,0.11730323003855372,0.14250614068061748
3,random,20,0.010118480912604933,0.1422566758546321,0.11538679890117962,0.1406571519153155
3,random,21,0.009868793458830434,0.14049052251899724,0.1136142689316938,0.13896067980572585
3,random,22,0.009638589241652052,0.13884227916345981,0.11196865414777842,0.13737940528728224
3,random,23,0.009428859021382432,0.13732340675487506,0.11046895597501175,0.13592513317283272
3,random,24,0.009234688345515364,0.13590208493996966,0.10907257160709179,0.13456516027270823
3,random,25,0.009055179082543845,0.1345747307821483,0.10777464379117083,0.13329519548213298
3,random,26,0.008889188228064634,0.1333355783582509,0.10654449909047571,0.13211236675914384
3,random,27,0.008734620209787053,0.13217125413483108,0.10538423922641504,0.13100123399649952
3,random,28,0.008589556342508976,0.1310691141536325,0.10427992544124406,0.12995049616254634
3,random,29,0.008455022564779186,0.13003862937434543,0.10325088068793785,0.1289679088142215
3,random,30,0.008328851249551662,0.12906472213236012,0.10228112545957373,0.12804010035268273
3,random,31,0.008210609436973399,0.12814530375299282,0.10135335697335579,0.12716430137026993
3,random,32,0.008098643457401338,0.12726856216207785,0.10046346231586378,0.12632990882222342
3,random,33,0.007993951844117669,0.12644328249549416,0.09962417161615796,0.12554641123465912
3,random,34,0.007895442814451913,0.1256617906481673,0.09884112079021942,0.12480355810516658
3,random,35,0.007801830571094751,0.12491461540664288,0.09808814050041081,0.12409228461969228
3,random,36,0.007713857143215435,0.1242083503087891,0.09736056364875878,0.1234224723917893
3,random,37,0.007630712242610128,0.12353713808090365,0.09667049153644221,0.12278501662698821
3,random,38,0.00755168568979828,0.12289577445785742,0.09601276777036045,0.12217482896122243
3,random,39,0.0074765839421199205,0.12228314636220251,0.095367651535632,0.12159368255729816
3,random,40,0.007405570674263133,0.12170103265184838,0.0947531776693896,0.12104178943171286
3,random,41,0.007338196348333223,0.12114616253380231,0.09417064949479818,0.1205173485354986
3,random,42,0.007273723786145682,0.12061280020085498,0.0936143936315826,0.12001205451322187
3,random,43,0.007212147506956875,0.12010118656330482,0.09308113243213273,0.11952686100251508
3,random,44,0.007152844481450673,0.1196063918145738,0.09257005239623967,0.11905899518458851
3,random,45,0.007097084442798119,0.11913928355331099,0.092081486074995,0.11861647902858084
3,random,46,0.007043219741516388,0.11868630705786062,0.09161014330227371,0.11818779325265825
3,random,47,0.006992080866650235,0.11825464782959048,0.09116368872671501,0.11777926451304443
3,random,48,0.006942906491017465,0.11783807950758078,0.09073040638604736,0.11738580634765006
3,random,49,0.006896111083866303,0.11744029192629166,0.0903179057153572,0.11700991825949372
3,random,50,0.006850739362471788,0.11705331573664872,0.08991635508720419,0.11664318656582255
3,random,51,0.006807797134025123,0.1166858786145532,0.08953452661891165,0.11629633661226287
3,random,52,0.00676653744003369,0.1163317449369147,0.08915711420033352,0.11596282518853167
3,random,53,0.006726708996234111,0.11598887012325028,0.08879598353038398,0.11563863949961962
3,random,54,0.006688522921603819,0.11565917967549155,0.08844914374066154,0.11532712814069167
3,random,55,0.006651640100413165,0.11533984654414245,0.08811250259860455,0.11502664957190153
3,random,56,0.006616405417230614,0.11503395513699957,0.08778970127520874,0.11473921434924272
3,random,57,0.0065825503331621875,0.11473927255445006,0.0874830845429569,0.11446187255985305
3,random,58,0.006550007181831582,0.11445529417053264,0.0871899050057057,0.11419468841446251
3,random,59,0.006518787681654797,0.1141822024805512,0.08690795612198088,0.11393770599372824
3,random,60,0.006488445006953899,0.11391615343711267,0.08663140838974435,0.11368719676350256
3,random,61,0.006459088243221972,0.11365815626889231,0.0863594070811403,0.11344525112192647
3,random,62,0.006430748293990108,0.1134085384262588,0.08610139930894857,0.11321025817851035
3,random,63,0.0064036090144241374,0.11316897997617667,0.08585272066470948,0.11298449399672841
3,random,64,0.006377360745455851,0.11293680308434316,0.08560626131988373,0.11276746860810664
3,random,65,0.006351996646183954,0.1127119926732196,0.08537349498677756,0.11255675157854336
3,random,66,0.006327328013183866,0.11249291544967502,0.08514778903286736,0.11235080878412261
3,random,67,0.0063035616801499356,0.11228144708855453,0.08493123430186755,0.11215203563821602
3,random,68,0.006280529706686752,0.11207613221990445,0.0847182877955014,0.11195981594124982
3,random,69,0.006258434971844047,0.11187881811892765,0.08450937457149897,0.1117758672216613
3,random,70,0.006236955951418993,0.11168666842035349,0.08430777458075076,0.11159596780344615
3,random,71,0.006216175250293917,0.11150045067437096,0.08411684018549406,0.11142178943896217
3,random,72,0.006196144808977478,0.11132066123570662,0.08393051020331596,0.1112531764093796
3,random,73,0.006176728977850936,0.11114611084379818,0.08374764963884011,0.11109177850710036
3,random,74,0.006157858778269109,0.11097620265867011,0.08357626328269659,0.11093242812961206
3,random,75,0.006139404882727585,0.11080979092776581,0.0834053494929315,0.1107763957710001
3,random,76,0.006121567483060603,0.11064870069784465,0.08323738864103646,0.11062548205208042
3,random,77,0.0061044520663900625,0.11049390993525446,0.08307287623384423,0.11048131384341649
3,random,78,0.00608780174216148,0.110343117068184,0.08291130805265108,0.11034176352803515
3,random,79,0.00607153221142598,0.1101955735175055,0.08275734573220506,0.11020457927896733
3,random,80,0.006055857779690679,0.11005323965872771,0.08260879553123993,0.11007187733064103
3,random,81,0.006040623724822345,0.10991472808338602,0.08246474287602767,0.10994229715044476
3,random,82,0.006025788025784788,0.10977967048397247,0.08232351956489897,0.10981540553887258
3,random,83,0.006011387264315311,0.10964841325176859,0.08218330808381855,0.1096943553611703
3,random,84,0.005997574718905515,0.10952236957722852,0.08205301986298619,0.1095776326442306
3,random,85,0.005984054836101639,0.1093988558998826,0.08192422043556093,0.10946291391594369
3,random,86,0.005970861382151813,0.10927818979239923,0.08179916691985804,0.10935057075778097
3,random,87,0.005958185432467771,0.10916213109377969,0.08167514381337276,0.10924345798073638
3,random,88,0.00594586439397628,0.1090492035181943,0.08155512518648687,0.10913922166738414
3,random,89,0.005933754941613801,0.10893810115486502,0.0814354003888629,0.10903570571501414
3,random,90,0.0059222127330044,0.10883209759077879,0.0813207391707302,0.10893719988980073
3,random,91,0.005911011539171151,0.10872912709270825,0.08121304657519834,0.10883965535039664
3,random,92,0.0059000170950699185,0.10862796228476275,0.08110395994349094,0.10874683107705435
3,random,93,0.00588931923692859,0.10852943597871123,0.08099538229870637,0.10865624618522272
3,random,94,0.005878985125248818,0.10843417473517118,0.08089082615936519,0.10856925328266435
3,random,95,0.005868939215258549,0.10834148988507172,0.08078735239453404,0.10848385616603856
3,random,96,0.005859139404665478,0.10825099911470082,0.08068694385666715,0.10840084996626742
3,random,97,0.00584942753259707,0.10816124567142402,0.08059213668324496,0.10831690308624266
3,random,98,0.0058400643619044715,0.10807464422244907,0.0804968758509379,0.10823681958521462
3,random,99,0.0058309711526008424,0.1079904732150095,0.08040418275169449,0.10815925765097167
3,random,100,0.0058222599461653455,0.10790977662997311,0.08031805907498983,0.10808529680873112
3,random,101,0.005813651124079437,0.1078299691558839,0.08023268361147201,0.1080113801639335
3,random,102,0.00580519415843467,0.10775151190061948,0.08015150495405786,0.10793919654737769
3,random,103,0.0057970213412140235,0.10767563643846294,0.08007185166705617,0.107868500259942
3,random,104,0.005789033053341575,0.1076014224194232,0.07999373973866429,0.10779942734131603
3,random,105,0.005781192623821987,0.1075285322490918,0.07991905832492928,0.10773066431216771
3,random,106,0.005773697238853757,0.1074588036305426,0.07984461702360274,0.10766644076846744
3,random,107,0.005766237172797564,0.10738935862363239,0.07977088484616678,0.10760296941553658
3,random,108,0.005759010838723812,0.10732204655823344,0.07969890317928341,0.10754053052721306
3,random,109,0.005752023776385903,0.10725692309949883,0.07962856995738885,0.10748197143902916
3,random,110,0.005745156953710238,0.1071928817945505,0.07956141063696275,0.10742257477971723
3,random,111,0.005738602340972037,0.1071317165079701,0.07949769778488382,0.10736801716786644
3,random,112,0.00573204974993803,0.10707053516199525,0.07943344539809905,0.10731231480396418
3,random,113,0.005725719975717549,0.10701140103482011,0.07936807842833718,0.10725740069361002
3,random,114,0.005719583153388623,0.10695403829111479,0.07930690875971176,0.10720479439035197
3,random,115,0.005713613171867896,0.10689820552158859,0.07924765084449574,0.10715443796960777
3,random,116,0.00570775964152993,0.10684343350463733,0.07919137392673747,0.10710455544668626
3,random,117,0.005702086524289308,0.10679032282270999,0.07913439825011051,0.1070557025642509
3,random,118,0.00569648892438885,0.10673789321875198,0.07907704103417484,0.10700808284468773
3,random,119,0.005691053457411564,0.10668695756662633,0.07902389992865148,0.10696244169948847
3,random,120,0.005685910869374671,0.10663874407901353,0.07897071606859773,0.10691955397990768
3,random,121,0.005680814065677652,0.10659093831726646,0.07892009300527507,0.10687614328085629
3,random,122,0.005675757540642468,0.10654348915482793,0.07886991422907343,0.10683312276995892
3,random,123,0.005670898114313543,0.10649786959665947,0.07882165046928852,0.10679116357557011
3,random,124,0.005666078328862015,0.10645260286965288,0.07877477918730999,0.10674957698977869
3,random,125,0.005661430289391556,0.10640893091645603,0.07872856147274063,0.10670952400096943
3,random,126,0.005656841105110606,0.1063657943618211,0.07868146226532675,0.10667071836064587
3,random,127,0.005652383520223964,0.10632387803521808,0.07863720296970066,0.10663189580402015
3,random,128,0.005648086119577497,0.10628345232986645,0.07859195576213676,0.1065948761612843
3,random,129,0.005643770985822104,0.10624284433148524,0.07854854877296025,0.10655789379432543
3,random,130,0.005639720095753239,0.10620470889516377,0.07850529584582641,0.10652283858491046
3,random,131,0.005635719213096913,0.10616703078731093,0.07846283288782262,0.10648842949012886
3,random,132,0.005631760091256586,0.10612973279205584,0.07841993029853522,0.10645490838526649
3,random,133,0.005628045538441954,0.10609472690423359,0.07838112814380042,0.10642283665483092
3,random,134,0.005624339653133139,0.1060597911852851,0.07834204245200109,0.10639086506558434
3,random,135,0.005620640897129868,0.10602491119666047,0.07830448241357911,0.10635859095266965
3,random,136,0.005617040799553585,0.10599095055289942,0.07826615669310549,0.10632847526366404
3,random,137,0.005613563162157417,0.10595813477178066,0.07822780886373029,0.10629886419327099
3,random,138,0.005610191194216469,0.10592630640418337,0.07819033145449922,0.10626950172514602
3,random,139,0.00560679346683912,0.10589422521402307,0.07815500589779505,0.106240293161472
3,random,140,0.005603540097972526,0.10586349793930414,0.07812003805995868,0.10621300348097742
3,random,141,0.005600340976021415,0.10583327431409666,0.07808565518363367,0.10618654520003834
3,random,142,0.005597227613773114,0.10580385261202083,0.07805128824592432,0.1061609712193864
3,random,143,0.005594189603292002,0.10577513510548688,0.07801763135526905,0.1061360713560951
3,random,144,0.005591198799837507,0.10574685621650894,0.07798538354090416,0.10611127718864782
3,random,145,0.005588301293297017,0.10571945226207916,0.07795270816103127,0.10608737469676316
3,random,146,0.00558545320025597,0.10569250872465816,0.07792328299639545,0.10606377719789266
3,random,147,0.0055826660201812265,0.10566613478481388,0.0778923231287403,0.10603945331733321
3,random,148,0.005579961271246873,0.10564053456175686,0.07786363787518584,0.10601657704669268
3,random,149,0.005577348396943888,0.10561579803177068,0.07783602779366745,0.10599507070773422
3,random,150,0.005574778633544585,0.10559146398781091,0.07780727077626663,0.10597416367197171
3,random,151,0.005572312207705652,0.1055681032102562,0.077778878717882,0.10595425125938161
3,random,152,0.005569848010355453,0.10554475837629695,0.07775048583295058,0.10593397861685838
3,random,153,0.005567468449622155,0.10552221045469201,0.07772244658437232,0.10591494717295899
3,random,154,0.0055650757367468155,0.10549953304869947,0.07769612215400422,0.10589460863564151
3,random,155,0.005562787781214321,0.10547784394093691,0.0776711212564448,0.10587499709776295
3,random,156,0.005560549134440645,0.10545661794729286,0.07764591839643967,0.10585671886317986
3,random,157,0.005558397148408114,0.1054362096094896,0.07762233545664499,0.10583741550899563
3,random,158,0.005556279993418851,0.10541612773592901,0.07759755557655358,0.10581840299542888
3,random,159,0.0055542078544959525,0.10539646914860054,0.0775733148501713,0.10580189438295462
3,random,160,0.005552137844334008,0.10537682709527753,0.07754819118170313,0.10578449719140817
3,random,161,0.005550114986814506,0.10535762892941836,0.07752444632679062,0.10576701256341989
3,random,162,0.005548149157433377,0.1053389686434548,0.07750120182036987,0.10575086868985972
3,random,163,0.005546239505569941,0.10532083844681393,0.07747761889045078,0.10573565732192018
3,random,164,0.0055443287646904475,0.10530269478688993,0.07745460963516201,0.10571943460126089
3,random,165,0.0055424644569586415,0.10528498902463392,0.07743262050974077,0.10570455482020456
3,random,166,0.005540704575981172,0.10526827229494339,0.07741075629547664,0.10569029439402079
3,random,167,0.005538874133666051,0.10525088250144082,0.07738908449941875,0.10567456762592216
3,random,168,0.005537147519296227,0.10523447647321886,0.07736739857271874,0.1056608495761067
3,random,169,0.005535508872460634,0.10521890393328219,0.07734625748994209,0.10564785356026678
3,random,170,0.0055338852307503655,0.1052034717179083,0.07732524736431214,0.10563604987585419
3,random,171,0.005532297251427654,0.1051883762725488,0.07730503570306328,0.10562223781465345
3,random,172,0.005530716017268716,0.105173342794348,0.07728627903793059,0.10560880612227705
3,random,173,0.005529143099002013,0.10515838624667091,0.07726896412963126,0.10559537718514823
3,random,174,0.00552764242686028,0.10514411468893806,0.0772491006394957,0.10558326197584027
3,random,175,0.0055261399227805675,0.10512982376833481,0.077230740846122,0.10557095581941059
3,random,176,0.0055247049377861665,0.10511617323500858,0.07721352900110914,0.10555778360152118
3,random,177,0.005523267076909239,0.10510249356613037,0.07719592500761487,0.1055452923226774
3,random,178,0.005521889443209502,0.10508938522238583,0.07717754943058483,0.10553376027779662
3,random,179,0.005520523181767042,0.10507638347190144,0.07716096533898044,0.10552183041750515
3,random,180,0.0055191786659873005,0.10506358708884159,0.07714345506623622,0.10550908503656005
3,random,181,0.005517889746220698,0.10505131837555108,0.07712677160134165,0.10549864147538883
3,random,182,0.005516574716432179,0.10503879965452936,0.07711119231460617,0.10548846910540378
3,random,183,0.005515337006672332,0.10502701563571472,0.07709515053627894,0.1054781958756646
3,random,184,0.005514099116041285,0.10501522857225312,0.07707952371755487,0.1054686643032301
3,random,185,0.005512918939900729,0.105003989828013,0.07706449774304784,0.10546016936288408
3,random,186,0.005511754662037119,0.10499290130325116,0.07704832438784147,0.10545039028071969
3,random,187,0.005510609697430155,0.10498199557476658,0.07703331216746881,0.10544153249592443
3,random,188,0.005509525601878822,0.10497166857660997,0.07701810019360421,0.10543313650545781
3,random,189,0.00550844311772352,0.10496135591467481,0.07700301489179345,0.10542459159063779
3,random,190,0.005507375377773309,0.10495118272581123,0.07698814226830976,0.10541576070109687
3,random,191,0.005506291227108769,0.10494085217024654,0.07697452200858936,0.10540702822981232
3,random,192,0.005505273339793241,0.1049311520931057,0.07696073989763609,0.10539844870579539
3,random,193,0.00550426802816254,0.10492157097720697,0.07694797093902139,0.10539045081397344
3,random,194,0.005503218082883749,0.10491156354648185,0.07693628459438998,0.10538144818690974
3,random,195,0.0055022629248525235,0.10490245874003644,0.07692312277140477,0.10537439731531666
3,random,196,0.005501344536210675,0.10489370368340203,0.0769093627188115,0.10536793126224653
3,random,197,0.00550041847207544,0.10488487471580867,0.07689898930780378,0.10535945782268866
3,random,198,0.005499518794763885,0.1048762966047513,0.0768868857292449,0.10535058231789741
3,random,199,0.005498625991285401,0.10486778333964536,0.0768748830493114,0.10534276621107466
3,random,200,0.00549773495207482,0.10485928620846911,0.07686328923863094,0.10533589787719437
3,random,201,0.005496881598451451,0.10485114780918187,0.07685262019614614,0.10532835434718708
3,random,202,0.005496058449051692,0.10484329686777016,0.07684095312227637,0.10532112002860645
3,random,203,0.005495207663398956,0.10483518172253965,0.07682859343615414,0.1053140553746583
3,random,204,0.005494415012022287,0.10482762052076053,0.0768159717799247,0.10530898627134039
3,random,205,0.005493665949694534,0.10482047461917479,0.0768058560518522,0.1053024664707951
3,random,206,0.005492894602537712,0.10481311561572543,0.07679543313460475,0.10529575341331383
3,random,207,0.005492132959275063,0.10480584868484262,0.07678499434040369,0.10529013639970047
3,random,208,0.005491409522134362,0.10479894581659074,0.07677562394454333,0.1052835445690545
3,random,209,0.00549068602370143,0.10479204190873877,0.07676559468631244,0.10527868210754969
3,random,210,0.0054899516731950196,0.10478503398095569,0.07675485161219606,0.10527259407696782
3,random,211,0.005489243309660676,0.10477827360345919,0.07674590145256942,0.10526622548214318
3,random,212,0.005488530268884964,0.1047714681474395,0.07673594317090102,0.10526095074166247
3,random,213,0.005487881362153543,0.10476527442004381,0.07672711983230758,0.10525663940274378
3,random,214,0.005487200130179681,0.10475877175854709,0.07671890216026736,0.10525075777874904
3,random,215,0.005486526801516149,0.10475234414098951,0.07671020089805926,0.10524515486833969
3,random,216,0.005485917997626312,0.10474653213950628,0.07670215244263283,0.10523994556479278
3,random,217,0.005485319529756751,0.1047408184974392,0.0766935575561914,0.10523585372659602
3,random,218,0.005484702948455105,0.10473493159834597,0.07668510604579912,0.10523200050421744
3,random,219,0.005484096690060349,0.10472914293605529,0.07667804689317599,0.10522607555423139
3,random,220,0.005483495496860239,0.10472340232116448,0.07666846391512493,0.10522030483939455
3,random,221,0.0054829562213000345,0.10471825267163347,0.07665941312711361,0.10521577265764989
3,random,222,0.0054824052327760745,0.10471299091111928,0.07665119174376081,0.10521110819835917
3,random,223,0.00548185355455698,0.10470772229933167,0.07664314178486104,0.10520563965687087
3,random,224,0.005481307432609744,0.10470250648967049,0.07663430563165279,0.1052016358328115
3,random,225,0.005480782753397622,0.10469749522694058,0.07662604327962706,0.1051974872373121
3,random,226,0.0054802840797021106,0.1046927321231241,0.0766194159505146,0.10519289516494461
3,random,227,0.005479791015517759,0.10468802238573197,0.07661204725795992,0.10518928371150169
3,random,228,0.00547931056629759,0.10468343294234853,0.07660540702109528,0.10518572498468837
3,random,229,0.005478822985716919,0.10467877517163562,0.07659880213358725,0.10518153466189951
3,random,230,0.005478365937830995,0.10467440888613601,0.07659156475399488,0.10517890087476062
3,random,231,0.005477896222628451,0.1046699213970131,0.07658570047640198,0.1051754618389549
3,random,232,0.005477428849508284,0.1046654560923353,0.07657911298543402,0.10517204674396768
3,random,233,0.005476983807508608,0.1046612039631554,0.07657183496528656,0.10516860878701657
3,random,234,0.005476541794379282,0.10465698060214887,0.07656438844021413,0.10516540065916208
3,random,235,0.0054761302174859755,0.1046530479010141,0.07655766689226631,0.10516294402737737
3,random,236,0.0054756907012255005,0.10464884807034906,0.07655201331988448,0.10515961457261037
3,random,237,0.005475282916852491,0.10464495130537824,0.07654530178252182,0.1051569324546589
3,random,238,0.005474884154354393,0.10464114061261368,0.07654067845933282,0.10515369462293105
3,random,239,0.0054744923559183045,0.10463739633532845,0.07653597010512068,0.10515016394620903
3,random,240,0.0054741078543446165,0.10463372166127531,0.07652905784197714,0.10514696601451265
3,random,241,0.0054737290585655934,0.10463010139119233,0.0765233035571027,0.10514381304366846
3,random,242,0.005473355699844843,0.10462653296219696,0.0765171353376304,0.1051401573583866
3,random,243,0.005472988137188897,0.1046230198110234,0.07651186435759912,0.10513645209442646
3,random,244,0.005472627140807957,0.10461956930524956,0.07650620181601214,0.10513383132709596
3,random,245,0.005472271567537067,0.10461617052384461,0.07650040790709595,0.1051308831131076
3,random,246,0.0054719119503536095,0.10461273297599685,0.07649338472003278,0.10512854917188942
3,random,247,0.005471570092612094,0.10460946508430385,0.07648755446905046,0.1051264162240231
3,random,248,0.0054712246019609,0.10460616236112383,0.07648219455892526,0.10512338150524084
3,random,249,0.00547089292942454,0.10460299163431741,0.0764757149544125,0.10512121817456176
3,random,250,0.005470563311496168,0.10459984045395258,0.07647156358570428,0.10511862780991311
3,random,251,0.00547024186113304,0.10459676726489246,0.07646622414999794,0.10511632849569436
3,random,252,0.0054699255636872345,0.10459374325156581,0.07646150398120737,0.10511319578939018
3,random,253,0.005469628207165472,0.10459090024629746,0.07645571633308432,0.10511155534633114
3,random,254,0.005469341088909642,0.1045881550550505,0.07645041876774333,0.10511003936715822
3,random,255,0.005469068631233152,0.10458554996970808,0.0764456935224059,0.10510827204444159
3,random,256,0.005468775798237252,0.1045827499947984,0.0764431262276926,0.10510605192389932
3,random,257,0.005468485815662803,0.10457997720082754,0.07643865308907373,0.10510357440323151
3,random,258,0.005468213146063894,0.10457736988530447,0.07643367260338889,0.10510195045055616
3,random,259,0.005467941028523783,0.10457476778385676,0.07642952410694544,0.10509948824700054
3,random,260,0.0054676853190494335,0.1045723225241692,0.0764249708451677,0.10509840560530304
3,random,261,0.005467432497501643,0.10456990482449185,0.07642036532164577,0.10509660850101156
3,random,262,0.0054671800903789425,0.10456749103214577,0.0764153124933211,0.10509479321225178
3,random,263,0.005466926517098156,0.10456506603161647,0.07641155877538486,0.10509324925854949
3,random,264,0.005466693956985071,0.10456284193713435,0.07640786021112154,0.10509196827717722
3,random,265,0.00546644676765572,0.10456047788390908,0.0764040112685694,0.10508936315569668
3,random,266,0.005466212513963385,0.10455823749435895,0.07640110202243046,0.10508676281475944
3,random,267,0.005465975501708556,0.10455597067320982,0.07639749571733996,0.10508453853235053
3,random,268,0.0054657365008078905,0.10455368478258326,0.07639362651896274,0.10508328952256134
3,random,269,0.005465521180338457,0.10455162533732756,0.07639041767025094,0.10508014117499596
3,random,270,0.005465303638737777,0.10454954460673445,0.07638650001940102,0.10507798024255459
3,random,271,0.005465090632978531,0.10454750722019661,0.07638244333131781,0.1050774291889157
3,random,272,0.005464886778447927,0.10454555732739605,0.07637911041899759,0.10507533283698081
3,random,273,0.005464669753410123,0.1045434814171608,0.0763752180817764,0.10507406536475336
3,random,274,0.005464457247971843,0.10454144869832102,0.07637272553839156,0.10507151948081983
3,random,275,0.005464255684321692,0.10453952060653131,0.07636844280854091,0.10507082476613172
3,random,276,0.0054640772340939755,0.10453781358048364,0.07636330119361055,0.10506992324995051
3,random,277,0.00546389471206958,0.10453606757545053,0.07636032377710729,0.10506826329628967
3,random,278,0.005463713502140341,0.10453433409306571,0.0763582630081022,0.10506578110700264
3,random,279,0.005463534472884554,0.10453262144311272,0.07635477046514173,0.10506453537266791
3,random,280,0.005463349573969075,0.10453085261270066,0.07635193478417815,0.10506344693178934
3,random,281,0.005463164204091504,0.10452907924679623,0.0763480345913446,0.10506278653903679
3,random,282,0.005462983358907607,0.10452734913798979,0.0763443679211145,0.10506171615231646
3,random,283,0.00546281251532122,0.10452571468611176,0.07634104989724852,0.10506056200274667
3,random,284,0.005462648997760547,0.10452415029801053,0.07633741141259788,0.10505957962207434
3,random,285,0.005462490130356686,0.10452263037597825,0.07633365234995886,0.10505917014426382
3,random,286,0.0054623300975207385,0.10452109928163536,0.07633043074389886,0.10505715731456071
3,random,287,0.005462172865113617,0.10451959495820501,0.07632718598734597,0.10505630553368639
3,random,288,0.005462006544354973,0.10451800365826906,0.07632443599968411,0.10505525836421263
3,random,289,0.005461845435344648,0.10451646219945113,0.07632107511688628,0.10505442762848707
3,random,290,0.00546170331518274,0.10451510240326745,0.0763176248064746,0.10505361968283057
3,random,291,0.00546156849206947,0.10451381240840342,0.07631426514948066,0.10505306148278148
3,random,292,0.0054614367939385695,0.10451255229816722,0.07631206446748395,0.10505171183661229
3,random,293,0.005461302458652503,0.1045112669395267,0.07630951208045134,0.10505063192293565
3,random,294,0.005461164436456964,0.10450994628701102,0.07630461368410013,0.10505098745312129
3,random,295,0.005461035249342885,0.1045087101570284,0.07630242834060125,0.10504984642982201
3,random,296,0.00546091069769916,0.10450751836781084,0.07629970481259024,0.10504920992872288
3,random,297,0.005460776044790444,0.10450622990798629,0.07629835513837552,0.10504799803874053
3,random,298,0.005460653689484411,0.10450505910705386,0.07629617059570473,0.10504668943730908
3,random,299,0.005460527731923661,0.10450385382294436,0.07629311455190631,0.10504596266012309
3,random,300,0.005460397749514669,0.10450261001060852,0.07629162704068616,0.10504470449384458
3,guided,1,0.007121777177926863,0.11934636297706656,0.0842159836764891,0.11935224949844202
3,guided,2,0.007044848779158551,0.11870003183789422,0.08387126947804677,0.11870130512518484
3,guided,3,0.006972161671870311,0.11808608446273686,0.0835367988686342,0.11808278560802546
3,guided,4,0.006903576913608536,0.11750384601032032,0.08321997960941023,0.11749570453882158
3,guided,5,0.006838252232302726,0.11694658808449887,0.08292703468408166,0.11693357419169012
3,guided,6,0.006776654834658904,0.11641868264723582,0.08265335237542647,0.11640185604011771
3,guided,7,0.0067175298440783505,0.11590970489202662,0.08238996475141948,0.11588722282901401
3,guided,8,0.006661795151423911,0.11542785756847357,0.08213727302730195,0.11540061374336034
3,guided,9,0.006609218653825515,0.11497146301431077,0.08189997531203282,0.11493986103984799
3,guided,10,0.006559493166290037,0.11453814357051573,0.08167961747568762,0.11450202066784379
3,guided,11,0.0065127800118242075,0.11412957558691093,0.08148045634905345,0.11408876848838405
3,guided,12,0.006468402782066325,0.11374007897013545,0.08129863819859967,0.11369600029183026
3,guided,13,0.006426114740514872,0.11336767388029863,0.08113249814553121,0.11331999168247078
3,guided,14,0.006385781018099625,0.11301133587476635,0.08097720417026098,0.11296051597378345
3,guided,15,0.006348143228743779,0.11267779931063421,0.08082954439079432,0.11262474431244487
3,guided,16,0.006311916481338294,0.11235583190327322,0.08068460582486586,0.11230206578549871
3,guided,17,0.006278068585556484,0.11205417069932277,0.08054627901542001,0.11199852418982352
3,guided,18,0.00624519634023371,0.11176042537708694,0.08041316736642111,0.11170321431455801
3,guided,19,0.006214041102560389,0.11148130877021842,0.08028865479255633,0.1114226508193405
3,guided,20,0.006185062440980529,0.1112210631218793,0.08016887968851927,0.11116227027362588
3,guided,21,0.006157211409696346,0.11097036910541792,0.08005377406968996,0.11091121084116448
3,guided,22,0.006130938134238422,0.11073335662065359,0.07994271079156391,0.11067441235008904
3,guided,23,0.006105746374492124,0.11050562315549489,0.07983736490216996,0.11044893876618894
3,guided,24,0.006081610155978068,0.11028699067413225,0.07974148506202086,0.11023187587684277
3,guided,25,0.006058792031276069,0.11007989853988846,0.07965297212306374,0.11002498428783325
3,guided,26,0.006037316431133421,0.10988463433195217,0.07956762227650556,0.10983288498570443
3,guided,27,0.006016779579584202,0.10969758046177866,0.07948413642316304,0.10964892043277154
3,guided,28,0.005997163894573985,0.10951861845890848,0.07940324033639051,0.10947254341491611
3,guided,29,0.005978259240134398,0.10934586631541586,0.0793243497115819,0.10930246782828777
3,guided,30,0.005960296835308221,0.10918147127885959,0.07924732182965305,0.10914114365628498
3,guided,31,0.005942990819321347,0.10902284915852592,0.07917212067042474,0.10898572138031758
3,guided,32,0.005926426714430601,0.1088708107293282,0.07910095671813845,0.10883746733260637
3,guided,33,0.005910799939395211,0.10872718095669741,0.07903300343536246,0.10869941812656828
3,guided,34,0.005895466038275771,0.10858605838942466,0.07896625675649635,0.10856270901725566
3,guided,35,0.005881102709008498,0.1084537017257456,0.07890174472204009,0.10843400831272104
3,guided,36,0.005867670443160906,0.10832977839136297,0.07884066817661065,0.10831595721369648
3,guided,37,0.005854580042137692,0.10820887248407768,0.07878038651242553,0.10819968228096402
3,guided,38,0.00584199258293595,0.10809248431723595,0.07872182676925457,0.10808635965693482
3,guided,39,0.0058301447948640546,0.10798282080834946,0.07866390664044239,0.10798212214063992
3,guided,40,0.005818687524832944,0.10787666591838055,0.07860704937494054,0.10788209118374792
3,guided,41,0.005807691039304643,0.10777468199261497,0.0785532383423651,0.10778805909458829
3,guided,42,0.0057970108776429375,0.10767553926164417,0.07850108009589626,0.10769496261548811
3,guided,43,0.005786593709859357,0.10757874985199778,0.07845328376858263,0.10760376326401973
3,guided,44,0.00577660567168079,0.1074858657841187,0.07840848529685653,0.10751764916419713
3,guided,45,0.00576724213836584,0.10739871636445046,0.07837047569595948,0.10743628858802197
3,guided,46,0.0057579530380858866,0.107312189783695,0.0783350418611921,0.10735628324323512
3,guided,47,0.005749196695111143,0.10723056182927648,0.07830015521593475,0.1072809386866557
3,guided,48,0.005740691318148903,0.10715121388158795,0.07826484995154907,0.10720884075371116
3,guided,49,0.005732660616943619,0.10707624028647643,0.07823125488367484,0.10714025033743942
3,guided,50,0.005724676259793115,0.10700164727510614,0.07819734794881181,0.10707113653918059
3,guided,51,0.005717168104966997,0.10693145566171815,0.07816539052797945,0.10700751027706296
3,guided,52,0.0057099102511115685,0.10686356021686315,0.07813133631919428,0.106946928090542
3,guided,53,0.005702844654611378,0.10679742182853832,0.07809866774676635,0.10688667295579421
3,guided,54,0.005696101853892719,0.10673426679274767,0.078067368049081,0.1068299147517191
3,guided,55,0.00568962497565761,0.10667356725691338,0.07803597903905875,0.1067765900801761
3,guided,56,0.005683363932520819,0.10661485761863418,0.07800539840995926,0.10672523165971069
3,guided,57,0.005677303965124219,0.10655800265699633,0.07797592455692211,0.10667503335140469
3,guided,58,0.005671386978066512,0.10650245985954045,0.0779463939891914,0.10662603788026853
3,guided,59,0.0056658096816292755,0.10645007920738506,0.07791774323310358,0.10658004671438676
3,guided,60,0.005660347466251466,0.10639875437477138,0.07788883632610878,0.10653486071486573
3,guided,61,0.005654930685500651,0.10634783199953492,0.07785994869004653,0.1064913592557658
3,guided,62,0.005649784241553185,0.10629942842323457,0.0778330107512931,0.1064487580473394
3,guided,63,0.005644918919977973,0.10625364859597032,0.07780696014326396,0.10640845754412874
3,guided,64,0.005640105119846753,0.10620833413481968,0.0777787951829449,0.10637074693453447
3,guided,65,0.005635408161498447,0.10616410091456006,0.07775242720438692,0.106332941392818
3,guided,66,0.005630902710050103,0.10612165386998172,0.07772541325913793,0.10629632294585555
3,guided,67,0.005626499084260737,0.10608014973840052,0.0776987967125397,0.10626058982431705
3,guided,68,0.005622286654301007,0.10604043242368458,0.07767199957606447,0.106227277734726
3,guided,69,0.005618218333911389,0.10600205973386922,0.0776447762866201,0.10619590827086507
3,guided,70,0.005614255353306081,0.10596466725570444,0.07762019510068585,0.10616471350071392
3,guided,71,0.005610326513033248,0.10592758387722481,0.07759797168646504,0.10613366254147932
3,guided,72,0.005606654450528321,0.10589291242126,0.0775753035410515,0.10610423468585388
3,guided,73,0.005602956724837808,0.10585798717940756,0.07755114775799024,0.10607686194317358
3,guided,74,0.005599387569133019,0.1058242653566092,0.07752975047701248,0.10604825598295702
3,guided,75,0.005595920591818629,0.10579149863593604,0.07750632755911438,0.10602058009300379
3,guided,76,0.005592544149439423,0.10575957781155731,0.07748304853890463,0.10599393001240305
3,guided,77,0.00558933281530588,0.10572920897562679,0.07745952547203347,0.10596939807862249
3,guided,78,0.005586190656786377,0.10569948587184685,0.07743655388572454,0.10594618423102907
3,guided,79,0.0055830523527067915,0.10566979088374115,0.07741513626710514,0.10592223582655086
3,guided,80,0.005580050877043862,0.10564138277250881,0.07739526821271868,0.10589907263635659
3,guided,81,0.005577176544072789,0.10561417086804961,0.07737648803984443,0.10587612530846466
3,guided,82,0.005574338009833684,0.1055872909950216,0.0773574010208238,0.10585352630795106
3,guided,83,0.005571577341625467,0.10556114191903636,0.07733772485970436,0.10583354908418839
3,guided,84,0.005568925678532795,0.10553601924018922,0.07732125632526095,0.1058135211281971
3,guided,85,0.005566292881605126,0.10551106938710389,0.07730340412532326,0.1057935973685669
3,guided,86,0.005563689730094033,0.10548639466863993,0.07728713864719455,0.10577347992232233
3,guided,87,0.0055612384924677485,0.10546315463201116,0.07727104205537863,0.10575540804101413
3,guided,88,0.005558832629625956,0.10544033981001727,0.07725578791693843,0.10573762176348928
3,guided,89,0.005556452169005672,0.10541776101782538,0.07723929702858491,0.10571925730063306
3,guided,90,0.005554212070401536,0.10539650914903716,0.07722347300348754,0.10570218365535318
3,guided,91,0.005552072525336094,0.10537620723233584,0.07720985324999956,0.10568408591725763
3,guided,92,0.005549904250582866,0.10535562871135899,0.07719427317907965,0.10566866252978076
3,guided,93,0.00554779233242938,0.10533558119106175,0.0771783130664521,0.10565363609972477
3,guided,94,0.00554574849036929,0.10531617625388125,0.07716339973655877,0.10563940244256993
3,guided,95,0.005543786961338315,0.10529754946187793,0.077148082765046,0.10562533663309577
3,guided,96,0.005541861140707966,0.10527925855274595,0.07713323056841506,0.10561154995950793
3,guided,97,0.00553988532633226,0.10526048951370368,0.07711965352856572,0.10559572623547854
3,guided,98,0.005538044191399165,0.10524299683493592,0.07710446578775079,0.10558216435584315
3,guided,99,0.0055362429111948,0.10522588000292324,0.07708972431583623,0.10556889649295063
3,guided,100,0.0055345132391244915,0.10520944101290998,0.07707768527406707,0.10555662676042912
3,guided,101,0.005532773698774435,0.1051929056426757,0.07706544003909771,0.10554353962996818
3,guided,102,0.005531035236688497,0.10517637792478401,0.07705419497410267,0.10553076321740443
3,guided,103,0.005529386175372631,0.10516069774752002,0.07704201542665812,0.10551791682390606
3,guided,104,0.005527769340554125,0.10514532172716126,0.07703011346671543,0.10550530442750942
3,guided,105,0.005526167298786208,0.10513008416991027,0.07701903871314987,0.10549187225388568
3,guided,106,0.0055246542854829475,0.10511569136416263,0.07700653020514671,0.10548073339689017
3,guided,107,0.005523101046217007,0.10510091385156464,0.07699426669596943,0.10546971793047955
3,guided,108,0.005521621583492683,0.10508683631637869,0.07698275843474824,0.10545821572068693
3,guided,109,0.005520169713982302,0.10507301950531642,0.0769705183969951,0.10544880364358973
3,guided,110,0.005518759861641003,0.10505960081440442,0.07695959666762238,0.10543798532473785
3,guided,111,0.005517403496233982,0.10504668958357499,0.07695027044890149,0.10542950572746206
3,guided,112,0.005516032270241773,0.1050336352816732,0.07693976524378063,0.10541976563007288
3,guided,113,0.005514747872185381,0.10502140612451712,0.07692666662807071,0.1054096723761527
3,guided,114,0.005513488875441595,0.10500941743902396,0.07691512405248273,0.10540051246769319
3,guided,115,0.005512260571620194,0.10499771970495543,0.0769033927378347,0.10539250049356888
3,guided,116,0.005511043376752743,0.10498612648109981,0.07689323776977514,0.1053838171978084
3,guided,117,0.0055098712273833296,0.10497496108485423,0.07688188492337673,0.105375031314445
3,guided,118,0.005508704085328731,0.10496384220605427,0.07686932558610314,0.10536676206207929
3,guided,119,0.005507562731409698,0.10495296786093948,0.07685871226792397,0.10535932446706485
3,guided,120,0.005506512026665359,0.10494295618730548,0.07684784230346674,0.1053529813099238
3,guided,121,0.005505463835636008,0.10493296751389439,0.07683768849761194,0.10534552339538947
3,guided,122,0.005504393574439019,0.10492276754297915,0.07682764571232478,0.10533801466010481
3,guided,123,0.005503382293656735,0.10491312876524782,0.07681867350791627,0.10533022763805783
3,guided,124,0.005502352602889804,0.10490331360724317,0.07680992651318277,0.10532232487996385
3,guided,125,0.005501375440722252,0.10489399830993432,0.07680019872351924,0.10531490675977799
3,guided,126,0.00550039826162067,0.10488468202383673,0.07679018904429157,0.10530823715707568
3,guided,127,0.005499453839554983,0.10487567725221118,0.07678191486254554,0.10530064395640636
3,guided,128,0.005498557757082937,0.10486713266875315,0.0767728186986451,0.10529393704633418
3,guided,129,0.005497622783901881,0.10485821650115817,0.07676427236795101,0.10528720267092445
3,guided,130,0.005496786829115638,0.10485024395885437,0.07675518256646997,0.1052808793101415
3,guided,131,0.005495950474209388,0.10484226699389315,0.0767466628748118,0.10527472344075431
3,guided,132,0.0054950973926550266,0.104834129868617,0.07673730445260878,0.10526878103971045
3,guided,133,0.005494327949724967,0.10482678998924815,0.07673025830848386,0.10526299248497653
3,guided,134,0.005493544741444516,0.10481931827143808,0.07672267100643261,0.10525699160410688
3,guided,135,0.005492741347639423,0.1048116534326162,0.07671575429953725,0.10525046279762383
3,guided,136,0.005491946409066482,0.1048040687098214,0.07670803533773438,0.10524533519812423
3,guided,137,0.005491197486141627,0.10479692253250214,0.07669909007676248,0.10524006751904094
3,guided,138,0.005490482928108722,0.10479010380860133,0.07669009554385013,0.10523430672752217
3,guided,139,0.00548973275304096,0.10478294472900597,0.0766824517650533,0.10522860033673796
3,guided,140,0.005489018330998218,0.10477612639335564,0.07667428529818876,0.10522394108931166
3,guided,141,0.005488309490556057,0.10476936088910781,0.07666658097359094,0.10521973367758049
3,guided,142,0.005487630276129088,0.10476287773948449,0.0766587307695111,0.10521572910010267
3,guided,143,0.0054869561361171664,0.10475644262876786,0.07665023015757264,0.10521199475713706
3,guided,144,0.005486291145187227,0.10475009446475193,0.07664280759026047,0.10520793978742948
3,guided,145,0.0054856484450851225,0.10474395872875077,0.0766349576418956,0.10520413431258044
3,guided,146,0.005485003207457547,0.1047377984059007,0.07662957231244066,0.10520011193107436
3,guided,147,0.005484387109375517,0.10473191595092221,0.07662270660647955,0.10519511443742124
3,guided,148,0.00548378597263379,0.10472617602714032,0.07661689882589905,0.10519088307240283
3,guided,149,0.005483217968478915,0.10472075217910647,0.07661072519328384,0.10518759295778196
3,guided,150,0.0054826504021123134,0.10471533223088501,0.07660356475827597,0.10518452464649324
3,guided,151,0.005482119318101195,0.10471026041512069,0.07659626817689393,0.10518178595919159
3,guided,152,0.005481572021447247,0.10470503351269458,0.07658878132214732,0.10517857865218608
3,guided,153,0.005481048691542095,0.10470003525827577,0.07658157316036887,0.1051760500337208
3,guided,154,0.0054805062124487795,0.10469485386062469,0.07657557433528238,0.105172154480227
3,guided,155,0.005480000906550527,0.10469002728579764,0.07657007408364333,0.10516831446276541
3,guided,156,0.005479501211818806,0.10468525408880475,0.07656434045470852,0.10516544392759353
3,guided,157,0.0054790301956411476,0.1046807546365725,0.07655950346517623,0.1051610405264549
3,guided,158,0.0054785710958636024,0.1046763688313996,0.07655334713697434,0.1051568916075837
3,guided,159,0.005478113406252441,0.10467199631470149,0.07654694652378002,0.10515475784280265
3,guided,160,0.005477646693951729,0.10466753741205273,0.0765400466541543,0.10515153140309183
3,guided,161,0.005477193463833389,0.10466320713444041,0.07653346784583845,0.1051481311059789
3,guided,162,0.005476745888812277,0.10465893071126112,0.07652758196836193,0.10514544161217895
3,guided,163,0.005476316273538416,0.10465482572283435,0.07652097728129122,0.10514336081574524
3,guided,164,0.005475881642343213,0.10465067264325836,0.0765150073443179,0.10514020299968903
3,guided,165,0.005475449263096035,0.10464654091842726,0.07650980592985744,0.10513790052246766
3,guided,166,0.005475057003300856,0.10464279242547818,0.07650463613259594,0.10513569490989101
3,guided,167,0.005474624628477004,0.10463866043176398,0.07649945492646211,0.10513231293455787
3,guided,168,0.005474227084182742,0.10463486115232096,0.07649407755266247,0.10513026734486619
3,guided,169,0.005473864378323686,0.10463139469894957,0.07648854550911187,0.10512850714771511
3,guided,170,0.0054734976080266316,0.10462788928413524,0.07648254469423459,0.10512779949620878
3,guided,171,0.005473141230802276,0.10462448308882845,0.07647755826637789,0.10512485447757496
3,guided,172,0.005472775821516172,0.10462099045140198,0.07647311896388341,0.10512208489276202
3,guided,173,0.005472408506205189,0.10461747947838534,0.07646899140555498,0.10511929162479117
3,guided,174,0.005472069042830844,0.1046142346225488,0.07646251294660712,0.10511741571742916
3,guided,175,0.005471714755168487,0.10461084795726003,0.07645770635991381,0.10511519939047782
3,guided,176,0.005471389108583178,0.10460773497770783,0.07645357835735875,0.10511180092900191
3,guided,177,0.005471053530230551,0.10460452695969283,0.07644909718891915,0.105108991004505
3,guided,178,0.005470739502115853,0.1046015248657098,0.0764436445573957,0.10510690402466548
3,guided,179,0.005470419727517361,0.10459846774706942,0.07644000398201731,0.10510419337836396
3,guided,180,0.005470108075339164,0.10459548819465556,0.0764352704159676,0.10510057780089131
3,guided,181,0.005469806959018616,0.1045926092897449,0.07643129148763661,0.10509884306065893
3,guided,182,0.005469485949054352,0.10458954009894443,0.07642807453225871,0.10509739845659102
3,guided,183,0.005469197117167815,0.10458677848722385,0.07642438043461947,0.10509540922193081
3,guided,184,0.005468902697398527,0.10458396337296198,0.0764207801960657,0.10509407367580198
3,guided,185,0.005468625834536816,0.10458131606110926,0.07641772907477673,0.10509343409260379
3,guided,186,0.005468355011638711,0.10457872643744244,0.07641340392376045,0.1050914700321486
3,guided,187,0.005468086281544854,0.10457615676190107,0.07640977245504739,0.10509032335246027
3,guided,188,0.005467841169385353,0.10457381287287323,0.07640573304324964,0.10508923857680366
3,guided,189,0.005467590095269014,0.10457141191806692,0.0764018513038105,0.10508795610589747
3,guided,190,0.005467341673039344,0.10456903626828874,0.07639797539918845,0.10508626874285878
3,guided,191,0.005467078226633573,0.1045665168840731,0.07639478900830908,0.10508462732046162
3,guided,192,0.005466842444647116,0.1045642620080792,0.07639109956564002,0.10508286822154451
3,guided,193,0.005466602974701284,0.10456197181290418,0.07638832062969556,0.10508149117037803
3,guided,194,0.005466338229963498,0.10455943984130268,0.07638672954007043,0.10507930506583969
3,guided,195,0.00546611591737001,0.10455731363582378,0.07638280354245457,0.10507859844899353
3,guided,196,0.005465906564813383,0.10455531134106372,0.07637796204394451,0.10507831888763419
3,guided,197,0.0054656859243483145,0.10455320104471517,0.07637668744407189,0.10507594093741278
3,guided,198,0.005465473708917252,0.10455117128867808,0.07637365802260715,0.10507301079982691
3,guided,199,0.005465262924517771,0.10454915518087911,0.07637004764901635,0.10507109835109606
3,guided,200,0.005465043764248328,0.10454705891844426,0.0763667296015858,0.1050701013577208
3,guided,201,0.005464840791329208,0.10454511745011537,0.07636436301554989,0.10506815715945368
3,guided,202,0.005464647400577199,0.10454326760320053,0.07636096076892601,0.10506641503820124
3,guided,203,0.005464435285370552,0.10454123861300431,0.0763566366125067,0.10506496144873519
3,guided,204,0.005464248630414455,0.10453945313052346,0.07635138562048592,0.10506516368393568
3,guided,205,0.005464079229171562,0.10453783266522759,0.07634847392820651,0.10506371501215167
3,guided,206,0.005463893681276283,0.10453605771480272,0.07634517829191201,0.10506205162640161
3,guided,207,0.0054637078839670245,0.10453428034828598,0.07634183636911855,0.10506138970741914
3,guided,208,0.005463536487118568,0.10453264071206245,0.07633949858126071,0.10505954219603213
3,guided,209,0.005463361966269819,0.10453097116424222,0.07633623468139276,0.10505939984991236
3,guided,210,0.005463178103887986,0.10452921222211507,0.0763325133880579,0.10505803686129193
3,guided,211,0.005463003896232732,0.10452754561581107,0.07633028763037973,0.1050562686269599
3,guided,212,0.005462821947164365,0.10452580492074065,0.07632712869775715,0.10505556520697279
3,guided,213,0.0054626694285276,0.10452434576238782,0.07632450560978647,0.10505554421986905
3,guided,214,0.005462496126907571,0.10452268774680042,0.07632244858782695,0.10505400866147467
3,guided,215,0.005462323396162434,0.10452103516673028,0.07631992100216127,0.10505267860489281
3,guided,216,0.005462178099605621,0.10451964503963473,0.07631784440147726,0.10505140758752303
3,guided,217,0.005462035093374332,0.10451827680721044,0.07631509119417271,0.105051217112067
3,guided,218,0.005461881425375028,0.1045168065468423,0.07631225962825149,0.10505133953589559
3,guided,219,0.005461729644597743,0.10451535432268066,0.07631098781216569,0.10504927546815993
3,guided,220,0.005461577053414602,0.10451389432429166,0.07630746068256447,0.10504735009518783
3,guided,221,0.005461451655175556,0.1045126944937844,0.07630419208782714,0.10504636183471343
3,guided,222,0.005461317586854886,0.10451141169130658,0.07630163206613977,0.10504524255824528
3,guided,223,0.005461181159217765,0.10451010629807785,0.07629919984071831,0.10504329394239434
3,guided,224,0.005461044499735903,0.10450879867012063,0.0762957073392711,0.10504278116564289
3,guided,225,0.005460915337467872,0.10450756276430784,0.07629275449841565,0.10504201245298449
3,guided,226,0.005460795787203958,0.10450641881917071,0.0762912793626558,0.1050406641501965
3,guided,227,0.005460675132605137,0.10450526429424631,0.07628914224788702,0.10504016830837735
3,guided,228,0.005460559702562353,0.1045041597503406,0.07628720802706819,0.10503972918107563
3,guided,229,0.00546043728708231,0.10450298835040374,0.07628601244889911,0.10503862792263528
3,guided,230,0.005460328028998104,0.1045019428431654,0.07628317840669924,0.1050390143389608
3,guided,231,0.005460210234881885,0.10450081564161962,0.07628209093470478,0.10503851087469875
3,guided,232,0.00546009104109842,0.10449967503392936,0.07628031635182021,0.10503802702844467
3,guided,233,0.005459981155427281,0.10449862348784582,0.07627756387219037,0.10503740007214742
3,guided,234,0.005459871623311248,0.1044975753145617,0.0762745689452259,0.1050370138206211
3,guided,235,0.00545977361623904,0.10449663742187153,0.07627249309653643,0.10503718066225487
3,guided,236,0.0054596589572403435,0.1044955401655051,0.07627161635817513,0.10503653301257436
3,guided,237,0.005459558790290057,0.10449458158478896,0.07626937276670083,0.1050364393344893
3,guided,238,0.005459460134620335,0.10449363745817575,0.07626915488213414,0.10503570444735348
3,guided,239,0.005459363369518757,0.10449271141585673,0.07626856291272643,0.105034646300852
3,guided,240,0.005459267619745919,0.10449179508215867,0.07626575380335532,0.10503390608767876
3,guided,241,0.0054591730798776265,0.10449089031946877,0.07626418301874761,0.10503311733830546
3,guided,242,0.005459079973126628,0.10448999926429925,0.07626200736899676,0.10503184798910073
3,guided,243,0.005458987269940926,0.10448911206380238,0.07626068508620121,0.10503043949755586
3,guided,244,0.005458895599202176,0.10448823473676044,0.07625916535540218,0.10503005033122828
3,guided,245,0.005458805261095786,0.10448737015635705,0.07625734767190205,0.10502931455077309
3,guided,246,0.005458711311691126,0.10448647100645256,0.07625417960122864,0.10502921438103098
3,guided,247,0.005458624242141179,0.1044856376938111,0.07625231014491017,0.105029205403038
3,guided,248,0.005458532946475744,0.10448476392733769,0.07625053389674363,0.10502828968036511
3,guided,249,0.0054584483459526505,0.10448395423176375,0.07624784247331388,0.10502819746694318
3,guided,250,0.005458362544830164,0.10448313303907157,0.07624723012828566,0.10502760118215508
3,guided,251,0.005458279846601893,0.10448234153771528,0.0762453022587693,0.10502729218408816
3,guided,252,0.005458198002617851,0.10448155820639211,0.07624369911178117,0.10502611394332499
3,guided,253,0.005458123301038647,0.10448084323012183,0.07624127818367966,0.10502630336173123
3,guided,254,0.005458052399792064,0.10448016462268868,0.07623915011497687,0.10502655171965453
3,guided,255,0.005457986969041722,0.1044795383703596,0.07623744154696016,0.10502650716794454
3,guided,256,0.005457910551128916,0.10447880695269175,0.07623779253051585,0.10502605497633141
3,guided,257,0.005457832877175273,0.104478063507851,0.07623616658783508,0.1050253479330168
3,guided,258,0.005457763943056155,0.10447740371062209,0.07623405430747757,0.10502538130077879
3,guided,259,0.00545769241166706,0.10447671904943283,0.07623262353939518,0.10502454541550271
3,guided,260,0.005457628481421483,0.10447610713863226,0.0762309763533832,0.10502503007384371
3,guided,261,0.005457565115638738,0.10447550062707274,0.07622920590297551,0.10502478396351968
3,guided,262,0.005457501259001296,0.10447488941368922,0.07622716318913669,0.10502452554350176
3,guided,263,0.005457434464370133,0.10447425007503172,0.07622620957215515,0.1050245139185533
3,guided,264,0.005457378257158861,0.10447371207302687,0.07622548496867314,0.10502467699287395
3,guided,265,0.0054573123894625505,0.1044730815996403,0.07622394648114898,0.10502357408318812
3,guided,266,0.005457251756346055,0.10447250122731871,0.07622359464775914,0.10502241478744168
3,guided,267,0.005457189577175281,0.10447190605301773,0.07622287166977924,0.10502160533778526
3,guided,268,0.005457124370787193,0.10447128189878013,0.07622182755802467,0.10502177499256046
3,guided,269,0.005457070360202078,0.10447076490772027,0.07622076772080767,0.10501994288643343
3,guided,270,0.005457014105933171,0.10447022643732683,0.07621939408769655,0.10501906273368646
3,guided,271,0.005456958598862643,0.10446969511645607,0.07621815475577977,0.10501978775129739
3,guided,272,0.00545690717731814,0.10446920290035853,0.07621722417455763,0.1050189015285228
3,guided,273,0.005456848606175053,0.10446864224421655,0.07621608806105491,0.10501895465225627
3,guided,274,0.00545679106822226,0.10446809147507444,0.07621568036807219,0.10501766496961804
3,guided,275,0.005456737308819407,0.1044675768726298,0.07621429755242604,0.10501814230679635
3,guided,276,0.00545669497501662,0.1044671716379516,0.0762116270769656,0.10501834905844708
3,guided,277,0.005456649242848786,0.1044667338711112,0.07621086540444795,0.10501777558144786
3,guided,278,0.005456603870605847,0.10446629954780486,0.07621089293530166,0.10501638443784843
3,guided,279,0.005456558344789649,0.10446586375261202,0.07620966650988725,0.105016216111499
3,guided,280,0.005456509226794308,0.10446539356929938,0.07620945625215211,0.1050161808832098
3,guided,281,0.005456458206963761,0.10446490517837807,0.07620830117674746,0.10501661172395137
3,guided,282,0.005456409166195789,0.10446443573002047,0.07620718788403553,0.10501659672209064
3,guided,283,0.005456364176942817,0.10446400506339795,0.07620608103563309,0.10501641935330214
3,guided,284,0.005456321750041765,0.10446359892366111,0.07620480148822355,0.10501640047574207
3,guided,285,0.005456281351952039,0.10446321220364649,0.07620357914241134,0.10501691715502409
3,guided,286,0.0054562395761623824,0.10446281229377641,0.07620254005673775,0.10501586684362713
3,guided,287,0.005456198247540613,0.10446241666303353,0.0762016444905154,0.10501592037266712
3,guided,288,0.005456151697514029,0.10446197104701815,0.0762009980890729,0.10501580877137451
3,guided,289,0.005456107310844897,0.10446154613870978,0.0761999891432746,0.10501591586431358
3,guided,290,0.005456071331534082,0.1044612017117751,0.07619863788097368,0.10501592731148354
3,guided,291,0.005456038560464603,0.10446088799607826,0.07619732911922927,0.10501616145771421
3,guided,292,0.005456006669552978,0.10446058270518098,0.07619708021835572,0.1050156027785712
3,guided,293,0.005455972802968163,0.10446025850023695,0.07619648667799468,0.10501530934951589
3,guided,294,0.00545593664886997,0.10445991239580828,0.07619393764498841,0.10501646652801247
3,guided,295,0.005455903863596281,0.10445959854026131,0.07619362006502128,0.10501608079436921
3,guided,296,0.0054558729453887626,0.10445930255739565,0.0761930618664436,0.10501618342558644
3,guided,297,0.005455836086292355,0.10445894970075427,0.07619358651392816,0.10501573517068835
3,guided,298,0.005455804962130282,0.10445865174441303,0.07619313423832519,0.10501514548145388
3,guided,299,0.005455771533297765,0.1044583317241642,0.07619201354636726,0.10501513578112245
3,guided,300,0.0054557354070276015,0.10445798587975552,0.07619218434378355,0.10501460044284243
4,random,1,0.0677902067554047,0.36821245702828875,0.30383728435094437,0.3666754380920176
4,random,2,0.05232413760237432,0.323493856517784,0.2690859807540274,0.3228973829609268
4,random,3,0.04005838113256209,0.28304904568841804,0.2381367851023623,0.28292648257634395
4,random,4,0.031287333044924065,0.2501492876061176,0.21288051938371177,0.2503130701152857
4,random,5,0.02533565335420288,0.22510288027567696,0.1931679119496447,0.2255024601516806
4,random,6,0.021283648330868966,0.20631843509909126,0.1778698527589459,0.20691377151807788
4,random,7,0.018458550420213535,0.19213823367676477,0.16586504643891956,0.19288086165564244
4,random,8,0.01642824535991241,0.1812635945793441,0.1563827400504111,0.18210101715454421
4,random,9,0.014908625334128194,0.17267672300647932,0.1486633525504439,0.17356334496051032
4,random,10,0.013733029427557187,0.16572887151946208,0.142275550133528,0.16662573690550406
4,random,11,0.012805986286786772,0.16003740991897344,0.1370060434982244,0.1609151495966249
4,random,12,0.012049171199176326,0.15523640809537126,0.13253641796413476,0.15607171291957128
4,random,13,0.011430796605327122,0.15120050664814005,0.12867829818733947,0.1519781290769538
4,random,14,0.010908237645629435,0.14770401244129716,0.12526547497347165,0.14841258546915023
4,random,15,0.010466610411000533,0.14468317394224203,0.12227791262972938,0.14531613794500733
4,random,16,0.01008504997678146,0.14202147708555535,0.11959390719343323,0.1425711153299293
4,random,17,0.009753891166370805,0.13967026287918846,0.11716844387949758,0.1401350193188418
4,random,18,0.009463703208029441,0.13757691091189278,0.11497959261921935,0.13795685317714634
4,random,19,0.00920853803988595,0.1357095283308136,0.11300091236409325,0.13600496400602405
4,random,20,0.008979660961676588,0.13401239466315484,0.11120166947940006,0.13422317583880589
4,random,21,0.00877625711039589,0.1324859019699522,0.10957643723118181,0.13261362162675028
4,random,22,0.008592641695046492,0.1310926519302016,0.10809184181759415,0.1311401830183815
4,random,23,0.008425685024671828,0.12981282698309768,0.1067353409316694,0.1297796506545193
4,random,24,0.008274773114090946,0.12864503965634233,0.1054856601625069,0.12853768050908917
4,random,25,0.008137125480905774,0.12757057247583217,0.10432530944435889,0.1273929107452958
4,random,26,0.008010171789520343,0.1265714959184756,0.10324951369323597,0.12632463840867064
4,random,27,0.007893402179892473,0.1256455504973612,0.10225667054584581,0.1253340368986716
4,random,28,0.007784675471839689,0.12477720522466985,0.10132721425405888,0.12440309530752285
4,random,29,0.007684002898400091,0.12396776111876903,0.10045356385820277,0.12353465190131269
4,random,30,0.007590424924840304,0.12321059146713244,0.09963541471478198,0.12272116109173527
4,random,31,0.007503438825665576,0.12250256181538063,0.09886787563481465,0.12195875968318437
4,random,32,0.007422000330073241,0.12183595799330542,0.09813559145235498,0.12124166854912387
4,random,33,0.007345982864649418,0.12121041922746921,0.09744094747420029,0.12056998803199015
4,random,34,0.007273920803344584,0.12061443365820348,0.09678568434611085,0.11992891475261276
4,random,35,0.007206302146131424,0.12005250639725457,0.09617290220058827,0.11932431247340744
4,random,36,0.007142830202759376,0.11952263553619771,0.09560218671769824,0.11875449469340549
4,random,37,0.007082788201428382,0.11901922703015998,0.09505762905843144,0.11821353435025085
4,random,38,0.007026458470487314,0.11854499964559714,0.09453659394763081,0.11770511196147236
4,random,39,0.006972921297752497,0.11809251710207973,0.09403535963546183,0.11722008419465837
4,random,40,0.00692169173986142,0.11765790870027752,0.09354956762538681,0.11675409879822428
4,random,41,0.006873285771488221,0.11724577409432052,0.093090568024761,0.11631313952414116
4,random,42,0.006826704359385424,0.11684780151449511,0.09264659151794365,0.1158861992045041
4,random,43,0.0067829295159887604,0.11647256772295149,0.09222806325928057,0.11548536415211282
4,random,44,0.006740829860128515,0.11611054956487386,0.09182977326441114,0.1150991604138245
4,random,45,0.006700924145856863,0.11576635215689283,0.09144728181005932,0.11473310604534404
4,random,46,0.006662863008644385,0.11543710849327772,0.09107847338797843,0.11438222876447471
4,random,47,0.0066262851205942976,0.11511980820514163,0.09072209286348058,0.11404586462037752
4,random,48,0.006591123471916247,0.1148139666758034,0.09038078371618413,0.11372115576212778
4,random,49,0.00655769895383082,0.11452247773979411,0.09004980622135851,0.11341209007512101
4,random,50,0.0065255838216168776,0.11424170710924166,0.08973313478154049,0.1131134411711076
4,random,51,0.006494568359416023,0.11396989391427916,0.08942426925685969,0.11282494719949672
4,random,52,0.006464981879011284,0.1137099984962737,0.08912693864997408,0.11255191891719639
4,random,53,0.006436678141378192,0.11346081386433107,0.08884697752397291,0.11228969316430754
4,random,54,0.006409367650997287,0.1132198538331267,0.08857900530620848,0.11203529328176255
4,random,55,0.0063831895434375225,0.11298840244412275,0.08831134006839829,0.1117934586056437
4,random,56,0.006357730638606621,0.11276285415513941,0.0880516709633793,0.11155730741483333
4,random,57,0.006333292590226328,0.11254592476163966,0.08780231775615001,0.11132946236381312
4,random,58,0.006309576311499592,0.11233500177148342,0.08755935979236634,0.11110832963355254
4,random,59,0.0062871389819997795,0.11213508801441037,0.08732586391090641,0.11089998417775945
4,random,60,0.0062654683890325455,0.11194166685405882,0.08709822236536896,0.11069898708613277
4,random,61,0.006244348352638672,0.11175283757147889,0.0868791794002958,0.11050168018652577
4,random,62,0.006223910242649514,0.11156980095572022,0.08667050806958586,0.11031083188207423
4,random,63,0.006204341689633949,0.1113942699570669,0.08646255505010425,0.11012942965021345
4,random,64,0.006185439663246125,0.11122445471429496,0.08626485646841844,0.10995310690390217
4,random,65,0.006166913931021044,0.11105776813011366,0.08606907162291999,0.1097808243434818
4,random,66,0.006149149327209225,0.110897694540592,0.0858805694208378,0.10961464939039622
4,random,67,0.00613210898676053,0.11074392973667252,0.08569590358085613,0.10945671740630451
4,random,68,0.0061154740955949635,0.11059361731668753,0.08551238516400682,0.10930096490006978
4,random,69,0.0060993163477230964,0.11044742050154993,0.08533406935916496,0.10915075995528213
4,random,70,0.0060837391308739145,0.1103062929381086,0.08516034019172601,0.10900651409408246
4,random,71,0.006068462286152715,0.11016771111494253,0.08499457961232947,0.10886257867417118
4,random,72,0.006053850955827705,0.11003500312016813,0.08482950850435653,0.10872606729672372
4,random,73,0.0060397822403393305,0.10990707202304437,0.08467455354170682,0.10859552868510977
4,random,74,0.0060260858939500455,0.1097823837776357,0.08452111878197072,0.1084691585577183
4,random,75,0.006012737715584065,0.10966072875541238,0.08437378058532313,0.10834525076045101
4,random,76,0.005999716856154183,0.10954192673268243,0.08422776834795892,0.10822397138241441
4,random,77,0.005987117898050607,0.10942685134874902,0.08408732346436742,0.10810754401390461
4,random,78,0.005974796336913169,0.10931419246294755,0.0839494160143407,0.1079910958386621
4,random,79,0.0059631002700834875,0.10920714509667842,0.08381901974328856,0.10788318651997614
4,random,80,0.005951698029350984,0.10910268584550047,0.08369089282253722,0.10777734658549105
4,random,81,0.005940445531249029,0.10899950028554287,0.08356156538265648,0.10767464360877108
4,random,82,0.0059294908203248444,0.10889895151308707,0.0834355652345437,0.1075732505491806
4,random,83,0.005918999910410151,0.10880257267555903,0.08331669232613763,0.10747566572154528
4,random,84,0.00590869314514943,0.10870780234324885,0.08319624965057787,0.10738038487575378
4,random,85,0.00589877711350046,0.10861654674588453,0.08308148943591351,0.1072884406850805
4,random,86,0.00588909605485989,0.1085273795395419,0.0829690996619288,0.10719740257729546
4,random,87,0.005879666330949001,0.1084404567580661,0.08285667578308226,0.10710970539423738
4,random,88,0.005870484672027531,0.10835575362690743,0.082750218163846,0.10702430106286362
4,random,89,0.005861604440549699,0.10827376820402713,0.08264372811828212,0.10694192453701071
4,random,90,0.005852952822392824,0.10819383367265274,0.08253958931892863,0.10686230072660553
4,random,91,0.005844501683312364,0.10811569435851914,0.08244086346354365,0.10678296004131287
4,random,92,0.005836237831942638,0.10803923205893902,0.08234124199587901,0.10670598530657092
4,random,93,0.00582824144545763,0.10796519296011682,0.08224280948028816,0.10663255854258369
4,random,94,0.005820499418084417,0.107893460581116,0.08214792461072012,0.10655946741972488
4,random,95,0.0058129738633891466,0.10782368815236425,0.08205581041208694,0.1064899028894758
4,random,96,0.0058055883399299,0.10775517008413006,0.08196330069279267,0.10642122262261257
4,random,97,0.005798431619792225,0.1076887331134713,0.08187711406518523,0.10635447866652482
4,random,98,0.00579149660711365,0.10762431516264018,0.08178945894603198,0.10628997049841997
4,random,99,0.005784674222061796,0.10756090574239133,0.08170438775222702,0.10622630757043736
4,random,100,0.0057781482632809225,0.10750021640239542,0.08162262858596167,0.10616520360411433
4,random,101,0.005771712934080164,0.10744033631816464,0.08154123272271997,0.10610565435092552
4,random,102,0.005765449480741056,0.10738202345589373,0.08146610491944624,0.10604766672441995
4,random,103,0.0057592937072322384,0.10732468222391565,0.08139019505805822,0.1059912584156335
4,random,104,0.00575337087319216,0.10726948189669007,0.08131682264381696,0.10593674700172766
4,random,105,0.00574756259714686,0.10721532163965056,0.08124592924130579,0.10588262075522678
4,random,106,0.00574191245347018,0.10716260964972979,0.08117687623305218,0.10583066929523854
4,random,107,0.005736373117410106,0.10711090623657431,0.08110693519306592,0.10577857146427003
4,random,108,0.005730975988207219,0.1070605061468254,0.0810378257066,0.10572908343904348
4,random,109,0.005725652476718367,0.10701077026840213,0.08097150658063657,0.10568065872380436
4,random,110,0.005720537252953415,0.10696295856934226,0.08090620445111808,0.10563310941726863
4,random,111,0.005715630391895324,0.1069170743323565,0.0808443163252903,0.10558748777938419
4,random,112,0.005710763237997727,0.1068715419370164,0.08078373236341156,0.10554258613814461
4,random,113,0.0057059739322807305,0.10682671887014719,0.08072557170492994,0.10549880981881278
4,random,114,0.005701273230235589,0.10678270674819579,0.08066678179185774,0.10545526512691232
4,random,115,0.005696783149451183,0.10674064970245574,0.08060922548588148,0.10541397333168674
4,random,116,0.005692401786347902,0.10669959499780589,0.0805518069966896,0.10537239645253918
4,random,117,0.005688168341482059,0.106659911320815,0.08049926421651678,0.10533402015928015
4,random,118,0.005683936653129891,0.10662022934818599,0.08044436548134798,0.10529498453424325
4,random,119,0.005679834411164179,0.10658174713490279,0.0803892893621499,0.10525783299651191
4,random,120,0.0056758202165079355,0.10654407741876538,0.08033948332708081,0.10522061190241919
4,random,121,0.005671933155465019,0.10650758804390435,0.08028700549339075,0.10518496336586204
4,random,122,0.005668001341934648,0.10647066583744696,0.08023744256449215,0.10514743931367952
4,random,123,0.005664305728071285,0.10643595001756959,0.08018852533180422,0.10511264848502253
4,random,124,0.005660690067987982,0.10640197430487822,0.08013982776504987,0.10507911081152858
4,random,125,0.005657111837524196,0.10636833962720482,0.08009100524461733,0.10504619870393456
4,random,126,0.005653722945430072,0.10633647488449174,0.0800469876962409,0.10501648862325838
4,random,127,0.005650335444047154,0.10630461367266385,0.08000011395943345,0.1049858798583711
4,random,128,0.0056470664175973986,0.1062738577223712,0.07995461449026799,0.1049549047456105
4,random,129,0.005643812350150614,0.10624323366831992,0.07991099762381154,0.10492457254598503
4,random,130,0.005640674060805232,0.10621369083884838,0.0798660447102261,0.10489575699430621
4,random,131,0.005637560871416907,0.10618437617104418,0.07982051173323043,0.10486657607361537
4,random,132,0.005634557333053443,0.10615608633567312,0.0797774172275102,0.104839750350323
4,random,133,0.005631611131989564,0.10612832922447771,0.07973779975894056,0.10481234973536244
4,random,134,0.005628772427999923,0.10610157800899968,0.0796957869962989,0.10478569380974653
4,random,135,0.005625960984239832,0.10607507703734965,0.07965383919005196,0.10475940558748968
4,random,136,0.005623211702544002,0.10604915560761435,0.07961027352378779,0.10473321583426666
4,random,137,0.005620487366815542,0.10602346312789016,0.07957062251426406,0.10470853106057967
4,random,138,0.005617891045736307,0.10599897212460418,0.07953082164847723,0.10468483283186342
4,random,139,0.005615252357288938,0.10597407567220332,0.07949365861920128,0.1046599050605888
4,random,140,0.005612679640899006,0.10594979604415486,0.07945584879027263,0.10463656228835265
4,random,141,0.005610224323059542,0.1059266191574105,0.07941763876011283,0.10461434598031798
4,random,142,0.005607774856630495,0.10590349245072606,0.07938161834981214,0.10459178206981193
4,random,143,0.005605423419839484,0.10588128654147988,0.07934424871410305,0.10457075775544175
4,random,144,0.005603135823584695,0.10585967904338928,0.07930881557520393,0.10454989990852698
4,random,145,0.005600890263349193,0.10583846430621707,0.07927159576985814,0.10452830762155133
4,random,146,0.005598687449665558,0.10581764928087901,0.07923803784279783,0.10450719441151542
4,random,147,0.005596531954174246,0.10579727741463148,0.07920323767894777,0.10448786326729025
4,random,148,0.005594431638995938,0.10577742329056743,0.07917176866333457,0.10446851515369744
4,random,149,0.005592364912171609,0.10575788303641113,0.07914031548558617,0.1044500428906905
4,random,150,0.005590335746731929,0.1057386944002235,0.07911070965160695,0.10443171296289792
4,random,151,0.0055883478271539725,0.1057198924247842,0.07908017741646778,0.10441398963909586
4,random,152,0.0055864451558131955,0.10570189360473345,0.07905019756954385,0.1043959108251616
4,random,153,0.005584555014756553,0.10568401028307502,0.07902130543640173,0.10437837946758757
4,random,154,0.005582714094854335,0.10566658975148517,0.07899303483497996,0.104361187695418
4,random,155,0.00558089309204804,0.10564935486833832,0.0789663573021695,0.1043448044878381
4,random,156,0.005579070182107861,0.10563209911866621,0.0789378137853055,0.10432859769134999
4,random,157,0.00557738276876471,0.1056161234733098,0.07890754727183678,0.10431249455835652
4,random,158,0.00557570582153883,0.10560024452186491,0.07887692535774503,0.10429711675402269
4,random,159,0.005574068187056709,0.10558473551661442,0.07884827538786808,0.10428212882096098
4,random,160,0.005572424225037681,0.10556916429561883,0.0788194620450075,0.10426569992853495
4,random,161,0.0055708641510077575,0.10555438551768238,0.07879151100533306,0.10425140176118883
4,random,162,0.005569294114294923,0.1055395102726455,0.07876505151379184,0.10423661625599903
4,random,163,0.00556779505386423,0.10552530553250467,0.07873920662577026,0.1042226904356661
4,random,164,0.0055663380525386415,0.10551149750182338,0.07871324843287572,0.10420984362066538
4,random,165,0.0055648834687231285,0.1054977105791697,0.0786875437308074,0.10419584387165745
4,random,166,0.005563456757167436,0.10548418608651665,0.07866059775400717,0.1041819402937267
4,random,167,0.005562095278203921,0.10547127834822068,0.07863531603840856,0.10416984820407418
4,random,168,0.0055606762694893315,0.10545782350768795,0.07861121326084948,0.10415684144098859
4,random,169,0.005559335130698145,0.1054451054406808,0.07858592181498963,0.10414445847488359
4,random,170,0.005558019982947808,0.10543263235780286,0.07856363595097463,0.10413260977553826
4,random,171,0.005556720253357213,0.1054203040534148,0.07854125792742932,0.10412043027144044
4,random,172,0.005555474556666038,0.10540848691320864,0.07851748151111723,0.10410888322514511
4,random,173,0.005554203024849066,0.10539642332497878,0.07849380239783113,0.1040978284967819
4,random,174,0.0055530171911076275,0.10538517154806579,0.07847341204356993,0.10408645170718754
4,random,175,0.005551840598015971,0.10537400626355602,0.07845152669880351,0.10407560588689707
4,random,176,0.005550668798702863,0.10536288529366367,0.07843059288581837,0.10406522642150026
4,random,177,0.00554953154321236,0.1053520910396406,0.07841072373943038,0.1040549406840131
4,random,178,0.00554840830223769,0.1053414287185976,0.07838947948151942,0.10404469596141262
4,random,179,0.005547339650239431,0.1053312835793757,0.07836712803869145,0.10403426689248033
4,random,180,0.005546265520265478,0.10532108545078216,0.07834845816345412,0.10402458541499772
4,random,181,0.0055452023435800185,0.10531099034364855,0.078328073687635,0.10401346650496097
4,random,182,0.005544200850077184,0.10530148004731163,0.07830892081605974,0.10400428829953763
4,random,183,0.005543192939181401,0.10529190794340657,0.07829012145778752,0.10399481512856436
4,random,184,0.005542209875341279,0.10528257097298943,0.07826962468306664,0.10398630498352653
4,random,185,0.005541242020779381,0.10527337764866652,0.07825188104901898,0.10397777726445455
4,random,186,0.005540304369501378,0.10526447044944821,0.07823279897496192,0.10396880769702195
4,random,187,0.005539352988506192,0.10525543205465637,0.07821602916248764,0.10395945175700438
4,random,188,0.005538426901620405,0.10524663321570343,0.07819830043208664,0.10395080566368374
4,random,189,0.005537532734399764,0.10523813695043982,0.0781782555111497,0.1039419652180442
4,random,190,0.005536665873376121,0.10522989949036463,0.07816042596175986,0.10393314271892394
4,random,191,0.005535808185026162,0.10522174856013525,0.07814177595573672,0.10392523315472203
4,random,192,0.005534988982221308,0.10521396278271537,0.07812509981921875,0.10391707618850066
4,random,193,0.005534203412943136,0.10520649612018391,0.07810973481463541,0.1039109852686026
4,random,194,0.005533417738337305,0.10519902792647187,0.07809289302262751,0.10390389243343666
4,random,195,0.005532639243602196,0.10519162745772305,0.07807855639560136,0.10389662419768149
4,random,196,0.005531886531527816,0.10518447158709138,0.0780623929011149,0.10388958133330133
4,random,197,0.0055311249918775915,0.10517723129915135,0.07804711710254301,0.10388211996738157
4,random,198,0.00553037886335575,0.10517013704807796,0.07803257252505859,0.10387490456318715
4,random,199,0.005529653577975794,0.1051632405165968,0.078017126567111,0.10386737128617671
4,random,200,0.005528936230909038,0.10515641902336764,0.07800341153857851,0.1038615448107892
4,random,201,0.0055282511081332095,0.10514990354853598,0.07799059744961542,0.10385515052461927
4,random,202,0.005527574309742572,0.10514346684166898,0.07797870240563533,0.10384856299958718
4,random,203,0.005526915112320143,0.10513719715039148,0.07796256993726011,0.10384251730789924
4,random,204,0.005526253661005952,0.10513090564630319,0.0779458479755956,0.1038355515901862
4,random,205,0.005525625999344094,0.10512493518993574,0.07793184984978065,0.10382799237239183
4,random,206,0.00552502641687338,0.10511923151234868,0.0779192148674476,0.10382336629158685
4,random,207,0.005524395930262809,0.10511323351760052,0.07790596365029812,0.10381832601914959
4,random,208,0.005523786962070995,0.10510743990860966,0.07789261387760385,0.10381192710146714
4,random,209,0.005523180311631588,0.10510166803273474,0.07787943948283818,0.10380540484864187
4,random,210,0.005522607916996637,0.10509622178743284,0.07786692457379668,0.10380053908233063
4,random,211,0.005522036304181241,0.10509078269935229,0.07785474894232952,0.10379498807173045
4,random,212,0.005521476226468677,0.10508545309859664,0.07784212637078765,0.10379027711172803
4,random,213,0.005520920500626646,0.10508016464230199,0.07782930395299445,0.10378501352969773
4,random,214,0.00552037971177436,0.10507501807541467,0.07781703356483739,0.10378016061567794
4,random,215,0.005519858111944255,0.10507005388733989,0.07780463576193725,0.10377474083611553
4,random,216,0.005519338492960589,0.10506510831822893,0.0777933774006515,0.10376966552890694
4,random,217,0.0055188428100280944,0.1050603903479146,0.0777799886708221,0.1037642553910701
4,random,218,0.005518339598170803,0.10505560049964784,0.07776799582329055,0.10375880261652735
4,random,219,0.005517889017767423,0.10505131144128971,0.07775863502612533,0.10375505792701491
4,random,220,0.00551742358013707,0.10504688077365334,0.07774985156933299,0.10375066782564332
4,random,221,0.005516966371688752,0.10504252826059311,0.07773750898220182,0.10374714128228239
4,random,222,0.005516493782207232,0.10503802913428291,0.0777251722634508,0.10374368342241178
4,random,223,0.005516045402859953,0.10503376031410046,0.07771550549297213,0.10373993203730701
4,random,224,0.005515617874781674,0.10502968984798226,0.07770496432241972,0.10373604939576096
4,random,225,0.005515192317985933,0.10502563799364356,0.07769518771083093,0.10373265735413147
4,random,226,0.005514775024698662,0.10502166466685492,0.07768477250317028,0.10372895890741138
4,random,227,0.005514353484873511,0.10501765075332346,0.0776728626884004,0.10372475612273396
4,random,228,0.0055139523196589876,0.10501383070490275,0.07766175428510341,0.10371944505337996
4,random,229,0.005513546218935829,0.10500996351714278,0.07765190019623121,0.1037160041352409
4,random,230,0.0055131622531196306,0.1050063069831487,0.07764224677278006,0.10371156002978812
4,random,231,0.005512767771890806,0.10500255017751527,0.0776328145057975,0.10370806189431701
4,random,232,0.005512406964424177,0.10499911394315836,0.07762608949515523,0.10370376839918963
4,random,233,0.005512033791692706,0.10499555982700132,0.07761779459696297,0.1036993176217816
4,random,234,0.005511670552457552,0.10499210020242049,0.07760735418117606,0.10369614236882714
4,random,235,0.005511302588027284,0.10498859545709985,0.07759836907572715,0.10369289142111492
4,random,236,0.005510948323302881,0.10498522108661658,0.07758903122336559,0.10368980812737828
4,random,237,0.0055105952965816395,0.10498185840021731,0.07758011910652997,0.10368773995007334
4,random,238,0.005510265826937823,0.10497872000494027,0.07757036744810819,0.10368422210752216
4,random,239,0.005509949290876259,0.10497570472139026,0.07756222143668054,0.10368099660597843
4,random,240,0.005509644360551351,0.10497279991075165,0.07755351486957916,0.10367776863078332
4,random,241,0.005509337553216052,0.10496987713831099,0.07754546062957876,0.10367519574874882
4,random,242,0.005509018258886315,0.10496683532322307,0.07753730109615262,0.1036716609730501
4,random,243,0.005508731473427911,0.10496410313462323,0.07752945981922715,0.10366918837388896
4,random,244,0.0055084603462817894,0.1049615200564644,0.07752190436164415,0.10366771623397146
4,random,245,0.005508194532625407,0.1049589875391851,0.07751448987451605,0.1036652025958771
4,random,246,0.005507895244316949,0.10495613602183484,0.07750874432320387,0.10366313523198131
4,random,247,0.0055076154817678006,0.10495347046923031,0.07749930729453752,0.10366105468246457
4,random,248,0.005507345302528453,0.10495089616128538,0.07749151347376766,0.10365799827827377
4,random,249,0.005507056753646776,0.10494814675492632,0.07748283443028602,0.10365521070527998
4,random,250,0.005506806265711669,0.10494575994971564,0.07747310856927486,0.10365290626979953
4,random,251,0.005506539738085352,0.1049432202487169,0.07746396599604627,0.10365024075326947
4,random,252,0.005506265200588685,0.1049406041586257,0.07745858814614219,0.10364798856010057
4,random,253,0.005506018052580628,0.10493824900941151,0.07745005730348127,0.10364490042624301
4,random,254,0.005505782321816632,0.10493600260936789,0.07744382704372343,0.10364269994924008
4,random,255,0.005505528417559586,0.1049335829709401,0.07743618541745668,0.10364035340148348
4,random,256,0.005505308277825377,0.10493148505406161,0.07742756913021184,0.10363795144022
4,random,257,0.005505084456437928,0.104929352008272,0.07742249837890322,0.1036359610201639
4,random,258,0.0055048548542929706,0.10492716382608433,0.07741577530964415,0.10363379166278118
4,random,259,0.00550463310737941,0.10492505046345615,0.07740893168392639,0.10363165843374912
4,random,260,0.005504410591186091,0.10492292972640528,0.0774004110491825,0.10362934684017196
4,random,261,0.0055041892180070625,0.10492081984055464,0.07739404497372794,0.1036276140838631
4,random,262,0.005503965297666032,0.10491868563479083,0.07738901114286573,0.10362665434930854
4,random,263,0.005503750824978604,0.10491664143479436,0.07738297685806785,0.10362445862052098
4,random,264,0.0055035492616547456,0.10491472024129642,0.07737695730958602,0.10362284201057864
4,random,265,0.005503351692184211,0.10491283708092362,0.07737030080621718,0.10362160346336945
4,random,266,0.005503153024037766,0.10491094341428606,0.07736370299100381,0.10361952145676145
4,random,267,0.005502966841786289,0.10490916872977585,0.07735693685477286,0.10361652862301277
4,random,268,0.005502778172193551,0.1049073703053656,0.07735387997148259,0.10361459295166792
4,random,269,0.0055026088738669866,0.10490575650427375,0.07734873277501629,0.1036139481107999
4,random,270,0.005502428873459593,0.10490404066059222,0.07734240800305588,0.10361124171595587
4,random,271,0.005502256675984614,0.10490239917165493,0.07733764063987168,0.1036106566688216
4,random,272,0.005502082690132484,0.10490074060875341,0.07733222001377597,0.10360971876609398
4,random,273,0.0055019052807536465,0.10489904938323938,0.07732763238616887,0.10360735700146755
4,random,274,0.005501750534086381,0.10489757417677857,0.07732253084720009,0.1036056734488985
4,random,275,0.0055015733306978155,0.10489588486397182,0.0773173965463659,0.10360339543666083
4,random,276,0.005501413340005332,0.10489435961962237,0.07731234915145013,0.10360111699758388
4,random,277,0.005501265254552494,0.1048929478521077,0.07730585247070013,0.10360028391026731
4,random,278,0.005501107165461269,0.10489144069428419,0.07729975894245912,0.10359973956457931
4,random,279,0.0055009501196730155,0.1048899434614493,0.07729350733595458,0.10359802009132012
4,random,280,0.005500806261162591,0.10488857193386314,0.07728789845531506,0.1035964974243775
4,random,281,0.005500644794564213,0.10488703251178587,0.07728185612360235,0.10359566251614466
4,random,282,0.005500497406636791,0.10488562729599124,0.07727642352529518,0.1035940305845037
4,random,283,0.005500357641669327,0.10488429474110342,0.0772731012844132,0.10359177079908544
4,random,284,0.0055002167804968005,0.10488295171758659,0.07726630452225218,0.10359036597326125
4,random,285,0.005500077848242511,0.10488162706825739,0.07726029501335535,0.10359005096911021
4,random,286,0.005499948993922397,0.10488039849201944,0.07725309894795444,0.10358966253221394
4,random,287,0.005499822750281178,0.10487919479364034,0.077246642352089,0.10358851701638441
4,random,288,0.005499706021436147,0.1048780818039322,0.07724146173741996,0.10358670006869283
4,random,289,0.005499584257328863,0.10487692079126716,0.07723717482100485,0.10358608705374554
4,random,290,0.005499462564571627,0.10487576044607855,0.07722992987571267,0.10358420158871744
4,random,291,0.005499339800949487,0.10487458987714314,0.07722434840891244,0.10358393327316127
4,random,292,0.005499213089555542,0.10487338165192865,0.07721839769821848,0.10358201109277938
4,random,293,0.005499087546425129,0.10487218455267468,0.07721427164610319,0.10358072316840061
4,random,294,0.00549896956859853,0.1048710595788803,0.07720970308241695,0.10357933010445605
4,random,295,0.005498850165749205,0.10486992100453976,0.0772057224353403,0.10357729899385498
4,random,296,0.00549873523386429,0.10486882505172154,0.07720155100535427,0.10357620318336426
4,random,297,0.005498618262741165,0.1048677096416353,0.07719726884679137,0.10357515458523903
4,random,298,0.005498505973070302,0.1048666388616542,0.07719386141917083,0.1035739342168376
4,random,299,0.005498397406060234,0.10486560357009571,0.07719084343227077,0.10357327533944007
4,random,300,0.005498292897069273,0.10486460696602332,0.07718609869121552,0.10357253785647028
4,guided,1,0.007031013740505843,0.11858341992459016,0.08509211655143384,0.11645755426709867
4,guided,2,0.00695995317306874,0.11798265273394,0.08484519991613479,0.11588409428512292
4,guided,3,0.006892782009364238,0.1174119415508,0.08461141400767448,0.11533925002826258
4,guided,4,0.00682891850082101,0.1168667489136325,0.08439627800671282,0.11482047656414841
4,guided,5,0.0067687826880075885,0.11635104372550845,0.0841934858420414,0.11433069215449405
4,guided,6,0.006711874695801255,0.11586090536329548,0.08401073358204686,0.1138653805629512
4,guided,7,0.006658461828584915,0.11539897597972795,0.08384115289860712,0.11342738570365565
4,guided,8,0.006607965393025837,0.11496056187254686,0.0836859371883778,0.1130124241614398
4,guided,9,0.006559844457407922,0.11454121055242887,0.08353415582174668,0.11261613123083654
4,guided,10,0.006514344531653358,0.11414328304068845,0.08339032752340662,0.11224069133627673
4,guided,11,0.006471219733971337,0.11376484284673659,0.0832531336138463,0.11188410811227335
4,guided,12,0.006430609054009307,0.11340731064626572,0.08312028563796661,0.11154666966556455
4,guided,13,0.006391767237343993,0.1130642935443723,0.08299213311320548,0.1112250835855868
4,guided,14,0.006356086646077997,0.11274827400965388,0.08287312235166946,0.1109289684160985
4,guided,15,0.006321295948287592,0.11243928093231112,0.08275658632642711,0.11063992081273824
4,guided,16,0.006288758417069049,0.11214952890733915,0.08264728826749054,0.11036801958023204
4,guided,17,0.0062577500026931255,0.11187269553106446,0.0825413632474965,0.11010887023891784
4,guided,18,0.006228443793154493,0.11161042776689366,0.08243562423631409,0.10986354395818675
4,guided,19,0.0062004158246444264,0.1113590214095331,0.08233174784451044,0.10962950253115498
4,guided,20,0.006174308034628549,0.1111243270812341,0.0822330889247737,0.10941055082288605
4,guided,21,0.006149176999410993,0.11089794406940999,0.08214071821538661,0.10920029691850065
4,guided,22,0.006125641383365279,0.11068551290358895,0.08205033727878172,0.1090032393925955
4,guided,23,0.006102768603660016,0.11047867308815774,0.08196209924186781,0.10880985726550181
4,guided,24,0.006080763807775136,0.11027931635420249,0.08187195871640851,0.1086256668051858
4,guided,25,0.006060204969748806,0.1100927333637312,0.08178662901417323,0.1084544779868612
4,guided,26,0.006040046367570231,0.10990947518362765,0.08170155165666786,0.10828421089334293
4,guided,27,0.006021141357471658,0.10973733510042659,0.0816185172950291,0.10812582093557807
4,guided,28,0.006003259129613741,0.10957425910873175,0.08153748890971531,0.10797463770786311
4,guided,29,0.0059861912473726945,0.10941838280081363,0.0814612815892937,0.10783060810386867
4,guided,30,0.005970037781370945,0.10927065279727165,0.08139076741735679,0.10769487850856439
4,guided,31,0.005954525198708326,0.10912859569066512,0.08133044810900524,0.10756271295000443
4,guided,32,0.005939583786706703,0.10899159404932753,0.08126787916540787,0.10743569925208891
4,guided,33,0.00592568426217192,0.10886399094440659,0.08120409298904976,0.10731924211770126
4,guided,34,0.005912113619208229,0.10873926263505955,0.08114123408429781,0.10720385247963747
4,guided,35,0.00589933594534774,0.10862169162140442,0.08107891798572658,0.10709556958970537
4,guided,36,0.005886830215769148,0.10850649948983838,0.0810194170569515,0.10698981779370963
4,guided,37,0.005874747779972431,0.10839509010995314,0.08096321844546905,0.10688747476624107
4,guided,38,0.0058630893216515614,0.10828748147086589,0.08090725676714701,0.10678927923672782
4,guided,39,0.0058521561560229245,0.1081864700969851,0.08085286632966403,0.10669684351013754
4,guided,40,0.00584151049072589,0.10808802422771813,0.08079708533614645,0.10660601440883241
4,guided,41,0.0058314724545517555,0.10799511520945525,0.0807479592862806,0.10652087786834133
4,guided,42,0.005821643461951392,0.1079040635189555,0.0806984189859332,0.10643642751446049
4,guided,43,0.0058123404249931735,0.1078178132313318,0.08065024389755832,0.10635741374618536
4,guided,44,0.005803221964800723,0.107733207181451,0.08060383829994403,0.1062799401946118
4,guided,45,0.005794550427677225,0.1076526862430959,0.08055806409351383,0.10620691317800829
4,guided,46,0.005786262092692985,0.10757566725512777,0.08051288882839373,0.10613614539373606
4,guided,47,0.005778239574161141,0.10750106580086674,0.08046717838830517,0.1060684620154729
4,guided,48,0.0057704665770787625,0.1074287352348408,0.08042368777040938,0.10600188530260891
4,guided,49,0.005763103702767108,0.1073601760688488,0.0803776525933647,0.10593889271721467
4,guided,50,0.005755956399137023,0.10729358227906292,0.08033250336552834,0.1058761301558494
4,guided,51,0.0057490487202387155,0.10722918185119866,0.080286997706417,0.10581560813775721
4,guided,52,0.005742244474497952,0.10716570789667702,0.08024095792807243,0.10575774980643354
4,guided,53,0.005735834042188191,0.10710587324874571,0.08019969117820516,0.10570340751338218
4,guided,54,0.005729588632064894,0.10704754674503189,0.0801601170305977,0.1056490069851941
4,guided,55,0.005723545002955518,0.10699107442170602,0.08011470321885807,0.10559774997657208
4,guided,56,0.005717594334703422,0.10693544159635217,0.0800713520440195,0.10554654397606147
4,guided,57,0.0057120452153053,0.10688353676133008,0.08003111980158203,0.10549816375901058
4,guided,58,0.005706566988853406,0.10683227030119136,0.07999082332165042,0.10545009552047277
4,guided,59,0.005701463319715754,0.10678448688564977,0.0799531150072557,0.10540645300496342
4,guided,60,0.005696358390576215,0.10673667027386806,0.07991305795027942,0.10536243321531798
4,guided,61,0.005691540160426348,0.10669151944204701,0.07987563282350912,0.10531992482735729
4,guided,62,0.005686602818299974,0.1066452326013683,0.07984032285870538,0.10527674017044455
4,guided,63,0.005681911285835386,0.10660123156732652,0.07980056141443718,0.10523637256474346
4,guided,64,0.005677401688000578,0.10655891973927455,0.07976440455458401,0.1051967718192423
4,guided,65,0.0056730057581956105,0.1065176582374548,0.07972689526979887,0.10515871995381704
4,guided,66,0.0056686751484761,0.10647699421448842,0.0796903295342075,0.10512012546778553
4,guided,67,0.005664526916720339,0.10643802813581563,0.07965387617651898,0.10508442007083756
4,guided,68,0.005660539277794709,0.10640055712067216,0.07961686289147844,0.10504858742403742
4,guided,69,0.0056566036541152295,0.10636356193843105,0.07958127870546651,0.10501427558337897
4,guided,70,0.0056527142177150505,0.10632698827405064,0.07954475620773271,0.10498058420615783
4,guided,71,0.005648983846053265,0.10629189852527111,0.07951259847637318,0.1049467320873293
4,guided,72,0.005645384696783059,0.1062580321367101,0.0794779170418877,0.1049144167321937
4,guided,73,0.005641926672908887,0.10622548350474934,0.07944890976712002,0.1048843622646077
4,guided,74,0.005638486832961768,0.10619309613116823,0.07941746245887388,0.104854845276366
4,guided,75,0.00563516126319452,0.1061617752601615,0.07938657690087053,0.10482580217261854
4,guided,76,0.005631918483839798,0.10613122522462273,0.07935417039997072,0.10479684530337804
4,guided,77,0.005628675040349853,0.10610066013319477,0.07932242999450943,0.1047686843304169
4,guided,78,0.0056255837485431155,0.10607152066924576,0.07929044868780394,0.10473956742186545
4,guided,79,0.005622560518416272,0.10604301503084748,0.07926040182779374,0.1047133077516347
4,guided,80,0.005619698433614722,0.10601602174779737,0.07923211943573352,0.10468790794723634
4,guided,81,0.005616833314315003,0.10598899295978807,0.07920180988377418,0.10466404125369957
4,guided,82,0.0056140879949864945,0.10596308786541184,0.07917064971057937,0.10463973139529086
4,guided,83,0.00561144029547357,0.10593809792018705,0.07914321427170207,0.10461609853206763
4,guided,84,0.0056088082195626865,0.10591324959194374,0.07911236574569545,0.1045928698839385
4,guided,85,0.005606265944481394,0.10588924349981346,0.07908433755378565,0.10457013009358802
4,guided,86,0.005603821453123335,0.1058661556223077,0.07905771622541753,0.10454738855269044
4,guided,87,0.0056014097171695094,0.10584337217955132,0.07902876426672749,0.10452567858835357
4,guided,88,0.005599011984387223,0.10582071616075203,0.07900310766477693,0.10450411778674822
4,guided,89,0.005596729120627571,0.10579914102323866,0.07897536808233258,0.104483568198081
4,guided,90,0.005594450749197674,0.10577760395469046,0.07894850204746344,0.10446361241336616
4,guided,91,0.005592299742208328,0.10575726681612312,0.0789252853723741,0.10444366143242134
4,guided,92,0.005590170530661368,0.10573713189472626,0.07889993635305735,0.1044242799709301
4,guided,93,0.0055881184516939795,0.10571772274972611,0.07887440673176303,0.1044065760829414
4,guided,94,0.005586074038327869,0.1056983825640475,0.0788485645743748,0.10438680114728181
4,guided,95,0.005584081180167827,0.1056795266848582,0.07882390234052027,0.10436882017149453
4,guided,96,0.00558214508888847,0.10566120469584349,0.07879779050754579,0.10435109501147039
4,guided,97,0.005580203725221003,0.10564282962152238,0.07877461164932631,0.10433301992854942
4,guided,98,0.005578394285118683,0.10562570033016286,0.07874921846545077,0.10431649285069416
4,guided,99,0.005576575131099238,0.10560847628007174,0.07872458455923238,0.10429968549643331
4,guided,100,0.005574880315874058,0.10559242696210801,0.07870063724191129,0.10428384480885758
4,guided,101,0.005573156663815708,0.10557610206685704,0.07867488341256453,0.1042681120923104
4,guided,102,0.005571442086731563,0.10555986061691786,0.07865215478788175,0.10425233736677561
4,guided,103,0.0055698057611448,0.105544358078912,0.07862931865930968,0.10423797950316516
4,guided,104,0.005568229040755166,0.10552941808571831,0.07860786215171123,0.10422407455582178
4,guided,105,0.0055666906487014944,0.10551483922843738,0.07858675479965894,0.1042099404677138
4,guided,106,0.00556517922535739,0.10550051398317821,0.07856600712781528,0.10419643583510786
4,guided,107,0.005563682813766354,0.10548632910255579,0.07854275886303629,0.10418203242212311
4,guided,108,0.005562227384769317,0.10547253087671044,0.0785192200126362,0.10416915379478166
4,guided,109,0.0055607667769727335,0.10545868173813604,0.07849775174908484,0.10415663626271107
4,guided,110,0.005559377143546578,0.1054455038732954,0.07847577359402176,0.1041437366457822
4,guided,111,0.0055580544583330085,0.10543295934699935,0.07845614748152047,0.10413138418643068
4,guided,112,0.005556735097656288,0.1054204448639474,0.07843729673326756,0.10411952005332599
4,guided,113,0.005555447560047416,0.10540823079861854,0.0784196472503149,0.10410846860633181
4,guided,114,0.005554155927617247,0.10539597646606104,0.07840004357663939,0.10409668073254474
4,guided,115,0.005552930576861584,0.1053843496621921,0.07838065810750988,0.10408563109507422
4,guided,116,0.005551730468242749,0.10537296112611383,0.07836022484702564,0.10407352920318874
4,guided,117,0.0055505787326217545,0.10536203047228877,0.07834383343915574,0.10406367265449157
4,guided,118,0.00554941537139553,0.1053509883332428,0.07832477540297936,0.10405303370393272
4,guided,119,0.005548290466981905,0.10534031010949138,0.07830403541053933,0.10404341628611077
4,guided,120,0.005547166875655276,0.10532964326964443,0.07828691720946047,0.10403302865187507
4,guided,121,0.005546089326998551,0.10531941252208495,0.07826761858737133,0.10402333439059172
4,guided,122,0.005544966600145547,0.10530875177444225,0.07825005780612485,0.10401183812145451
4,guided,123,0.005543937733955826,0.1052989813241878,0.07823263074449623,0.10400170810710699
4,guided,124,0.005542932956398955,0.10528943875241197,0.07821506933670558,0.1039922465376807
4,guided,125,0.005541921816847297,0.10527983488633802,0.07819695673778444,0.10398296983267062
4,guided,126,0.005540980982619676,0.10527089799768667,0.07818243670233116,0.10397588267495878
4,guided,127,0.005540045930186315,0.10526201527793694,0.07816566751225482,0.10396793863920177
4,guided,128,0.005539155675772747,0.10525355742940708,0.07814939652659968,0.10395894476877446
4,guided,129,0.005538237048996018,0.105244829317131,0.07813429703478195,0.10395016316368393
4,guided,130,0.005537354496794089,0.10523644327697596,0.07811798906615129,0.10394203645296271
4,guided,131,0.0055364652614420225,0.10522799305738015,0.07810046572586621,0.10393336490688523
4,guided,132,0.0055356095098074345,0.10521986038583624,0.07808488212589161,0.10392633917183872
4,guided,133,0.005534759533610409,0.10521178197911495,0.07807182317978195,0.10391821755093848
4,guided,134,0.005533974899707285,0.1052043240528381,0.07805671556773336,0.10391055784558727
4,guided,135,0.005533182858013008,0.1051967951794446,0.07804133553714689,0.10390298111986879
4,guided,136,0.00553239865853569,0.10518934032054475,0.07802414042291342,0.10389494009152517
4,guided,137,0.005531613602222023,0.10518187678703991,0.07800982787842761,0.10388806151988882
4,guided,138,0.005530871176909344,0.10517481805935625,0.07799548336838738,0.10388140352092448
4,guided,139,0.005530100450316611,0.10516748975150648,0.07798292664266925,0.10387372222734484
4,guided,140,0.005529349140946901,0.10516034557709385,0.07796975437328654,0.1038671453207407
4,guided,141,0.005528635043732605,0.1051535548018478,0.07795570062045312,0.10386088532278949
4,guided,142,0.005527909019184321,0.10514665015286337,0.07794294636220907,0.10385413465101512
4,guided,143,0.005527219144355183,0.10514008887532085,0.07792894479438756,0.10384834163619724
4,guided,144,0.0055265685138196205,0.10513390046811372,0.07791614865196834,0.10384258126258755
4,guided,145,0.005525922590597112,0.1051277564737031,0.07790145295272997,0.10383570359012684
4,guided,146,0.0055252899326346215,0.10512173830977703,0.0778888846516419,0.10382914791342897
4,guided,147,0.005524657191386863,0.1051157190089747,0.07787520010860109,0.10382372509324928
4,guided,148,0.005524047970216157,0.10510992313017983,0.0778637011504488,0.10381808334002361
4,guided,149,0.005523439168407607,0.10510413092174453,0.07785234972288116,0.10381295920025044
4,guided,150,0.005522844523457575,0.10509847309506999,0.07784218184876139,0.10380783704635267
4,guided,151,0.0055222511955920935,0.10509282749638144,0.07783076274365845,0.10380284633958294
4,guided,152,0.005521701782529104,0.10508759948280391,0.07782000479544288,0.10379728882434172
4,guided,153,0.005521150970392849,0.10508235789506104,0.07780940012885158,0.10379209436739241
4,guided,154,0.0055206097794605466,0.10507720760907711,0.07779924122477173,0.1037868936403676
4,guided,155,0.0055200722268377205,0.10507209169744096,0.07779009253585642,0.10378226059127856
4,guided,156,0.00551952822879471,0.10506691419085944,0.07777914890238541,0.10377788179157818
4,guided,157,0.005519043901515114,0.10506230438663634,0.07776658628206164,0.103772865104013
4,guided,158,0.005518552704493501,0.10505762898993581,0.07775352411457216,0.10376844652406367
4,guided,159,0.005518073952590621,0.10505307185028548,0.07774199616117192,0.10376411907020829
4,guided,160,0.005517584063888567,0.10504840849711686,0.07773041492865727,0.10375830552055157
4,guided,161,0.005517127955228765,0.10504406651714095,0.07771931591098324,0.10375412229369874
4,guided,162,0.005516657042622929,0.10503958342094592,0.07770939549558468,0.10374942590508925
4,guided,163,0.005516221717087508,0.10503543894407742,0.07769994438607972,0.10374529084074917
4,guided,164,0.005515798217776957,0.10503140690076428,0.07769018797256487,0.10374194539225132
4,guided,165,0.005515359683672112,0.10502723155136588,0.07768058414231858,0.10373729038692635
4,guided,166,0.005514930314245032,0.10502314329941789,0.07766992496377773,0.1037325529707171
4,guided,167,0.005514534929732472,0.10501937849494704,0.07766052700125703,0.10372935923010668
4,guided,168,0.005514096742871217,0.10501520597390854,0.07765194970187744,0.10372537096912672
4,guided,169,0.005513693448723463,0.10501136556319476,0.07764189408734397,0.10372157418732257
4,guided,170,0.005513299142152334,0.10500761060182576,0.07763437871588706,0.1037181397988456
4,guided,171,0.0055129055376541315,0.10500386219234159,0.0776266583375997,0.10371425232903082
4,guided,172,0.005512530362613996,0.10500028916735417,0.07761740956350067,0.10371072136959412
4,guided,173,0.005512141064941046,0.1049965815152193,0.07760823904664789,0.10370784464106995
4,guided,174,0.0055117854841519875,0.10499319486663874,0.07760165490378744,0.10370405578963693
4,guided,175,0.00551143194083521,0.1049898275151951,0.07759366500118679,0.10370078400320443
4,guided,176,0.005511071989283699,0.10498639901705077,0.0775860286261864,0.10369786762142896
4,guided,177,0.005510723330533639,0.10498307797482068,0.07757901224800118,0.10369482814986489
4,guided,178,0.005510376160825517,0.10497977101161458,0.07757038176918248,0.10369169500190437
4,guided,179,0.005510055116201023,0.10497671281004205,0.07756013573251273,0.10368815560056603
4,guided,180,0.00550972580261646,0.10497357574758003,0.07755317997034326,0.10368530089798257
4,guided,181,0.005509397137643482,0.10497044477035888,0.07754440094363715,0.1036809804085334
4,guided,182,0.005509097367056961,0.1049675889697097,0.07753631456354952,0.10367828750432068
4,guided,183,0.005508786828333214,0.10496463050316725,0.07752855819668475,0.10367518832029901
4,guided,184,0.005508488355180081,0.10496178690533123,0.07751901823614238,0.10367294095698536
4,guided,185,0.005508190039936439,0.10495894473494329,0.07751191238320018,0.10367054260958655
4,guided,186,0.005507903189598709,0.10495621172278188,0.07750330006681054,0.1036675013311154
4,guided,187,0.005507605794891893,0.10495337817232843,0.07749708227096826,0.10366419544381447
4,guided,188,0.005507315214130977,0.10495060947065507,0.07748987593390602,0.10366141882502541
4,guided,189,0.005507037589173861,0.10494796414579809,0.0774802744181817,0.10365829625320594
4,guided,190,0.005506769823044811,0.1049454126967426,0.07747249416178269,0.10365501316434028
4,guided,191,0.005506502221482196,0.1049428627538071,0.07746371686038196,0.10365254961243588
4,guided,192,0.005506254443952169,0.10494050165643548,0.07745662448891401,0.10364969286094927
4,guided,193,0.005506019330663262,0.10493826118878911,0.07745024343637757,0.10364865140255905
4,guided,194,0.005505781767528574,0.1049359973272144,0.07744240891078137,0.10364660220853968
4,guided,195,0.005505539868551712,0.1049336920969782,0.07743700519671913,0.103644259743932
4,guided,196,0.005505309678081982,0.10493149839854553,0.07742969090516585,0.10364201946102203
4,guided,197,0.005505071839334129,0.10492923176440519,0.07742307906238938,0.10363939558944389
4,guided,198,0.005504836522538257,0.10492698911660676,0.07741730330969396,0.10363683739709938
4,guided,199,0.005504609176590708,0.10492482238813376,0.07741005194209295,0.10363390062908184
4,guided,200,0.005504382570208762,0.1049226626635901,0.07740439513802815,0.10363255097215357
4,guided,201,0.0055041698001457315,0.10492063476881687,0.07739954193630126,0.10363047607708509
4,guided,202,0.005503959649763294,0.10491863180353901,0.07739560625292657,0.10362819567804814
4,guided,203,0.005503753161791075,0.10491666370783122,0.07738677162308195,0.10362630527149008
4,guided,204,0.005503543974569689,0.10491466984716379,0.07737736905521421,0.10362351440096093
4,guided,205,0.005503351654366645,0.10491283672045709,0.07737078560651968,0.10362001784547437
4,guided,206,0.005503170309996812,0.10491110818208729,0.07736500089054706,0.10361924570696801
4,guided,207,0.00550296949602116,0.10490919403008642,0.07735877712383292,0.1036181556392243
4,guided,208,0.005502778234180927,0.10490737089624282,0.07735230784125764,0.10361556882987798
4,guided,209,0.005502582285919399,0.10490550305793685,0.0773458523522253,0.10361284004139465
4,guided,210,0.005502402487391282,0.104903789134533,0.07733976903466488,0.10361157051352682
4,guided,211,0.005502222094746913,0.10490206951959444,0.07733402935661782,0.10360966450248005
4,guided,212,0.0055020457599008026,0.10490038855886857,0.07732783947292708,0.10360852049593876
4,guided,213,0.005501868108413824,0.10489869501966002,0.07732129398891932,0.10360675226360316
4,guided,214,0.005501697063574938,0.10489706443533048,0.07731519872624065,0.10360529242861624
4,guided,215,0.005501534423494935,0.1048955139507399,0.07730898137970778,0.10360319586484229
4,guided,216,0.005501368210872075,0.10489392938461287,0.07730367801758693,0.10360136693819944
4,guided,217,0.005501211390876637,0.1048924343399145,0.07729629479042194,0.1035990445092616
4,guided,218,0.005501048996721184,0.10489088613145742,0.07729011405460495,0.10359675362996032
4,guided,219,0.005500915262471914,0.10488961113925357,0.07728615317961751,0.10359594005522797
4,guided,220,0.00550076978624079,0.1048882241840407,0.0772825584435265,0.10359451143943477
4,guided,221,0.005500625338968087,0.10488684702066402,0.07727562222010718,0.10359388545692855
4,guided,222,0.005500471628617063,0.10488538152304222,0.07726869440478171,0.10359338791470818
4,guided,223,0.005500329570176557,0.10488402709828182,0.07726419466870879,0.10359248273991804
4,guided,224,0.005500196846149993,0.10488276165462075,0.0772585749941619,0.10359132749193013
4,guided,225,0.005500062333297139,0.10488147914000011,0.07725371299293074,0.10359061779878093
4,guided,226,0.005499928486639772,0.10488020296166262,0.07724802187944656,0.10358950216813567
4,guided,227,0.00549979191124802,0.10487890074984596,0.07724116142533224,0.103587948240225
4,guided,228,0.005499663446231499,0.10487767585364866,0.07723473396946046,0.10358516130866675
4,guided,229,0.005499530655004528,0.1048764096925951,0.07722942677302491,0.10358420886441247
4,guided,230,0.005499409053593444,0.10487525021274985,0.07722431782271691,0.10358216430239658
4,guided,231,0.005499279356857433,0.10487401352916205,0.07721930848783842,0.10358110268013376
4,guided,232,0.005499168334445031,0.10487295489729495,0.07721703352626351,0.10357912796512894
4,guided,233,0.0054990477763476936,0.10487180532772089,0.07721326376674055,0.10357699885321386
4,guided,234,0.0054989312302757744,0.10487069400243115,0.07720745864212554,0.10357611586233832
4,guided,235,0.005498809985059441,0.10486953785594214,0.07720281568643249,0.10357516413603245
4,guided,236,0.005498694538158682,0.10486843698805358,0.07719776205220728,0.10357427405178116
4,guided,237,0.005498577698215395,0.10486732282475218,0.07719304775889863,0.10357438360706053
4,guided,238,0.0054984723020926,0.10486631777737407,0.07718769788654468,0.10357291863612098
4,guided,239,0.005498373530789644,0.10486537589490293,0.0771837123003049,0.10357171953476033
4,guided,240,0.005498279067449774,0.10486447508522392,0.07717925027454822,0.1035704379686368
4,guided,241,0.005498182205401241,0.10486355139323902,0.07717524606669998,0.10356981205927979
4,guided,242,0.005498077067176425,0.10486254876910464,0.07717107770572638,0.10356824416075078
4,guided,243,0.005497988566324691,0.10486170479564683,0.07716700862342406,0.10356763346252233
4,guided,244,0.005497906707446002,0.10486092415619845,0.07716323098516469,0.10356790652694836
4,guided,245,0.005497827834310886,0.10486017198451361,0.07715953017076556,0.10356715365658345
4,guided,246,0.005497728213840872,0.10485922194867624,0.0771578509092672,0.10356693608421663
4,guided,247,0.005497637302930713,0.10485835496450165,0.07715219647356338,0.10356660584529198
4,guided,248,0.0054975518886820115,0.10485754039345012,0.07714828579155875,0.10356525794569889
4,guided,249,0.005497454144147805,0.10485660822425838,0.07714343585354182,0.103564272610526
4,guided,250,0.005497376479063858,0.1048558675426784,0.07713748210182292,0.10356357480807081
4,guided,251,0.0054972889600721185,0.10485503287941994,0.07713221082082743,0.10356259011817248
4,guided,252,0.005497193748347156,0.1048541248434906,0.07713047538545773,0.10356192470434093
4,guided,253,0.005497114310428081,0.10485336723661363,0.07712555954341925,0.10356039674987456
4,guided,254,0.0054970403252230515,0.10485266162785808,0.07712254847255617,0.10355971200067611
4,guided,255,0.00549695430852677,0.10485184126687304,0.07711850532831417,0.10355889390215761
4,guided,256,0.005496887490956657,0.10485120400793362,0.07711320955420585,0.10355792997802764
4,guided,257,0.005496816809652496,0.10485052989520365,0.07711136352226168,0.10355735462809079
4,guided,258,0.005496741084326775,0.10484980767103748,0.07710816630736261,0.10355662147910354
4,guided,259,0.005496669102354077,0.10484912114418582,0.07710484900944758,0.10355588379000726
4,guided,260,0.005496595409029106,0.10484841829068386,0.07709976388813512,0.10355493728211458
4,guided,261,0.0054965219522021495,0.10484771768810372,0.07709667719420817,0.10355457796186932
4,guided,262,0.005496445593465103,0.10484698940327379,0.07709493633741506,0.10355496512170334
4,guided,263,0.005496374353307917,0.10484630993323434,0.07709209174339927,0.10355413245019417
4,guided,264,0.005496308553084622,0.1048456823439537,0.07708921162932687,0.10355377060327536
4,guided,265,0.0054962445815357934,0.10484507219260039,0.07708569087473308,0.10355377142876618
4,guided,266,0.005496178418401003,0.10484444113448269,0.0770822585766418,0.10355293204798151
4,guided,267,0.005496119186123825,0.10484387617904849,0.07707864825720968,0.10355113108896574
4,guided,268,0.005496057550311835,0.10484328829554933,0.0770786551256549,0.1035503881668719
4,guided,269,0.005496006374345204,0.10484280017574124,0.07707660146546533,0.10355084655747505
4,guided,270,0.005495948569288681,0.10484224882449518,0.07707321117816361,0.10354930114187465
4,guided,271,0.005495893911758883,0.10484172749205235,0.07707138745950752,0.1035498060101242
4,guided,272,0.005495836965859707,0.10484118433001133,0.07706887735939015,0.10354995522413465
4,guided,273,0.005495777386787621,0.10484061604919748,0.07706720440125409,0.10354868396655156
4,guided,274,0.005495730116319999,0.10484016516888933,0.07706501063400822,0.10354800679472537
4,guided,275,0.005495668271566476,0.10483957527161655,0.07706279113734321,0.10354679299853962
4,guided,276,0.005495615767538814,0.1048390744669068,0.07706050655050319,0.10354550698806442
4,guided,277,0.005495568704016199,0.10483862555390736,0.07705674287692409,0.10354562134774255
4,guided,278,0.005495516165569516,0.10483812441635454,0.07705334894480019,0.10354606016626301
4,guided,279,0.005495462905127171,0.10483761638960674,0.07704986887116352,0.10354530377549667
4,guided,280,0.005495417104568081,0.10483717951726935,0.07704700337079759,0.10354469912079121
4,guided,281,0.005495360245351462,0.10483663715849971,0.07704377344161999,0.10354485591838307
4,guided,282,0.005495310967031786,0.10483616710879681,0.07704098801192222,0.10354414246899912
4,guided,283,0.005495267009387564,0.10483574780949068,0.07704023661076045,0.1035427870276614
4,guided,284,0.005495219418046782,0.10483529384750903,0.07703600441719784,0.10354224352303074
4,guided,285,0.005495172266596499,0.10483484407959501,0.07703255812677758,0.10354276488247798
4,guided,286,0.00549513003085613,0.10483444119998094,0.07702798784305767,0.10354317727441056
4,guided,287,0.005495089627722692,0.10483405579984677,0.07702417473888684,0.10354285743554871
4,guided,288,0.005495054096416861,0.10483371687025946,0.07702125852632045,0.10354179304562532
4,guided,289,0.005495015404140628,0.104833347787244,0.07701942302568039,0.10354195820867253
4,guided,290,0.005494975440740657,0.1048329665777007,0.07701482840785771,0.10354085306015484
4,guided,291,0.005494934992737497,0.10483258074413218,0.07701178122508637,0.10354136399010902
4,guided,292,0.005494891365459365,0.10483216458186262,0.0770081886637545,0.10354023096941473
4,guided,293,0.005494847717172968,0.10483174821754113,0.07700619781613294,0.10353970532580932
4,guided,294,0.0054948082276373685,0.10483137152243471,0.07700386008969405,0.1035390539117836
4,guided,295,0.005494766933276142,0.10483097760944655,0.07700193828146856,0.10353775075816724
4,guided,296,0.005494727921243733,0.1048306054665691,0.07699998732736502,0.10353737525556164
4,guided,297,0.005494687199053986,0.1048302170087803,0.07699773833010998,0.103537031342715
4,guided,298,0.005494648421095788,0.10482984709609938,0.07699631030391027,0.10353648617496546
4,guided,299,0.0054946113836604575,0.10482949378548441,0.07699522101715224,0.10353649580824228
4,guided,300,0.005494576058,0.10482915680286663,0.07699257292102384,0.10353641048058908
5,random,1,0.040096714263122106,0.2831844425921809,0.24384600412335014,0.28771496826164095
5,random,2,0.0322132409876858,0.2538237222470973,0.21900600344179688,0.25837772893788474
5,random,3,0.026708167516299616,0.2311197417630074,0.19955252058722758,0.23542655920012534
5,random,4,0.022703654892489544,0.21308991009660475,0.18399077341986977,0.21703201299442976
5,random,5,0.019749395536287972,0.19874302773324135,0.17140425693222794,0.2022802655778398
5,random,6,0.017522865788283225,0.1872050522196622,0.16119005062564143,0.19034282664255892
5,random,7,0.015810453474465667,0.17782268401115572,0.15278212396952937,0.1805808288584889
5,random,8,0.014468613026038465,0.1701094531531888,0.14578586956548037,0.17251954329042707
5,random,9,0.013395222527095215,0.16367786977533166,0.13987610770968897,0.16577337796087563
5,random,10,0.012529064531477861,0.158297596516674,0.13485338282321788,0.1601131223669008
5,random,11,0.01181732926899793,0.15373567750524228,0.13056357252265266,0.15530262110899193
5,random,12,0.011226927492879306,0.14984610433961443,0.126814243880526,0.15119548238402616
5,random,13,0.010729142710349712,0.14648646838769588,0.12350653021026554,0.1476446144775224
5,random,14,0.010306022464666423,0.14356895531183908,0.1206231354237537,0.1445609726046268
5,random,15,0.009942612371217848,0.1410149805603493,0.11807850890125338,0.14186088050851908
5,random,16,0.009626512423283736,0.1387552696172923,0.11578939712506743,0.1394725159268523
5,random,17,0.00935031473111013,0.13675024483422418,0.11371861806430097,0.13735468689689773
5,random,18,0.009107643884485886,0.13496402398036217,0.1118506376356014,0.13546931540709706
5,random,19,0.008893660007621795,0.13336911192342696,0.11018247917424712,0.133789499279867
5,random,20,0.008701462622905718,0.13192014723237477,0.10865348433683404,0.13226271984019067
5,random,21,0.008527756008231628,0.13059675346831273,0.10725282502880702,0.13087203975750664
5,random,22,0.00837126046125276,0.1293928936321679,0.10596824938779849,0.12960771767536403
5,random,23,0.008229613991140845,0.1282935227604328,0.1047866875604214,0.12845512272264767
5,random,24,0.008099837311293117,0.12727794240396187,0.10368221619362127,0.1273931822446937
5,random,25,0.007981320951217154,0.12634334926079135,0.102669716858568,0.1264163517591797
5,random,26,0.007872099965105244,0.125475893821126,0.10172190654513381,0.1255081477215048
5,random,27,0.0077709741244351115,0.12466735037238187,0.10084056607377331,0.12466584989544441
5,random,28,0.007676976011684416,0.12391106497552522,0.10000375105623507,0.1238787699135133
5,random,29,0.007589957251580472,0.12320679568579383,0.09921596227657598,0.12314713966036309
5,random,30,0.007509085161373021,0.12254864472015202,0.09848079491534915,0.12246438350049971
5,random,31,0.007432532915261603,0.12192237625031431,0.0977730757084559,0.1218142830791108
5,random,32,0.007360690217029711,0.12133169591685192,0.09711224561534536,0.12120302674772981
5,random,33,0.007293348155307783,0.12077539613106457,0.09649416987640834,0.12062565070771683
5,random,34,0.0072292872686533964,0.1202438128857647,0.09590243709931344,0.12007510935540729
5,random,35,0.007169143163595111,0.11974258359994669,0.09534588617887926,0.11955715865547702
5,random,36,0.007112159392972712,0.11926574858669788,0.0948173114524081,0.11906515037308112
5,random,37,0.007058436237215079,0.11881444556294557,0.09431144475283118,0.1185996468711567
5,random,38,0.007006940404893754,0.11838023825701445,0.09382764480387727,0.11815099361057305
5,random,39,0.006958243639620785,0.11796816214234064,0.09335694111431996,0.1177232694420575
5,random,40,0.006911413062140852,0.1175705155397462,0.09290550672971695,0.11731236726744297
5,random,41,0.006867040430653925,0.11719249490179758,0.09247155604617402,0.11692106208219251
5,random,42,0.006824866257344245,0.1168320697184146,0.09205002579407504,0.11654705939553182
5,random,43,0.006784320701852988,0.11648451143266204,0.09164980142657764,0.11618660244754407
5,random,44,0.006745441561471949,0.11615026096804044,0.09126367613374313,0.11583946770472973
5,random,45,0.006708137985632637,0.11582864918173429,0.09088675026449533,0.1155069816265142
5,random,46,0.006672305379839867,0.11551887620505895,0.09052591831232361,0.11518730797300407
5,random,47,0.00663790249308753,0.11522067950752182,0.09017395519524321,0.1148789671928443
5,random,48,0.006604899810381554,0.11493389239368476,0.08983124781715097,0.11457940340338142
5,random,49,0.006572944003579976,0.11465551886917591,0.08950985072492855,0.11428851584264434
5,random,50,0.0065422587478219125,0.11438757579232031,0.08919350653449293,0.11400843939016023
5,random,51,0.006512788072643326,0.11412964621555019,0.08888580623480886,0.11373912175885878
5,random,52,0.006484359428420433,0.11388028300298901,0.08859261796264446,0.11348041126521927
5,random,53,0.00645684342735496,0.11363840396058861,0.08830972546482195,0.11322868089264916
5,random,54,0.006430390705976462,0.11340538528638279,0.08804090937201577,0.11298582855148491
5,random,55,0.006404855001846188,0.1131799894137315,0.08778271163141603,0.11275076394778807
5,random,56,0.0063799823030671185,0.1129600133061883,0.08753177288365833,0.11251987722200103
5,random,57,0.006356283153518974,0.11275001688265039,0.08728384402963346,0.11229967997549621
5,random,58,0.0063330811522082815,0.11254404606382588,0.08704604175375376,0.11208561158165922
5,random,59,0.006310908816249249,0.11234686302918519,0.08680734920636582,0.11187701021037848
5,random,60,0.006289402485104366,0.11215527170048108,0.0865726366772942,0.11167340650705086
5,random,61,0.0062685804184208094,0.11196946385886475,0.08634914141676948,0.11147854357163124
5,random,62,0.006248429937283933,0.11178935492509055,0.08613020126375012,0.11128939009054606
5,random,63,0.006228827164297808,0.11161386261838453,0.08591911684239181,0.11110419885554929
5,random,64,0.006209758901895599,0.11144289032410815,0.08571376906821854,0.11092362268690255
5,random,65,0.006191381740909114,0.1112778660912323,0.08551248165613182,0.11074927108155819
5,random,66,0.0061734917091070315,0.11111698078248015,0.08531729336723981,0.11057846802414124
5,random,67,0.006156184079346012,0.11096111101954605,0.08512612844296112,0.11041318218239983
5,random,68,0.006139346640890732,0.11080926532461743,0.08493802263049763,0.1102533240172938
5,random,69,0.006123157506814067,0.11066306978223645,0.08476226633007722,0.11010043223361186
5,random,70,0.006107270613114478,0.11051941560752553,0.08458295401413435,0.10994513820661761
5,random,71,0.006091989154815402,0.11038105956019267,0.08441433778033547,0.10979722317021567
5,random,72,0.006077135105104475,0.11024640679046618,0.0842497001369162,0.10965381315093828
5,random,73,0.006062803211770671,0.1101163313207507,0.08408901236118105,0.10951487482311023
5,random,74,0.006048871220630578,0.10998973789068303,0.08393788331046911,0.10938405377809124
5,random,75,0.0060353404041943925,0.10986665011908202,0.08378368176606,0.10925250669982935
5,random,76,0.006022113149667282,0.10974619036365027,0.08363144536168877,0.10912188855939975
5,random,77,0.0060092570802101715,0.10962898412564236,0.0834901303814771,0.10899677645008637
5,random,78,0.0059967333555825935,0.10951468719384258,0.08334849728619448,0.10887506774781662
5,random,79,0.005984692115044059,0.10940468102457096,0.08321113544256047,0.10875779114102699
5,random,80,0.005972962039282183,0.10929741112471221,0.08307549279694966,0.10864338936769974
5,random,81,0.005961386081432891,0.10919144729723927,0.08294304564409694,0.10853086087806074
5,random,82,0.005950161128759072,0.10908859820127007,0.08281057835050555,0.10842029164396481
5,random,83,0.005939324929141675,0.10898921900024493,0.08267996191408103,0.1083132918878849
5,random,84,0.005928813423528187,0.10889273091926924,0.08255642514198028,0.10821098930903963
5,random,85,0.005918493838529446,0.1087979212901556,0.08243505722858951,0.10810776710705208
5,random,86,0.005908462381110772,0.10870567953065537,0.0823127162620381,0.10800706015472882
5,random,87,0.005898650547586625,0.10861538148518952,0.08219774081695291,0.1079101609852619
5,random,88,0.005889088255345666,0.1085273076727297,0.08208480318907667,0.10781778962737146
5,random,89,0.005879890310692456,0.1084425222013252,0.08197099068137287,0.10772504249564534
5,random,90,0.005870881345220468,0.10835941440613703,0.08186165278079673,0.10763607122965443
5,random,91,0.0058621368790996,0.10827868561355554,0.08175837804499961,0.10754969505621438
5,random,92,0.0058536664670430375,0.10820042945425898,0.08165663083304298,0.10746484630064873
5,random,93,0.005845320390900817,0.10812326660715368,0.0815567168569461,0.10738241959208394
5,random,94,0.005837207878890329,0.10804821034048023,0.08145722923818162,0.1073011932528562
5,random,95,0.005829269898947682,0.1079747183274648,0.08136012215059149,0.10722238083566667
5,random,96,0.0058215949807361896,0.10790361421876646,0.08126510659782944,0.10714605990872626
5,random,97,0.005814039832347017,0.10783357392154835,0.08117172048543723,0.10706876661375615
5,random,98,0.005806703163665002,0.10776551548306167,0.08107875927070489,0.10699563594577234
5,random,99,0.005799485128055554,0.10769851557060156,0.08098643141640018,0.10692281848941194
5,random,100,0.005792535340280982,0.10763396620287652,0.0809003677441403,0.10685475398667396
5,random,101,0.005785795817950761,0.1075713327792378,0.08081577946772801,0.10678879453646697
5,random,102,0.0057791989683592115,0.10750998993916064,0.0807326936682499,0.10672343641326072
5,random,103,0.005772760339974383,0.10745008459721549,0.08065067947144729,0.10665915752779634
5,random,104,0.0057664769340734666,0.10739159123575241,0.08056947492873383,0.10659580251063414
5,random,105,0.005760333767044436,0.1073343725657763,0.08049231971242077,0.10653402943274674
5,random,106,0.005754434867842686,0.10727940033242808,0.08041434718416418,0.1064732225941702
5,random,107,0.005748540246769909,0.10722443981453024,0.0803368580712499,0.1064126825744336
5,random,108,0.005742876782899213,0.1071716080209606,0.08026205033004148,0.106356080528403
5,random,109,0.005737331173026576,0.10711985038289193,0.08018942294297644,0.10630012884548701
5,random,110,0.005731962246401668,0.10706971790755469,0.08011782770199068,0.1062443637456316
5,random,111,0.005726657166091063,0.10702015853184917,0.08005055992249026,0.10619183211456071
5,random,112,0.005721513888170334,0.1069720887724488,0.07998276181801525,0.106139713788973
5,random,113,0.005716450117820553,0.10692474098935711,0.07991819453335128,0.10608893701835076
5,random,114,0.005711599761601006,0.10687936902509301,0.07985240741750112,0.10603766653487376
5,random,115,0.005706733217439047,0.10683382626714301,0.07978993758216935,0.10598758916860279
5,random,116,0.005702185666217504,0.10679125119800315,0.07972803697685184,0.1059397564372908
5,random,117,0.005697508479359714,0.10674744474093714,0.0796700435765019,0.1058930799599559
5,random,118,0.005693008261800808,0.10670527879913728,0.07961011658017561,0.10584787635725838
5,random,119,0.005688629740518115,0.10666423712302184,0.07955237474841013,0.10580482609989529
5,random,120,0.005684313141554884,0.10662376040597034,0.07949571551954668,0.1057621559935121
5,random,121,0.005680153672075545,0.10658474254859882,0.0794390590621378,0.1057198652764383
5,random,122,0.005676076852849069,0.10654648612553179,0.07938529051649665,0.10567927735203018
5,random,123,0.005672093044118309,0.10650908922827487,0.07933024682352167,0.10563868549313012
5,random,124,0.005668211281667015,0.10647263762739247,0.07927762827225303,0.10560062679616554
5,random,125,0.0056644348134941,0.10643716280974516,0.07922195921977097,0.1055617611349435
5,random,126,0.005660773468727471,0.1064027581289834,0.07917001208881594,0.10552431680885883
5,random,127,0.005657133278223505,0.10636854119732493,0.07912048811955726,0.10548917706487172
5,random,128,0.005653660850553754,0.10633589093578662,0.07906944525769197,0.10545368234787794
5,random,129,0.005650173968614537,0.1063030946738103,0.07901962150397009,0.10541840672082159
5,random,130,0.005646832861887292,0.10627166002173197,0.07896787171875594,0.10538246020166575
5,random,131,0.005643596933163622,0.10624120606585395,0.07891940815834517,0.10534882788085509
5,random,132,0.005640395466907606,0.106211067849896,0.0788687685609486,0.10531385973622004
5,random,133,0.005637236197555213,0.10618131848451698,0.07882179026409783,0.10528129476388808
5,random,134,0.005634139500834479,0.10615215024515028,0.07877542222310015,0.10524856296442398
5,random,135,0.005631138795968842,0.10612387851910467,0.07872901735347997,0.10521766425882115
5,random,136,0.005628183861855618,0.10609603066897101,0.07868256101823927,0.10518696768419522
5,random,137,0.0056252922528635145,0.1060687725286148,0.07863791815750597,0.10515754197160532
5,random,138,0.00562238231256139,0.10604133451217398,0.07859591429122813,0.10512851026321138
5,random,139,0.005619628132002944,0.10601535862320086,0.07855068546961178,0.10509868548608348
5,random,140,0.005616939361315004,0.10598999350235855,0.07851091365003968,0.10507169184241365
5,random,141,0.005614337428293741,0.1059654418033893,0.07846923235233902,0.10504456372607043
5,random,142,0.005611798073050247,0.10594147509875673,0.07842835048874813,0.1050183096731162
5,random,143,0.005609334645507948,0.10591821982556116,0.07838566178660637,0.1049905845581034
5,random,144,0.005606898535021143,0.10589521740873044,0.07834357314074819,0.10496162301991
5,random,145,0.0056044690143432965,0.1058722722372888,0.07830507477599791,0.10493642680817707
5,random,146,0.005602134245562998,0.1058502172464752,0.07826983828078515,0.10491254960928052
5,random,147,0.005599828417510168,0.1058284311280307,0.07823656267639756,0.10489172293102689
5,random,148,0.005597579696163638,0.10580718024939176,0.07820093745715527,0.10486843825371925
5,random,149,0.005595406761080504,0.10578664151092522,0.07816837019637488,0.1048476638870163
5,random,150,0.005593299837871186,0.10576672291293879,0.07813553747502919,0.10482676664069292
5,random,151,0.005591184795983973,0.10574672378834224,0.07810282364482356,0.10480650934761472
5,random,152,0.005589145711793794,0.1057274393125436,0.07807214832394266,0.10478752090463084
5,random,153,0.005587137525633881,0.10570844361387487,0.07803822349977425,0.10476521669207942
5,random,154,0.0055851583778291115,0.10568971925243355,0.07800266796503283,0.10474375409128762
5,random,155,0.005583224682793202,0.10567142170703678,0.07797144040236108,0.10472271584889975
5,random,156,0.0055813325270827096,0.10565351415909184,0.07793948055590763,0.1047035024695776
5,random,157,0.005579488844677684,0.10563606244723138,0.07790937078433151,0.10468471251798839
5,random,158,0.005577693270670327,0.10561906334246983,0.07787862587398313,0.1046660379144206
5,random,159,0.005575951805687629,0.10560257388612863,0.07784828523515394,0.10464732124198721
5,random,160,0.005574199480782125,0.10558597900083254,0.07781841504550978,0.10462901574609795
5,random,161,0.005572502126868722,0.10556990221524999,0.07779049241592598,0.10461179051002784
5,random,162,0.005570834704090635,0.10555410654342762,0.07776206127408175,0.10459512157713148
5,random,163,0.005569200659033064,0.10553862476868897,0.0777314703948964,0.10457689779151001
5,random,164,0.005567645187884059,0.10552388533298099,0.07770086192121617,0.10455866396599985
5,random,165,0.005566080786843377,0.10550905920197921,0.07767242186425527,0.1045406673697036
5,random,166,0.005564531574071654,0.1054943749597262,0.07764396649369659,0.1045238927052314
5,random,167,0.005563020273082213,0.10548004809519394,0.07761693906392361,0.1045080568650095
5,random,168,0.005561549463718053,0.10546610321537488,0.07759000065988991,0.10449289738529467
5,random,169,0.0055600987002070446,0.10545234658562173,0.07756463545587267,0.10447921842233153
5,random,170,0.005558678127127255,0.1054388744925443,0.07753847722633221,0.10446490617041766
5,random,171,0.005557283321936494,0.10542564509583514,0.07751336096464158,0.10445143049132896
5,random,172,0.005555919365902583,0.10541270669044205,0.07749358221279189,0.10444061691327523
5,random,173,0.005554632336018211,0.10540049654549272,0.07746997188477613,0.10442881775822177
5,random,174,0.005553312807582628,0.10538797661576607,0.07744492766755445,0.10441447774337785
5,random,175,0.005552065247372511,0.1053761381658344,0.07742086782634189,0.10440297236396404
5,random,176,0.00555082474654279,0.10536436538548305,0.07739563291018314,0.10438909647729258
5,random,177,0.005549599814600083,0.10535273906833256,0.0773713731906112,0.10437511224967305
5,random,178,0.005548426176568858,0.10534159839843762,0.07735010276924392,0.1043635493409243
5,random,179,0.005547240911401205,0.1053303461629288,0.07732556323122866,0.10434866015367414
5,random,180,0.005546084785007184,0.10531936939620541,0.07730170583584994,0.10433520624405762
5,random,181,0.0055449602445360935,0.1053086914222762,0.07728011055065145,0.10432351922529677
5,random,182,0.005543892598118999,0.10529855267874291,0.07725695896942962,0.104311428185673
5,random,183,0.00554282409609604,0.10528840483259341,0.07723599236541624,0.10430040218606132
5,random,184,0.0055417496003138346,0.1052781990757235,0.07721549486639273,0.10428895710374206
5,random,185,0.005540761487424223,0.10526881292599649,0.07719572863361054,0.10427815972881223
5,random,186,0.005539759894761326,0.10525929787682727,0.07717596675471831,0.10426843054730503
5,random,187,0.00553874369509569,0.1052496431832022,0.07716040439218048,0.1042584038795646
5,random,188,0.005537782949366179,0.10524051453091798,0.07714152387662532,0.10424909571202473
5,random,189,0.005536837978620936,0.10523153499423009,0.07712231737468318,0.10423743136359566
5,random,190,0.0055358720843429465,0.10522235584079029,0.07710652442523135,0.10422914830897231
5,random,191,0.005534958877887752,0.10521367665743604,0.07708855715727526,0.10421913625576153
5,random,192,0.005534090869985269,0.1052054263808219,0.0770753823622196,0.10421374205657985
5,random,193,0.005533232598565039,0.10519726801172204,0.07705587533085932,0.10420426587633694
5,random,194,0.005532384868696903,0.1051892092250617,0.0770425988644588,0.10419913207067101
5,random,195,0.005531532362001963,0.10518110440570552,0.07702436776713545,0.10418987943523422
5,random,196,0.005530699824770762,0.1051731888341393,0.07700818686453356,0.10418123696766697
5,random,197,0.005529913679223573,0.10516571379706956,0.07699070496907261,0.10417331865242138
5,random,198,0.0055291050909668125,0.10515802480996696,0.07697382990530172,0.10416388641446798
5,random,199,0.005528374824362325,0.10515108011202096,0.0769584877588835,0.10415648222851018
5,random,200,0.005527607449998563,0.10514378203202092,0.07694408837282914,0.10414894986490106
5,random,201,0.005526863369302164,0.10513670500165168,0.07692570239198683,0.10413925682767922
5,random,202,0.005526134744257636,0.10512977450996112,0.07690939672904674,0.10413054417668889
5,random,203,0.005525442613384982,0.1051231907181758,0.07689640104225198,0.10412412658533174
5,random,204,0.00552474430505249,0.1051165477463229,0.07688124319121094,0.10411620937889453
5,random,205,0.005524069786086345,0.10511013068288275,0.07686690121010475,0.10410919454589199
5,random,206,0.005523416012437018,0.10510391060695143,0.07685315920972947,0.1041025543029388
5,random,207,0.005522779649703652,0.10509785582687833,0.0768408845164851,0.10409778295001781
5,random,208,0.005522139978877819,0.10509176921983775,0.07682720170938749,0.1040918011584099
5,random,209,0.005521479010143187,0.10508547958822081,0.07681131783818733,0.10408368794822676
5,random,210,0.005520857318655477,0.1050795633665793,0.07679741873268779,0.10407633315195053
5,random,211,0.005520258988977892,0.10507386914906952,0.07678084300980931,0.10406858404622861
5,random,212,0.005519671160436115,0.10506827456883562,0.07676816503140618,0.10406394323792584
5,random,213,0.005519086451840028,0.10506270938672797,0.07675695458518202,0.10405888612781766
5,random,214,0.005518542247049732,0.10505752944981842,0.07674445263653693,0.10405366793414991
5,random,215,0.005518002877864731,0.1050523952879203,0.07673199560431711,0.1040473098637788
5,random,216,0.005517486686747556,0.10504748151904982,0.07672119582802922,0.10404258242196973
5,random,217,0.005516934128065785,0.10504222130234855,0.07670905217864157,0.10403650337001082
5,random,218,0.005516415816417502,0.10503728686916378,0.07669766588728241,0.10403039995192798
5,random,219,0.005515898583719331,0.1050323624767084,0.07668384702232238,0.10402342581075687
5,random,220,0.005515382905376799,0.10502745265288309,0.0766760012243994,0.10401978796359866
5,random,221,0.0055148860360774024,0.1050227216946638,0.07666530371143025,0.10401498574942819
5,random,222,0.005514387252446173,0.10501797229470938,0.07665646508715734,0.10401045052817402
5,random,223,0.0055139193482227206,0.1050135167321114,0.07664454402523009,0.10400513524553574
5,random,224,0.005513429247252257,0.10500884960090037,0.07663547395613887,0.10400179524369473
5,random,225,0.005512959058048874,0.10500437189040154,0.07662334920115206,0.10399582307575997
5,random,226,0.005512502873536731,0.10500002736701292,0.07661502979389748,0.10399385707620294
5,random,227,0.005512082034300579,0.10499601929883418,0.07660235023661796,0.10398782116591992
5,random,228,0.005511633531353743,0.10499174759335843,0.07659093122356567,0.10398194928603154
5,random,229,0.0055111923932120895,0.1049875458634222,0.07658419965273408,0.10397999377784066
5,random,230,0.005510778424478497,0.10498360276232185,0.07657153176696004,0.10397298538257509
5,random,231,0.0055103824104578624,0.10497983054337497,0.0765582402133251,0.10396671322305953
5,random,232,0.0055099620545896125,0.10497582630862795,0.07654877827311149,0.10396294488747576
5,random,233,0.005509549587836888,0.10497189707571154,0.07653667292036184,0.10395719768282971
5,random,234,0.005509164434655278,0.1049682279040213,0.07652535258687192,0.10395185259912676
5,random,235,0.0055087757431813746,0.104964524894665,0.07651449184494574,0.10394563962090729
5,random,236,0.005508406572113588,0.10496100773252501,0.07650645349064777,0.10394219780504621
5,random,237,0.005508021594550378,0.10495733985339356,0.07649747641768964,0.1039386853752561
5,random,238,0.005507638818341141,0.10495369282060675,0.07649139354649755,0.10393681924906217
5,random,239,0.005507280094934108,0.10495027484417664,0.07648337635323135,0.10393387991051233
5,random,240,0.005506926224167752,0.10494690299544576,0.07647430640357801,0.10393046540249179
5,random,241,0.0055065906792216525,0.10494370566376673,0.0764664523990917,0.10392929437397408
5,random,242,0.005506249991250143,0.10494045922569753,0.07645962623236778,0.10392620451755835
5,random,243,0.005505922417967986,0.10493733766365512,0.07645083458631374,0.10392275842959312
5,random,244,0.005505612388571269,0.10493438319798967,0.07644244757762322,0.10391940355668645
5,random,245,0.005505317291475462,0.10493157095436494,0.07643633863972235,0.10391600854895051
5,random,246,0.005505009910728881,0.10492864156872404,0.07642645860687852,0.10391223412936679
5,random,247,0.005504700833048618,0.10492569592858193,0.07641818321703991,0.10390873108444394
5,random,248,0.0055044111893387225,0.10492293542728132,0.07641229539825675,0.10390714409777532
5,random,249,0.005504125260513079,0.10492021026011222,0.07640420208082888,0.10390378040139928
5,random,250,0.005503835441231376,0.10491744794104912,0.07639819951747584,0.10390296474135273
5,random,251,0.005503566622545967,0.1049148857173849,0.07639111926594096,0.10390008287604328
5,random,252,0.0055032918749798624,0.10491226691841009,0.07638301449526107,0.1038969141328799
5,random,253,0.00550301505090869,0.1049096282607911,0.07637641807045256,0.10389457414578175
5,random,254,0.005502745194197547,0.10490705595142347,0.07637097508166513,0.10389289140738436
5,random,255,0.005502512072396419,0.10490483375323006,0.07636332924312406,0.10389056088703721
5,random,256,0.005502251416122798,0.10490234903111367,0.07635425362860956,0.10388678530315744
5,random,257,0.005501999575228683,0.10489994828624734,0.07634544065913274,0.10388266684133936
5,random,258,0.0055017561364881515,0.10489762758507126,0.07634016453712297,0.10388080853806013
5,random,259,0.005501499999022696,0.10489518577153764,0.07633440098833989,0.10387902143317511
5,random,260,0.005501261718809048,0.10489291414398828,0.07633212733072375,0.10387887505828586
5,random,261,0.005501027780062972,0.10489068385765223,0.07632605954674457,0.10387632993389251
5,random,262,0.0055008065222377535,0.10488857442293469,0.07632454853193477,0.10387908105633518
5,random,263,0.005500586946018123,0.10488648097841897,0.07631855332928825,0.10387736375609871
5,random,264,0.0055003741708216074,0.10488445233514458,0.07631021853293941,0.10387405856635964
5,random,265,0.005500151723754427,0.10488233143627602,0.07630311413263378,0.10387152004287897
5,random,266,0.005499930396012583,0.10488022116693484,0.07629528933149879,0.10386733860008056
5,random,267,0.005499720248098126,0.10487821745336946,0.0762905535554823,0.10386710868212634
5,random,268,0.005499511661670531,0.10487622859037725,0.07628499370284099,0.10386436018200229
5,random,269,0.005499316011051683,0.10487436303550723,0.07627886575353603,0.10386218148957908
5,random,270,0.005499127502628996,0.10487256555104386,0.07627260582966051,0.10386116877074061
5,random,271,0.00549892807698286,0.10487066393403696,0.07626733026511903,0.1038607854130801
5,random,272,0.005498744536843136,0.10486891376230742,0.07625916087334222,0.10385719008302059
5,random,273,0.005498563669702208,0.10486718905074369,0.07625126972212119,0.10385437353207659
5,random,274,0.0054983876674486575,0.10486551070250559,0.076243739629904,0.10385190161758819
5,random,275,0.0054982078347590845,0.10486379579968565,0.07623874535582928,0.10385095418979139
5,random,276,0.005498029426213502,0.10486209444993459,0.07623549469815254,0.10384978331079371
5,random,277,0.0054978785306928155,0.10486065544991426,0.07623045965683733,0.10384732990702003
5,random,278,0.005497697111859895,0.10485892534124022,0.07622347892085095,0.10384481728026149
5,random,279,0.005497532759655123,0.10485735796457131,0.07621785667361573,0.10384288115299677
5,random,280,0.005497368642152182,0.10485579280280305,0.0762092733185673,0.10383890690599944
5,random,281,0.005497207052551026,0.10485425172639425,0.07620213351645376,0.1038356800394577
5,random,282,0.00549707164896675,0.10485296036800058,0.07619579936578381,0.10383436744444394
5,random,283,0.005496907682235299,0.10485139657854156,0.07619261026396124,0.10383276101158961
5,random,284,0.005496754482058671,0.10484993545118348,0.07618737997324652,0.10383082852632877
5,random,285,0.005496601279599665,0.10484847428169534,0.07618256585895741,0.10382825181746372
5,random,286,0.005496463726345328,0.10484716234925319,0.0761777743314736,0.10382520802088248
5,random,287,0.005496303169486331,0.10484563099611095,0.07617545824740046,0.10382464308612313
5,random,288,0.005496163532313386,0.10484429915177444,0.07616972146614182,0.10382301944358642
5,random,289,0.00549603301590164,0.10484305428498009,0.07616755509635588,0.10382213706765223
5,random,290,0.005495900200740512,0.10484178747751788,0.07616173496491593,0.10381898252750632
5,random,291,0.005495779257736257,0.10484063389484305,0.076159184073503,0.10381878551031376
5,random,292,0.005495654876196304,0.10483944750137043,0.07615550015826741,0.1038186432914352
5,random,293,0.005495523506112392,0.10483819443420792,0.07615531863071359,0.10381968105933094
5,random,294,0.005495409022096263,0.1048371024217692,0.07614928803495312,0.10381698642416888
5,random,295,0.0054952898717669065,0.10483596588735096,0.07614647363865701,0.10381776953715503
5,random,296,0.005495166404543624,0.10483478816255246,0.07614423931256775,0.10381647676669302
5,random,297,0.005495045013833943,0.1048336302322298,0.07613978536996999,0.10381436310637569
5,random,298,0.005494926009671376,0.104832495054457,0.07613870129650574,0.10381428833827365
5,random,299,0.00549481172532174,0.10483140488729262,0.07613520837009387,0.10381295200514921
5,random,300,0.005494694404698707,0.10483028574509093,0.07613083822329418,0.10381149314164706
5,guided,1,0.0070506268348093275,0.11874869965443266,0.08700734136531214,0.12037105268873839
5,guided,2,0.006979419410831609,0.1181475299008118,0.08666413582712719,0.11971770661400481
5,guided,3,0.006911553384745455,0.11757170905235201,0.08634068385252865,0.11909093118838351
5,guided,4,0.006847965714364121,0.11702961774152833,0.08603818226712819,0.11849816385630087
5,guided,5,0.006787660339009366,0.1165131781302816,0.08574523371374437,0.11792983377509386
5,guided,6,0.006730113131041334,0.11601821521676098,0.08546860661082702,0.11738336005952033
5,guided,7,0.006675592239681801,0.1155473257127295,0.08520492157922606,0.11686184369138178
5,guided,8,0.006623673547044401,0.11509712026844461,0.08495227664477224,0.11636185218517149
5,guided,9,0.0065753313020932925,0.11467633846695047,0.08471449211603418,0.11589102935712646
5,guided,10,0.006529623800412518,0.11427706506917754,0.08448685068134919,0.11544396303273277
5,guided,11,0.006485960468731326,0.11389434111255331,0.08427248770688389,0.11501166502968535
5,guided,12,0.006444220994073503,0.11352727420380974,0.08406868069171881,0.11459557065518983
5,guided,13,0.006404721364308615,0.11317880865523029,0.08387520079185826,0.11420135685664744
5,guided,14,0.006367707574079353,0.11285129661709123,0.08368976083858527,0.11382856995260483
5,guided,15,0.006332406119622404,0.11253804796265486,0.08350831441327103,0.11347087849688041
5,guided,16,0.00629907410366291,0.11224147275996435,0.08332863406313845,0.11312824539493205
5,guided,17,0.006267230662996169,0.11195740853553345,0.08315542435438426,0.11280018531064778
5,guided,18,0.006236835706138372,0.11168559178460194,0.08298411544375206,0.11248312253670413
5,guided,19,0.006207797680699192,0.1114252904927709,0.08282300881678135,0.1121812970152117
5,guided,20,0.006180450862279218,0.11117959221259285,0.08266122554911523,0.11189125101163228
5,guided,21,0.006154839816717196,0.11094899563959285,0.08250957765101437,0.11161994199747201
5,guided,22,0.006130349002163243,0.11072803621633721,0.08236492387301482,0.11135760406717346
5,guided,23,0.006106761169308655,0.11051480597013827,0.08222572511871806,0.11110466642848262
5,guided,24,0.006084716918936664,0.11031515688187787,0.08209411465572264,0.11086734859470614
5,guided,25,0.006063248059518385,0.11012037104476524,0.081965881924596,0.11063452926753897
5,guided,26,0.006042795580684342,0.10993448576933756,0.0818351663707821,0.11040762489603133
5,guided,27,0.0060235162681916065,0.10975897474185523,0.0817148180841884,0.11019641883483178
5,guided,28,0.0060051874710255445,0.10959185618489674,0.08159810920348988,0.10999449433481726
5,guided,29,0.005987744105989298,0.1094325738159283,0.0814884175540765,0.1098004590892445
5,guided,30,0.0059710815703557995,0.10928020470657802,0.08138424364861019,0.1096139902198595
5,guided,31,0.0059554348368608115,0.10913693084250456,0.08128629311911847,0.10943758722909468
5,guided,32,0.005940219404173194,0.10899742569596031,0.0811935865031543,0.10926698990411308
5,guided,33,0.005925523960665461,0.10886251844106364,0.0811001024976666,0.10909912589514305
5,guided,34,0.0059113161255511535,0.10873192838859387,0.08101105181914538,0.10893749173283503
5,guided,35,0.0058979570118737655,0.10860899605349242,0.08092543476505393,0.10878485042788454
5,guided,36,0.0058852274043733836,0.10849172691383785,0.08084355244818633,0.10863936976713863
5,guided,37,0.005873149541767217,0.10838034454426888,0.0807624740041965,0.10849997070688774
5,guided,38,0.005861276494941519,0.1082707393060703,0.08068494974024341,0.10836314009685531
5,guided,39,0.005850079117214105,0.10816726970034979,0.08060767238140386,0.10823036105964422
5,guided,40,0.005839205439739205,0.10806669644010782,0.080534090885472,0.10810363640622565
5,guided,41,0.0058288871615957,0.10797117357513254,0.08046270201829625,0.10798222834509744
5,guided,42,0.0058191131481825425,0.10788061130882177,0.08039001883479652,0.10786494832154926
5,guided,43,0.00580930636533102,0.10778966894216736,0.0803214417609056,0.10774804965707883
5,guided,44,0.005800026814615977,0.10770354510986142,0.08025157470247213,0.10763625372924304
5,guided,45,0.005791294488750684,0.10762243714719234,0.0801827964882983,0.10753116135099698
5,guided,46,0.005782837423223434,0.10754382756089197,0.08011748410643363,0.10743027925820062
5,guided,47,0.005774773913098307,0.10746882257751135,0.08005071158356934,0.10733355288038725
5,guided,48,0.005766929709057077,0.10739580726506111,0.079982315071467,0.10723740295991029
5,guided,49,0.005758984768798353,0.10732180364491041,0.07991967305128939,0.1071402498163113
5,guided,50,0.005751609642041386,0.10725306188674881,0.07985428082828434,0.10704983377865179
5,guided,51,0.00574461402926843,0.10718781674489344,0.07979104494881814,0.10696289652099271
5,guided,52,0.005737852154525963,0.10712471381082857,0.07973072012669032,0.10688021869427858
5,guided,53,0.005731313704128215,0.1070636605401498,0.07967073504892336,0.10680011768837297
5,guided,54,0.00572497962972992,0.10700448242695182,0.07961332512156441,0.10672271364960435
5,guided,55,0.005718852598027611,0.10694720751873432,0.07955759355413287,0.10664773066803421
5,guided,56,0.005712726087400239,0.10688990679573296,0.07950229064375337,0.10657152505366059
5,guided,57,0.005707078354283093,0.10683705681347735,0.07944707428963088,0.10650030428999384
5,guided,58,0.005701506059031942,0.10678488712389915,0.07939529524753368,0.10643216281546058
5,guided,59,0.005696187919185444,0.10673507314079514,0.07933930430174077,0.10636394057191356
5,guided,60,0.005690994057895423,0.10668640080062147,0.07928256718518978,0.10629665234970936
5,guided,61,0.005685994477958379,0.10663952811184396,0.07923187031001928,0.10623407615178276
5,guided,62,0.005681170210300009,0.10659427949285093,0.07917969550272896,0.10617346100907775
5,guided,63,0.0056764117106326084,0.1065496289119076,0.07913085970983448,0.10611336334744795
5,guided,64,0.0056717959593277105,0.10650629990125195,0.07908253313697898,0.10605491560964984
5,guided,65,0.005667354650249874,0.10646459176881179,0.07903362160497314,0.10599893601842854
5,guided,66,0.005662960582492779,0.10642331119160668,0.07898421104309229,0.10594294092008831
5,guided,67,0.005658801404810219,0.10638422255964668,0.07893538398259331,0.10588949539378084
5,guided,68,0.0056547653938591805,0.10634627773325384,0.07888718329969426,0.1058390567542327
5,guided,69,0.005650881281323143,0.10630974820140571,0.07884526818581532,0.10579121104771913
5,guided,70,0.005646946412622033,0.1062727285113357,0.078796313238891,0.10573884594339017
5,guided,71,0.005643226114058691,0.1062377156574697,0.07875247577509858,0.10569018157102182
5,guided,72,0.00563965816109684,0.1062041257305651,0.07870801683438947,0.10564438294077129
5,guided,73,0.005636218362545203,0.10617173223174993,0.07866398828712977,0.10559961900880617
5,guided,74,0.005632932821264356,0.1061407821835166,0.07862471842551179,0.10556107738969137
5,guided,75,0.005629693412673585,0.10611025787051491,0.078580825092936,0.10551889814476244
5,guided,76,0.0056264538491328725,0.106079723313486,0.07853695951096094,0.10547524786033607
5,guided,77,0.0056232597257726636,0.10604960844597837,0.07849795224569597,0.10543425636014507
5,guided,78,0.005620248658005887,0.10602121163244539,0.07845865534198397,0.10539592529440835
5,guided,79,0.005617363783999285,0.1059939977923211,0.07841988373720643,0.10535885186931743
5,guided,80,0.005614524232371001,0.10596720466607583,0.0783801530726799,0.1053222970046983
5,guided,81,0.005611686396412909,0.10594042095831892,0.0783421840722572,0.105286544164021
5,guided,82,0.005608944732712836,0.1059145384988561,0.07830390282851399,0.10525074352220244
5,guided,83,0.0056063222167183095,0.10588977492391141,0.0782653483221497,0.10521627062334805
5,guided,84,0.005603811227762194,0.10586605903463295,0.07823048972240629,0.10518461297143296
5,guided,85,0.005601265494622537,0.10584200956730307,0.0781944716478768,0.1051505384586638
5,guided,86,0.0055988141659975505,0.10581884677123968,0.07815648609126964,0.1051168887754133
5,guided,87,0.005596427943312283,0.10579629429533231,0.07812278890220344,0.10508566221848789
5,guided,88,0.005594098690646687,0.10577427561223653,0.07808999823622244,0.10505775671994497
5,guided,89,0.005591816733871145,0.10575269957661738,0.07805454622950109,0.10502689312778225
5,guided,90,0.005589632016051845,0.10573203881560068,0.07802167108482747,0.10499887758698036
5,guided,91,0.005587478879214702,0.10571167276336801,0.0779920093548034,0.10497175259232097
5,guided,92,0.005585390071193252,0.1056919114331201,0.07796135048211027,0.10494402579794755
5,guided,93,0.00558333759953102,0.10567249026620902,0.07793182149464793,0.10491849438684712
5,guided,94,0.005581322947270229,0.1056534234870809,0.07790109931574585,0.10489239127237153
5,guided,95,0.005579344819786874,0.10563469903196462,0.07787154174171854,0.10486758285273091
5,guided,96,0.005577466352301628,0.1056169148602782,0.07784267106454287,0.10484370847476603
5,guided,97,0.005575535746073371,0.10559863395019248,0.07781361726349896,0.10481768135394048
5,guided,98,0.005573705065874081,0.10558129631591082,0.07778399685243585,0.10479440250864465
5,guided,99,0.005571883137539427,0.1055640387398988,0.0777536235781932,0.10477075711802215
5,guided,100,0.005570161371368244,0.10554772732151313,0.07772751106190212,0.10475040118596611
5,guided,101,0.005568492156360974,0.10553191134780962,0.07770245824544596,0.10473085723204141
5,guided,102,0.005566850322981831,0.1055163525050201,0.07767571205003954,0.10471085344952254
5,guided,103,0.005565237506816998,0.10550106640993728,0.077648213016771,0.104690701046946
5,guided,104,0.005563666926233229,0.10548617849020059,0.07762080057305,0.10467039293048584
5,guided,105,0.005562119794564717,0.1054715107938131,0.07759560770862671,0.10465065034220195
5,guided,106,0.00556064170088725,0.10545749571165863,0.0775688161913213,0.10463062337190092
5,guided,107,0.005559145427955527,0.1054433063589674,0.07754218423495879,0.10461049434774329
5,guided,108,0.00555772470312781,0.10542983167138047,0.07751705042529486,0.10459283702924531
5,guided,109,0.005556311541054823,0.10541642700314617,0.07749311061208825,0.1045750227830644
5,guided,110,0.005554959645763588,0.10540360189067154,0.07746757975936518,0.10455625138296346
5,guided,111,0.005553599486312074,0.10539069680301079,0.07744445104801369,0.10454051010585948
5,guided,112,0.005552295457683344,0.10537832279632604,0.07742007040824393,0.10452384671043272
5,guided,113,0.005551004466329414,0.10536607106967037,0.07739745128204295,0.1045079081823987
5,guided,114,0.005549782333042281,0.1053544715049369,0.0773728780969108,0.1044903060964767
5,guided,115,0.005548517010280118,0.1053424606726093,0.07735056513557396,0.10447357280127341
5,guided,116,0.0055473882737841155,0.10533174520327777,0.07732787376881305,0.10445740705493267
5,guided,117,0.0055461564014354075,0.10532004938695583,0.07730818023142563,0.10444285601322122
5,guided,118,0.005544998110782747,0.10530905099546523,0.07728643211305598,0.10442879509150073
5,guided,119,0.005543881142994524,0.10529844389158392,0.07726608337804573,0.10441605771395981
5,guided,120,0.0055427655342640105,0.10528784862712326,0.07724648207355922,0.10440306430137097
5,guided,121,0.005541691605937284,0.10527764820641924,0.07722635435312843,0.10438956476928157
5,guided,122,0.0055406377488325135,0.10526763746596114,0.07720858087930209,0.10437736975065144
5,guided,123,0.005539601601433873,0.10525779402432746,0.07718904079119551,0.10436424098831042
5,guided,124,0.005538594131240337,0.10524822213453619,0.07717121721551981,0.1043532820795687
5,guided,125,0.005537623400440647,0.10523899847908709,0.07715029067527925,0.10434071867454435
5,guided,126,0.005536685108110652,0.10523008227793659,0.07713193494973537,0.10432875351872987
5,guided,127,0.0055357423834930175,0.10522112319770226,0.07711511700897083,0.10431885601544746
5,guided,128,0.005534846251738501,0.10521260620038363,0.0770966588943605,0.10430747045566416
5,guided,129,0.0055339292950705625,0.10520389056561133,0.07707974283901971,0.10429648504093324
5,guided,130,0.00553306507532584,0.10519567553208488,0.07706013836362234,0.10428360220338048
5,guided,131,0.005532224158532243,0.10518768139408952,0.07704283369792977,0.10427265340452584
5,guided,132,0.005531379953823606,0.10517965538851709,0.07702344963003935,0.1042598876547144
5,guided,133,0.005530541641047031,0.10517168479250517,0.07700704847011705,0.10424915766946011
5,guided,134,0.005529723854045529,0.1051639087714557,0.0769909136998531,0.10423788142781358
5,guided,135,0.0055289369322346705,0.10515642569272379,0.07697437108857753,0.10422779316258526
5,guided,136,0.005528162207297083,0.10514905807754135,0.07695757413452946,0.10421767382696387
5,guided,137,0.005527390807483794,0.10514172157125633,0.07694215318835287,0.10420845745059386
5,guided,138,0.0055265904282619065,0.10513410891106564,0.07692857778851156,0.10419960161903746
5,guided,139,0.00552585597053412,0.10512712276605043,0.07691169936347018,0.10418896218461847
5,guided,140,0.005525132795678,0.10512024348980552,0.07689916787284978,0.10418068009332933
5,guided,141,0.005524441309583863,0.10511366523515259,0.07688465795829906,0.10417180163943279
5,guided,142,0.005523766876623572,0.10510724881399543,0.07687026131443896,0.10416344054823364
5,guided,143,0.00552311124320696,0.10510101087246458,0.0768533244731723,0.10415295304894191
5,guided,144,0.005522460590764796,0.10509481995574088,0.07683632130111458,0.1041409192193244
5,guided,145,0.005521799583359779,0.10508853013873377,0.07682158943425921,0.10413256559623546
5,guided,146,0.005521174522081855,0.10508258202082642,0.07680932124934794,0.10412493365403604
5,guided,147,0.005520551073803958,0.10507664891691168,0.07679862497352566,0.10412016027124077
5,guided,148,0.00551994349651752,0.10507086652842947,0.07678561117768612,0.1041125735178271
5,guided,149,0.00551935837140183,0.10506529751922687,0.0767750416500596,0.10410709468001744
5,guided,150,0.00551879497034552,0.10505993499279846,0.0767637905561725,0.10410110488334377
5,guided,151,0.005518224655767739,0.10505450638376003,0.07675229316217544,0.10409560729541668
5,guided,152,0.005517683341967372,0.1050493535626695,0.07674218025171872,0.10409090695274122
5,guided,153,0.005517139106830152,0.10504417267826095,0.07672892765788472,0.104082689377389
5,guided,154,0.005516598051958949,0.10503902181531347,0.07671360289728137,0.10407487167500189
5,guided,155,0.005516067917512457,0.10503397467022237,0.07670185993358543,0.10406730702679325
5,guided,156,0.0055155531542903065,0.10502907363478273,0.07668967508725232,0.10406143249653328
5,guided,157,0.005515053702824763,0.10502431816322125,0.07667845255868237,0.10405547479715498
5,guided,158,0.005514562480253587,0.10501964083211851,0.07666672968397119,0.10404940532505438
5,guided,159,0.0055140873615360944,0.10501511664075887,0.07665474646896395,0.104042947834021
5,guided,160,0.005513600764969726,0.10501048295260551,0.07664326253404509,0.10403689817005526
5,guided,161,0.0055131332011086,0.10500603031358342,0.07663352245372519,0.10403165032645471
5,guided,162,0.005512673738313861,0.10500165463757093,0.07662323157179886,0.10402666333272977
5,guided,163,0.005512220710514845,0.10499734006644973,0.0766101050152964,0.10401986341084032
5,guided,164,0.005511804178181199,0.10499337291640078,0.07659664108559423,0.10401266525953413
5,guided,165,0.005511368637424356,0.10498922456542249,0.07658477685811786,0.10400545188978652
5,guided,166,0.005510931052269006,0.10498505657729586,0.07657347734501964,0.10399956191165102
5,guided,167,0.005510511149892626,0.1049810568616322,0.07656295691116576,0.10399419435825043
5,guided,168,0.005510099793243341,0.10497713839920901,0.07655258624556119,0.10398931757735741
5,guided,169,0.005509690422322339,0.10497323870703751,0.07654403850140865,0.1039857784070784
5,guided,170,0.0055092901518346725,0.10496942556606349,0.07653429604868717,0.10398139879496981
5,guided,171,0.005508898727958892,0.10496569656758242,0.07652529979282878,0.10397763670766495
5,guided,172,0.005508512054367524,0.1049620126938077,0.07652200895145254,0.103976381905052
5,guided,173,0.005508162654201733,0.10495868381607816,0.07651419745915514,0.10397354546990319
5,guided,174,0.0055077813459634625,0.10495505081665639,0.0765048990096571,0.10396835163323431
5,guided,175,0.0055074364415922715,0.10495176455488751,0.07649629234253505,0.1039655650104095
5,guided,176,0.005507086737677063,0.10494843245782248,0.0764860882447956,0.10396030525288723
5,guided,177,0.00550674044833692,0.10494513279172998,0.07647612980261188,0.10395478922988731
5,guided,178,0.005506411420058498,0.10494199750394022,0.07646871288106119,0.10395152068299598
5,guided,179,0.005506069571427631,0.10493873995267554,0.07645743574333842,0.10394484778422185
5,guided,180,0.005505735555581534,0.10493555694407435,0.07644668965322933,0.10393943368284721
5,guided,181,0.005505414986065192,0.10493250198165668,0.07643850675787513,0.10393551097400369
5,guided,182,0.005505117067282275,0.10492966279639208,0.07642823391125914,0.10393086649371332
5,guided,183,0.005504814317395425,0.10492677749169109,0.07642043062633842,0.10392731118863183
5,guided,184,0.0055045020027592855,0.10492380094868166,0.0764130317690712,0.10392331615521913
5,guided,185,0.005504231016304691,0.10492121821924001,0.07640545677476895,0.10391950578179215
5,guided,186,0.005503945644244788,0.10491849831411798,0.07639807029766855,0.10391663984295946
5,guided,187,0.005503645310840453,0.10491563573500809,0.07639496789202187,0.10391368160986622
5,guided,188,0.005503371793474075,0.10491302868065601,0.07638817248951373,0.10391106417254463
5,guided,189,0.005503100255292085,0.10491044042698595,0.07638027943290208,0.10390592610382282
5,guided,190,0.005502813184855467,0.10490770405318636,0.07637699768295328,0.10390432005512809
5,guided,191,0.0055025503414730765,0.10490519855062548,0.07637061088874286,0.10390072711083928
5,guided,192,0.00550230687262652,0.10490287767860823,0.07636936310119813,0.10390154935612178
5,guided,193,0.0055020622738414715,0.10490054598372185,0.07636032208653136,0.10389813988691991
5,guided,194,0.005501821226640819,0.104898248094435,0.0763578281468676,0.10389899840240938
5,guided,195,0.00550157081964651,0.10489586092545797,0.07634967429743826,0.10389570191416882
5,guided,196,0.005501328076113604,0.10489354676159639,0.07634343132237013,0.10389290647521346
5,guided,197,0.005501105607986244,0.10489142584583588,0.07633536180843897,0.1038904700489888
5,guided,198,0.005500866673602921,0.10488914790008469,0.07632776522126614,0.10388663475018352
5,guided,199,0.005500665293184427,0.10488722794682323,0.07632130114096264,0.10388437618534496
5,guided,200,0.005500442118893256,0.10488510017055097,0.07631605143956902,0.10388223067710484
5,guided,201,0.005500224729139525,0.10488302750340042,0.07630629907692553,0.10387775279050881
5,guided,202,0.005500013249566631,0.10488101114660013,0.07629867651476678,0.10387411022424449
5,guided,203,0.005499816646241555,0.10487913659295213,0.07629393229150346,0.10387259081817389
5,guided,204,0.005499611937670396,0.10487718472261158,0.0762869404634377,0.10386956561373076
5,guided,205,0.005499416476260697,0.10487532098888372,0.07628062919588642,0.10386727920375363
5,guided,206,0.005499229834839065,0.10487354132324382,0.07627445022034522,0.10386521719886832
5,guided,207,0.005499050631288605,0.10487183255086759,0.07626983851071575,0.1038649972510309
5,guided,208,0.0054988650538378096,0.10487006297163942,0.07626379755775499,0.10386345076736998
5,guided,209,0.005498665702411751,0.10486816201699876,0.07625536154462238,0.10385976074133631
5,guided,210,0.0054984828285188445,0.10486641815680409,0.07624892978637628,0.10385667015097527
5,guided,211,0.005498309309341927,0.10486476347507705,0.07623945420402903,0.10385308773525734
5,guided,212,0.005498138223699952,0.10486313197401603,0.07623419657448786,0.10385259492912496
5,guided,213,0.005497966302158826,0.1048614924761118,0.07623050966478774,0.10385156587724464
5,guided,214,0.005497812638955697,0.10486002707376817,0.0762248925696443,0.10385015988085186
5,guided,215,0.005497658838122684,0.10485856033841666,0.07621914281049073,0.10384757477198295
5,guided,216,0.005497515501790918,0.10485719338024377,0.07621475855382123,0.10384650754624099
5,guided,217,0.005497349700432045,0.10485561215721403,0.07620910286346098,0.10384423397892774
5,guided,218,0.0054971986948181995,0.10485417201826734,0.07620429261708318,0.10384177265037839
5,guided,219,0.005497047077158488,0.10485272602234515,0.07619683797522886,0.10383837886447717
5,guided,220,0.005496892922843304,0.10485125581358866,0.07619587193950635,0.10383829967948921
5,guided,221,0.005496747673659218,0.10484987051646004,0.07619152066771685,0.1038368929391847
5,guided,222,0.005496598340058481,0.10484844624560233,0.07618938619614307,0.10383582103691397
5,guided,223,0.005496462029047658,0.10484714616094859,0.07618365739591182,0.10383383072778885
5,guided,224,0.005496313128306592,0.10484572598162113,0.07618128560159385,0.10383389426515269
5,guided,225,0.005496171822816628,0.1048443782261751,0.07617556682007193,0.10383113596638861
5,guided,226,0.005496035159747108,0.10484307473311824,0.07617381200753741,0.1038324081776533
5,guided,227,0.005495915478027058,0.10484193319494883,0.076167256941513,0.10382928117184308
5,guided,228,0.0054957784568996255,0.10484062625623357,0.07616242392067614,0.1038264528072049
5,guided,229,0.00549564293145139,0.10483933356762042,0.07616227145385186,0.10382753901476725
5,guided,230,0.00549552088906823,0.10483816947150718,0.07615562420152067,0.10382339495801313
5,guided,231,0.0054954074869161505,0.10483708777828722,0.07614782489077536,0.10381989098320733
5,guided,232,0.0054952777661612506,0.10483585041541134,0.07614457021661672,0.10381896295464862
5,guided,233,0.005495149562220366,0.10483462750656737,0.07613839884063046,0.10381609013316899
5,guided,234,0.005495035513325871,0.10483353960756901,0.07613275569595696,0.10381342996464475
5,guided,235,0.005494917930241754,0.10483241798453143,0.07612765330746321,0.10380992208891979
5,guided,236,0.005494807183423386,0.10483136156154213,0.07612528149623067,0.10380906070728832
5,guided,237,0.00549468613548054,0.10483020686310354,0.07612207405146305,0.10380822991019227
5,guided,238,0.005494564800562904,0.10482904941439566,0.07612196928605179,0.10380895841304737
5,guided,239,0.005494454592183487,0.10482799809386315,0.07611948195754714,0.10380847569729539
5,guided,240,0.005494346128252293,0.10482696340400492,0.07611568724790202,0.103807460703365
5,guided,241,0.005494246114124373,0.10482600931185325,0.07611282122693686,0.10380858617346347
5,guided,242,0.005494141422966738,0.10482501059352904,0.07611123680950814,0.10380788513276663
5,guided,243,0.005494042576008221,0.10482406761815935,0.07610737830969272,0.10380662974860037
5,guided,244,0.005493951385040843,0.10482319767151585,0.07610333539095732,0.10380538856434607
5,guided,245,0.0054938671451164565,0.10482239403024964,0.07610183084284186,0.103804066074329
5,guided,246,0.005493773131681148,0.10482149714329736,0.07609636035739506,0.10380245261795026
5,guided,247,0.0054936785508926085,0.10482059483605889,0.07609242114364527,0.10380106159471482
5,guided,248,0.005493591998100798,0.10481976910965601,0.0760908754985339,0.10380154885316321
5,guided,249,0.005493506494507973,0.10481895338637925,0.07608702049132042,0.10380019627580993
5,guided,250,0.005493416892902426,0.10481809856033858,0.0760853929024861,0.10380136586259095
5,guided,251,0.005493337966636151,0.10481734557444346,0.07608254548869416,0.10380035229484305
5,guided,252,0.005493254161743655,0.10481654603872095,0.0760785944689823,0.10379908469518027
5,guided,253,0.005493168110253074,0.10481572506311325,0.07607626438203385,0.10379857320252947
5,guided,254,0.005493085091963922,0.1048149330197174,0.07607516330564824,0.10379872007502733
5,guided,255,0.0054930203589087165,0.10481431542407474,0.07607122796134691,0.10379803187992488
5,guided,256,0.005492940259255961,0.10481355121601368,0.07606618543084662,0.10379601203026557
5,guided,257,0.005492863548005428,0.10481281933051347,0.07606132362811553,0.10379360701105511
5,guided,258,0.005492789368330813,0.10481211159337277,0.07606000445230993,0.10379342591297595
5,guided,259,0.0054927066293492905,0.10481132218753172,0.07605833382143164,0.10379340470004235
5,guided,260,0.00549263346494423,0.10481062412698658,0.0760600568306448,0.10379491835057554
5,guided,261,0.00549256161889646,0.10480993864034517,0.07605773120190497,0.10379396770954212
5,guided,262,0.00549249542219107,0.10480930705038623,0.0760598628865306,0.10379829708408063
5,guided,263,0.005492428620084669,0.10480866968037204,0.07605744827588297,0.1037981052362324
5,guided,264,0.005492363767642378,0.10480805090871959,0.07605242115393655,0.10379626080737171
5,guided,265,0.00549229338933469,0.10480737940941649,0.07604884271481512,0.10379522587257672
5,guided,266,0.005492222216284238,0.10480670032287284,0.07604456457385282,0.10379256529711542
5,guided,267,0.005492157238199528,0.10480608034078488,0.07604328830859786,0.1037937396471642
5,guided,268,0.005492091613065166,0.10480545418121297,0.07604133447159885,0.1037924617315244
5,guided,269,0.005492032176937852,0.1048048870705737,0.07603858190720264,0.10379162671246027
5,guided,270,0.0054919759737024135,0.10480435080379454,0.07603544887834414,0.10379189308951133
5,guided,271,0.0054919128343752285,0.10480374835257782,0.07603361149858776,0.10379287301892776
5,guided,272,0.005491857089311838,0.10480321645170856,0.07602852288136984,0.1037904760392215
5,guided,273,0.005491801548387869,0.1048026864959851,0.07602370720801055,0.10378893968817854
5,guided,274,0.0054917481542632405,0.10480217702188481,0.07601919515447221,0.10378769296636277
5,guided,275,0.005491692102907214,0.10480164219044676,0.0760173367100756,0.10378793625259161
5,guided,276,0.005491636077060034,0.10480110759968173,0.07601737142935228,0.10378802316891408
5,guided,277,0.0054915939514584775,0.10480070564131215,0.07601520915737922,0.10378663214889408
5,guided,278,0.005491534256657784,0.10480013603672263,0.07601129211997382,0.10378535612398727
5,guided,279,0.005491483495372826,0.10479965167282596,0.07600858343625007,0.1037845405492848
5,guided,280,0.005491431551953915,0.10479915602669627,0.07600265541916812,0.10378166959175525
5,guided,281,0.00549138078125644,0.10479867156845492,0.07599832623556094,0.10377956905836372
5,guided,282,0.00549134395005678,0.10479832012066587,0.0759945744141876,0.10377925176938943
5,guided,283,0.005491290272677528,0.10479780792247068,0.07599429637460892,0.10377875766969971
5,guided,284,0.005491241802134536,0.1047973454065945,0.07599179978689644,0.1037778790867131
5,guided,285,0.005491192522293921,0.10479687516614149,0.07598961382869776,0.10377634029044772
5,guided,286,0.005491151372361239,0.10479648250166833,0.07598734852629221,0.10377423464408318
5,guided,287,0.005491096799963808,0.10479596175391309,0.07598763978783504,0.10377475054527217
5,guided,288,0.005491053166798722,0.1047955453900472,0.07598392210835656,0.10377409903314486
5,guided,289,0.005491014079603379,0.10479517240410818,0.07598390118943736,0.10377412115831547
5,guided,290,0.0054909734988689675,0.10479478516480643,0.07598009933464356,0.1037718422840615
5,guided,291,0.005490938607339922,0.10479445221327245,0.07597954466195574,0.10377246821383762
5,guided,292,0.005490900785085868,0.10479409129417429,0.07597776183011067,0.10377318075429456
5,guided,293,0.005490858786381369,0.10479369051981488,0.0759797492855151,0.10377512677603298
5,guided,294,0.00549082538864359,0.10479337181943894,0.07597554520990227,0.10377324121492992
5,guided,295,0.005490788956957412,0.10479302416628133,0.0759746753705874,0.10377483774897198
5,guided,296,0.005490749638840282,0.10479264896776187,0.0759744135459308,0.10377438708421811
5,guided,297,0.0054907112726915955,0.10479228285223674,0.07597176510598679,0.10377305043954933
5,guided,298,0.005490673665079014,0.10479192397393049,0.07597252126496751,0.10377381215336551
5,guided,299,0.005490637973711957,0.10479158338065092,0.07597066526719681,0.10377322983326168
5,guided,300,0.005490599559987156,0.10479121680739427,0.07596794583661483,0.10377255259410603
