learning_rate,fold,epoch,train_loss,train_rmse,validation_mae,validation_rmse
0.001,1,1,0.07452501588621352,0.38606998299845463,0.31959032005999966,0.38457135817469057
0.001,1,2,0.07418200542574915,0.38518049126545634,0.318884083952821,0.38368419171935536
0.001,1,3,0.07383873730280119,0.3842882701899739,0.3181762907432262,0.38279431306895867
0.001,1,4,0.07349509832884117,0.3833930054887313,0.3174664264578885,0.3819015170213173
0.001,1,5,0.07315410854177667,0.3825025713424072,0.3167612463082285,0.381013550646997
0.001,1,6,0.07281308177501013,0.38160996259272406,0.3160547993281847,0.38012341001000294
0.001,1,7,0.07247177122930727,0.38071451569202686,0.3153462621447167,0.37923052858708056
0.001,1,8,0.07212947580409808,0.37981436466805224,0.3146340650186594,0.3783329843643435
0.001,1,9,0.07178969392159772,0.378918708753204,0.31392569203280324,0.3774399562368428
0.001,1,10,0.07144892273548888,0.37801831367141164,0.31321402042750424,0.3765422191924662
0.001,1,11,0.07110890804825151,0.3771177748350017,0.3125025405421915,0.3756443174531018
0.001,1,12,0.070770207476819,0.3762185733767513,0.3117930388144085,0.3747477765861904
0.001,1,13,0.07043212567062497,0.3753188662207776,0.3110837721987816,0.37385078693759866
0.001,1,14,0.0700941622192967,0.37441731321961247,0.31037364645206456,0.3729519323490139
0.001,1,15,0.06975697679516939,0.3735156671283532,0.3096635605212369,0.3720530116943724
0.001,1,16,0.06942032335189659,0.3726132669454929,0.30895263137097057,0.37115335761009155
0.001,1,17,0.06908522430145744,0.3717128577314953,0.30824352577017444,0.3702556640950324
0.001,1,18,0.06875002198464272,0.3708099836429508,0.3075323722726354,0.36935552647949976
0.001,1,19,0.06841543168773641,0.3699065603304067,0.3068210370988548,0.36845489228618045
0.001,1,20,0.06808152895074172,0.36900278847385887,0.3061092137913247,0.3675538630220445
0.001,1,21,0.06774835313178802,0.36809877242878175,0.305397879200326,0.36665260490441726
0.001,1,22,0.0674139310934295,0.3671891368039896,0.304683548080813,0.36574574469275095
0.001,1,23,0.06708142134844046,0.3662824629939044,0.3039716242686745,0.3648418124744556
0.001,1,24,0.06675223690642722,0.36538264027298073,0.30326482876176186,0.36394469114725847
0.001,1,25,0.06642180773667662,0.36447718100500237,0.302553453310865,0.36304192609991304
0.001,1,26,0.06609227978043694,0.36357194550855254,0.30184312648177974,0.36213942631082335
0.001,1,27,0.06576353586673048,0.3626666123776229,0.30113289584807734,0.3612368159423129
0.001,1,28,0.06543661380640058,0.36176404964120074,0.3004248972057488,0.3603369893378032
0.001,1,29,0.06511084517142418,0.3608624257841877,0.29971793576734107,0.3594380755102183
0.001,1,30,0.0647852848577433,0.3599591222840263,0.299010011449122,0.35853743183778425
0.001,1,31,0.06446073770593612,0.35905636801465063,0.29830249521200236,0.35763737869315826
0.001,1,32,0.06413713564034285,0.35815397705551966,0.29759506926830925,0.35673770770178737
0.001,1,33,0.06381579125716316,0.35725562628785335,0.2968904632248613,0.35584201700683515
0.001,1,34,0.0634963160026979,0.3563602559284576,0.29618809320336836,0.3549493392665586
0.001,1,35,0.06317680196321265,0.3554625211276504,0.2954838720665512,0.35405428354541657
0.001,1,36,0.06285816422114167,0.35456498479444265,0.29477998684587264,0.35315950665711243
0.001,1,37,0.062541790324194,0.35367157172776553,0.2940793080489138,0.3522688101364892
0.001,1,38,0.062225402338776874,0.3527758561431802,0.29337702394084736,0.35137583187820326
0.001,1,39,0.06190991098303504,0.35188040861359426,0.29267482741082024,0.350483093269056
0.001,1,40,0.06159674423347487,0.3509892996473678,0.2919758265065464,0.34959476295858105
0.001,1,41,0.06128260152612836,0.3500931348259442,0.29127399124395537,0.34870138720082094
0.001,1,42,0.06097140284172889,0.34920310090756324,0.2905779443713639,0.3478141739590214
0.001,1,43,0.060661204702980906,0.3483136652587174,0.2898823457633213,0.34692753065488036
0.001,1,44,0.06035213887225759,0.3474252117283879,0.2891893680001032,0.3460419749983751
0.001,1,45,0.060043922546074956,0.34653693178671435,0.2884965911128825,0.345156604265808
0.001,1,46,0.059739398144292806,0.3456570501068734,0.28780984543919064,0.34427965593921994
0.001,1,47,0.05943422481672444,0.34477304075790044,0.28711989440427205,0.3433986436843115
0.001,1,48,0.059130984239544895,0.3438923792105457,0.2864324649265298,0.34252101726097267
0.001,1,49,0.058829878722658935,0.343015681048721,0.28574801749897866,0.34164735158136644
0.001,1,50,0.05852976311393501,0.3421396297242838,0.2850642425702521,0.3407743580050647
0.001,1,51,0.05823013894633387,0.34126276956718815,0.28437964269136434,0.339900624725113
0.001,1,52,0.05793201854668988,0.3403880683769332,0.283696384608166,0.3390291022054579
0.001,1,53,0.057636639313067825,0.3395191874197033,0.28301745615732304,0.33816344479783517
0.001,1,54,0.057342096885871996,0.33865054816395024,0.28233845064423196,0.3372981083233366
0.001,1,55,0.05704932177033979,0.3377849072126811,0.28166144989868636,0.3364358503291073
0.001,1,56,0.056757894984193036,0.33692104411625295,0.28098553482012095,0.3355753812244107
0.001,1,57,0.056466845278269784,0.336056082457288,0.2803091010141632,0.334713971284623
0.001,1,58,0.056178411223764366,0.33519669217868,0.2796369526549715,0.3338581816452713
0.001,1,59,0.05589185982029174,0.3343407238739898,0.2789674794946919,0.33300583088341307
0.001,1,60,0.05560658619631686,0.33348639011604914,0.27829901078253405,0.3321551904767926
0.001,1,61,0.05532380773204853,0.3326373633013842,0.27763427389361456,0.3313100079319746
0.001,1,62,0.05504208185631725,0.3317893363455711,0.27697016711382183,0.33046591177462836
0.001,1,63,0.05476096795693483,0.33094098554556467,0.27630575175643474,0.3296215758685851
0.001,1,64,0.05448074426314915,0.33009315128656985,0.2756417546969512,0.32877786235910184
0.001,1,65,0.054203246094059264,0.32925141182403234,0.2749821093378683,0.3279402730798379
0.001,1,66,0.05392656690198161,0.3284100086842105,0.27432290754820343,0.3271032371849057
0.001,1,67,0.05365192705657388,0.3275726699728592,0.2736671072433836,0.32627029400261776
0.001,1,68,0.053379193297185795,0.32673901908766817,0.2730146511524783,0.32544111916688195
0.001,1,69,0.053107513548375035,0.32590646986021937,0.27236329241345847,0.3246131504809268
0.001,1,70,0.05283793965313219,0.32507826643173854,0.27171582546197015,0.32378968747749876
0.001,1,71,0.052567673443770814,0.32424581244411105,0.27106484255059266,0.32296216614728057
0.001,1,72,0.052301889494819086,0.3234250747694714,0.27042220646885406,0.3221462921938256
0.001,1,73,0.05203663159139861,0.32260387967722465,0.2697792757056021,0.3213301210885803
0.001,1,74,0.05177358890560478,0.32178747304892025,0.26913967902660074,0.3205188686893785
0.001,1,75,0.05151172535550701,0.3209726634949058,0.26850117557510417,0.31970934731026723
0.001,1,76,0.051251259685718864,0.32016014644461566,0.2678644597571658,0.3189022881532618
0.001,1,77,0.050992745548051416,0.3193516730754715,0.2672318354183797,0.3180992994391475
0.001,1,78,0.050735565289390876,0.3185453352017288,0.26660089890636274,0.31729858505121566
0.001,1,79,0.0504796797237724,0.31774102575453617,0.2659711871208779,0.31650007858093493
0.001,1,80,0.05022516884704932,0.31693901257828555,0.26534304124837166,0.31570396468373624
0.001,1,81,0.049972841446538754,0.3161418714645017,0.2647182402639205,0.31491286138245445
0.001,1,82,0.04972237071703544,0.3153486030317415,0.26409601425721346,0.31412572317001497
0.001,1,83,0.04947362207291312,0.31455880872394315,0.2634760591350218,0.31334209948601505
0.001,1,84,0.04922706891363222,0.31377402350619216,0.2628600459385068,0.3125636846622161
0.001,1,85,0.04898058292054868,0.31298748511896984,0.2622428699197761,0.3117837681801676
0.001,1,86,0.048736693386367054,0.3122072817420089,0.2616300038202353,0.3110101817731803
0.001,1,87,0.0484941398098646,0.3114294135429876,0.26101869654874127,0.3102391022710616
0.001,1,88,0.04825370310534067,0.31065641182934134,0.2604105212960451,0.3094728760514846
0.001,1,89,0.048015143584947205,0.3098875395524873,0.25980599024507084,0.30871097006734005
0.001,1,90,0.047777652368785714,0.30912021082027524,0.2592023429985377,0.30795075353673296
0.001,1,91,0.0475421408147265,0.3083573926946669,0.25860154297670124,0.30719511037283526
0.001,1,92,0.0473055162076649,0.30758906419983434,0.25799639309297184,0.30643426344061747
0.001,1,93,0.047072054852972466,0.30682912134597806,0.2573975866905081,0.3056818642603467
0.001,1,94,0.046841156192223316,0.30607566447603546,0.2568031843016626,0.3049359424450764
0.001,1,95,0.046611902688901106,0.30532573651397654,0.2562114338831099,0.30419368288881155
0.001,1,96,0.04638501673216611,0.30458173527697324,0.2556240529686251,0.3034574581824235
0.001,1,97,0.0461592578206228,0.30383962157896,0.2550384882084823,0.3027232360307421
0.001,1,98,0.045933845022664614,0.30309683278670074,0.2544534958208252,0.30198853488080657
0.001,1,99,0.04571071815856429,0.3023597795956476,0.253872439758919,0.301259588511886
0.001,1,100,0.04548921986862466,0.30162632467549866,0.25329380043222277,0.30053433348382996
0.001,1,101,0.0452686679076969,0.30089422695590856,0.2527160158380101,0.29981064148654274
0.001,1,102,0.04505014541235912,0.30016710483448755,0.2521415459661764,0.29909193701744985
0.001,1,103,0.04483307269507457,0.29944305867752075,0.2515692539824264,0.2983764359110594
0.001,1,104,0.04461779413022201,0.298723263674666,0.2509999869753266,0.2976652930465144
0.001,1,105,0.0444045923649329,0.29800869908421435,0.2504343982527461,0.29695939921636316
0.001,1,106,0.04419345738186693,0.29729936892589237,0.24987243116449667,0.2962587928428708
0.001,1,107,0.04398319934321828,0.29659129907405674,0.24931108692126486,0.295559600285356
0.001,1,108,0.04377291488948256,0.2958814454793763,0.24874814219819916,0.2948588078437236
0.001,1,109,0.043565855446990785,0.29518081051108586,0.2481917460383779,0.29416715480006694
0.001,1,110,0.04335941762930553,0.2944806194957676,0.24763600195494737,0.29347619998132446
0.001,1,111,0.043154524469675916,0.29378401750155136,0.24708278082048588,0.2927888658380904
0.001,1,112,0.04295155202015342,0.2930923131716471,0.24653291049859652,0.2921064708536168
0.001,1,113,0.042750916469707544,0.29240696458773874,0.24598779713998198,0.291430467878011
0.001,1,114,0.042551053590596605,0.29172265455598956,0.24544344341893984,0.290755601519015
0.001,1,115,0.04235225013623075,0.2910403756739973,0.2449006407132872,0.2900828903182732
0.001,1,116,0.042153838544931925,0.29035784316918983,0.2443574001744264,0.2894100974346473
0.001,1,117,0.041958070897137635,0.28968282965042175,0.2438195436340801,0.2887447776941707
0.001,1,118,0.041764322445847386,0.2890132261535703,0.24328576720399445,0.28808492670026636
0.001,1,119,0.041571873633903925,0.2883465749195018,0.24275387537865764,0.2874280376745783
0.001,1,120,0.0413807381793424,0.287682944156731,0.2422240902027487,0.286774268056961
0.001,1,121,0.04119103609846236,0.2870227729587405,0.24169733062644155,0.2861239602389604
0.001,1,122,0.041002783997683846,0.2863661432421223,0.24117378917972762,0.2854772646610531
0.001,1,123,0.040816088197560225,0.2857134515473859,0.24065387183332296,0.2848345360016051
0.001,1,124,0.04062956086346117,0.28505985639321846,0.24013366594360955,0.2841911103004229
0.001,1,125,0.0404459656620956,0.284415068736154,0.23961954319569453,0.2835563466244553
0.001,1,126,0.040264123429482254,0.28377499336439865,0.23910883246524725,0.28292629059716035
0.001,1,127,0.04008276503389527,0.28313517984840836,0.23859844612045247,0.28229664770753354
0.001,1,128,0.03990335740216306,0.28250082266132626,0.23809217791478374,0.2816724141432187
0.001,1,129,0.03972476655450417,0.28186793558155626,0.23758686652664276,0.2810497070790592
0.001,1,130,0.03954783412986064,0.2812395211554046,0.23708497786364813,0.28043152911424174
0.001,1,131,0.039372257341412496,0.2806145304199784,0.23658545218877744,0.2798167677782686
0.001,1,132,0.03919805547409016,0.2799930551784817,0.23608876461051836,0.2792055708809679
0.001,1,133,0.03902473950044833,0.2793733684532165,0.23559445409990323,0.278596120667485
0.001,1,134,0.038852952197898555,0.2787577880451004,0.23510364863305877,0.2779908390808589
0.001,1,135,0.03868149911534747,0.27814204685860594,0.2346127067780506,0.27738554086703127
0.001,1,136,0.0385131835268766,0.27753624457672765,0.23412969367086353,0.2767900149253
0.001,1,137,0.038345270606617285,0.2769305711062514,0.23364680002037186,0.27619472530041483
0.001,1,138,0.03817871225506869,0.2763284721307911,0.2331670903383708,0.27560298015256124
0.001,1,139,0.03801333989193426,0.2757293596697104,0.23268967659368534,0.2750142165257488
0.001,1,140,0.037849987526979,0.2751362845099824,0.23221760969770633,0.27443145155977294
0.001,1,141,0.03768733590384207,0.2745444805631396,0.23174639449455364,0.27385002861429497
0.001,1,142,0.03752539727824512,0.27395400080394927,0.23127587907354533,0.27326999057241874
0.001,1,143,0.037365476723319954,0.27336962787888475,0.23080970617017538,0.27269592360345196
0.001,1,144,0.03720608302458318,0.27278593447823946,0.2303436082504456,0.2721226103853877
0.001,1,145,0.037048028547234706,0.27220590936728284,0.2298802371607909,0.2715529426407773
0.001,1,146,0.036891740425069416,0.27163114852707676,0.229421122838001,0.27098852990535766
0.001,1,147,0.03673562649346289,0.271055811571945,0.2289611877442159,0.270423613762092
0.001,1,148,0.03658069333806922,0.27048361628042916,0.2285035327931365,0.2698618420769978
0.001,1,149,0.03642681387144007,0.2699141117890655,0.2280473749983025,0.2693027521701927
0.001,1,150,0.036274239444816496,0.26934824835077914,0.2275942964740032,0.26874723341488954
0.001,1,151,0.036123287480947924,0.2687872299085205,0.22714493285684131,0.26819648671123414
0.001,1,152,0.03597355218762004,0.2682295740130832,0.22669798220251583,0.26764910422768556
0.001,1,153,0.035824923282552455,0.26767488967982206,0.22625310799753037,0.26710464363817077
0.001,1,154,0.035676966607678405,0.2671215701049932,0.22580903196395785,0.2665616102645598
0.001,1,155,0.0355306113954561,0.26657310965457903,0.22536835072677203,0.2660233899592138
0.001,1,156,0.035385584969397865,0.2660285133943272,0.22493038467439794,0.2654889081631787
0.001,1,157,0.035241457401015586,0.26548618570846805,0.22449415740710188,0.2649567102097058
0.001,1,158,0.035098437265636544,0.2649469277634166,0.22406013635325578,0.26442755090612424
0.001,1,159,0.0349568989166348,0.2644121741396746,0.22362925100053824,0.26390285260190327
0.001,1,160,0.03481701185841769,0.2638825945696976,0.22320214079231857,0.2633831946790253
0.001,1,161,0.03467782053716367,0.2633545918990731,0.2227760674107558,0.26286509419648296
0.001,1,162,0.034539220140516025,0.2628277768445186,0.2223517402413635,0.26234821638379463
0.001,1,163,0.03440145244810139,0.2623030783201043,0.22192947011806263,0.2618334639070252
0.001,1,164,0.03426446594405202,0.2617803122622174,0.22150850905262387,0.2613205958521043
0.001,1,165,0.0341290713802623,0.26126259349651376,0.22109196501617093,0.26081272370164194
0.001,1,166,0.03399476883123652,0.2607480348199638,0.2206777529995811,0.260307917972277
0.001,1,167,0.033861301810523346,0.2602356693865134,0.22026622068108434,0.259805266004477
0.001,1,168,0.03372932926887102,0.25972804726818016,0.21985851365276934,0.2593072975558193
0.001,1,169,0.033597973417554924,0.2592218101069234,0.2194515537976133,0.25881064115063
0.001,1,170,0.03346775579951017,0.2587189819070497,0.21904718691361813,0.2583173459649165
0.001,1,171,0.033338395727072485,0.25821849556944015,0.21864429424007725,0.2578263346323081
0.001,1,172,0.033209940320691016,0.25772054757310686,0.2182430192132864,0.25733782461423327
0.001,1,173,0.03308266469992821,0.2572262222244389,0.21784447573403581,0.2568529153150708
0.001,1,174,0.03295561678661855,0.25673183202173644,0.21744549112657446,0.25636790682072297
0.001,1,175,0.03282993979212575,0.2562418380831895,0.2170497251980958,0.2558872009395738
0.001,1,176,0.032705591311392786,0.25575609987405107,0.2166571355179797,0.2554106885172801
0.001,1,177,0.032581605109938995,0.25527085658154947,0.2162645406398174,0.25493467280904364
0.001,1,178,0.03245873537132715,0.25478907108165827,0.21587498506407646,0.25446203628859837
0.001,1,179,0.03233713496310846,0.2543113641310921,0.2154889416534065,0.25399335381664173
0.001,1,180,0.032215985719579586,0.2538345355525114,0.21510329762588673,0.2535255793232515
0.001,1,181,0.03209561492134495,0.2533598820703268,0.21471890041711542,0.25305990766472997
0.001,1,182,0.03197667480065226,0.25288999505971865,0.214338371306067,0.2525989075125989
0.001,1,183,0.031858195829083655,0.25242106025085803,0.21395837038208498,0.2521388702536141
0.001,1,184,0.03174026074825884,0.2519534113611437,0.21357905358668486,0.25168002771723225
0.001,1,185,0.03162321926904678,0.25148844613240895,0.21320160322050932,0.25122380362969726
0.001,1,186,0.03150727011280251,0.25102697111188077,0.21282673689587325,0.2507709781170824
0.001,1,187,0.031392937033377234,0.2505710958326089,0.21245592430125665,0.2503235992609667
0.001,1,188,0.03127866417316406,0.25011463041239335,0.2120844999559461,0.2498756948166895
0.001,1,189,0.031165346579181172,0.24966115668714337,0.2117154629236932,0.24943066388910462
0.001,1,190,0.031053341132953504,0.24921212303157927,0.21135001605037054,0.24898997325942474
0.001,1,191,0.03094192749405749,0.2487646578357042,0.2109859799861387,0.24855082860958633
0.001,1,192,0.030831243457813854,0.24831932449092178,0.21062357514053812,0.24811378960114627
0.001,1,193,0.030721403261315856,0.24787659535065368,0.2102632754604606,0.24767922577073076
0.001,1,194,0.030612292048443374,0.24743602020903654,0.20990430475977487,0.24724674122835924
0.001,1,195,0.030504513306759348,0.24700005387351376,0.20954895659243344,0.2468187677611258
0.001,1,196,0.030396241081057453,0.24656131521817226,0.20919094860477963,0.2463881027813058
0.001,1,197,0.030289329476106536,0.24612732264462853,0.208836530456378,0.24596204914045697
0.001,1,198,0.03018341345534176,0.24569661558654715,0.20848454587031742,0.24553917976906434
0.001,1,199,0.0300784379791326,0.24526898694752503,0.2081347212901764,0.24511930481064417
0.001,1,200,0.029974020832484297,0.2448428917999634,0.20778585102999914,0.24470090966233057
0.001,1,201,0.029869881433096813,0.2444171902019038,0.20743732711980747,0.24428292434977558
0.001,1,202,0.029766799408046496,0.24399507949156063,0.2070911258610243,0.24386834024741275
0.001,1,203,0.02966427909281092,0.24357454338584286,0.20674584827272735,0.24345532672508638
0.001,1,204,0.029563012678762622,0.24315843673935159,0.206404098077916,0.24304663697805248
0.001,1,205,0.02946224727527395,0.24274368076336797,0.20606367919841245,0.24263919652702184
0.001,1,206,0.02936196521941536,0.242330209505193,0.20572395949898378,0.24223303420716732
0.001,1,207,0.0292625683829788,0.24191969073632183,0.20538692872635853,0.24182972137834086
0.001,1,208,0.029164114339291867,0.24151237789931954,0.20505372105499822,0.241429507988438
0.001,1,209,0.029066072094548357,0.24110608492756194,0.20472106364102544,0.24103029779580296
0.001,1,210,0.028969098073912333,0.24070354411147474,0.20439126964392917,0.24063475859383143
0.001,1,211,0.028872260443130012,0.2403008965573371,0.20406113567996903,0.24023905658187134
0.001,1,212,0.02877616215311368,0.23990065507669495,0.20373372387675567,0.23984570755582316
0.001,1,213,0.028681130555900117,0.23950419852645638,0.20340907174962325,0.23945604438217047
0.001,1,214,0.028586623912138346,0.23910928008815696,0.20308558962503184,0.23906786719586579
0.001,1,215,0.02849246734335684,0.23871517481449242,0.20276249082361558,0.2386804473772571
0.001,1,216,0.02839921138337086,0.23832419677141833,0.20244179940226195,0.23829605448423702
0.001,1,217,0.028306399116303206,0.2379344410391367,0.20212164154210535,0.23791284130396606
0.001,1,218,0.028214031610991768,0.23754591813370218,0.20180235141002806,0.23753086126132003
0.001,1,219,0.0281223650872683,0.23715971448485218,0.2014846921497306,0.23715108096146834
0.001,1,220,0.028031786896503885,0.23677747737698315,0.20117015873153832,0.23677515444577707
0.001,1,221,0.027941489719640528,0.23639581095967216,0.20085596143048262,0.23639972927965722
0.001,1,222,0.027851866489263834,0.23601638286044396,0.2005433185689992,0.2360264828103788
0.001,1,223,0.027762963917086533,0.23563940212573334,0.20023237940500432,0.2356556024471227
0.001,1,224,0.02767469902187964,0.23526452780595566,0.19992300934064702,0.23528674890066856
0.001,1,225,0.0275866359783525,0.23488991454872005,0.1996142885857812,0.23491815828677196
0.001,1,226,0.027499708059266013,0.23451954314839527,0.19930875778847237,0.23455366463496288
0.001,1,227,0.027413279800855818,0.23415071984025937,0.199004521486843,0.2341906576175458
0.001,1,228,0.02732744928490506,0.23378387149204738,0.19870147190140966,0.23382955713155243
0.001,1,229,0.02724213615458679,0.23341866315522755,0.19839956834512984,0.23347003487983964
0.001,1,230,0.027157318139587362,0.23305500698155945,0.19809873652316753,0.23311201672655554
0.001,1,231,0.027073076692447334,0.23269326029108506,0.1977991460150763,0.23275585280175784
0.001,1,232,0.026989177840618155,0.2323324249458872,0.19750024212119036,0.2324005557367648
0.001,1,233,0.026906235005453152,0.23197514955465878,0.19720379576943453,0.2320486890012777
0.001,1,234,0.026823432427746898,0.23161792861411612,0.19690726438529396,0.23169685931035336
0.001,1,235,0.02674151841740495,0.23126399813808007,0.19661318560612154,0.2313482269117924
0.001,1,236,0.02666039071983634,0.23091293042978922,0.19632114564678388,0.23100236741798666
0.001,1,237,0.026579753191869032,0.230563454137333,0.19603037397588885,0.23065805118989247
0.001,1,238,0.02649927646491148,0.23021414580738292,0.1957396425157475,0.23031381286673266
0.001,1,239,0.02641949970654592,0.22986735177726272,0.1954506710469933,0.22997211640510448
0.001,1,240,0.026340036644440634,0.22952140050304953,0.19516217746730763,0.22963113690422696
0.001,1,241,0.026261238838844767,0.22917782981276688,0.19487598085120333,0.22929244341636218
0.001,1,242,0.026182988924347197,0.22883613754976376,0.19459123781832013,0.22895557927884969
0.001,1,243,0.026105235071438943,0.22849610531227416,0.1943074426863567,0.22862037143947375
0.001,1,244,0.02602814743399633,0.228158486294051,0.19402555549573738,0.22828748026144824
0.001,1,245,0.025951470295543337,0.22782216878760214,0.19374453367936265,0.22795579004081976
0.001,1,246,0.0258754039370705,0.22748803896939504,0.1934652819298963,0.22762624092622194
0.001,1,247,0.025799710961060165,0.22715506140546446,0.19318657026706665,0.22729776747109032
0.001,1,248,0.025724348140497125,0.22682305059449812,0.1929084897662614,0.22697026575580448
0.001,1,249,0.02564978646328482,0.22649409026853137,0.19263271066501575,0.22664567913005554
0.001,1,250,0.02557568039639171,0.22616666596292084,0.1923580616557288,0.22632261440027987
0.001,1,251,0.025501695623142567,0.22583930403338817,0.19208323351972373,0.22599952992385156
0.001,1,252,0.02542844587682376,0.22551472624564348,0.19181056566622223,0.2256791789273163
0.001,1,253,0.02535560592511776,0.22519150039518704,0.1915387714803324,0.22536013179960043
0.001,1,254,0.025283409474666764,0.22487067160777888,0.19126891510071778,0.2250434177535451
0.001,1,255,0.025211596607939098,0.224551092662401,0.19099990217019974,0.22472786520227914
0.001,1,256,0.025139852920092815,0.22423136676251526,0.1907306888638883,0.2244121799070191
0.001,1,257,0.025068992091949044,0.22391512718862494,0.19046408230751144,0.22409985469333743
0.001,1,258,0.024998454244160424,0.22359988481285237,0.1901979970971834,0.2237884934433189
0.001,1,259,0.024928571452747253,0.2232871310790089,0.18993383356224702,0.2234795635860463
0.001,1,260,0.024859043700776566,0.22297553094802383,0.18967052044872676,0.22317170955728963
0.001,1,261,0.024789971187566286,0.2226655392626631,0.18940841504383707,0.2228654209846586
0.001,1,262,0.024721044631884535,0.22235577182472477,0.18914634672878455,0.22255933208033457
0.001,1,263,0.02465265954473978,0.22204801077577696,0.18888589158724312,0.22225517127871314
0.001,1,264,0.02458496917586345,0.2217429555853509,0.1886273100687239,0.22195365515582402
0.001,1,265,0.02451718575419072,0.22143705992534637,0.18836776991999835,0.22165125563845298
0.001,1,266,0.024450376866080023,0.22113514811571688,0.18811143938207883,0.22135279933177093
0.001,1,267,0.02438351503957501,0.22083258382573442,0.18785452666437955,0.22105364760364615
0.001,1,268,0.024317613879540175,0.22053396055728094,0.18760090022933135,0.22075831911731505
0.001,1,269,0.024251449484678934,0.2202337371279838,0.1873457216515915,0.22046141446941328
0.001,1,270,0.02418603372579795,0.21993650777348425,0.1870928788186103,0.2201673942223525
0.001,1,271,0.024121205553386732,0.219641551412235,0.18684186870777877,0.21987558375017627
0.001,1,272,0.024056415394137096,0.2193463717235236,0.18659067734901186,0.2195834993163584
0.001,1,273,0.023992274788447912,0.219053759558917,0.18634147429885536,0.21929393204969236
0.001,1,274,0.02392829287216949,0.21876148140003757,0.18609248460328348,0.21900466188761192
0.001,1,275,0.023865157462155027,0.21847268690687643,0.18584616728652525,0.21871882924416317
0.001,1,276,0.02380231937745829,0.21818487288287558,0.18560086575055554,0.2184339086859731
0.001,1,277,0.02373986163253817,0.2178984241913565,0.18535662307325576,0.21815032485533267
0.001,1,278,0.023677580370246403,0.21761240943588858,0.18511373790577076,0.2178671373269035
0.001,1,279,0.023615851950938082,0.21732856209407028,0.18487246839496765,0.21758602052974257
0.001,1,280,0.02355453860626947,0.2170462559284056,0.184633010704665,0.21730641851238314
0.001,1,281,0.02349353778572023,0.21676502386556845,0.18439451446132624,0.2170278792549568
0.001,1,282,0.02343291610094187,0.2164851777879579,0.18415711397208231,0.21675066610940058
0.001,1,283,0.023372573309251788,0.21620625943414215,0.18392033381919595,0.21647432345575812
0.001,1,284,0.02331243432575977,0.21592792466820854,0.1836840470549149,0.2161985353415497
0.001,1,285,0.023252725935194802,0.21565122737974296,0.18344879175227335,0.2159243511687878
0.001,1,286,0.023193412558826024,0.21537600868632525,0.18321474500833979,0.21565156945602035
0.001,1,287,0.023134391183489166,0.21510179535972807,0.18298140384786823,0.2153797817385274
0.001,1,288,0.023075736043445576,0.21482893680063483,0.18274888178906556,0.21510929308960533
0.001,1,289,0.02301741149043547,0.21455727202980313,0.18251730750111256,0.21483993767991177
0.001,1,290,0.02295940762548388,0.21428675939256667,0.1822865438047928,0.21457170833780806
0.001,1,291,0.02290169591823231,0.21401726994909692,0.1820564933368951,0.2143044960098275
0.001,1,292,0.022844365642831904,0.2137492252282188,0.1818276509086357,0.21403864361694558
0.001,1,293,0.022787525928822328,0.21348314185819137,0.18160019414827555,0.21377470270973192
0.001,1,294,0.022731245971459296,0.21321935170832546,0.1813745373886488,0.21351299401988086
0.001,1,295,0.022675218719438978,0.21295642145490226,0.18114940322422504,0.2132521056593606
0.001,1,296,0.022619434820269603,0.21269431031538952,0.18092520265236606,0.21299201138116397
0.001,1,297,0.022563835910834693,0.2124327465850531,0.18070163837031153,0.21273246629311102
0.001,1,298,0.02250862592026683,0.2121726934375243,0.18047950296512216,0.2124743402924727
0.001,1,299,0.02245350025699424,0.2119127190944151,0.18025772340363366,0.21221628860751535
0.001,1,300,0.022398856225532265,0.21165470098975955,0.18003748142073248,0.2119601277961955
0.001,2,1,0.07134538035158634,0.3777443059837867,0.314171245232775,0.37414049618894896
0.001,2,2,0.07107233157224793,0.3770207728288932,0.3135554157275107,0.3734132628724924
0.001,2,3,0.07079970356540385,0.37629696667765966,0.31294047797499697,0.3726862215676809
0.001,2,4,0.07052832186895559,0.37557508402170553,0.3123285157522083,0.37196154897338496
0.001,2,5,0.07025789345944576,0.3748543542749524,0.31171781890606043,0.37123848191870984
0.001,2,6,0.06998794091692676,0.3741335080340352,0.3111075940840835,0.37051559622657704
0.001,2,7,0.06971900001044543,0.3734139794127837,0.3104986718161995,0.36979428977136536
0.001,2,8,0.06944923399311205,0.37269084773606137,0.30988697457898046,0.3690697145883836
0.001,2,9,0.06918171347246783,0.3719723470164626,0.3092801371911929,0.3683503075912385
0.001,2,10,0.06891249389869175,0.37124787918233754,0.30866901408387437,0.36762527160778063
0.001,2,11,0.06864619244232284,0.3705298704350915,0.3080640474361767,0.36690700599816256
0.001,2,12,0.0683811025452398,0.369813743782569,0.3074608889076266,0.3661910421351775
0.001,2,13,0.06811558391607807,0.3690950661173299,0.30685629645252654,0.3654727960506359
0.001,2,14,0.06785078796765581,0.36837694815950633,0.3062527085115975,0.36475556023617056
0.001,2,15,0.0675865985984653,0.3676590774031434,0.30564905274089826,0.3640387551182441
0.001,2,16,0.06732335406359595,0.3669423771209751,0.30504672018622647,0.3633237133179969
0.001,2,17,0.06705984700878491,0.3662235574312087,0.30444257773827044,0.36260673985132325
0.001,2,18,0.06679758612632979,0.3655067335257445,0.3038400998708345,0.36189209763643165
0.001,2,19,0.06653609903797611,0.3647906222423381,0.30323853886086366,0.3611785966451468
0.001,2,20,0.06627540748623599,0.3640752875058564,0.30263762859885673,0.3604661590869493
0.001,2,21,0.06601570356064755,0.3633612625491263,0.3020379131472641,0.35975534714372454
0.001,2,22,0.06575778225783814,0.36265074729783237,0.3014413025384721,0.3590482818735095
0.001,2,23,0.06550040559214186,0.3619403420237702,0.3008457880791122,0.35834162551350296
0.001,2,24,0.06524224292961463,0.36122636373779426,0.3002474085539092,0.35763194480900273
0.001,2,25,0.06498557762060356,0.3605151248438921,0.2996515909247461,0.3569252222350947
0.001,2,26,0.06473036440464498,0.35980651579604556,0.29905802546899113,0.3562214217102658
0.001,2,27,0.06447499175466279,0.3590960644581413,0.29846288059710485,0.35551602045659336
0.001,2,28,0.06421941156861057,0.3583836256544391,0.29786582083370006,0.3548088683426098
0.001,2,29,0.0639663876193302,0.35767691460123674,0.29727390715779534,0.3541078326912659
0.001,2,30,0.06371487599303295,0.3569730409793797,0.29668433823369883,0.3534098797940023
0.001,2,31,0.06346267945641271,0.3562658542617092,0.2960922184381547,0.3527089515710481
0.001,2,32,0.06321136718752715,0.3555597479679812,0.2955007905780248,0.35200921669709123
0.001,2,33,0.0629611616845719,0.35485535555933745,0.2949111465301685,0.3513115241530658
0.001,2,34,0.06271196808137863,0.3541524193941886,0.294323059876112,0.35061568484177597
0.001,2,35,0.0624643861823907,0.35345264515176766,0.2937374575996438,0.34992321899208106
0.001,2,36,0.062217615679149345,0.3527537829113937,0.2931526097136223,0.34923181152735217
0.001,2,37,0.06197126274794851,0.35205471946260997,0.2925674185127308,0.34854031682602105
0.001,2,38,0.06172486881368029,0.3513541484419397,0.2919811156339284,0.3478477622738944
0.001,2,39,0.061479767945114186,0.35065586532985354,0.2913965111920806,0.3471577127118222
0.001,2,40,0.061236048898212825,0.34996013743914556,0.2908142820738486,0.3464704759373835
0.001,2,41,0.0609936935450033,0.3492669281366425,0.2902347226460702,0.3457857316259807
0.001,2,42,0.06075147652519431,0.3485727371014386,0.2896553253274152,0.34510045896245006
0.001,2,43,0.06051060963031097,0.34788104182410107,0.2890777437473984,0.34441755417278885
0.001,2,44,0.06027071438820923,0.3471907671243843,0.28850164492106833,0.3437364962561844
0.001,2,45,0.060032366908908466,0.34650358413415716,0.2879280610411069,0.34305862745098054
0.001,2,46,0.059793658635710734,0.3458139923013837,0.2873528525058431,0.34237850590010144
0.001,2,47,0.059557061659353254,0.34512914006021933,0.28678195210442725,0.34170328131229916
0.001,2,48,0.05932060029137137,0.34444331984049675,0.2862103792306095,0.3410273625595578
0.001,2,49,0.059085750515838455,0.34376081951216736,0.28564202749094714,0.3403549347571043
0.001,2,50,0.058852147390352105,0.34308059516781797,0.28507533463196477,0.3396849639753411
0.001,2,51,0.0586188385998267,0.3423998790882576,0.2845087532594046,0.3390145070280498
0.001,2,52,0.058387085496712385,0.3417223595163547,0.2839449591528231,0.3383473796216768
0.001,2,53,0.05815575015430434,0.3410447189278976,0.2833815156488677,0.3376804178655716
0.001,2,54,0.05792602472841637,0.3403704591424361,0.28282127810510566,0.33701695214624783
0.001,2,55,0.057697893248298326,0.33969955327700485,0.2822643575132875,0.33635686370417667
0.001,2,56,0.057470822780558,0.3390304493126185,0.28170905880082053,0.33569865829837
0.001,2,57,0.05724213111757391,0.33835523083757374,0.28114873762427695,0.33503467143850824
0.001,2,58,0.05701610646000729,0.33768656017084037,0.28059355397292196,0.334377157172992
0.001,2,59,0.05679085360457946,0.3370188528987049,0.28003912214960325,0.3337207915618937
0.001,2,60,0.05656742707849759,0.3363552499322631,0.2794884893136467,0.3330685602683498
0.001,2,61,0.0563438578385418,0.33568991000189985,0.27893708237989456,0.3324148019992304
0.001,2,62,0.05612291185286546,0.33503107871618554,0.27839065278661607,0.33176756484993536
0.001,2,63,0.05590244800904081,0.3343723912318145,0.2778446558361214,0.3311206301235141
0.001,2,64,0.05568268872302212,0.33371451488666815,0.27729883313824966,0.33047451825046253
0.001,2,65,0.05546364723656085,0.3330574942455457,0.2767535768219342,0.3298294431358788
0.001,2,66,0.055245139299270156,0.33240078008112484,0.2762085536642601,0.32918457601864876
0.001,2,67,0.055028271824546324,0.33174771084227944,0.2756671784653785,0.32854351660422987
0.001,2,68,0.05481341039622207,0.33109941225022455,0.27512985387325994,0.3279072572381098
0.001,2,69,0.05459863215971609,0.33045009353824095,0.2745914068179275,0.32727005016225685
0.001,2,70,0.054385132960312534,0.3298033746349862,0.27405486306960714,0.32663539873749
0.001,2,71,0.05417197465193557,0.32915642072405504,0.2735181094569354,0.3260007792602218
0.001,2,72,0.05396084318816885,0.3285143625115007,0.27298526171800397,0.3253709386938611
0.001,2,73,0.05375031514909485,0.3278728874094192,0.27245281978513797,0.32474177500280454
0.001,2,74,0.053540533325227006,0.32723243520539647,0.2719214758160872,0.324113724987036
0.001,2,75,0.05333169594064621,0.32659361886187005,0.27139109323948046,0.3234873781248533
0.001,2,76,0.053124277840459644,0.325957904768268,0.2708636418257592,0.3228643489188066
0.001,2,77,0.05291790570102695,0.32532416356928345,0.2703375538596789,0.3222430946123934
0.001,2,78,0.05271264027646604,0.32469259392990796,0.269813342301918,0.3216241612290516
0.001,2,79,0.052508990839046324,0.324064780064253,0.2692922815966211,0.32100883824749527
0.001,2,80,0.0523058077861175,0.3234371895318085,0.26877110715992714,0.32039370149731167
0.001,2,81,0.05210470586943874,0.32281482577303894,0.26825516156084867,0.31978400184533806
0.001,2,82,0.05190446845423827,0.3221939430040182,0.2677423379739459,0.31917575397191394
0.001,2,83,0.05170434899049165,0.3215722282489321,0.2672289406231758,0.31856667348372697
0.001,2,84,0.05150619191030773,0.3209554234167347,0.26671996536709974,0.31796253903347055
0.001,2,85,0.05130879769086547,0.3203398123582689,0.26621189070749035,0.3173596372969862
0.001,2,86,0.05111204662045238,0.3197250275485245,0.26570452459773186,0.31675764853337207
0.001,2,87,0.05091704509259412,0.31911454085514224,0.26520081410024315,0.31615980095897145
0.001,2,88,0.05072275867975692,0.3185051292514986,0.2646980568091613,0.3155630675198269
0.001,2,89,0.050530326190865886,0.3179003812230048,0.2641991912043107,0.31497105415634086
0.001,2,90,0.05033697297473619,0.31729157875599595,0.2636965405597101,0.31437521933826784
0.001,2,91,0.05014606290891937,0.316689320656442,0.2631989065990781,0.31378577043423994
0.001,2,92,0.049956457149034246,0.3160900414408345,0.2627038312206518,0.3131992996375486
0.001,2,93,0.04976695909856544,0.3154899652875363,0.26220771512640845,0.31261202680451994
0.001,2,94,0.04957848981308799,0.31489201264270894,0.2617132160105144,0.3120268784273079
0.001,2,95,0.04939093833632312,0.314295842595231,0.2612201213255125,0.31144359007630723
0.001,2,96,0.049205754359962404,0.3137060865203683,0.2607326515444653,0.31086669919098414
0.001,2,97,0.04902142059567182,0.31311793495637336,0.2602465866940915,0.31029133537034187
0.001,2,98,0.048838192508599484,0.3125322143670936,0.2597624193423953,0.30971832862034054
0.001,2,99,0.04865625029030043,0.311949516076882,0.25928085759321695,0.30914838304906167
0.001,2,100,0.04847476421999628,0.3113671922987272,0.2587997100623349,0.3085789797062742
0.001,2,101,0.04829463360892759,0.31078813879853134,0.25832083703625547,0.3080127527850363
0.001,2,102,0.048114927936790994,0.31020937425162054,0.2578424541433608,0.3074467622336717
0.001,2,103,0.04793578601978785,0.3096313486060087,0.2573664599798851,0.30688167333065963
0.001,2,104,0.047758396852900224,0.3090579131907165,0.2568942903979249,0.30632113880543604
0.001,2,105,0.04758251532157096,0.30848829903764896,0.25642511136947216,0.3057644289231853
0.001,2,106,0.04740785289004778,0.30792159031171484,0.2559581357733654,0.30521051751470346
0.001,2,107,0.04723406444245634,0.30735668023472773,0.2554932713692823,0.3046583427610561
0.001,2,108,0.04706142243211591,0.30679446680836964,0.25503044609034053,0.30410899256947244
0.001,2,109,0.046888720220904685,0.30623102462325624,0.25456656600123084,0.30355846132296066
0.001,2,110,0.046718617296305213,0.3056750473830182,0.25410858750635656,0.3030152720996292
0.001,2,111,0.04654930124201572,0.3051206359524564,0.2536516478614417,0.302473677601401
0.001,2,112,0.04638100857756741,0.3045685754557335,0.25319650630975676,0.30193441203196214
0.001,2,113,0.046212626406292624,0.30401521806084847,0.25274005168559227,0.3013939733626857
0.001,2,114,0.046045241477834044,0.30346413784114273,0.2522852211534271,0.300855881416615
0.001,2,115,0.045878988082001027,0.30291579054912615,0.2518326190324894,0.30032061353512784
0.001,2,116,0.04571377570383975,0.3023698917016698,0.25138224684462745,0.29978765364784155
0.001,2,117,0.045549769958676385,0.30182700329386164,0.2509340061743129,0.29925758496584043
0.001,2,118,0.0453869711978182,0.3012871427652305,0.25048861622034696,0.29873066753596217
0.001,2,119,0.045224329730247814,0.30074683616040854,0.2500434396348783,0.29820338456117435
0.001,2,120,0.04506403087591327,0.30021336038195656,0.24960419534113118,0.29768267165798373
0.001,2,121,0.044903129357800976,0.2996769238957213,0.24916231610186568,0.2971593399977838
0.001,2,122,0.044744108964480805,0.2991458138248998,0.24872488128296538,0.2966410107968807
0.001,2,123,0.04458639562330396,0.29861813616491534,0.2482899425234868,0.2961261137734893
0.001,2,124,0.0444295555894287,0.29809245407902796,0.24785626067238875,0.2956133543531183
0.001,2,125,0.044274050529542766,0.2975703296013995,0.24742560489636925,0.2951040664322178
0.001,2,126,0.044119087333847194,0.29704911154166813,0.24699524425079006,0.2945956828118441
0.001,2,127,0.0439651765229727,0.29653052633067206,0.24656745584850323,0.2940899512161425
0.001,2,128,0.04381152144735375,0.2960118965425334,0.2461400953353263,0.29358423018696567
0.001,2,129,0.043659968660390264,0.2954994709314731,0.2457188380532482,0.29308456738099725
0.001,2,130,0.04350942666353325,0.2949895817263154,0.24529958601483665,0.292587397852429
0.001,2,131,0.043358787201919574,0.2944784786768621,0.2448791352616019,0.2920891432603938
0.001,2,132,0.04320979304903575,0.2939720838754447,0.24446233524105887,0.2915954993882813
0.001,2,133,0.043061797687433144,0.2934682186794105,0.24404773025506082,0.2911044727190951
0.001,2,134,0.04291427402215512,0.292965096972848,0.24363383263808908,0.29061417139003626
0.001,2,135,0.04276797301218076,0.2924652902899103,0.24322218575341728,0.29012709270771087
0.001,2,136,0.04262256925414319,0.2919677011388184,0.24281218328707718,0.2896422993784209
0.001,2,137,0.04247766259320205,0.29147096799922306,0.242403055540544,0.28915832925073526
0.001,2,138,0.04233463023301888,0.2909798282803084,0.2419985902009162,0.2886799600782236
0.001,2,139,0.042191445595270556,0.29048733395888554,0.24159304778516333,0.2882002254928556
0.001,2,140,0.04204984544952134,0.2899994670668253,0.24119086824426708,0.2877250692206663
0.001,2,141,0.04190887025471757,0.2895129366875255,0.2407899121201088,0.2872511837692538
0.001,2,142,0.04176892121936419,0.28902913769848254,0.2403910657017774,0.28678015861616224
0.001,2,143,0.041628357700491954,0.2885423979261694,0.23998986738318437,0.2863062156055373
0.001,2,144,0.04149001545543476,0.2880625468728441,0.2395938418926637,0.28583905463222786
0.001,2,145,0.04135192726199061,0.2875827785594632,0.23919807618370256,0.28537204448698456
0.001,2,146,0.04121507379844158,0.28710650915101726,0.23880481936931508,0.28490848907398486
0.001,2,147,0.04107894267796443,0.2866319684821092,0.2384144827735209,0.28444654558681864
0.001,2,148,0.04094488067076417,0.2861638714819331,0.238029640263512,0.28399102756129174
0.001,2,149,0.040810875660726526,0.2856952070326925,0.2376445763103296,0.28353497870120076
0.001,2,150,0.040678137718293046,0.28523021480303606,0.23726259652475684,0.2830824765528793
0.001,2,151,0.04054585417266048,0.28476605897705043,0.23688145706719008,0.2826308983227572
0.001,2,152,0.04041469778930986,0.28430511001144476,0.23650254191743225,0.28218243454561504
0.001,2,153,0.04028404005688176,0.28384516926268716,0.23612466209683342,0.2817350701613273
0.001,2,154,0.040153127642595744,0.28338358330219393,0.23574610449310332,0.2812861313186865
0.001,2,155,0.04002379768920585,0.28292683750116693,0.23537255421296474,0.28084198968277135
0.001,2,156,0.03989521171745473,0.28247198699147047,0.23500007532937878,0.28039976424621155
0.001,2,157,0.0397675421671569,0.28201965239024357,0.2346295607154289,0.27995988472161026
0.001,2,158,0.039640146617478465,0.2815675642451682,0.23425908050355407,0.279520301920767
0.001,2,159,0.03951387672520145,0.28111875328836194,0.23389273144157405,0.27908390829782664
0.001,2,160,0.039388547052782934,0.2806725745518537,0.2335295122876983,0.27865021093050113
0.001,2,161,0.03926467282026047,0.2802308791702316,0.2331695456826265,0.27822087647985067
0.001,2,162,0.03914053098325996,0.2797875300411366,0.23280812957726812,0.27778988098273477
0.001,2,163,0.03901775782252437,0.2793483768434117,0.23244984810352226,0.27736306336102906
0.001,2,164,0.038895286891967966,0.2789096157968311,0.23209187705074072,0.27693668467189336
0.001,2,165,0.03877343448508606,0.278472384573717,0.23173465816354716,0.27651189269364007
0.001,2,166,0.0386526073188782,0.27803815320519665,0.23138008425307507,0.2760900504803691
0.001,2,167,0.038533006577826094,0.27760766047725016,0.23102839375987647,0.2756717619399793
0.001,2,168,0.038413218533787596,0.2771758233821543,0.23067560248875546,0.2752522943720794
0.001,2,169,0.038295199702096605,0.2767497053371389,0.23032713403145214,0.2748383076258121
0.001,2,170,0.038177457363292616,0.27632393078882117,0.2299794256576474,0.274424784411726
0.001,2,171,0.03806061580010985,0.27590076404428404,0.229633451084583,0.2740137710300882
0.001,2,172,0.03794393852519947,0.2754775436408546,0.22928729840852938,0.27360262672797303
0.001,2,173,0.037827952193065936,0.27505618405360727,0.22894237424552805,0.2731934405083521
0.001,2,174,0.03771334024529296,0.274639182365856,0.22860061959670777,0.2727883995233633
0.001,2,175,0.03759914783535519,0.27422307647371763,0.22825953508036587,0.27238427433230916
0.001,2,176,0.03748531357332946,0.273807646253093,0.2279192179276721,0.2719808856891051
0.001,2,177,0.037372670402544286,0.2733959414568705,0.22758128738509384,0.27158112301015686
0.001,2,178,0.037260553200287115,0.272985542475374,0.2272446349019393,0.27118265013297055
0.001,2,179,0.03714902732417265,0.2725766949838986,0.2269087866694771,0.2707856833401643
0.001,2,180,0.03703835770790606,0.272170379387273,0.22657566289347614,0.2703912373290304
0.001,2,181,0.036928190814270394,0.27176530615319683,0.22624364731434154,0.26999800903964205
0.001,2,182,0.036818920905499625,0.2713629337455638,0.2259139292412475,0.26960746980804773
0.001,2,183,0.03670929696414946,0.27095865723076445,0.2255828119097975,0.26921506024817105
0.001,2,184,0.03660061017679211,0.2705572404382929,0.22525359135328357,0.2688255251076863
0.001,2,185,0.03649233151807563,0.27015673790625927,0.22492537642770116,0.268436989206382
0.001,2,186,0.03638518722186424,0.269759845869856,0.2245998103135844,0.2680518083008156
0.001,2,187,0.0362790337159626,0.2693660472886759,0.22427636496328446,0.267669705675877
0.001,2,188,0.036173240971392226,0.2689730134098669,0.22395397383794347,0.26728827826393914
0.001,2,189,0.03606806358196025,0.26858169551166455,0.22363320909512419,0.26690857696136927
0.001,2,190,0.035963587355824965,0.26819242105557334,0.22331397575360634,0.26653084591303544
0.001,2,191,0.03585940399585747,0.26780367434319297,0.22299530037775525,0.26615370251832887
0.001,2,192,0.03575652478802215,0.26741923935282647,0.222679900892475,0.26578075526872375
0.001,2,193,0.03565401391525619,0.2670356302640387,0.2223655808362917,0.265408663651431
0.001,2,194,0.03555181681000218,0.26665264600225586,0.22205186247730405,0.26503718120439484
0.001,2,195,0.035450326347358375,0.26627176473429687,0.22173967219113316,0.2646677319810322
0.001,2,196,0.03535006512943506,0.26589496095050413,0.22143051300036082,0.2643022828504693
0.001,2,197,0.03524990182447906,0.2655179911963747,0.22112124141140904,0.26393670473017466
0.001,2,198,0.03515059509506133,0.2651437161052901,0.22081412920572963,0.263573720371337
0.001,2,199,0.03505216799143398,0.26477223416149204,0.2205089281599553,0.263213441903308
0.001,2,200,0.03495388967650747,0.26440079302644864,0.22020371253658255,0.2628532622555453
0.001,2,201,0.034856035088077726,0.2640304341854466,0.21989931253363348,0.2624941786985178
0.001,2,202,0.034758761602923294,0.26366175908888756,0.21959658806799334,0.26213668461720435
0.001,2,203,0.034662129060066084,0.2632950020796676,0.21929533462992765,0.26178110851500774
0.001,2,204,0.03456612318111786,0.2629301168794395,0.21899572829165995,0.2614273636104459
0.001,2,205,0.03447052185408718,0.26256626536585836,0.2186966972888725,0.2610746138675966
0.001,2,206,0.03437569265244136,0.2622048537019914,0.21839982633920377,0.2607242577984536
0.001,2,207,0.03428135323980355,0.26184481373440854,0.21810393787590102,0.2603752116767723
0.001,2,208,0.034187395074363816,0.26148573603301506,0.21780864216593418,0.2600271143758896
0.001,2,209,0.03409417359583696,0.2611289857363099,0.21751502306112874,0.2596812893257326
0.001,2,210,0.034001402553087,0.2607734746982024,0.21722280141241876,0.2593366785170942
0.001,2,211,0.03390936678343395,0.26042030175634906,0.21693251352352538,0.2589943791658542
0.001,2,212,0.03381761967114761,0.26006775913652813,0.21664226930444425,0.25865274413910316
0.001,2,213,0.033726183625437056,0.25971593568911805,0.2163527866783332,0.2583117897021
0.001,2,214,0.03363476681589249,0.2593637091649196,0.2160627035146418,0.25797044350978254
0.001,2,215,0.03354504722809777,0.259017556270218,0.21577782687808006,0.2576350221245077
0.001,2,216,0.033455498190362976,0.2586715994861553,0.21549324170281722,0.2572997579357936
0.001,2,217,0.03336631005358146,0.25832657646313306,0.2152092391289178,0.2569654723246624
0.001,2,218,0.033277142076748006,0.2579811701529707,0.21492504600197512,0.2566308506535347
0.001,2,219,0.03318930943062441,0.2576404837389668,0.2146448307497551,0.25630080635642283
0.001,2,220,0.033101538542169844,0.2572995862498416,0.21436392313361538,0.25597050834429586
0.001,2,221,0.033014400850822856,0.25696070069496174,0.2140845511316574,0.25564222739772363
0.001,2,222,0.03292795594627583,0.2566240672512063,0.21380682864394154,0.2553160701261482
0.001,2,223,0.03284216501881407,0.2562895433638059,0.2135309706737923,0.2549920488934552
0.001,2,224,0.0327567681343727,0.2559561217645427,0.2132557687641036,0.25466912694114713
0.001,2,225,0.03267140080981782,0.2556223809051853,0.21298017966827357,0.25434591213971464
0.001,2,226,0.03258671796376432,0.255290884928406,0.21270626614691818,0.2540248524566588
0.001,2,227,0.03250247994151344,0.25496070262498666,0.21243324922222023,0.25370510248393335
0.001,2,228,0.03241867659704763,0.2546317992594312,0.21216136500416835,0.25338658731865993
0.001,2,229,0.03233508014361625,0.2543032840669434,0.21188957537231448,0.2530684416765491
0.001,2,230,0.03225256660585198,0.25397860778361625,0.2116208920345789,0.2527540857343946
0.001,2,231,0.03217028645381758,0.2536544360101655,0.21135286674188494,0.25244026128750896
0.001,2,232,0.03208839124524613,0.25333136894291686,0.21108549991680717,0.2521274314902955
0.001,2,233,0.0320064523147853,0.2530077165415525,0.21081732209460857,0.25181408773730507
0.001,2,234,0.031925175684406344,0.25268627063774696,0.21055130706051606,0.25150291066667835
0.001,2,235,0.03184478891585431,0.25236794137074664,0.21028764076975748,0.25119474148697113
0.001,2,236,0.03176450754048478,0.2520496282103379,0.21002427510339977,0.25088658852788487
0.001,2,237,0.031685043088896366,0.25173415774938596,0.20976272967100193,0.2505812209317661
0.001,2,238,0.03160521376110852,0.25141684017228644,0.20950029034129278,0.25027416172323846
0.001,2,239,0.03152634670132059,0.25110295379115155,0.20923989361591752,0.24997037698611915
0.001,2,240,0.03144795203824913,0.2507905581884977,0.20898098760516295,0.24966801770698688
0.001,2,241,0.03137005456556797,0.25047975792693494,0.20872333018345948,0.24936725698940546
0.001,2,242,0.03129247289223498,0.2501698338818451,0.20846654804585038,0.24906733419886598
0.001,2,243,0.0312151778020444,0.24986067238380832,0.20821010298481007,0.24876815790933118
0.001,2,244,0.031138500345615158,0.2495536028416146,0.20795523895065568,0.24847104554140534
0.001,2,245,0.03106215469720117,0.24924748623487125,0.20770123605503832,0.2481749437651703
0.001,2,246,0.03098636078999738,0.2489432095478701,0.20744825330164307,0.2478805273296323
0.001,2,247,0.030910979565729572,0.24864022026104132,0.20719654685287534,0.24758741890261565
0.001,2,248,0.030835693488928246,0.24833724444363253,0.20694484301823646,0.24729433372644724
0.001,2,249,0.03076116908326235,0.2480369693544184,0.206695582187524,0.24700384961548327
0.001,2,250,0.030686722713631685,0.24773664530558123,0.20644641938220695,0.24671335216606213
0.001,2,251,0.03061299540740767,0.24743886278193114,0.20619918916717828,0.24642530905459542
0.001,2,252,0.030538913484572425,0.24713928657569773,0.20595063716299442,0.24613560850440008
0.001,2,253,0.0304660611460123,0.24684432805317727,0.2057056038176985,0.24585033705550463
0.001,2,254,0.030393328343152077,0.2465495014927107,0.205460679708148,0.24556525596081152
0.001,2,255,0.030320536108681462,0.24625408061058182,0.20521516456726818,0.24527958302756522
0.001,2,256,0.030248456831904028,0.24596120357448256,0.2049716257443636,0.24499643495621598
0.001,2,257,0.03017658393726157,0.2456688174647388,0.20472846668456465,0.24471369242591323
0.001,2,258,0.0301054697540009,0.24537917496805184,0.2044874741888797,0.24443364043071683
0.001,2,259,0.03003411866721719,0.24508822357354174,0.2042454438863415,0.2441523795942845
0.001,2,260,0.029963723820638166,0.24480083259923022,0.20400618060968112,0.24387452127329837
0.001,2,261,0.029893468852795327,0.24451367590707612,0.20376697102372512,0.24359695664138759
0.001,2,262,0.029823503263775534,0.24422736645910725,0.2035284638220961,0.24332024891087797
0.001,2,263,0.02975422600845357,0.24394354268335766,0.2032916394663073,0.24304593302563038
0.001,2,264,0.02968510889310644,0.24366004552698597,0.20305514432194977,0.24277192371354464
0.001,2,265,0.02961615632309518,0.24337689423236208,0.20281925477179827,0.24249825734501826
0.001,2,266,0.029547884640585654,0.24309621404121312,0.20258519227804095,0.24222702617999803
0.001,2,267,0.029479802866852704,0.2428159915114847,0.20235172426059445,0.24195623866257407
0.001,2,268,0.029412221912552525,0.24253751014040087,0.20211953953315742,0.24168716911985547
0.001,2,269,0.0293442361890476,0.24225703782985378,0.20188570612341006,0.24141616018129936
0.001,2,270,0.029277192178248593,0.2419801321524087,0.20165447548109375,0.2411486023157138
0.001,2,271,0.02921062150615186,0.24170486758090687,0.20142433955363884,0.2408826263338705
0.001,2,272,0.029144283800774193,0.24143025411399538,0.20119491179142016,0.24061736762080124
0.001,2,273,0.029078205458635615,0.24115640343410172,0.2009664428229473,0.24035291245587567
0.001,2,274,0.029012813530530625,0.24088509098958624,0.2007403509710878,0.24009079464292155
0.001,2,275,0.028947250579819627,0.24061276183868396,0.2005133342655755,0.23982773924721384
0.001,2,276,0.02888249687205956,0.24034349116237602,0.20028866258976166,0.2395676578825747
0.001,2,277,0.028817766819172974,0.24007401699964523,0.20006355759581326,0.23930736070477102
0.001,2,278,0.028753542817626036,0.23980635028133027,0.19984061921979976,0.23904888305038993
0.001,2,279,0.028689729659576557,0.23954009960579276,0.19961914611950668,0.23879180426560118
0.001,2,280,0.02862613538514555,0.239274467443334,0.19939820022514154,0.23853530401777917
0.001,2,281,0.02856268404152902,0.23900913807437998,0.19917761562636474,0.2382790946652506
0.001,2,282,0.028499476894117932,0.23874453666678083,0.19895751996704572,0.23802364790365294
0.001,2,283,0.028436756425003526,0.2384816824202795,0.19873874965696864,0.2377698317779364
0.001,2,284,0.02837451772039598,0.23822056049130597,0.19852137923825602,0.2375177809980347
0.001,2,285,0.028312548616763456,0.23796028499211147,0.1983046497098661,0.23726653966758846
0.001,2,286,0.028250919270113594,0.23770115384706736,0.1980889798127498,0.23701637466600312
0.001,2,287,0.028189668494303308,0.23744333426863476,0.19787456101154413,0.2367675081524578
0.001,2,288,0.02812818230519826,0.23718424190994755,0.19765935940736373,0.23651744159326718
0.001,2,289,0.02806742960218474,0.23692796205675995,0.1974459205141647,0.23627009407017166
0.001,2,290,0.02800685693936361,0.23667216540761024,0.19723310233905678,0.2360232218007654
0.001,2,291,0.027946603351729018,0.2364174416227746,0.19702114354619915,0.23577737413085162
0.001,2,292,0.02788674211118062,0.23616410443240785,0.19681029234532937,0.23553294605409208
0.001,2,293,0.027827143302297255,0.2359116076088553,0.19659978750989007,0.23528927292085366
0.001,2,294,0.027767889063297784,0.23566030239859145,0.19639035006877234,0.2350467986858063
0.001,2,295,0.027708698021752767,0.23540899737160756,0.1961812430176948,0.2348043329563468
0.001,2,296,0.02765010344064468,0.23515996020005056,0.19597400621271333,0.23456410173213044
0.001,2,297,0.02759148115042855,0.23491054105947884,0.19576649431438903,0.23432349731619173
0.001,2,298,0.02753322316381466,0.23466240927687868,0.19555972045122624,0.2340841757289594
0.001,2,299,0.02747541888089195,0.23441595031435875,0.19535430246483018,0.23384643575434272
0.001,2,300,0.027417651508661465,0.23416938958224862,0.19514902243707913,0.23360870535795467
0.001,3,1,0.06201106672551763,0.35216776321951343,0.30031330001195883,0.351034302091791
0.001,3,2,0.0616654557276308,0.3511850102940921,0.2994942073685403,0.3500320559004171
0.001,3,3,0.0613218571619953,0.3502052459972446,0.2986781564578238,0.3490331573876879
0.001,3,4,0.06098093874027642,0.3492304074397773,0.29786561253967864,0.3480395233076834
0.001,3,5,0.06064264267964695,0.3482603700671294,0.2970563752237703,0.34705102936430143
0.001,3,6,0.0603063853692832,0.347293493659997,0.2962488623816129,0.3460660069030146
0.001,3,7,0.05997244909299942,0.34633061976383034,0.29544394790190365,0.34508527285194746
0.001,3,8,0.05964086859932198,0.3453718824667752,0.2946414425258919,0.34410903082429467
0.001,3,9,0.059312972757904786,0.3444211746043056,0.2938452158578997,0.34314124290669906
0.001,3,10,0.05898748292396147,0.3434748401963715,0.29305172941254454,0.3421781229264012
0.001,3,11,0.05866569230884783,0.3425366909072598,0.29226455171515325,0.3412236324833763
0.001,3,12,0.05834527086060434,0.3415999732453278,0.29147784436952,0.3402708300482415
0.001,3,13,0.058027225604937185,0.3406676550685057,0.2906943735814191,0.3393228601702724
0.001,3,14,0.057712466249489544,0.33974245024573996,0.2899165009322113,0.3383822834154396
0.001,3,15,0.05739946499560839,0.3388199079027335,0.28914051314976397,0.3374446507618209
0.001,3,16,0.057090586329605016,0.3379070473654109,0.28837341906079716,0.33651711063171746
0.001,3,17,0.056782708879009054,0.3369946850590052,0.2876064905465015,0.3355903618933657
0.001,3,18,0.05647781239910252,0.3360887156662732,0.2868443176762586,0.33467032997367935
0.001,3,19,0.05617578092050233,0.3351888450426187,0.2860867673753995,0.3337567286025189
0.001,3,20,0.055875024407759974,0.3342903660225941,0.28532978069134485,0.3328447269040593
0.001,3,21,0.0555769811507884,0.33339760392296885,0.28457766179682314,0.33193876175331166
0.001,3,22,0.055281921133912434,0.3325114167480943,0.28383137943868403,0.33103972059808834
0.001,3,23,0.05498928292872279,0.33163016427557607,0.2830882924161106,0.3301458181271625
0.001,3,24,0.054698138433975044,0.3307510799195523,0.28234657861954143,0.32925434683670285
0.001,3,25,0.05440922912407042,0.3298764287549822,0.2816081743400401,0.3283676293475444
0.001,3,26,0.05412349777189879,0.329009111642516,0.28087569020466235,0.32748860066787416
0.001,3,27,0.05383901155502766,0.3281432966099648,0.28014542544828575,0.3266111422161196
0.001,3,28,0.05355691004860661,0.32728247752853074,0.27941988336256135,0.32573907572248284
0.001,3,29,0.05327754492279643,0.3264277712536004,0.27869886117690873,0.3248733367266483
0.001,3,30,0.05299987960398561,0.3255760421283655,0.2779800112965607,0.3240107863883032
0.001,3,31,0.05272489974241745,0.32473034888170665,0.2772664782902183,0.32315457249506024
0.001,3,32,0.052453260521768026,0.3238927616411581,0.27655942970271374,0.32230677065018143
0.001,3,33,0.05218287863242817,0.3230568947799386,0.27585620527599647,0.3214609316051134
0.001,3,34,0.051913958549248275,0.32222339626181173,0.2751550026377737,0.3206175723241515
0.001,3,35,0.05164759130325722,0.321395679197021,0.2744581565249756,0.31978020194077167
0.001,3,36,0.0513837207805581,0.3205736133263563,0.273765683153697,0.31894876132936334
0.001,3,37,0.0511219986068946,0.31975615273797187,0.2730768463368729,0.3181221611643176
0.001,3,38,0.05086292619410899,0.31894490494161837,0.2723927268406147,0.3173020034176819
0.001,3,39,0.05060557476464533,0.3181369980516109,0.2717110858877016,0.31648539557337085
0.001,3,40,0.05035007403849777,0.31733286636747154,0.2710329622103062,0.31567266463367816
0.001,3,41,0.05009691266788938,0.31653408242364484,0.2703594409282711,0.314865504104582
0.001,3,42,0.049845563742439654,0.3157390179956847,0.2696885917668789,0.31406217481075605
0.001,3,43,0.049596573789566056,0.3149494365436016,0.2690217683685805,0.3132645260203835
0.001,3,44,0.04935042007475196,0.3141668985579224,0.2683609650091018,0.31247424476966035
0.001,3,45,0.04910596995837345,0.31338784264349967,0.26770353803598673,0.31168753308950636
0.001,3,46,0.04886386161810838,0.3126143362614977,0.2670509309802682,0.3109065505007158
0.001,3,47,0.04862333678743267,0.31184398915942785,0.26640080529612475,0.3101288897132408
0.001,3,48,0.04838433272636503,0.3110766231215873,0.2657525843682253,0.3093543526704045
0.001,3,49,0.048146520702579756,0.31031120090186803,0.26510634149195866,0.3085818992240561
0.001,3,50,0.04791188748046554,0.3095541551343336,0.2644670586476224,0.3078179979467081
0.001,3,51,0.04767983176158947,0.30880360024322734,0.2638332084802933,0.30706073953799096
0.001,3,52,0.04744924457265501,0.30805598378429533,0.2632012089683563,0.306306507323573
0.001,3,53,0.04722047034002666,0.30731244797445695,0.2625724418340941,0.30555647696145494
0.001,3,54,0.0469929981835067,0.30657135607720004,0.26194541224622214,0.3048090621652745
0.001,3,55,0.04676722435623004,0.3058340215091514,0.26132196848073774,0.30406548174754194
0.001,3,56,0.046543251433912816,0.3051008077141482,0.2607022800117009,0.3033261532135842
0.001,3,57,0.046320268618506175,0.30436908061925794,0.26008332337782636,0.30258838580089215
0.001,3,58,0.046099561367021986,0.30364308444956223,0.25946901775187003,0.30185642197577783
0.001,3,59,0.04588177604435096,0.3029249941630798,0.25886120030319437,0.3011325394882499
0.001,3,60,0.045665579354389876,0.3022104543340282,0.2582560404696083,0.3004123102383922
0.001,3,61,0.04545041224036973,0.30149763594552353,0.25765203954036936,0.29969385904262813
0.001,3,62,0.045236404093952215,0.30078698141359844,0.25705065266819616,0.2989777139754238
0.001,3,63,0.045024835914594434,0.30008277496249075,0.25645379718451944,0.2982680616149483
0.001,3,64,0.04481393548525568,0.2993791425108158,0.2558572318482763,0.29755901748889485
0.001,3,65,0.044605905692938756,0.2986834635293315,0.25526744497689724,0.2968580742454608
0.001,3,66,0.04439958184949262,0.29799188529049786,0.25468248513751646,0.29616134119315535
0.001,3,67,0.04419423771850314,0.2973019936647016,0.25409854784704816,0.29546626359682127
0.001,3,68,0.043990144250659224,0.2966147138988868,0.25351723601364984,0.2947739467527395
0.001,3,69,0.043788707943910925,0.2959348169577582,0.2529417072467752,0.2940890577039423
0.001,3,70,0.043589190758532535,0.29525985422516393,0.25237052231539325,0.29340919187081865
0.001,3,71,0.04339027951323129,0.2945854019235552,0.2518004728843458,0.2927298925940683
0.001,3,72,0.043192964064330056,0.2939148314200223,0.2512335457758099,0.2920544905846633
0.001,3,73,0.04299697267686981,0.2932472427044108,0.25066856122548464,0.2913821214133502
0.001,3,74,0.04280244421212131,0.2925831307923316,0.25010676885520544,0.2907133370772033
0.001,3,75,0.04261006540396424,0.29192487185563426,0.24954944076638866,0.2900504706906674
0.001,3,76,0.04241863567597257,0.2912683837149943,0.24899342922060205,0.2893893539377535
0.001,3,77,0.04222932976635331,0.290617720610266,0.24844198623446606,0.2887341667595187
0.001,3,78,0.042040417282386514,0.28996695426336605,0.2478902849536496,0.2880788941032787
0.001,3,79,0.04185368806807202,0.28932227037707287,0.24734350943628447,0.28742973362777047
0.001,3,80,0.04166889305321346,0.2886828469210232,0.24680091263847304,0.28678588762663754
0.001,3,81,0.041484847071464735,0.28804460443294105,0.24625925668679732,0.28614325582834893
0.001,3,82,0.04130256691977352,0.2874110885814029,0.24572110876967468,0.2855053670648966
0.001,3,83,0.04112198871822924,0.2867821079433975,0.2451864453466682,0.2848720587950988
0.001,3,84,0.04094194348936921,0.28615360731386635,0.24465241641270277,0.2842392420879219
0.001,3,85,0.040763315372453646,0.28552868637828194,0.2441214521390876,0.2836099951292197
0.001,3,86,0.04058710429305782,0.28491087832182826,0.24359669708171608,0.28298791165338627
0.001,3,87,0.040411821445485566,0.28429499272933234,0.24307360357251667,0.28236776064104513
0.001,3,88,0.04023759763921391,0.2836815032363369,0.24255217949630956,0.28175000907825065
0.001,3,89,0.0400648012023696,0.28307172660783203,0.2420336664639825,0.2811360192593191
0.001,3,90,0.03989333055660996,0.2824653272761454,0.24151786395907132,0.28052544483938496
0.001,3,91,0.03972352681495503,0.28186353724792085,0.24100590249249051,0.27991946507015364
0.001,3,92,0.03955504169009722,0.281265147823534,0.24049643393894993,0.27931688325349674
0.001,3,93,0.0393874215630175,0.28066856454906913,0.23998819844258132,0.27871612137686436
0.001,3,94,0.03922138868607903,0.280076377747496,0.23948357130709988,0.2781197782082036
0.001,3,95,0.03905634848530837,0.2794864879929202,0.23898071661494938,0.2775257326401307
0.001,3,96,0.03889226272006811,0.2788987727476337,0.23847948280175899,0.27693382573187925
0.001,3,97,0.03872937458114367,0.27831411958843794,0.2379804216600515,0.2763449885014482
0.001,3,98,0.038568441470296214,0.27773527493026956,0.23748630918984853,0.2757620163526944
0.001,3,99,0.03840811016971546,0.27715739272014905,0.2369930246408698,0.27518000981190177
0.001,3,100,0.03824848687676803,0.27658086295609113,0.23650043153724587,0.27459933889225613
0.001,3,101,0.038090549038520695,0.27600923549229545,0.23601194173766005,0.2740235334188355
0.001,3,102,0.037933845468090525,0.27544090280163736,0.2355267092955458,0.2734510511886662
0.001,3,103,0.03777831913932859,0.27487567785938644,0.23504372045671051,0.2728816574127555
0.001,3,104,0.03762388817849926,0.274313281408317,0.2345631499650098,0.27231511453448415
0.001,3,105,0.0374707105110974,0.2737543077692017,0.23408509615633424,0.2717520113727166
0.001,3,106,0.037318719642958034,0.27319853456033777,0.23361039779646367,0.27119209081441364
0.001,3,107,0.03716775876743336,0.27264540622366396,0.23313834297812566,0.2706348047913347
0.001,3,108,0.037017302866197185,0.2720930093412809,0.2326670404482967,0.2700782067534043
0.001,3,109,0.03686837590038125,0.2715451192725852,0.23219924631824507,0.2695261530221132
0.001,3,110,0.036720664690296584,0.27100060771259016,0.23173430085865676,0.2689774764747773
0.001,3,111,0.03657391561794848,0.2704585573353096,0.23127182060776788,0.2684312005189707
0.001,3,112,0.03642881360994952,0.2699215204830823,0.23081366829497943,0.2678899801120054
0.001,3,113,0.03628384527803912,0.2693839092375011,0.2303556004991621,0.2673480948946612
0.001,3,114,0.03614014478936809,0.2688499387739119,0.22990068053133336,0.2668098735852768
0.001,3,115,0.035997582368365845,0.26831914716756927,0.22944797814353407,0.26627483032004673
0.001,3,116,0.035856097098835436,0.26779132584471604,0.2289977910924902,0.2657427829255122
0.001,3,117,0.03571529959507997,0.26726503548006414,0.22854864611616718,0.26521220866548395
0.001,3,118,0.03557554988337664,0.266741634858065,0.2281016618909203,0.264684513767995
0.001,3,119,0.03543680645996142,0.2662209851231169,0.22765709126452682,0.26415960394447346
0.001,3,120,0.03529955842055869,0.2657049432003804,0.22721630095293383,0.26363924663178956
0.001,3,121,0.03516337537000733,0.2651919130366057,0.2267781018635486,0.2631219216040923
0.001,3,122,0.03502802816050003,0.26468104639546836,0.22634111111908983,0.2626067189792837
0.001,3,123,0.034893952147410326,0.26417400382100553,0.22590740420186753,0.2620953464614833
0.001,3,124,0.034760977426213084,0.26367016299237606,0.22547668371159266,0.26158717791634584
0.001,3,125,0.03462822107826668,0.26316618733517677,0.22504603914457297,0.26107886088697146
0.001,3,126,0.034496176109649064,0.2626639530261016,0.22461771670459693,0.2605722438713299
0.001,3,127,0.03436566173125941,0.26216659486387434,0.22419395824866062,0.26007050469370335
0.001,3,128,0.03423610160584335,0.26167193814332995,0.22377225916569918,0.25957145782541025
0.001,3,129,0.034107688199087716,0.2611807351206735,0.22335319758578906,0.25907591988606554
0.001,3,130,0.033979938462001716,0.26069115237000934,0.22293600142916753,0.25858191697897126
0.001,3,131,0.03385281505190034,0.2602030555235674,0.22252060021545703,0.25808936649852
0.001,3,132,0.03372687926601728,0.25971861414237246,0.2221078624650039,0.2576005173108366
0.001,3,133,0.03360161197019869,0.2592358461717773,0.22169672212063338,0.2571133298128101
0.001,3,134,0.03347761305239116,0.2587570793326867,0.22128866104596615,0.2566301228700455
0.001,3,135,0.03335380542576073,0.25827816564998574,0.22088166039997678,0.2561467598432319
0.001,3,136,0.033230808281606475,0.25780150613061387,0.2204772978974615,0.25566560986422093
0.001,3,137,0.0331090535975877,0.2573287920058216,0.22007584066646965,0.2551883887887855
0.001,3,138,0.03298815849727332,0.25685855445078454,0.2196767157843966,0.2547136293898517
0.001,3,139,0.032868094676139825,0.2563906966960378,0.21927940241665553,0.2542412750265129
0.001,3,140,0.032748440255754144,0.25592358334375576,0.21888280163932497,0.25376961635823514
0.001,3,141,0.03262964357307681,0.25545897350876834,0.21848779847619984,0.25330045326293543
0.001,3,142,0.03251172407191428,0.2549969571266068,0.21809474471416762,0.25283385601650715
0.001,3,143,0.03239512997886812,0.25453930925838597,0.21770541918587175,0.252371697698318
0.001,3,144,0.032279458153578314,0.2540844668750072,0.21731839040478776,0.2519123491892528
0.001,3,145,0.03216432448537348,0.25363093062705694,0.21693223581718069,0.2514542777823449
0.001,3,146,0.03205000573527494,0.25317980067641627,0.2165479735273829,0.25099859613439934
0.001,3,147,0.03193627388391446,0.25273018768605565,0.21616475759861245,0.2505444217520296
0.001,3,148,0.03182343110658757,0.25228329753111906,0.2157839056070683,0.2500929792851223
0.001,3,149,0.03171132777633487,0.2518385505689503,0.21540550049012058,0.24964367995937758
0.001,3,150,0.03159979406699508,0.2513952826406855,0.21502862537844267,0.24919581695996035
0.001,3,151,0.03148938806516797,0.2509557254384445,0.21465451373912103,0.24875168121857383
0.001,3,152,0.0313794654806239,0.2505173266687312,0.21428135827167993,0.2483086813561027
0.001,3,153,0.031270350688417374,0.2500813895051664,0.2139097939713945,0.24786814237413243
0.001,3,154,0.031161771544509116,0.24964683672944513,0.21353960740431327,0.2474289631576622
0.001,3,155,0.031054536839308138,0.24921692093157774,0.21317341516391203,0.24699448859673712
0.001,3,156,0.030948003814762152,0.24878908261723284,0.21280837012669734,0.24656206776462786
0.001,3,157,0.03084180612426464,0.2483618574751954,0.21244371868057843,0.24613024575932488
0.001,3,158,0.030736567479952417,0.2479377642875422,0.21208154392000578,0.24570157054384262
0.001,3,159,0.030632169374371118,0.24751634036714068,0.2117215930188753,0.245275570193063
0.001,3,160,0.030527979648833855,0.24709504102200777,0.21136156626541833,0.24484965471254777
0.001,3,161,0.03042472686189318,0.24667682040229552,0.2110038463478543,0.24442686163027416
0.001,3,162,0.030321913927787384,0.24625967565879472,0.21064665218435663,0.24400511713361575
0.001,3,163,0.030220057821667912,0.2458457151209592,0.21029226104360974,0.243586555907793
0.001,3,164,0.030118417079402587,0.24543193386111184,0.20993834377641743,0.24316815812104903
0.001,3,165,0.03001773657218821,0.24502137283179282,0.20958716841361744,0.24275300536868322
0.001,3,166,0.029917757979474983,0.24461299221208585,0.20923772770864157,0.24234004858868505
0.001,3,167,0.0298189122211285,0.24420856750379788,0.20889142392479754,0.24193106769150236
0.001,3,168,0.029720293095388442,0.24380440150000754,0.20854528825417898,0.24152235443445125
0.001,3,169,0.029622752999235794,0.2434039974989556,0.208202094092095,0.24111745198897583
0.001,3,170,0.02952568669772446,0.24300488348065954,0.20785995327166684,0.24071380287847596
0.001,3,171,0.0294287631404494,0.24260570125390457,0.2075175491961537,0.2403100626724736
0.001,3,172,0.029332324710111712,0.24220786407592843,0.20717616904246336,0.23990767356690373
0.001,3,173,0.029237135539669647,0.24181453860208507,0.20683857230920122,0.23950986055940168
0.001,3,174,0.029142219978115412,0.24142170564435755,0.20650123550173335,0.23911252171663253
0.001,3,175,0.029047737281063118,0.24103002834113063,0.2061645904154885,0.23871631196731896
0.001,3,176,0.028954355240170735,0.24064228739010413,0.2058310995993831,0.2383240801949572
0.001,3,177,0.02886172139258189,0.24025703482970853,0.2054994355210777,0.23793434588032816
0.001,3,178,0.028769608723494617,0.2398733362568446,0.20516897846738458,0.23754619919312323
0.001,3,179,0.028678288028413212,0.23949232984967686,0.20484058814808848,0.23716077738841326
0.001,3,180,0.028587623645523134,0.23911346112472687,0.20451392471588062,0.23677748961628128
0.001,3,181,0.028497191735362377,0.2387349649103054,0.20418744070569878,0.23639456748632934
0.001,3,182,0.028407270777796884,0.2383580113098651,0.20386219685702092,0.23601322687117213
0.001,3,183,0.028317869435180665,0.2379826440527992,0.20353828230232524,0.23563345487553675
0.001,3,184,0.028229207987310302,0.23760979772437962,0.2032164354044412,0.23525622329329307
0.001,3,185,0.02814092086336637,0.23723794326947945,0.20289558115655357,0.2348799955765806
0.001,3,186,0.028053192749301067,0.23686786506109717,0.20257582379696237,0.23450556391979613
0.001,3,187,0.027966056358422354,0.23649970976059295,0.2022575712342154,0.23413308988274234
0.001,3,188,0.027879660187312715,0.2361341152282436,0.20194142518482364,0.2337632196250075
0.001,3,189,0.027793524109331197,0.23576905695757108,0.2016256566997292,0.23339384002435928
0.001,3,190,0.027708293323902223,0.23540727823880986,0.20131231949296863,0.2330277720685843
0.001,3,191,0.027623420255347267,0.23504646457816492,0.2009998532518534,0.23266272064307383
0.001,3,192,0.02753907880159447,0.2346873614048889,0.20068835023529474,0.23229936033532025
0.001,3,193,0.02745497974449536,0.2343287423450028,0.2003774146824654,0.23193651509811813
0.001,3,194,0.027371712598774103,0.23397312922117405,0.20006876899111217,0.2315767345802299
0.001,3,195,0.02728875933958386,0.2336183183724421,0.19976055785480334,0.2312177501568896
0.001,3,196,0.027206557239739488,0.23326618803306873,0.1994546009369616,0.23086146394230467
0.001,3,197,0.02712504430225509,0.23291648418373093,0.19915047795636556,0.23050765804249707
0.001,3,198,0.02704403617750497,0.23256842510325845,0.19884754146901454,0.23015551066695192
0.001,3,199,0.026963485813415383,0.23222181557043853,0.19854575398967944,0.22980481498407773
0.001,3,200,0.0268833471857173,0.23187646359955252,0.1982447989660712,0.22945540761350247
0.001,3,201,0.026803977355203318,0.23153391697633985,0.19794620480886918,0.22910886206125078
0.001,3,202,0.026725221864139996,0.23119352008280852,0.19764909480970394,0.2287644949517471
0.001,3,203,0.026646435522901656,0.23085248763182803,0.19735180329696603,0.22841949932883107
0.001,3,204,0.02656825975190725,0.23051359939017588,0.1970561755860313,0.2280766563334633
0.001,3,205,0.02649059664273688,0.23017643946649657,0.19676192343040347,0.2277355629686618
0.001,3,206,0.026413715043438167,0.22984218517686508,0.196469874358364,0.2273974320199912
0.001,3,207,0.026336827956224638,0.22950742016860648,0.19617752347552134,0.2270587965708736
0.001,3,208,0.026260552279579488,0.2291748340441397,0.1958866430661707,0.22672231231917045
0.001,3,209,0.02618499617929724,0.2288449089636789,0.19559807778175342,0.22638859117389443
0.001,3,210,0.02610933445379994,0.2285140453180064,0.19530829895353866,0.226053908939815
0.001,3,211,0.026034571818373313,0.22818664210848677,0.1950217448367337,0.22572273446300287
0.001,3,212,0.025960179586780974,0.22786039404328684,0.1947366229380719,0.22539275732513023
0.001,3,213,0.02588618947933005,0.22753544549950916,0.19445251221262164,0.22506407636618792
0.001,3,214,0.02581267940909233,0.22721214496189385,0.194169726319655,0.22473709378194956
0.001,3,215,0.025739594179871386,0.2268902562027351,0.1938879352264859,0.22441155759176817
0.001,3,216,0.025667089330173455,0.22657047173086547,0.19360788630287812,0.2240881463238086
0.001,3,217,0.025594946926122422,0.22625183723507053,0.1933288856382662,0.22376591296902176
0.001,3,218,0.025523643149961885,0.2259364651841835,0.19305251657731412,0.22344703137290903
0.001,3,219,0.025452614301950713,0.22562187084567273,0.19277666419416006,0.2231289265928383
0.001,3,220,0.025381596940031996,0.22530688822151884,0.19250055977365987,0.22281040846325414
0.001,3,221,0.025311500509930612,0.224995557778062,0.19222726977808918,0.22249563653042123
0.001,3,222,0.0252416621231625,0.22468494441400608,0.19195452089539053,0.22218158802293264
0.001,3,223,0.025172086789442525,0.22437507343482932,0.19168339091476774,0.22186832543968268
0.001,3,224,0.025103225427356553,0.22406796034844675,0.19141439049182818,0.2215578499334146
0.001,3,225,0.025034814372591807,0.22376243819100564,0.19114663461999346,0.22124902140420016
0.001,3,226,0.024966809407011615,0.2234583156072363,0.19087997034455217,0.2209416104260161
0.001,3,227,0.024899260913327354,0.22315582409306442,0.19061447316451718,0.2206358640344348
0.001,3,228,0.02483177226575946,0.222853190534753,0.1903488682130505,0.22032998729196385
0.001,3,229,0.024764548165890295,0.22255133414963071,0.19008378222927144,0.2200249158475643
0.001,3,230,0.02469813574078665,0.22225271985191386,0.1898211644070686,0.2197231263572552
0.001,3,231,0.024632115769856085,0.22195547197515128,0.1895598609413283,0.2194227699541973
0.001,3,232,0.024566498632853814,0.22165964284395034,0.18929968925980653,0.21912384756777786
0.001,3,233,0.02450119182122684,0.22136482024579623,0.18904021441539767,0.2188259530028097
0.001,3,234,0.024436280077383372,0.22107139153397198,0.1887817917717247,0.218529516488427
0.001,3,235,0.024371719867681805,0.22077916508439743,0.1885246515047946,0.2182343233230877
0.001,3,236,0.0243074941572541,0.22048806841756358,0.18826861500730507,0.21794026545841313
0.001,3,237,0.024243575687718052,0.22019798222380718,0.18801346878959252,0.21764724428940838
0.001,3,238,0.02418025836623401,0.21991024699287667,0.18776019624137424,0.21735661643615248
0.001,3,239,0.024117366748954427,0.2196240731293108,0.18750819095473467,0.21706759465438963
0.001,3,240,0.024054691255081743,0.21933851123358042,0.18725638693416255,0.21677921148770984
0.001,3,241,0.023992327239134977,0.2190539990008627,0.18700542805268558,0.21649190583510636
0.001,3,242,0.023930183850682827,0.21877012524877718,0.18675500737651135,0.21620524052122822
0.001,3,243,0.023868634047398005,0.2184885994618392,0.1865063660849158,0.21592097765913965
0.001,3,244,0.023807348163078893,0.21820791994370367,0.186258441665776,0.21563760153985456
0.001,3,245,0.023746536182994125,0.21792905351510214,0.18601206056393418,0.21535607125825684
0.001,3,246,0.023686226073822172,0.21765213563768296,0.18576715568993282,0.21507654197697287
0.001,3,247,0.023626100042266507,0.21737571180914628,0.18552260765585135,0.21479752910533922
0.001,3,248,0.02356630089722662,0.21710044171869675,0.18527907380812828,0.21451972250452306
0.001,3,249,0.023506832505599276,0.21682634759456368,0.18503629748421838,0.2142430921774423
0.001,3,250,0.023447695900599017,0.21655343867322457,0.18479441813786218,0.21396770542881394
0.001,3,251,0.023388920090467218,0.21628185356366456,0.18455344066473314,0.21369367877017897
0.001,3,252,0.02333058776584273,0.2160119800651933,0.184314065877072,0.2134214100432725
0.001,3,253,0.023272491773658064,0.21574286441807555,0.18407524925868465,0.21314991892235513
0.001,3,254,0.023214635809205988,0.21547452661141173,0.1838369717748065,0.21287924265907315
0.001,3,255,0.02315715366611034,0.21520759125137914,0.1835997863721858,0.21260998989001437
0.001,3,256,0.023100039899277593,0.21494203823020563,0.18336378488121716,0.21234216419941723
0.001,3,257,0.023043269825285193,0.2146777576987667,0.1831290460331764,0.21207566573687708
0.001,3,258,0.022986694945545765,0.2144140617848828,0.1828946186505233,0.21180974691796245
0.001,3,259,0.02293046308584723,0.2141516429348476,0.18266109149382198,0.21154513791792318
0.001,3,260,0.022874261287050383,0.2138890426695598,0.1824273535161906,0.21128036215163387
0.001,3,261,0.022818870767850028,0.21362991723000796,0.18219703040619326,0.21101915270627766
0.001,3,262,0.022763671699364017,0.21337137436574766,0.18196706259639744,0.21075854042046926
0.001,3,263,0.022708705890411587,0.21311361237805335,0.18173771412439566,0.21049876984765437
0.001,3,264,0.02265409628646194,0.21285721170052915,0.18150956067217608,0.2102403787692815
0.001,3,265,0.02259966716835315,0.21260135074054987,0.1812817674170395,0.2099825473895276
0.001,3,266,0.02254539226177958,0.21234590771559306,0.18105465183570957,0.20972515026872315
0.001,3,267,0.02249180598738187,0.21209340389263345,0.18082972180327123,0.20947077503562547
0.001,3,268,0.02243847160402467,0.21184178815344562,0.1806055051930021,0.20921729471428407
0.001,3,269,0.022385515865067596,0.2115916627141419,0.18038253032261928,0.20896534386975701
0.001,3,270,0.022332686156568395,0.21134183758342026,0.1801598502650001,0.20871373525866455
0.001,3,271,0.022280177902800822,0.21109323960184428,0.1799380095456446,0.2084633935732517
0.001,3,272,0.022227934799955443,0.21084560607209932,0.17971667353727266,0.20821402399334796
0.001,3,273,0.022176157121938468,0.21059989136720117,0.17949718986899935,0.2079666382430764
0.001,3,274,0.022124661159085988,0.2103552288824121,0.17927852235256508,0.2077203447402397
0.001,3,275,0.022073128609121136,0.21011010736811847,0.17905919451466162,0.20747358859024823
0.001,3,276,0.022021656142699585,0.2098649858489957,0.17883982776770949,0.20722685463104012
0.001,3,277,0.021970843623746565,0.20962272598049367,0.17862299647780636,0.20698302381294892
0.001,3,278,0.021920456452273432,0.20938221725960127,0.17840776926475727,0.2067409923972501
0.001,3,279,0.021870320438607878,0.20914263285426948,0.17819313895030905,0.20649992272434753
0.001,3,280,0.021820468850294504,0.20890413519265005,0.1779792879948118,0.2062599636076092
0.001,3,281,0.02177079631381122,0.20866622301566307,0.17776583602967355,0.20602063786946231
0.001,3,282,0.02172132759942659,0.20842901717096202,0.17755303677131848,0.2057820471231206
0.001,3,283,0.0216719386876496,0.2081919243758009,0.17734020081874938,0.20554356904799323
0.001,3,284,0.02162297720779901,0.2079566166670299,0.17712877094331397,0.20530692389043625
0.001,3,285,0.021574341224278478,0.20772260938221665,0.17691840768468134,0.205071640541576
0.001,3,286,0.02152615385110247,0.20749050026978327,0.17670952261886674,0.20483827593953738
0.001,3,287,0.021478134903598775,0.2072589438533294,0.1765011620226079,0.204605483577705
0.001,3,288,0.021430325468729135,0.20702814044824502,0.17629335916200978,0.20437349768212418
0.001,3,289,0.021382719637035478,0.2067980639998135,0.17608608385313285,0.2041422652719608
0.001,3,290,0.02133536740254262,0.20656895895822597,0.17587988097255594,0.20391200943601973
0.001,3,291,0.02128806611520455,0.20633984644369854,0.17567369181440654,0.20368178024651118
0.001,3,292,0.021241290789647795,0.20611303107590162,0.17546952767470894,0.2034538721495441
0.001,3,293,0.0211947154323028,0.20588693709073824,0.1752657963220545,0.20322673090791069
0.001,3,294,0.021148232351871535,0.205661043233139,0.1750620800787077,0.20299982420738438
0.001,3,295,0.021102099548291696,0.20543660602868075,0.17485964464022602,0.20277439948838633
0.001,3,296,0.02105617064097506,0.2052129169471311,0.17465770512167467,0.20254974671798118
0.001,3,297,0.02101063272892198,0.20499089115822675,0.17445762059182143,0.20232679726055952
0.001,3,298,0.020965183084040794,0.20476905568977358,0.17425752815466203,0.20210405587360394
0.001,3,299,0.02092004904454126,0.20454852257858652,0.17405841419963328,0.20188265071304756
0.001,3,300,0.020875111716867557,0.20432871416845727,0.173860068193341,0.20166201447526258
0.001,4,1,0.08501243005434704,0.4123407087696946,0.33926649274300463,0.40935938130389526
0.001,4,2,0.0846548121778086,0.411472507411634,0.3385603300834871,0.4085226070266644
0.001,4,3,0.08429549195589159,0.41059832429246856,0.3378494573365706,0.4076799738229082
0.001,4,4,0.08393612687052991,0.40972216652392607,0.33713726116133763,0.406835368849498
0.001,4,5,0.08357699593079214,0.4088447038443623,0.33642478370886425,0.4059895805579827
0.001,4,6,0.0832180739629741,0.40796586612846447,0.3357111544401561,0.4051423656490707
0.001,4,7,0.08285917557668565,0.4070851890616647,0.3349963288982868,0.4042934014056306
0.001,4,8,0.08250108138446477,0.4062045824075961,0.33428183164765835,0.40344438864712423
0.001,4,9,0.08214321985312456,0.405322636557902,0.33356647224169306,0.4025940304666163
0.001,4,10,0.08178539374017912,0.4044388550576691,0.3328500397341493,0.40174181389130276
0.001,4,11,0.0814264221109957,0.40355029949436466,0.33213015460422357,0.4008849473613399
0.001,4,12,0.08106938636511168,0.40266459085723366,0.33141236063737023,0.40003057239832235
0.001,4,13,0.08071274468606916,0.401777910507955,0.3306946021885097,0.3991753390499843
0.001,4,14,0.08035532462827255,0.4008873273833249,0.3299736159479122,0.398316124423755
0.001,4,15,0.07999857342397262,0.399996433544032,0.32925257650048556,0.39745649429905877
0.001,4,16,0.07964174374962821,0.3991033544074222,0.3285301230727014,0.3965946396630573
0.001,4,17,0.07928424010104664,0.3982065798076336,0.3278047726322618,0.3957291444680621
0.001,4,18,0.07892716415969116,0.39730885758988854,0.32707888629479454,0.3948625538166651
0.001,4,19,0.0785706490391524,0.39641051711364167,0.3263532691884395,0.39399535397309665
0.001,4,20,0.07821395959619522,0.395509695446762,0.3256257322813089,0.39312560208838415
0.001,4,21,0.07785783185808226,0.39460824081126905,0.32489794213839407,0.39225505962365365
0.001,4,22,0.0775029380373785,0.3937078562522686,0.32417097224327124,0.3913852987440218
0.001,4,23,0.0771480293573582,0.39280537001766713,0.3234429698130209,0.3905134580318986
0.001,4,24,0.0767936637758501,0.3919021913076019,0.3227143350333882,0.3896407353633084
0.001,4,25,0.07643897498838216,0.3909960996950792,0.3219835826642169,0.38876505690849633
0.001,4,26,0.07608702079004163,0.390094913553206,0.3212570045239562,0.3878939155949438
0.001,4,27,0.0757330715008163,0.38918651441388946,0.3205255111082377,0.38701568923796614
0.001,4,28,0.07538051952867673,0.38827958877251517,0.31979773566435843,0.3861386007900089
0.001,4,29,0.07502751196439067,0.3873693636941122,0.3190682391498306,0.3852581573567209
0.001,4,30,0.07467565278035122,0.3864599663104866,0.31833971910651293,0.3843783411548382
0.001,4,31,0.07432468338106635,0.38555073176189497,0.31761178817661795,0.38349849569812827
0.001,4,32,0.07397320913761128,0.3846380353985063,0.3168813983541693,0.38261519121634113
0.001,4,33,0.07362204469725235,0.3837239755273375,0.31615038676475377,0.3817303209299904
0.001,4,34,0.07327326337806117,0.3828139584133817,0.31542220874961874,0.38084900544812633
0.001,4,35,0.07292325691411236,0.3818985648417976,0.31469057272208234,0.37996254297422394
0.001,4,36,0.07257549003057903,0.3809868502470368,0.313963146350778,0.37907926122731495
0.001,4,37,0.07222877089338373,0.3800757053361441,0.3132366381738356,0.37819637271429474
0.001,4,38,0.07188077139965772,0.3791589940899667,0.31250611252066834,0.37730791612595926
0.001,4,39,0.07153472934309973,0.3782452361711902,0.3117778632966493,0.3764221033107464
0.001,4,40,0.0711898030891899,0.37733222255511095,0.3110527012059274,0.375536590564106
0.001,4,41,0.07084579500091316,0.3764194336133913,0.310329124204495,0.3746511577231135
0.001,4,42,0.07050214761664662,0.3755053864238078,0.3096047115537606,0.3737642421316017
0.001,4,43,0.07015939299371282,0.37459149214501075,0.30888049105164395,0.3728772581658769
0.001,4,44,0.06981773025511327,0.37367828477211057,0.30815723327542427,0.371990599680575
0.001,4,45,0.06947597551217505,0.3727625933812969,0.3074322516041206,0.37110145652078635
0.001,4,46,0.06913529480973783,0.3718475354489736,0.30670748216852056,0.3702125953012576
0.001,4,47,0.068794558270106,0.3709300696091003,0.30598140737801366,0.3693212561629572
0.001,4,48,0.06845577928836978,0.3700156193686147,0.3052601265201016,0.36843259707675263
0.001,4,49,0.06811748156216235,0.36910020742926264,0.30453994020363706,0.3675427249841338
0.001,4,50,0.06777879036006766,0.3681814508094281,0.30381746093914586,0.3666493695417683
0.001,4,51,0.06744205645527761,0.3672657252052732,0.3030977506088049,0.3657587792842301
0.001,4,52,0.06710513984289712,0.36634721192578257,0.3023766066787405,0.36486517868884966
0.001,4,53,0.06677036616230096,0.3654322540835742,0.30165837145297275,0.3639748211156282
0.001,4,54,0.06643634128969376,0.36451705389376166,0.3009397401835949,0.3630839241922295
0.001,4,55,0.06610240090021688,0.3635997824537767,0.3002197588693475,0.3621907710437093
0.001,4,56,0.06576968766443857,0.36268357466099443,0.2995020681988964,0.36129836088795797
0.001,4,57,0.06543743080410272,0.3617663080058803,0.2987835785875466,0.36040469762536753
0.001,4,58,0.06510657158668501,0.3608505828918252,0.2980664961535686,0.3595123082659423
0.001,4,59,0.06477622747434149,0.3599339591490125,0.2973485249701166,0.3586187241892487
0.001,4,60,0.06444759121862717,0.35901975215474474,0.296632650986489,0.35772727479719757
0.001,4,61,0.06412104134064624,0.35810903741918115,0.29591934998724423,0.35683901499004445
0.001,4,62,0.06379396778778627,0.35719453463844114,0.29520305943192887,0.3559467020666573
0.001,4,63,0.0634695110220323,0.35628502921686817,0.29449172970575704,0.35505916376795704
0.001,4,64,0.06314270527240609,0.3553665861400199,0.2937740424125567,0.35416283121255837
0.001,4,65,0.06281944040470236,0.3544557529641813,0.2930617844747032,0.3532733920838679
0.001,4,66,0.06249759814538506,0.3535465970572622,0.2923516632462412,0.35238528664511126
0.001,4,67,0.06217595744572189,0.3526356687736562,0.29164063422477493,0.35149532853951937
0.001,4,68,0.06185458302129002,0.3517231383383528,0.290929211652429,0.3506035711546981
0.001,4,69,0.0615352175900631,0.3508139609253403,0.2902205767798561,0.34971476606286156
0.001,4,70,0.06121681065971269,0.34990516046412545,0.28951240807887285,0.34882614680758606
0.001,4,71,0.06089925209007236,0.34899642430853745,0.2888044182014403,0.34793728429664195
0.001,4,72,0.0605841448648219,0.3480923580454529,0.28810057052758614,0.347052905942072
0.001,4,73,0.06027066960777695,0.3471906381450311,0.28739912808875295,0.34617052920438307
0.001,4,74,0.059957905511977286,0.34628862387314224,0.2866972542145466,0.3452876229013835
0.001,4,75,0.05964597247949825,0.3453866600767848,0.2859957925147055,0.34440445778028134
0.001,4,76,0.05933336392559518,0.3444803736806937,0.28529331300791483,0.34351684586589815
0.001,4,77,0.05902483014132753,0.3435835564788499,0.2845990904432971,0.3426383602357779
0.001,4,78,0.05871593561191555,0.3426833395772708,0.28390258127705675,0.34175623833763374
0.001,4,79,0.05840876206394898,0.34178578690152983,0.2832080549391025,0.34087657201840493
0.001,4,80,0.058102691192227975,0.34088910569928155,0.28251403454226137,0.3399974715725368
0.001,4,81,0.05779711926096496,0.3399915271325595,0.2818189886208844,0.3391171868806236
0.001,4,82,0.05749253193099482,0.33909447630710476,0.2811247478038444,0.33823733044612186
0.001,4,83,0.05718917948979427,0.3381986974835777,0.2804312088194726,0.33735849998499884
0.001,4,84,0.05688767402608324,0.33730601544023264,0.2797397439483545,0.3364823988240655
0.001,4,85,0.056586891130484436,0.33641311249856015,0.27904926999962537,0.33560598767508276
0.001,4,86,0.056288391349806316,0.33552463799192545,0.278362508458206,0.3347336335627567
0.001,4,87,0.055989103298491175,0.3346314489060799,0.27767223737156993,0.33385645142607473
0.001,4,88,0.055691937190006535,0.3337422274450943,0.2769848158067428,0.3329828895113897
0.001,4,89,0.05539697266519453,0.3328572446716295,0.27630043991168757,0.3321132728808776
0.001,4,90,0.055103126603145765,0.33197327182514486,0.27561833944710357,0.3312446005509316
0.001,4,91,0.05481132364567034,0.331093109700792,0.2749396899486026,0.33037935248230593
0.001,4,92,0.054518822327103394,0.33020848664776437,0.2742585570207663,0.3295095396557447
0.001,4,93,0.0542286293090122,0.32932849651681284,0.2735809828797004,0.32864419749470164
0.001,4,94,0.05393952669976578,0.32844946856332646,0.2729051331089783,0.3277796621762809
0.001,4,95,0.05365369958004402,0.32757808101289076,0.27223528065319025,0.3269223408608384
0.001,4,96,0.053367155888397674,0.32670217595968865,0.27156274027165006,0.3260603652032349
0.001,4,97,0.053083075990133795,0.3258314778843008,0.2708950181862322,0.3252034350773926
0.001,4,98,0.05279964932133171,0.3249604570446432,0.27022716246182094,0.3243458911284555
0.001,4,99,0.05251747218923402,0.32409095078151756,0.2695604655057495,0.32348965289230813
0.001,4,100,0.05223754229581726,0.3232260580331272,0.26889701039999475,0.32263772239641375
0.001,4,101,0.05195903933564523,0.32236327128146974,0.2682354426165879,0.3217878333040777
0.001,4,102,0.05168177766521481,0.3215020300564673,0.26757542579815086,0.3209393770875163
0.001,4,103,0.05140549490962162,0.3206415285318532,0.26691569797998344,0.3200914210623492
0.001,4,104,0.05112824398702406,0.31977568383798055,0.26625200724317255,0.31923785366668916
0.001,4,105,0.05085452900303204,0.3189185758247144,0.2655953098306371,0.31839284883217406
0.001,4,106,0.05058075349026832,0.3180589677725447,0.2649378966530049,0.3175452300518913
0.001,4,107,0.05030983952344248,0.31720605140331887,0.26428585850354086,0.31670409263348315
0.001,4,108,0.050040261120921345,0.3163550572408203,0.2636356537086227,0.31586464652043006
0.001,4,109,0.04977162744007565,0.3155047620562189,0.26298603275901444,0.31502574111659015
0.001,4,110,0.049504503364077586,0.31465696675610916,0.26233810163748555,0.314189168398745
0.001,4,111,0.04923883697980259,0.3138115261739205,0.26169255073926984,0.3133548895318003
0.001,4,112,0.04897591280621324,0.3129725636736014,0.26105254698930197,0.31252682295279427
0.001,4,113,0.048713756957157364,0.31213380770803206,0.26041274941689174,0.3116987792849169
0.001,4,114,0.048453137674688576,0.3112977278255933,0.25977473289761976,0.31087333460995686
0.001,4,115,0.0481939788412248,0.31046410047290424,0.2591383269615127,0.3100501592633496
0.001,4,116,0.047936571211492335,0.30963388448776835,0.25850499962815754,0.3092302859386537
0.001,4,117,0.047680084824215936,0.30880441973590966,0.25787228797908934,0.30841101867198406
0.001,4,118,0.04742455148370251,0.3079758155560352,0.25724013428668824,0.3075925544605855
0.001,4,119,0.04717144229856333,0.3071528684501036,0.2566118505826589,0.30677948848867276
0.001,4,120,0.04691875464176116,0.3063290865776907,0.2559828692011764,0.3059655149262568
0.001,4,121,0.046667247400133824,0.30550694722095545,0.25535490692398866,0.3051530405742136
0.001,4,122,0.04641836757718716,0.3046912127948135,0.2547319198220188,0.30434670534519265
0.001,4,123,0.0461711958249051,0.30387890951793645,0.2541114963483538,0.3035437445476205
0.001,4,124,0.045923343796991145,0.30306218436812976,0.25348773851172435,0.3027363596098582
0.001,4,125,0.045677938988266026,0.30225134900696815,0.2528683045645889,0.3019346095654692
0.001,4,126,0.045433079964459895,0.3014401431941668,0.2522484919491527,0.3011322847100486
0.001,4,127,0.04519174221564609,0.3006384613307023,0.2516354646054335,0.3003394041917271
0.001,4,128,0.0449516364828703,0.29983874493757573,0.251023771708916,0.299548444204418
0.001,4,129,0.04471222197192271,0.2990392013496649,0.250412075920416,0.2987574760229633
0.001,4,130,0.044474294764506137,0.2982425012117023,0.24980218511325403,0.29796933611382936
0.001,4,131,0.0442370256895865,0.29744587974818715,0.24919227369155944,0.2971812538878607
0.001,4,132,0.04400281182829111,0.296657418003633,0.24858804465334122,0.29640108932695225
0.001,4,133,0.04376927662307215,0.29586914885831594,0.24798414471536517,0.29562103300811343
0.001,4,134,0.04353720354163481,0.2950837289368386,0.24738181852050245,0.29484364263148516
0.001,4,135,0.04330648307761511,0.2943008089612229,0.24678109642915208,0.2940687521660553
0.001,4,136,0.04307709539020184,0.29352034134009125,0.24618232873991702,0.2932962335586922
0.001,4,137,0.04284975259207888,0.2927447782355097,0.24558761396012027,0.2925285063940441
0.001,4,138,0.04262359141754933,0.29197120206468763,0.24499401199302157,0.29176268147296763
0.001,4,139,0.04239868939123987,0.2911998948874806,0.24440190615777624,0.2909989920831106
0.001,4,140,0.04217538667441421,0.29043204600874956,0.24381229768337798,0.29023868261460123
0.001,4,141,0.04195394754870641,0.28966859529022615,0.24322596667585486,0.28948276383429217
0.001,4,142,0.04173342056248262,0.28890628432930504,0.24264081288519804,0.28872779984095437
0.001,4,143,0.041513371299107336,0.2881436145365964,0.24205629767201414,0.28797244821297957
0.001,4,144,0.041295647454440275,0.2873870124220657,0.2414776088346113,0.28722302728808163
0.001,4,145,0.04107921713019711,0.2866329259879162,0.2409005974613284,0.28647602229675023
0.001,4,146,0.04086519731374216,0.2858852822855425,0.24032830280223513,0.28573549505525275
0.001,4,147,0.04065231333167365,0.28513966168063554,0.23975770046198774,0.28499689793983773
0.001,4,148,0.04044053263827705,0.284395965647465,0.23918839905436656,0.2842600923080712
0.001,4,149,0.040230091677703764,0.2836550428873203,0.23862094649789345,0.2835260459952692
0.001,4,150,0.040019980458635945,0.28291334524421413,0.23805360026968467,0.2827911505771104
0.001,4,151,0.03981208524227501,0.28217755134764,0.23749051728217363,0.28206217172741394
0.001,4,152,0.03960644015087361,0.2814478287387331,0.2369322311342096,0.281339143459965
0.001,4,153,0.039401233575998486,0.28071777135050957,0.23637391619463585,0.28061563614767043
0.001,4,154,0.03919876945855985,0.27999560517465216,0.235821373845704,0.2798999709667077
0.001,4,155,0.038997926859237635,0.27927737774204925,0.23527160495978877,0.27918826629725213
0.001,4,156,0.038798229192898145,0.27856140864411977,0.23472318669991982,0.27847866906903324
0.001,4,157,0.03859947811854907,0.2778470014902053,0.23417565583465688,0.2777706509382787
0.001,4,158,0.03840108096638903,0.2771320297850432,0.2336274899493853,0.27706200870812686
0.001,4,159,0.03820544814866019,0.27642520922904334,0.23308637049553965,0.2763614404301041
0.001,4,160,0.038010309966242606,0.27571837068371996,0.23254502944140565,0.2756608742563353
0.001,4,161,0.03781719918890528,0.27501708742878245,0.2320077275142536,0.2749658243627232
0.001,4,162,0.03762557643304374,0.2743194358154148,0.23147274416471728,0.27427429642666523
0.001,4,163,0.037435118949838794,0.2736242640916145,0.2309394290279884,0.27358519267175274
0.001,4,164,0.037245779569640716,0.2729314183806647,0.23040817861262222,0.27289841052507857
0.001,4,165,0.03705590877842044,0.27223485735085595,0.22987383089233332,0.27220779638830217
0.001,4,166,0.0368692891576851,0.27154848243982177,0.22934688997094885,0.2715273756229743
0.001,4,167,0.0366833987235612,0.27086306032222707,0.22882066230392883,0.2708478872422998
0.001,4,168,0.03649959744441902,0.27018363179296784,0.2282993610661877,0.2701742675516203
0.001,4,169,0.036317358057339995,0.2695082857996763,0.22778133217172694,0.26950473800832603
0.001,4,170,0.03613599270126505,0.26883449444319846,0.2272652653353797,0.2688368070314304
0.001,4,171,0.03595497822094382,0.26816031854449984,0.22674895164094522,0.2681683696162804
0.001,4,172,0.035775315476459964,0.26748949690206514,0.22623498560219527,0.26750339823973945
0.001,4,173,0.03559797695256402,0.26682569948400403,0.22572658847676091,0.26684530406184087
0.001,4,174,0.03542254109429784,0.26616739505167736,0.22522359102661635,0.2661926645419457
0.001,4,175,0.035247406459046844,0.26550859292703444,0.224719881120504,0.2655395175039014
0.001,4,176,0.035074137033035475,0.264855194523481,0.2242198552282404,0.26489167268937386
0.001,4,177,0.03490080367953014,0.264199938226829,0.22371828679464623,0.2642420343943094
0.001,4,178,0.03472946954486481,0.26355063856824484,0.22322122074277015,0.2635983225720154
0.001,4,179,0.03455877605791246,0.2629021721397998,0.222725184383611,0.26295539352703007
0.001,4,180,0.03439047429743341,0.26226122205706814,0.22223478072196642,0.26231996819960424
0.001,4,181,0.034223320958737216,0.2616230913307815,0.22174633883413838,0.2616873462069796
0.001,4,182,0.034058024206942754,0.2609905140304634,0.2212617336370988,0.26106017008912474
0.001,4,183,0.033893359599471144,0.2603588277722541,0.2207773972882299,0.26043385282098025
0.001,4,184,0.03372976593187739,0.2597297284943616,0.22029479599026142,0.25981024520454754
0.001,4,185,0.033567533738390005,0.25910435634465895,0.21981470289687058,0.2591902398149505
0.001,4,186,0.03340665008251334,0.25848268832752935,0.21933705226044536,0.25857396799630933
0.001,4,187,0.033247156558671484,0.2578649125362793,0.218861863265878,0.2579614067830642
0.001,4,188,0.033088870125456096,0.25725034548259057,0.21838903375503027,0.25735215332195027
0.001,4,189,0.03293168520502877,0.256638598831231,0.2179181101528352,0.2567456719246003
0.001,4,190,0.03277546120392832,0.2560291436689516,0.21744889016854035,0.25614144198277694
0.001,4,191,0.032620810625874706,0.2554243943944067,0.21698291577863812,0.2555419231793095
0.001,4,192,0.03246733294201037,0.25482281272292073,0.2165189919136131,0.2549454649490591
0.001,4,193,0.03231507176537632,0.25422459269463415,0.2160576309619808,0.2543525115689005
0.001,4,194,0.03216384598769852,0.2536290440296557,0.21559790297060355,0.2537621193553118
0.001,4,195,0.03201437042654758,0.2530390105361131,0.2151420057789527,0.2531771570546127
0.001,4,196,0.03186573055339242,0.25245090831047695,0.21468739480189594,0.25259422016897276
0.001,4,197,0.03171816467097917,0.2518656970330782,0.21423450919230272,0.25201409137842845
0.001,4,198,0.031570873057352476,0.2512802143319385,0.21378121992777666,0.251433738312209
0.001,4,199,0.031425206204303655,0.2506998452504654,0.21333137345352388,0.2508584465989338
0.001,4,200,0.0312807890174884,0.25012312575005297,0.21288395099078103,0.25028682504801375
0.001,4,201,0.031137798376234517,0.2495507899255561,0.21243944637195467,0.24971952437368802
0.001,4,202,0.030995579661484206,0.2489802388202092,0.211996233794946,0.24915408906388825
0.001,4,203,0.030854194345614528,0.24841173219320592,0.21155389673914898,0.24859057698414033
0.001,4,204,0.030712943320458378,0.2478424633530678,0.21111079558237283,0.24802633544734456
0.001,4,205,0.03057380623394728,0.24728043284476545,0.21067285415928885,0.2474692823864714
0.001,4,206,0.030435730621704973,0.24672142437050323,0.210236844035365,0.24691520178783652
0.001,4,207,0.030298712556505063,0.24616544256456901,0.2098029604443554,0.24636419034450824
0.001,4,208,0.030162784751972076,0.24561264117293344,0.2093712724092118,0.24581636492681488
0.001,4,209,0.030028183010730528,0.2450640039284861,0.2089422272636665,0.24527265670438744
0.001,4,210,0.029894323060930632,0.24451716938051868,0.20851408564360327,0.24473070112911297
0.001,4,211,0.02976200911923301,0.2439754459745202,0.20808967842424125,0.24419384642978365
0.001,4,212,0.02963009333791092,0.24343415264876422,0.2076663534304207,0.2436574325956871
0.001,4,213,0.0294998692199688,0.2428986176163578,0.20724700110207703,0.24312675681377788
0.001,4,214,0.029370289713586743,0.24236455893379602,0.20682855823186178,0.24259758925686775
0.001,4,215,0.029241298890192113,0.24183175511165655,0.20641074024399428,0.2420696602197341
0.001,4,216,0.02911464046612104,0.2413074406897601,0.2059989999350916,0.24155010482839126
0.001,4,217,0.028988196554095194,0.24078287544630408,0.2055868118535211,0.2410304314920966
0.001,4,218,0.02886271633785967,0.24026117596423968,0.20517663052659063,0.24051354167644692
0.001,4,219,0.02873854809504111,0.23974381366384037,0.20476997758621698,0.24000087820250937
0.001,4,220,0.028614745882792753,0.23922686255014403,0.2043639121371025,0.23948868532574835
0.001,4,221,0.028492092801197806,0.23871360581750595,0.20396047552210395,0.23898017904990887
0.001,4,222,0.028370812951695388,0.23820500814086756,0.2035602717368685,0.2384763461895456
0.001,4,223,0.028250453380110622,0.23769919385690236,0.20316181839058514,0.23797522076359554
0.001,4,224,0.028130775898341974,0.2371951765881506,0.20276545812621483,0.23747593163091746
0.001,4,225,0.028012068197783138,0.23669418327362055,0.2023713863453178,0.2369796300011395
0.001,4,226,0.027894185559788908,0.23619562044961337,0.2019789213883268,0.23648573203955406
0.001,4,227,0.027776485050315925,0.23569677575357675,0.20158635116838083,0.23599162835097862
0.001,4,228,0.027660617733967073,0.23520466718994787,0.20119863111623293,0.2355041872683325
0.001,4,229,0.02754532492772687,0.23471397456362444,0.20081183218388374,0.23501816305076814
0.001,4,230,0.0274314865021679,0.23422846326681948,0.20042861158585729,0.2345373280147278
0.001,4,231,0.027318154646027003,0.23374411071095247,0.20004588374910948,0.23405757779518974
0.001,4,232,0.02720594052189194,0.2332635441807911,0.1996657977258979,0.23358160007000103
0.001,4,233,0.027094092258159327,0.23278355722928254,0.1992858942282736,0.23310626332581713
0.001,4,234,0.026983541139929818,0.2323081623186315,0.1989090303324981,0.23263542292352496
0.001,4,235,0.026874055219136952,0.23183638721795571,0.19853485138010218,0.2321681715714609
0.001,4,236,0.026765602693740002,0.23136811661825837,0.19816333883274845,0.23170440204978318
0.001,4,237,0.02665715875858198,0.2308989335557095,0.19779134327767137,0.2312398073400885
0.001,4,238,0.02654950274898811,0.23043221454036375,0.19742280389133277,0.23077765708509135
0.001,4,239,0.026443154465687572,0.22997023488133228,0.19705743116482793,0.23032016397264943
0.001,4,240,0.026337529837357584,0.2295104783549439,0.1966935997540801,0.229864927110574
0.001,4,241,0.026232468569325356,0.2290522585320885,0.19633054655310386,0.2294112027379806
0.001,4,242,0.02612823181898667,0.22859672709374765,0.19596936895435355,0.22896016014941412
0.001,4,243,0.026025571303549964,0.22814719504543537,0.19561243937096573,0.22851507661133524
0.001,4,244,0.025923585528090425,0.22769973881447658,0.1952567861681736,0.22807205546721465
0.001,4,245,0.025822315948194282,0.2272545530817558,0.1949025060567826,0.22763126280159318
0.001,4,246,0.025721321835870628,0.22680970806326006,0.19454823476774488,0.2271907904578445
0.001,4,247,0.025621278208577486,0.2263681877321877,0.19419622467359057,0.22675369972404108
0.001,4,248,0.025521940537091184,0.22592892925471578,0.19384565893780642,0.22631878857373336
0.001,4,249,0.0254236274007906,0.22549335866402184,0.19349760890989942,0.22588751720179362
0.001,4,250,0.025326166635888228,0.22506073240744698,0.19315156677094342,0.22545925105364792
0.001,4,251,0.025228985870312325,0.22462851942846582,0.19280546361084794,0.22503134924524254
0.001,4,252,0.025132939839858218,0.22420053452147798,0.19246240691614339,0.22460766891259282
0.001,4,253,0.025037344412391697,0.22377374471725542,0.1921200355509523,0.22418520051349178
0.001,4,254,0.02494294382294369,0.22335148901649923,0.19178136439641566,0.22376720681521461
0.001,4,255,0.024849173174281855,0.22293125924500518,0.19144392920401287,0.22335123487046146
0.001,4,256,0.024755725962747083,0.22251168941315008,0.19110771018504172,0.22293592051531808
0.001,4,257,0.024662882140101552,0.22209404377471068,0.1907730411786533,0.2225225047647833
0.001,4,258,0.024571172858870907,0.22168072924307564,0.1904414065377311,0.22211339618497103
0.001,4,259,0.02448006839118582,0.22126937606088115,0.1901108904761587,0.2217061914134889
0.001,4,260,0.024389556979018855,0.2208599419497291,0.18978177215101658,0.221300958025205
0.001,4,261,0.024300024922478822,0.22045418990111676,0.18945512767472283,0.22089932733378675
0.001,4,262,0.02421109926640494,0.22005044542742894,0.18912972656116306,0.22049971943717553
0.001,4,263,0.02412284939851672,0.2196490355021698,0.18880598038608465,0.22010242965598145
0.001,4,264,0.024035208626728612,0.21924966876476057,0.18848342008318028,0.21970716080341182
0.001,4,265,0.023948302088116963,0.2188529281874792,0.18816277768651712,0.21931449620647792
0.001,4,266,0.02386218023878213,0.21845905904211035,0.18784397807390993,0.21892470333614863
0.001,4,267,0.02377625351143794,0.21806537327800551,0.18752506686193546,0.218535055096287
0.001,4,268,0.023691571504517728,0.21767669376631815,0.1872100177428894,0.21815033263208303
0.001,4,269,0.0236075592696649,0.21729040139713904,0.1868966402813231,0.2177680486786954
0.001,4,270,0.02352419732322766,0.2169064190992404,0.18658481999427912,0.21738802934478962
0.001,4,271,0.023441294617461562,0.21652387682406557,0.18627379855830004,0.21700943815974702
0.001,4,272,0.02335883251894291,0.2161426960086457,0.18596362580221837,0.2166322273047316
0.001,4,273,0.02327722780569237,0.21576481550842516,0.1856557937154909,0.21625828566382724
0.001,4,274,0.023196238813402534,0.21538913070720414,0.1853494062730259,0.21588651724994998
0.001,4,275,0.023115723362126927,0.2150149918592977,0.18504406013399272,0.21551626926880518
0.001,4,276,0.02303578481443147,0.2146428886053832,0.18474022335116488,0.21514802294618135
0.001,4,277,0.022956484661557676,0.21427311852660227,0.1844384091405218,0.2147821530468202
0.001,4,278,0.022877724288468005,0.21390523270115672,0.18413781413537086,0.21441815364934544
0.001,4,279,0.022799879515952033,0.2135410008216316,0.18384012619557513,0.21405778371354064
0.001,4,280,0.02272259263648468,0.21317876365381558,0.1835440084371866,0.21369933786219597
0.001,4,281,0.022645854960990083,0.2128184905546982,0.18324902986314234,0.21334279926632124
0.001,4,282,0.022569693129705335,0.2124603169050886,0.18295557040139176,0.21298835235370492
0.001,4,283,0.022493958051283368,0.21210355042423673,0.18266293997530106,0.21263527815643174
0.001,4,284,0.022418692583625326,0.21174840062501216,0.18237139934580762,0.21228389177952747
0.001,4,285,0.02234324204502337,0.21139177867184603,0.18207843765738596,0.2119310720564181
0.001,4,286,0.0222690178610593,0.21104036514875205,0.18178949075701417,0.21158336107650424
0.001,4,287,0.022195259010959395,0.21069057411739803,0.18150166036645815,0.2112372235720346
0.001,4,288,0.022122308754649867,0.2103440455760508,0.18121622681424232,0.21089437361254568
0.001,4,289,0.022049913156865438,0.2099995864608568,0.18093216238475454,0.21055354696799158
0.001,4,290,0.021977934882705708,0.20965655192578986,0.18064929941753258,0.21021419030454436
0.001,4,291,0.021906607550742318,0.20931606508217337,0.18036814165239567,0.209877297570309
0.001,4,292,0.021835757406457646,0.2089773069328708,0.1800885614640195,0.20954211039836768
0.001,4,293,0.02176535160842963,0.2086401284912834,0.1798100658256734,0.20920851136289326
0.001,4,294,0.021695523665654026,0.20830517835931983,0.17953313867916623,0.20887708966572827
0.001,4,295,0.021626164413975,0.20797194240558028,0.17925732401848135,0.20854736849908043
0.001,4,296,0.021556874720298314,0.2076385066421848,0.178981069056664,0.20821746144221367
0.001,4,297,0.021488343464406277,0.20730819310585039,0.17870712542058143,0.20789068340259023
0.001,4,298,0.021420691938706486,0.20698160275109712,0.17843590635840545,0.20756754448155232
0.001,4,299,0.02135335712906361,0.20665602884534295,0.1781655584031175,0.20724544332894745
0.001,4,300,0.02128634276957161,0.20633149429775188,0.17789579386508655,0.20692433651555875
0.001,5,1,0.05130179745918904,0.3203179590943631,0.2747957515268284,0.3243179811985456
0.001,5,2,0.051028814054588915,0.3194645960183661,0.27408756300893744,0.32348206051156714
0.001,5,3,0.050759529643330886,0.31862055691160573,0.2733865742997753,0.3226550294119543
0.001,5,4,0.05049038986617252,0.31777473111049126,0.27268368916184504,0.32182612938834565
0.001,5,5,0.0502237894744299,0.31693466037790785,0.2719851749407436,0.3210025162864267
0.001,5,6,0.04995879905992445,0.31609745035328723,0.27128945734070586,0.32018169734225815
0.001,5,7,0.049695737874658606,0.31526413647815577,0.27059675086713036,0.3193643875371326
0.001,5,8,0.04943509650454487,0.3144363099406456,0.2699080176164508,0.31855223236189184
0.001,5,9,0.04917639921793644,0.3136124972571611,0.26922310250289183,0.31774384103562575
0.001,5,10,0.04891971763786284,0.3127929591210865,0.26854260300154387,0.316939391084305
0.001,5,11,0.04866397364719813,0.3119742734495847,0.2678628244660185,0.31613568011323095
0.001,5,12,0.0484116510127712,0.3111644292420687,0.26719002989500584,0.3153403808696029
0.001,5,13,0.048160819973027284,0.31035727790089696,0.26652002965093746,0.3145474770797925
0.001,5,14,0.047912625280725485,0.3095565385538657,0.2658572614859517,0.31376068103813703
0.001,5,15,0.04766530190920072,0.3087565445758218,0.2651948743614297,0.31297433509207795
0.001,5,16,0.04741968548532392,0.30796001521406613,0.264535197282456,0.3121912504104252
0.001,5,17,0.04717685297330425,0.307170483521136,0.2638813427294699,0.3114147841232749
0.001,5,18,0.04693595010849413,0.3063852154020952,0.2632304391406961,0.3106423100280938
0.001,5,19,0.04669543461640263,0.30559919704214744,0.262578758996045,0.3098689309376581
0.001,5,20,0.046459031066151395,0.304824641609406,0.261936006504301,0.30910658005789954
0.001,5,21,0.046222320571622726,0.30404710349425373,0.26129028371712937,0.3083410131933786
0.001,5,22,0.045988078559343566,0.30327571138930187,0.26064921162778026,0.3075813446981422
0.001,5,23,0.04575682804488146,0.30251224122300063,0.26001421000301683,0.3068291677978578
0.001,5,24,0.045526335248085796,0.30174935044863244,0.25937927117252746,0.306077407330534
0.001,5,25,0.04529703572242151,0.300988490552119,0.2587455584654703,0.3053275474191579
0.001,5,26,0.045070153688971146,0.3002337545612456,0.2581164131934555,0.3045834546424955
0.001,5,27,0.044845442413635785,0.29948436491288083,0.25749181727481624,0.3038443746647653
0.001,5,28,0.044622349077123494,0.2987385113343223,0.2568710733493684,0.30310855579532797
0.001,5,29,0.04440075029069725,0.29799580631511324,0.2562523588101046,0.3023757201451935
0.001,5,30,0.04418091525870304,0.2972571790847213,0.25563712305839514,0.3016466949379401
0.001,5,31,0.04396255416585897,0.29652168273453117,0.25502446563741643,0.30092049292631307
0.001,5,32,0.04374631685392559,0.2957915375866104,0.25441596827643453,0.3001992997210018
0.001,5,33,0.04353158669136943,0.2950646935550556,0.25380988387305775,0.29948119257468264
0.001,5,34,0.04331835138055972,0.2943411333149335,0.25320611646138474,0.29876611804986636
0.001,5,35,0.04310713470486375,0.29362266501366596,0.25260607651036165,0.29805590486572725
0.001,5,36,0.04289717744622563,0.29290673411932894,0.25200776057471785,0.29734797837377286
0.001,5,37,0.04268914913367007,0.29219565066465336,0.25141291407924676,0.2966446606028221
0.001,5,38,0.0424822330221607,0.29148664814073627,0.2508194592626967,0.29594317579055673
0.001,5,39,0.04227660506379518,0.290780346873014,0.25022779910464177,0.295244205210125
0.001,5,40,0.04207296938791809,0.2900791939726739,0.2496399674882521,0.2945500946540225
0.001,5,41,0.04187062996535123,0.2893808216359586,0.2490545546948826,0.29385847824371986
0.001,5,42,0.041669270854811605,0.2886841556262193,0.24847029939830273,0.29316848035276777
0.001,5,43,0.04147007408879138,0.28799331273066525,0.24789065067800445,0.29248401782743655
0.001,5,44,0.04127276448363415,0.28730737715427407,0.24731488253436965,0.2918042128907068
0.001,5,45,0.041076334669847205,0.2866228695336337,0.246740209419573,0.2911256879610472
0.001,5,46,0.04088168365350192,0.28594294414621224,0.2461690740988403,0.29045147522195885
0.001,5,47,0.04068833812335354,0.28526597456883473,0.24559982975977696,0.28977992907144084
0.001,5,48,0.040496085082139345,0.28459123346350407,0.2450321013159092,0.28911043805220193
0.001,5,49,0.0403062387740815,0.28392336562559095,0.24446976420101105,0.28844758393651593
0.001,5,50,0.04011751333003195,0.28325788013762987,0.24390900796477458,0.2877869700792507
0.001,5,51,0.03993019712250103,0.28259581427367614,0.24335094679037117,0.28712957263120836
0.001,5,52,0.039744767757004154,0.28193888613316237,0.24279763709395874,0.28647703506088673
0.001,5,53,0.039560882492376104,0.28128591323554086,0.2422473221615863,0.28582825046341603
0.001,5,54,0.039377476213260716,0.28063312781373734,0.24169670620067188,0.285179496723518
0.001,5,55,0.03919517146007116,0.27998275468346673,0.2411481408173612,0.28453296932435745
0.001,5,56,0.039014947199254406,0.279338315306921,0.2406054182348407,0.2838921256091332
0.001,5,57,0.03883610669526147,0.2786973508853698,0.24006562658293906,0.28325457345928573
0.001,5,58,0.03865894190908223,0.27806093544071314,0.23953033931929743,0.28262137499842804
0.001,5,59,0.038482159201949376,0.27742443728680205,0.23899470290635813,0.2819879336071675
0.001,5,60,0.038306312515088245,0.27678985716636456,0.2384601782808972,0.28135622470952226
0.001,5,61,0.038132336563768555,0.27616059300258083,0.23793014933106027,0.2807296434661074
0.001,5,62,0.03795959028725316,0.27553435461754366,0.23740239797999682,0.28010581194323647
0.001,5,63,0.037788379418383346,0.2749122748019206,0.23687778065578943,0.27948600341743135
0.001,5,64,0.03761853178843697,0.2742937541703674,0.23635573548991193,0.2788696001217448
0.001,5,65,0.037449557010759506,0.2736770250158369,0.23583516015393186,0.27825486737656524
0.001,5,66,0.037281586122478304,0.2730625793567412,0.23531671269465684,0.27764210415040597
0.001,5,67,0.037115361283577834,0.2724531566474422,0.23480214292677948,0.2770342462410977
0.001,5,68,0.03694979890208224,0.27184480462970867,0.23428809708998433,0.2764273347457309
0.001,5,69,0.036786178868712556,0.27124224917483836,0.23377959856199715,0.27582600583981925
0.001,5,70,0.03662345208184273,0.2706416526769031,0.2332726551758347,0.2752264782150377
0.001,5,71,0.03646221103734812,0.27004522227711464,0.23276885366663588,0.27463100337088464
0.001,5,72,0.03630170212246816,0.2694501888010775,0.23226585981069492,0.27403675441009256
0.001,5,73,0.03614245702438871,0.2688585391033311,0.2317652951035436,0.2734457591577178
0.001,5,74,0.03598459663973421,0.26827074622378866,0.2312677466393003,0.2728584178464129
0.001,5,75,0.03582762493317932,0.2676849825193013,0.2307725034007792,0.27227294448480643
0.001,5,76,0.03567193572512069,0.26710273575956006,0.23028025761893706,0.2716908398477159
0.001,5,77,0.035517401373410425,0.2665235500792019,0.22979025955166335,0.271111641442912
0.001,5,78,0.035363633053922525,0.26594598343995546,0.2293012602123583,0.27053396380296757
0.001,5,79,0.03521113616662851,0.26537195091655225,0.22881481056974104,0.2699596163306113
0.001,5,80,0.03506019451812867,0.26480254726164804,0.228331972801387,0.2693897578619284
0.001,5,81,0.03491011756543103,0.2642351890472994,0.22785075831768628,0.2688218646896395
0.001,5,82,0.0347615500583627,0.26367233475798213,0.22737373728485438,0.2682582990568868
0.001,5,83,0.034613274632887464,0.26310938650260074,0.22689674774384627,0.26769451041904363
0.001,5,84,0.03446639085293536,0.2625505317188878,0.22642353139215687,0.2671347065271586
0.001,5,85,0.03432043444059552,0.2619940245142836,0.22595189334209143,0.2665770507976063
0.001,5,86,0.034175359205310986,0.2614397032025204,0.225482918536457,0.2660214505301059
0.001,5,87,0.03403172866791251,0.26088974172210183,0.22501718207215846,0.2654701464904928
0.001,5,88,0.033888820861927745,0.26034139456462835,0.22455255149694903,0.26492031603525434
0.001,5,89,0.03374658205836362,0.2597944651387462,0.22408870409318454,0.2643717116433691
0.001,5,90,0.03360558604821785,0.259251175689592,0.22362782852152938,0.26382668196244324
0.001,5,91,0.033465694208775536,0.25871101332867735,0.22316951916330993,0.2632846433041402
0.001,5,92,0.03332678541988036,0.25817352854187187,0.22271316935944402,0.2627452020002462
0.001,5,93,0.03318925386844322,0.2576402680810716,0.22226008744842768,0.2622098279139847
0.001,5,94,0.033052535479373535,0.2571090643263031,0.22180842994667255,0.2616764715599021
0.001,5,95,0.032916766554215965,0.25658046127566286,0.22135860901399426,0.26114550508365886
0.001,5,96,0.03278186313404964,0.25605414714098906,0.22091042534330887,0.26061675231557224
0.001,5,97,0.03264789368841832,0.2555304040165018,0.2204639902378591,0.26009042764740736
0.001,5,98,0.032514810348157064,0.255009060027902,0.2200192816661595,0.25956641980105777
0.001,5,99,0.0323827106955079,0.25449051336153145,0.21957676005302712,0.25904508220709255
0.001,5,100,0.03225164631481187,0.25397498425952064,0.21913641071573703,0.2585267119964887
0.001,5,101,0.0321215994931786,0.25346242125087737,0.21869865492176122,0.25801114221840055
0.001,5,102,0.031992129311279136,0.25295109927129844,0.21826198916701467,0.25749675644669
0.001,5,103,0.031863559061312705,0.25244230652294675,0.2178272578654142,0.25698473656346615
0.001,5,104,0.031735750944700485,0.25193551137027304,0.21739399199347303,0.2564746162872431
0.001,5,105,0.03160921379419457,0.25143274963375223,0.21696384280944433,0.2559684716016782
0.001,5,106,0.03148353278758766,0.2509323924390299,0.21653541491340889,0.2554646003227155
0.001,5,107,0.0313586606425526,0.25043426539733976,0.21610860678099192,0.25496282116363056
0.001,5,108,0.031234438152379067,0.24993774485811088,0.21568287275261308,0.2544625803632014
0.001,5,109,0.031111273334027998,0.24944447612255516,0.21525961710722485,0.25396549181159456
0.001,5,110,0.030988917278624312,0.24895347870083806,0.2148388190199697,0.25347065883307524
0.001,5,111,0.030867476726870773,0.24846519565875125,0.2144204870015932,0.25297838660954186
0.001,5,112,0.030746681055231758,0.24797855171458583,0.2140033836877747,0.2524876554818898
0.001,5,113,0.030626845819474748,0.24749483153987176,0.21358832002352338,0.25199976659535095
0.001,5,114,0.03050813551549227,0.2470147182476877,0.21317623783099104,0.2515154164507976
0.001,5,115,0.030389925112278546,0.24653569766781663,0.2127649684125033,0.2510320427107092
0.001,5,116,0.030272777702972202,0.24606006463045646,0.21235725620580173,0.25055204632888006
0.001,5,117,0.030156271678525488,0.245586122077472,0.21195096568292537,0.25007363148086836
0.001,5,118,0.03004039687174388,0.2451138383353493,0.21154586235367936,0.24959671016815552
0.001,5,119,0.02992519024869269,0.24464337411298384,0.21114286379714345,0.24912159930005182
0.001,5,120,0.029811175607918655,0.24417688509733534,0.21074419316295906,0.24865047582492475
0.001,5,121,0.029697527817729073,0.24371100844126461,0.21034575796687263,0.2481797575454846
0.001,5,122,0.02958502757170308,0.24324895712706798,0.20995027743034678,0.24771291075795623
0.001,5,123,0.029473272831986867,0.24278909708628543,0.20955634636523748,0.24724812376230249
0.001,5,124,0.02936220860405174,0.2423312138543103,0.20916384666205123,0.24678528782965276
0.001,5,125,0.02925172912025495,0.24187488137570196,0.20877255809512116,0.2463239093467362
0.001,5,126,0.029142265390193257,0.24142189374699743,0.20838393569491898,0.24586580931577834
0.001,5,127,0.02903338984167166,0.2409704954622937,0.20799638110254975,0.24540924369483155
0.001,5,128,0.028925208361861156,0.2405211357110271,0.2076112105435388,0.24495460087993134
0.001,5,129,0.028817401661183684,0.24007249597229452,0.2072266505733935,0.24450062158299396
0.001,5,130,0.02871097365817891,0.23962876980103584,0.20684601455115453,0.2440515972895685
0.001,5,131,0.02860493158979829,0.2391858339860381,0.2064658628311152,0.24360320562829837
0.001,5,132,0.028499256043636165,0.23874361161562488,0.20608738028702273,0.24315546134718902
0.001,5,133,0.028394266429782735,0.23830344701570197,0.2057109025806604,0.2427096955016274
0.001,5,134,0.028290277817576606,0.23786667617628413,0.20533714045218857,0.242267315079274
0.001,5,135,0.02818667048846898,0.23743070773793765,0.2049638237035398,0.24182558822377104
0.001,5,136,0.028084107410026284,0.23699834349643156,0.2045933386694594,0.24138751593222646
0.001,5,137,0.027982364947153216,0.23656865788668294,0.20422512147803626,0.24095199882057908
0.001,5,138,0.027881229622552545,0.2361407615069984,0.20385878823865097,0.24051827198187803
0.001,5,139,0.02778039047570198,0.23571334487339482,0.2034926447417224,0.24008496610662694
0.001,5,140,0.027680824585747874,0.23529056328611173,0.2031303075110038,0.23965624191287407
0.001,5,141,0.02758159268108385,0.2348684426698651,0.20276830485560823,0.23922809487586635
0.001,5,142,0.02748295504389373,0.23444809678858017,0.20240757760439748,0.23880169835667944
0.001,5,143,0.027384812755935548,0.2340291125306232,0.20204762373335697,0.23837659195983432
0.001,5,144,0.02728735277750227,0.23361229752520424,0.20168938771198294,0.23795365714576563
0.001,5,145,0.02719080734722642,0.23319865928956976,0.20133361732186378,0.23753381819865949
0.001,5,146,0.027094799543971912,0.23278659559335418,0.20097940203534326,0.23711546885802556
0.001,5,147,0.026999393890769347,0.23237639247896652,0.20062703792776979,0.236698891970167
0.001,5,148,0.02690459658342073,0.23196808652666312,0.2002762304198448,0.23628423314709152
0.001,5,149,0.02681075512918164,0.23156318847857335,0.19992852419266177,0.2358729583789146
0.001,5,150,0.026716965085773148,0.23115780361377875,0.19958117041165196,0.23546104850892616
0.001,5,151,0.026624172284408,0.23075602823938532,0.19923673229528022,0.23505277141049188
0.001,5,152,0.026531915786933712,0.23035588026761422,0.1988935508699117,0.23464606447338496
0.001,5,153,0.026440502694119843,0.2299587036583736,0.1985526719143218,0.2342423261158083
0.001,5,154,0.026349314417717564,0.22956181920222518,0.19821185675678576,0.2338387591455084
0.001,5,155,0.0262589998427596,0.22916805991568545,0.19787341639057027,0.23343833429811084
0.001,5,156,0.026168943255001683,0.22877475059543473,0.1975362649010713,0.2330382782865011
0.001,5,157,0.026079415600023796,0.22838307993379806,0.19720077507554548,0.23263984942651061
0.001,5,158,0.025990480120080643,0.2279933337625495,0.19686675223749447,0.23224327879192158
0.001,5,159,0.025902313813504822,0.22760629962065998,0.19653495206265448,0.23184943210236053
0.001,5,160,0.025814725326339143,0.22722114921960562,0.19620482237553546,0.23145740766984252
0.001,5,161,0.025727788383522358,0.22683821716598973,0.19587642944745232,0.2310675111484197
0.001,5,162,0.02564127372067036,0.2264565023163184,0.19554868997450683,0.23067880953537964
0.001,5,163,0.025554911426671722,0.2260748169375427,0.19522091304423356,0.2302900545908071
0.001,5,164,0.025469271021604144,0.22569568459146108,0.19489501569964782,0.2299039094618204
0.001,5,165,0.025384482078772846,0.22531969323063106,0.19457150080177926,0.22952091441548453
0.001,5,166,0.025299964930799283,0.22494428168237254,0.1942482758400295,0.22913838795821878
0.001,5,167,0.025216188907246365,0.2245715427530673,0.19392717171636162,0.22875858685625525
0.001,5,168,0.025132906221496647,0.22420038457369626,0.19360709742836107,0.22838030473854085
0.001,5,169,0.025049806413081157,0.22382942797175334,0.19328710939946153,0.22800212184969068
0.001,5,170,0.024967211824731515,0.2234601164625648,0.1929683368514395,0.22762561821188346
0.001,5,171,0.02488574690377455,0.22309525725023627,0.1926530239732044,0.2272535222338616
0.001,5,172,0.024804568229448272,0.22273108552444257,0.1923382907365573,0.22688205845229714
0.001,5,173,0.024723872605976104,0.22236848970110898,0.1920249064124244,0.22651216003995497
0.001,5,174,0.024643492659244728,0.2220067235884748,0.19171208867758888,0.2261430363213129
0.001,5,175,0.024563861958125748,0.22164774737463833,0.1914015801774179,0.22577673870402337
0.001,5,176,0.02448456029628103,0.22128967574779004,0.1910919875348772,0.2254112825649586
0.001,5,177,0.02440568986647735,0.22093297565767475,0.19078398217693088,0.22504718991571934
0.001,5,178,0.024327282050005526,0.22057779602673305,0.19047699979743773,0.22468453822251738
0.001,5,179,0.024249496372365325,0.22022486858829238,0.19017194276746216,0.22432416684020645
0.001,5,180,0.02417198478919746,0.2198726212569335,0.18986713809612676,0.2239644343108958
0.001,5,181,0.024095115047768616,0.21952273252567087,0.18956487401828995,0.22360706606265082
0.001,5,182,0.0240186977735283,0.2191743496558313,0.18926395625851886,0.2232511581263583
0.001,5,183,0.023942962676230566,0.21882852956701312,0.18896507107759064,0.222897800697571
0.001,5,184,0.023867667072063302,0.2184841736696885,0.1886672081037413,0.22254586223296627
0.001,5,185,0.02379291064476996,0.21814174586616822,0.1883707387858791,0.2221958530495105
0.001,5,186,0.023718399994761368,0.2177999081485636,0.1880746455218167,0.22184640927357954
0.001,5,187,0.0236443935877691,0.21745985187049632,0.18777974054459154,0.22149868516640642
0.001,5,188,0.023570847533750692,0.2171213832571573,0.1874861169920954,0.22115256511945094
0.001,5,189,0.02349791071596954,0.21678519652397643,0.18719447495927055,0.22080870489404922
0.001,5,190,0.023425551593455905,0.2164511565848328,0.18690466439014175,0.220467018966403
0.001,5,191,0.023353470280259168,0.21611788579504088,0.18661531142137255,0.22012602851886445
0.001,5,192,0.0232817551185933,0.21578579711646131,0.18632689319437218,0.21978624932801072
0.001,5,193,0.02321041641420162,0.21545494384767142,0.1860403346446024,0.2194476476797937
0.001,5,194,0.023139687653739496,0.21512641703770133,0.18575549082140905,0.21911135926290398
0.001,5,195,0.023069314893158856,0.21479904512431547,0.1854715714645481,0.21877620673355844
0.001,5,196,0.022999213130961794,0.21447243706808478,0.18518791722047467,0.21844176447971167
0.001,5,197,0.02292948164162065,0.2141470599453593,0.1849051627639966,0.21810855928916692
0.001,5,198,0.02286032578514893,0.2138238797943248,0.18462443950593738,0.21777756217652208
0.001,5,199,0.022791666326309894,0.2135025354711737,0.18434534884979464,0.21744841297746687
0.001,5,200,0.02272337546086234,0.21318243577209797,0.18406732507725732,0.21712048511202142
0.001,5,201,0.022655307558010183,0.21286290216010015,0.18378974519829314,0.21679310910954544
0.001,5,202,0.02258790062610853,0.2125459979680094,0.18351414346166195,0.21646838777761906
0.001,5,203,0.02252076375590128,0.2122298930683483,0.18323912692810596,0.21614438784930903
0.001,5,204,0.02245390368493806,0.21191462283163973,0.18296500742388033,0.21582117662571243
0.001,5,205,0.02238746122387478,0.21160085644379978,0.18269208500060702,0.21549948444257314
0.001,5,206,0.02232149709070206,0.2112888879742712,0.18242064955723297,0.21517956635082344
0.001,5,207,0.022256129032935584,0.2109792834992838,0.18215094132627555,0.21486206890317655
0.001,5,208,0.022190790456103483,0.2106693639621266,0.18188094617521397,0.2145441784200798
0.001,5,209,0.022125968411994584,0.21036144329222778,0.18161249722539363,0.21422830820239208
0.001,5,210,0.022061639985805372,0.2100554211907199,0.18134555678515396,0.2139143392104766
0.001,5,211,0.021997186282064714,0.20974835533116684,0.1810774792137117,0.21359924169244357
0.001,5,212,0.021933467912433585,0.2094443501860749,0.18081185874711478,0.21328721767236958
0.001,5,213,0.021870232787895735,0.209142213758465,0.18054766361364027,0.21297709191166433
0.001,5,214,0.02180730713498252,0.20884112207600553,0.18028415920889126,0.21266798304106557
0.001,5,215,0.02174478373923454,0.20854152459035366,0.18002176367615638,0.21236035023462557
0.001,5,216,0.02168251315696007,0.2082427101099103,0.17975989538966156,0.21205342411099418
0.001,5,217,0.021620609478807482,0.20794523066811357,0.1794989357735679,0.21174781286767375
0.001,5,218,0.021559060811477137,0.20764903472675783,0.17923895592036457,0.2114435870536114
0.001,5,219,0.02149800391109902,0.20735478731439513,0.1789805302976177,0.2111412799248446
0.001,5,220,0.02143748373484428,0.20706271385666847,0.17872426597577315,0.2108412220357632
0.001,5,221,0.021377268648680815,0.20677170332848166,0.17846918966903397,0.2105421753050195
0.001,5,222,0.02131745208576302,0.20648221272430717,0.17821576010857737,0.21024464061668646
0.001,5,223,0.02125786853658957,0.20619344575708304,0.17796279261517617,0.2099478194636656
0.001,5,224,0.02119870530879812,0.20590631514743846,0.17771107093105212,0.20965260633527893
0.001,5,225,0.021139724874960474,0.20561967257517202,0.1774596490931251,0.2093579248676333
0.001,5,226,0.02108096544639268,0.20533370617798083,0.17720892273972624,0.2090637854866443
0.001,5,227,0.021022574514681886,0.20504913808490827,0.17695917461899555,0.20877116405632726
0.001,5,228,0.020964709196958038,0.20476674142525214,0.17671133562401792,0.20848065627771625
0.001,5,229,0.0209071535309312,0.20448546907265172,0.17646443415845836,0.2081912607284484
0.001,5,230,0.020849984253084354,0.20420570145362912,0.17621884879989738,0.20790344138700487
0.001,5,231,0.020793244200497996,0.20392765482149788,0.17597456579448448,0.20761734067941431
0.001,5,232,0.020736703176313244,0.2036502058742551,0.17573054385983042,0.20733178905469357
0.001,5,233,0.020680307664400405,0.2033730939155935,0.1754865379151424,0.20704651764752585
0.001,5,234,0.020624340126450685,0.2030977110971499,0.17524397542013567,0.20676304874085516
0.001,5,235,0.02056875892725253,0.20282385918452756,0.17500280497075324,0.20648111019611998
0.001,5,236,0.02051352212147703,0.20255133730230976,0.1747627038042604,0.20620051518360683
0.001,5,237,0.020458538512184595,0.20227969998091552,0.1745234844956424,0.20592078217930695
0.001,5,238,0.020403947519516283,0.2020096409556548,0.1742856452391326,0.2056426009329519
0.001,5,239,0.020349634293357566,0.20174059726965005,0.17404857798961976,0.20536545545533996
0.001,5,240,0.02029547358857701,0.20147195134100931,0.17381162069647393,0.20508864018787748
0.001,5,241,0.020241604248832874,0.2012043948269166,0.1735754721962265,0.20481296982809608
0.001,5,242,0.020188093386107255,0.20093826607247936,0.1733407138518215,0.20453870074015737
0.001,5,243,0.020134801161298673,0.20067287390825234,0.17310639323688956,0.20426522235931938
0.001,5,244,0.020081897908459104,0.20040907119419074,0.17287333169474697,0.20399326797692552
0.001,5,245,0.020029456023675063,0.2001472259296894,0.17264181720164065,0.20372331843197256
0.001,5,246,0.01997707752373909,0.19988535475986774,0.1724101212704613,0.2034533273220216
0.001,5,247,0.019925145706254505,0.19962537767655947,0.1721810474240705,0.20318527233786018
0.001,5,248,0.01987352471196234,0.1993666206362657,0.17195314892042815,0.20291839905806533
0.001,5,249,0.01982199598363565,0.19910799071677485,0.17172537915583203,0.20265159973842561
0.001,5,250,0.019770834304100027,0.1988508702726746,0.17149929610870587,0.20238638885724616
0.001,5,251,0.019719936988591504,0.1985947481107771,0.17127396296006164,0.20212216567625763
0.001,5,252,0.019669350587715566,0.19833986279976884,0.17104953839470347,0.201859189424686
0.001,5,253,0.01961907964381928,0.19808624204532368,0.17082597116096732,0.20159748519449366
0.001,5,254,0.019569229885480634,0.19783442514123084,0.17060388995379994,0.20133759686703084
0.001,5,255,0.019519381219326566,0.19758229282669318,0.17038183473827984,0.20107734072731395
0.001,5,256,0.019469891622021365,0.19733165798736585,0.17016114045403857,0.20081864992538875
0.001,5,257,0.01942073896691437,0.1970824140653568,0.16994132337604734,0.20056130684213377
0.001,5,258,0.01937197225186079,0.19683481527342053,0.16972284279035055,0.2003056185667191
0.001,5,259,0.019323333408319036,0.19658755509095197,0.16950455805360065,0.2000502342162322
0.001,5,260,0.019275097680495384,0.19634203666304056,0.16928769357576298,0.19979664439866945
0.001,5,261,0.019227234865384246,0.19609811251199868,0.16907219192321157,0.1995446675140298
0.001,5,262,0.019179509258394237,0.19585458513087836,0.16885734628095922,0.19929308578118968
0.001,5,263,0.01913193109901619,0.1956115083476235,0.16864270633222617,0.19904191979493416
0.001,5,264,0.019084650590882147,0.19536965266326367,0.16842901071916458,0.19879200651863335
0.001,5,265,0.019037608538745948,0.1951287192534505,0.16821599619216623,0.19854299093756334
0.001,5,266,0.01899089082754996,0.19488915222530964,0.16800392055891158,0.19829537468614541
0.001,5,267,0.018944387562895713,0.19465039205147117,0.16779253681705725,0.1980485518532825
0.001,5,268,0.018898045177657505,0.19441216617103727,0.16758136195605322,0.19780226819413177
0.001,5,269,0.01885191297706379,0.19417473047265335,0.16737081575965618,0.1975567639174174
0.001,5,270,0.01880598510096051,0.19393805764192087,0.1671615739806242,0.19731200635534113
0.001,5,271,0.01876041936859595,0.1937029652256049,0.1669536072465445,0.19706888456420477
0.001,5,272,0.018715078989216035,0.19346875194312924,0.16674656274181837,0.19682664191492852
0.001,5,273,0.018670021674101735,0.19323571964883582,0.16654092940192397,0.1965855438166428
0.001,5,274,0.01862514745641356,0.1930033546672884,0.16633570304844114,0.19634512712567792
0.001,5,275,0.018580657690245937,0.19277270393002188,0.1661321442679382,0.19610645100060536
0.001,5,276,0.01853636936646503,0.1925428231145738,0.16592926474924502,0.19586855145504534
0.001,5,277,0.01849235766925475,0.1923141059270211,0.1657272724652188,0.19563180910016312
0.001,5,278,0.018448507079997074,0.1920859551346588,0.16552585498055614,0.19539566161730493
0.001,5,279,0.01840515048284753,0.1918601078017394,0.16532626369280617,0.1951618670262126
0.001,5,280,0.01836184188614131,0.19163424477969124,0.16512649981194796,0.19492801026696838
0.001,5,281,0.018318716975408298,0.19140907489149148,0.16492716185730222,0.19469482188572884
0.001,5,282,0.018275681795142166,0.1911841091468753,0.16472815682385614,0.1944618097424777
0.001,5,283,0.01823320677845153,0.19096181177634197,0.16453156686252526,0.19423158891962367
0.001,5,284,0.018190579985916694,0.19073845960328345,0.1643340479661345,0.19400022505258668
0.001,5,285,0.0181484301117102,0.19051734887778699,0.16413829181225514,0.19377116950087547
0.001,5,286,0.018106490029480823,0.19029708368485748,0.16394311070498127,0.193542971369047
0.001,5,287,0.01806468670435147,0.1900772827265345,0.16374823916133602,0.19331521799224288
0.001,5,288,0.018023002560930538,0.18985785504387506,0.1635536123437616,0.19308777386626585
0.001,5,289,0.017981737607852166,0.18964038392627328,0.16336043980128864,0.19286238557720956
0.001,5,290,0.017940773302649968,0.1894242503094573,0.163168378710253,0.19263836156429584
0.001,5,291,0.017899991256845424,0.1892088330752316,0.1629771516825245,0.19241503948989278
0.001,5,292,0.017859262006363348,0.18899344965560763,0.16278587886256551,0.19219175204941089
0.001,5,293,0.01781874668816983,0.18877895374310044,0.16259526487348372,0.19196932097150868
0.001,5,294,0.017778510256828903,0.18856569283318164,0.16240555266965329,0.1917481786679958
0.001,5,295,0.017738543671527423,0.18835362312165604,0.16221677585633199,0.19152824994110373
0.001,5,296,0.0176987977612914,0.18814248728711652,0.16202864144008505,0.1913092517159561
0.001,5,297,0.01765921359878688,0.18793197492064453,0.1618408496751485,0.1910909137161417
0.001,5,298,0.01761987226028495,0.18772252001443487,0.16165383684550694,0.19087362717605744
0.001,5,299,0.017580757058636997,0.18751403712062198,0.16146756358635078,0.1906572974336325
0.001,5,300,0.017541545036209864,0.18730480525715223,0.1612807443766378,0.19044015144039178
0.005,1,1,0.07315433848811627,0.38250317250479443,0.31676102249751076,0.3810141225236917
0.005,1,2,0.07145029698806184,0.3780219490666166,0.3132159826727122,0.3765457923106303
0.005,1,3,0.06975649018855763,0.37351436435178137,0.30966231995899096,0.37205150110582375
0.005,1,4,0.0680761562050234,0.36898822801011794,0.3060977801086433,0.36753921412754204
0.005,1,5,0.06642569652465022,0.3644878503452487,0.30256122559287196,0.36305240112108167
0.005,1,6,0.06479656349545575,0.3599904540274804,0.29903413454162575,0.3585683231383021
0.005,1,7,0.06318902010567215,0.3554968919854916,0.2955112428628773,0.3540883011348266
0.005,1,8,0.06160372888072184,0.3510091989698328,0.29199195083382873,0.3496143701928386
0.005,1,9,0.06005806916232434,0.3465777522066999,0.2885289959782752,0.3451970881614127
0.005,1,10,0.05854080668811202,0.3421719061761559,0.28509011759670577,0.34080613102911944
0.005,1,11,0.0570608477648319,0.3378190277791702,0.28168851000693307,0.3364694070820325
0.005,1,12,0.05561890143304083,0.33352331682519837,0.27832901611174987,0.3321916485448716
0.005,1,13,0.054214183452103056,0.3292846290129652,0.275010438971227,0.3279732238378529
0.005,1,14,0.052847049185441024,0.3251062878058221,0.27174067725441553,0.3238174824049847
0.005,1,15,0.051520795012327376,0.32100091904020267,0.2685272323928432,0.31973743938793076
0.005,1,16,0.05023853378182091,0.31698117856371505,0.2653786259093306,0.31574567512723123
0.005,1,17,0.04899635404823754,0.3130378700676247,0.2622847931933806,0.3118334790117449
0.005,1,18,0.04779343524578034,0.3091712640132661,0.25924437667487366,0.3080010265799857
0.005,1,19,0.046630136251389655,0.3053854490685162,0.25626064585470687,0.3042526329806509
0.005,1,20,0.04550599732507199,0.30168194286391087,0.2533396567909497,0.30058921209611933
0.005,1,21,0.04442128996076031,0.2980647243830115,0.2504807415940179,0.2970147110982693
0.005,1,22,0.043370004476332165,0.2945165682141912,0.24766667394586875,0.2935118504901817
0.005,1,23,0.04235801856768268,0.29106019503766806,0.24491958196957214,0.29010289917696513
0.005,1,24,0.04138964179145983,0.28771389188379426,0.2422519440492394,0.28680511440497536
0.005,1,25,0.04045450092277053,0.284445077028134,0.23964617696149684,0.2835860182336708
0.005,1,26,0.03955278685381149,0.2812571309453735,0.23710225829686427,0.280449273863781
0.005,1,27,0.03868392076668109,0.2781507532496761,0.23462339278292593,0.2773946684815841
0.005,1,28,0.03785161725991935,0.27514220781232146,0.2322258386268653,0.27443802012676344
0.005,1,29,0.03704856165974949,0.2722078678501027,0.22988548901056796,0.27155569739858215
0.005,1,30,0.03627465251783649,0.2693497819484415,0.22759870941873364,0.26874935517675164
0.005,1,31,0.035531217720271235,0.26657538416092075,0.2253733239325687,0.2660262240943541
0.005,1,32,0.034814977066786386,0.2638748834837692,0.2231991030032633,0.26337635190968806
0.005,1,33,0.0341269524443028,0.2612544830019297,0.22108880638634554,0.26080513392758664
0.005,1,34,0.03346534594646298,0.2587096671810428,0.2190428846530908,0.25830856967941274
0.005,1,35,0.03282771494425953,0.2562331553263923,0.21704620931359916,0.2558790262048524
0.005,1,36,0.03221286513862705,0.2538222414944248,0.21509655432445296,0.2535140253966294
0.005,1,37,0.031622408608753094,0.25148522266229917,0.21320183111811955,0.25122115565811565
0.005,1,38,0.03104922126268433,0.24919559090274584,0.21133906959449053,0.2489744275788177
0.005,1,39,0.030499915818372775,0.24698143986288837,0.20953594075467105,0.2468012582562099
0.005,1,40,0.02997040790641685,0.24482813525580285,0.20777580329883408,0.24468713202197911
0.005,1,41,0.029454932080654514,0.24271354342374268,0.2060416339454906,0.24261052110314738
0.005,1,42,0.028962205280787228,0.24067490638114822,0.20437048201524333,0.24060781262837053
0.005,1,43,0.028486450044372245,0.23868996646014362,0.20274379846243704,0.2386566567186104
0.005,1,44,0.028025558140505367,0.23675116954518036,0.2011504631927081,0.2367502326044843
0.005,1,45,0.02758139600602989,0.23486760528446612,0.19959706789923837,0.23489738423913809
0.005,1,46,0.02715383634533502,0.2330400667067147,0.19808675359631528,0.23309850078256605
0.005,1,47,0.02673746344143765,0.23124646350349945,0.19659981169062288,0.2313320473284936
0.005,1,48,0.02633577228925994,0.22950282041517459,0.19514753009330538,0.2296141225188094
0.005,1,49,0.025947058726688205,0.22780280387514198,0.193728999750099,0.22793773053274666
0.005,1,50,0.025571917760855812,0.22615002878998627,0.1923446252867672,0.22630720656505351
0.005,1,51,0.02520716426075751,0.22453135309242453,0.19098385361813452,0.22470944824301273
0.005,1,52,0.024855006164066846,0.22295742268005722,0.18965540620223587,0.22315477658734956
0.005,1,53,0.024513827300468614,0.22142189277697277,0.18835564828815005,0.2216369835007111
0.005,1,54,0.024182513882647177,0.2199205032853789,0.18707972276272125,0.22015230100892794
0.005,1,55,0.023862819001009398,0.21846198296733185,0.18583646383876706,0.2187091578661652
0.005,1,56,0.02355113113698104,0.21703055608361252,0.1846192353337792,0.21729174546757657
0.005,1,57,0.023249127945295354,0.21563454243369895,0.1834343945183133,0.21590877245565798
0.005,1,58,0.02295560196797404,0.21426899900813481,0.1822714165491799,0.2145552075847199
0.005,1,59,0.022671913585104165,0.21294090065135052,0.1811361337491501,0.2132377161992102
0.005,1,60,0.02239609803887125,0.21164166904875442,0.18002608003496703,0.2119481848868183
0.005,1,61,0.02212854592991218,0.21037369574123177,0.17894344705317627,0.21068892233972994
0.005,1,62,0.021868295518586968,0.2091329506251321,0.1778864372164364,0.20945593346078414
0.005,1,63,0.021614286971778945,0.20791482377059575,0.17684720900150447,0.20824481978840775
0.005,1,64,0.021367979030392253,0.2067267715144425,0.17583289285374398,0.2070628950989544
0.005,1,65,0.021128367765812128,0.20556443158198417,0.17483777892859312,0.205905968562297
0.005,1,66,0.020894655092086545,0.2044243385318223,0.17385903298925962,0.20477067761837708
0.005,1,67,0.02066700121011817,0.2033076546031564,0.17290524183831535,0.20365806734648717
0.005,1,68,0.020445803070017532,0.20221673061355497,0.17197302911919976,0.20257058225004682
0.005,1,69,0.02023046157965759,0.20114900735354171,0.17106032796586765,0.20150567406349704
0.005,1,70,0.020020646108480533,0.2001032039147826,0.17016478412953928,0.2004622513662223
0.005,1,71,0.019815067190786306,0.19907318850506367,0.16927996900943373,0.19943394743025258
0.005,1,72,0.01961600141516133,0.1980707015949675,0.16841801654880617,0.19843264864491783
0.005,1,73,0.01942164037269248,0.19708698776272615,0.1675717822921085,0.1974498255485033
0.005,1,74,0.019232342489889535,0.1961241570530746,0.1667429029171474,0.1964873952542757
0.005,1,75,0.0190469603221205,0.19517663959665102,0.16592514580309875,0.1955399523170298
0.005,1,76,0.018865942854272538,0.19424697091214854,0.16511996440594576,0.19461011498531974
0.005,1,77,0.018689312821253683,0.19333552607450954,0.1643302548347345,0.19369805094186887
0.005,1,78,0.018517274025318563,0.19244362304487286,0.1635583795621209,0.19280534454964698
0.005,1,79,0.01834906018418036,0.19156753474521906,0.16279887807012297,0.1919282537950277
0.005,1,80,0.018184640701434683,0.19070731869246488,0.16205214574263332,0.1910667207656276
0.005,1,81,0.018024202813781438,0.18986417678846865,0.1613171137803506,0.19022197217672257
0.005,1,82,0.01786719163302686,0.18903540215010975,0.16059290644462762,0.18939160242925632
0.005,1,83,0.017713903057665736,0.18822275663514088,0.1598824335495091,0.18857709488541471
0.005,1,84,0.017564477488631828,0.1874271991394623,0.1591849777194282,0.1877794337104488
0.005,1,85,0.017417230553942675,0.186639923670916,0.1584957693485564,0.18698979633836213
0.005,1,86,0.017273903074065226,0.18587040148482611,0.15782285054927966,0.186217951524227
0.005,1,87,0.017133725577227484,0.18511469729455565,0.15716092143909985,0.18545979745466334
0.005,1,88,0.016996653273831642,0.1843727380814834,0.15651000515516397,0.18471534313301077
0.005,1,89,0.016862869846532524,0.18364569064659547,0.15587062684878722,0.18398568081076508
0.005,1,90,0.016731323222133644,0.18292798157818088,0.15523725178850392,0.18326544660558416
0.005,1,91,0.01660267232250642,0.18222333726779574,0.15461318026670062,0.1825582685088982
0.005,1,92,0.01647616908546714,0.18152778897715435,0.15399584096376517,0.18186002709023402
0.005,1,93,0.01635246285650018,0.18084503231496396,0.15339088565931172,0.18117451325439307
0.005,1,94,0.016231468309631007,0.18017473912638812,0.15279655708525938,0.18050156088793792
0.005,1,95,0.01611264550311582,0.17951404125090506,0.15220911947243193,0.1798381618177177
0.005,1,96,0.01599697799717681,0.17886854389286458,0.15163480157191545,0.17919002789358252
0.005,1,97,0.015883311216043288,0.17823193437789586,0.15106708991168796,0.1785505500018995
0.005,1,98,0.01577160921011411,0.17760410586534373,0.15050588243714672,0.17792002891154166
0.005,1,99,0.0156618520916246,0.17698503943341992,0.14995099984990337,0.17729836234203225
0.005,1,100,0.015554501364787901,0.17637744393650737,0.14940466561187168,0.17668808838049516
0.005,1,101,0.015449069546431774,0.1757786650673612,0.1488650175690718,0.17608656700831318
0.005,1,102,0.015345531656265452,0.17518865063847858,0.1483316025944842,0.17549388219442832
0.005,1,103,0.015243955524236815,0.1746078779679589,0.1478053056986413,0.17491037853480892
0.005,1,104,0.015144292140430485,0.17403615796971894,0.14728673888841706,0.17433631562445515
0.005,1,105,0.015046336949703185,0.1734724009731991,0.14677382044107024,0.17377020583847835
0.005,1,106,0.014950491747789656,0.17291900848541583,0.1462691501384272,0.1732143948225834
0.005,1,107,0.014856355034207921,0.17237375110038025,0.1457702387621513,0.1726667692356815
0.005,1,108,0.014762934499291246,0.17183093143721967,0.1452724730138423,0.17212169779916137
0.005,1,109,0.014671987204048508,0.17130083014421446,0.14478491915605873,0.17158937793130172
0.005,1,110,0.014582276173389962,0.17077632255901262,0.1443025367499024,0.1710627871042102
0.005,1,111,0.014493939590185221,0.17025827198809004,0.14382651197482516,0.17054277663011078
0.005,1,112,0.014407828442693055,0.16975175075794097,0.14336203091235616,0.17003441852380122
0.005,1,113,0.014322942849198581,0.16925095479316257,0.14290414467809018,0.16953186634753964
0.005,1,114,0.014239675902088654,0.1687582644025984,0.1424525182280706,0.16903736361086572
0.005,1,115,0.014157818341096777,0.16827250720837778,0.14200672972774528,0.16854984021912486
0.005,1,116,0.014076948655953811,0.16779123133199667,0.14156571289527273,0.16806692080985228
0.005,1,117,0.013997844089087478,0.16731912077875305,0.14113413505692624,0.16759315140678568
0.005,1,118,0.013920032237751243,0.16685342212703486,0.14070834397635057,0.16712604238184178
0.005,1,119,0.013843395428960435,0.16639348201753837,0.14028695508608804,0.1666649743126027
0.005,1,120,0.013767830084783845,0.16593872414107472,0.13986935033902914,0.16620902521804384
0.005,1,121,0.013693652071385376,0.1654910998899057,0.13945704357384808,0.16576019308367762
0.005,1,122,0.013620568812866161,0.16504889465165262,0.13904871969838117,0.16531694998384983
0.005,1,123,0.013548758638439396,0.16461323542436918,0.1386456626639196,0.16488034216412997
0.005,1,124,0.013477703837867156,0.16418102105826457,0.13824516017288183,0.16444708981757156
0.005,1,125,0.013408200578498626,0.1637571407816992,0.137850857944224,0.164022387466763
0.005,1,126,0.013339839460956944,0.1633391530586402,0.13746240965006862,0.16360396531962357
0.005,1,127,0.013272332521931336,0.162925335794844,0.13707620898582648,0.16318930885014457
0.005,1,128,0.013205668162208589,0.16251564947541877,0.1366938009257655,0.16277898044934888
0.005,1,129,0.01314001809838268,0.16211118467510302,0.1363170188244143,0.16237413116366903
0.005,1,130,0.013075652054212558,0.16171364849147743,0.13594693423102233,0.1619761551359506
0.005,1,131,0.013012145651148197,0.16132046151154042,0.1355809537192686,0.1615826951060064
0.005,1,132,0.012949564724282365,0.16093206469987492,0.13521798770722784,0.16119400170515585
0.005,1,133,0.012887487628920526,0.16054586652368555,0.13485733358405153,0.16080765062956806
0.005,1,134,0.01282666855160277,0.16016659172001363,0.13450309771530045,0.16042817403750204
0.005,1,135,0.012766646557384647,0.15979140500905953,0.13415179460735216,0.16005291611058062
0.005,1,136,0.012707927569839874,0.15942350874221703,0.1338067245405712,0.15968528153391787
0.005,1,137,0.012649584313444978,0.15905712378541853,0.13346294745221995,0.15931925383051915
0.005,1,138,0.012592333112204838,0.1586967744612652,0.1331240075252712,0.1589592210670088
0.005,1,139,0.012535584863790215,0.15833878150213368,0.1327864356291744,0.15860173704014127
0.005,1,140,0.012480107587757413,0.15798802225331776,0.13245527789959954,0.15825171360497922
0.005,1,141,0.01242520485389089,0.15764012721316162,0.13212728108404045,0.15790434945180332
0.005,1,142,0.01237101827957656,0.15729601571290075,0.1318020554792354,0.1575608101704166
0.005,1,143,0.012317502624812182,0.15695542440331384,0.1314796444050817,0.15722098865597667
0.005,1,144,0.01226479830814491,0.15661927281241544,0.13116068772690406,0.15688554120416118
0.005,1,145,0.012212648096703027,0.15628594368466428,0.1308448788430233,0.1565530642785508
0.005,1,146,0.012161425945277294,0.15595785293006117,0.1305361347801371,0.15622611293724445
0.005,1,147,0.012110635366119378,0.15563184356756413,0.13022751869591223,0.15590111068271628
0.005,1,148,0.012060433763754937,0.15530894220073058,0.12992292684141143,0.1555793314682186
0.005,1,149,0.012011104977755033,0.15499099959517026,0.1296218106708397,0.15526250853400564
0.005,1,150,0.011962308128825375,0.15467584251475971,0.129324574291759,0.15494861934497584
0.005,1,151,0.011914293205916715,0.1543651074946454,0.1290309576928968,0.15463919172342466
0.005,1,152,0.011866799614980392,0.15405712976023142,0.12873927269709085,0.15433259455874637
0.005,1,153,0.01181999530881817,0.1537530182391108,0.12845083787671865,0.15402973385301458
0.005,1,154,0.011773717740295663,0.15345173664899112,0.12816429574267033,0.1537297476935112
0.005,1,155,0.01172829855757148,0.15315546714088582,0.12788147048547377,0.1534348527255824
0.005,1,156,0.011683260347646596,0.15286111570734132,0.1276006042165567,0.1531420659345039
0.005,1,157,0.011638713556295803,0.15256941735679405,0.12732186964448605,0.15285192825191124
0.005,1,158,0.011594840122403532,0.1522815820931969,0.12704729517604169,0.15256575363676306
0.005,1,159,0.01155153708916929,0.15199695450349845,0.1267751798800379,0.15228309091134445
0.005,1,160,0.011508851663010248,0.15171586379156432,0.12650614039100802,0.15200395996837304
0.005,1,161,0.011466578857016347,0.15143697604625064,0.12623862795295493,0.15172715848228993
0.005,1,162,0.011424761957073027,0.15116058981806751,0.12597241030690612,0.15145279786574806
0.005,1,163,0.011383530099469076,0.15088757470029848,0.1257089432661956,0.15118165032059308
0.005,1,164,0.011342798202849445,0.15061738414173476,0.12544817998387756,0.150913354234733
0.005,1,165,0.011302446693579974,0.150349238066443,0.12518969765841337,0.15064725332046217
0.005,1,166,0.011262745897631753,0.15008494859666477,0.1249337592287973,0.15038506279320543
0.005,1,167,0.011223428135712196,0.14982274951229665,0.12468040986895114,0.15012509692033216
0.005,1,168,0.011184698847765245,0.14956402540561178,0.12443219739957335,0.1498686674551574
0.005,1,169,0.01114624183786022,0.1493066765945865,0.12418639906408574,0.1496137216288774
0.005,1,170,0.011108187496079301,0.14905158500384558,0.12394255237658197,0.1493608518651888
0.005,1,171,0.011070559599372233,0.1487989220348873,0.12370131178426284,0.1491106573743826
0.005,1,172,0.011033443841291577,0.14854927695072484,0.12346148911630062,0.1488634544868983
0.005,1,173,0.010996825485655495,0.148302565626192,0.12322537184894515,0.14861936262324627
0.005,1,174,0.010960359516681128,0.14805647244670614,0.12298917221702017,0.148375882653093
0.005,1,175,0.010924353096185125,0.14781307855656836,0.12275526754237097,0.14813509379932563
0.005,1,176,0.010888775402755856,0.14757218845538517,0.12252467168926733,0.14789697718975756
0.005,1,177,0.010853736054345363,0.14733455843314808,0.1222956342603951,0.14766200001662105
0.005,1,178,0.010818849397902707,0.14709758256275124,0.1220690663294134,0.14742793014508462
0.005,1,179,0.010784482940523829,0.14686376639950255,0.12184616577352973,0.14719690827804402
0.005,1,180,0.010750449477736198,0.14663184836682785,0.12162380700326246,0.146967778184581
0.005,1,181,0.010716875554501853,0.14640270185008097,0.12140405220013162,0.14674146007259342
0.005,1,182,0.010683798116064236,0.14617659262730293,0.12118770030691862,0.14651828974301115
0.005,1,183,0.010651113393522848,0.14595282384060165,0.12097352367373498,0.14629740030592744
0.005,1,184,0.01061847485489324,0.14572902837041932,0.12075937264720958,0.14607658387516853
0.005,1,185,0.010586049470472897,0.14550635361023173,0.12054605367118003,0.14585679558526263
0.005,1,186,0.010554129479644311,0.14528681619227748,0.1203351880680223,0.14564038035131044
0.005,1,187,0.010522674500058055,0.1450701519959089,0.12012661035992606,0.14542689575157133
0.005,1,188,0.010491395366575956,0.14485437768031698,0.119919498970754,0.14521427879184456
0.005,1,189,0.010460462549740186,0.14464067581244347,0.11971382387341274,0.1450038034544155
0.005,1,190,0.01042998849153701,0.14442983411703422,0.11951021993082425,0.14479619196623753
0.005,1,191,0.010399856964941355,0.14422105924546078,0.11930821238937817,0.14459080380877348
0.005,1,192,0.01036989045723233,0.1440131275768451,0.11910697451059912,0.14438626243083022
0.005,1,193,0.010340199728559162,0.14380681297184192,0.11890787640501681,0.144183281283371
0.005,1,194,0.01031099602883261,0.1436035934705856,0.11871136673734159,0.14398347733575872
0.005,1,195,0.01028206118058469,0.14340196079959777,0.11851725949755681,0.1437853241296121
0.005,1,196,0.010253291071362287,0.1432011946274352,0.11832273826032233,0.1435878070142231
0.005,1,197,0.010224839223094877,0.14300237216979916,0.11813178270347974,0.14339237411565178
0.005,1,198,0.01019662631410803,0.14280494609156946,0.11794243130888489,0.14319845572167686
0.005,1,199,0.010168797454138968,0.14260993972468378,0.11775478855868693,0.14300695203402744
0.005,1,200,0.010141291283936111,0.14241693216704332,0.11756868900138784,0.14281750953322325
0.005,1,201,0.010113769286086653,0.1422235513976968,0.11738265072188403,0.14262748737585154
0.005,1,202,0.010086638771528211,0.14203266364838907,0.11719804745842143,0.1424400073650118
0.005,1,203,0.010059908956974587,0.141844343961785,0.11701639678633825,0.14225525552425375
0.005,1,204,0.010033364918279938,0.14165708537365815,0.11683605582951069,0.14207152133378284
0.005,1,205,0.010007078826849621,0.14147140224688254,0.11665697956356169,0.14188933869858492
0.005,1,206,0.009981057318461186,0.14128734775953003,0.11647929884909876,0.14170887083451483
0.005,1,207,0.00995522013748824,0.14110435951796982,0.11630259819151088,0.14152947696876997
0.005,1,208,0.009929705683083231,0.14092342376683326,0.11612750111219725,0.1413521954823839
0.005,1,209,0.009904402224313158,0.14074375456348434,0.11595415648643954,0.14117623539375018
0.005,1,210,0.009879358444448257,0.14056570310319838,0.11578263658587673,0.1410019436930299
0.005,1,211,0.009854459560698746,0.14038845793510765,0.1156109272627285,0.1408284522145406
0.005,1,212,0.009829929536427636,0.14021361942712723,0.11544099080853591,0.14065722291684038
0.005,1,213,0.00980562465339036,0.14004017033258964,0.11527231835100288,0.14048765419349457
0.005,1,214,0.009781499967583832,0.13986779448882314,0.11510506805259697,0.1403189868003539
0.005,1,215,0.009757581095481518,0.1396966792410007,0.11493933776949916,0.14015155850587024
0.005,1,216,0.009733813948081928,0.13952644156633487,0.11477510005172534,0.13998524370532145
0.005,1,217,0.009710334437207544,0.13935805995497744,0.11461178555855417,0.13982066810501115
0.005,1,218,0.009687009329302242,0.1391905839437585,0.1144492923960349,0.13965699768679415
0.005,1,219,0.009663836067432145,0.13902399841345484,0.11428729251023995,0.13949431209398108
0.005,1,220,0.009641018110801333,0.13885977179011447,0.11412704167523983,0.13933377601436953
0.005,1,221,0.00961832753918967,0.1386962691581116,0.11396821411495144,0.13917420702902314
0.005,1,222,0.009595857287722097,0.13853416392877316,0.11381079754823564,0.13901595645576192
0.005,1,223,0.009573525737733311,0.13837287116868907,0.11365416722119498,0.13885875185623026
0.005,1,224,0.009551500934102269,0.13821360956217205,0.11349923006687339,0.13870334765264317
0.005,1,225,0.009529493234394717,0.13805428812170029,0.11334381254432055,0.13854773318921768
0.005,1,226,0.00950790080008587,0.13789779403664057,0.11319182536339378,0.13839522340929752
0.005,1,227,0.009486364139048622,0.1377415270646338,0.11304024133938033,0.13824284793103475
0.005,1,228,0.009465077814244618,0.13758690209641772,0.11289030732965628,0.13809217848857547
0.005,1,229,0.009443999294763574,0.13743361520940628,0.11274149965546339,0.13794292365147234
0.005,1,230,0.009423026797732513,0.13728092946751572,0.11259323149796292,0.13779434415023994
0.005,1,231,0.00940224585311189,0.13712947059703753,0.11244573105737887,0.1376468377202339
0.005,1,232,0.009381583500771506,0.13697871003021972,0.11229896397744554,0.1375000885812312
0.005,1,233,0.009361091227509147,0.13682902636143507,0.11215305064746668,0.13735441828049363
0.005,1,234,0.009340862059542607,0.13668110373817302,0.11200846399595389,0.13721059464259308
0.005,1,235,0.009320838883518843,0.13653452957782397,0.11186525207544681,0.13706792834021858
0.005,1,236,0.009301056348518712,0.13638956227306187,0.11172299502074794,0.1369267594807757
0.005,1,237,0.009281277676417805,0.1362444690724567,0.11158161839903386,0.13678576675774706
0.005,1,238,0.009261608322120857,0.13610002440940897,0.11144038531446815,0.13664541598509675
0.005,1,239,0.009242175589084013,0.13595716670395874,0.11130076853092663,0.13650666585355717
0.005,1,240,0.009222880254668801,0.13581517039468605,0.11116040060373852,0.1363686045155486
0.005,1,241,0.00920383239749149,0.135674849529981,0.11102231602809025,0.13623235675045478
0.005,1,242,0.009184770090692226,0.1355342767767049,0.11088462322861906,0.1360959773149335
0.005,1,243,0.009166015680313687,0.1353958321390558,0.11074900376869606,0.13596156067932677
0.005,1,244,0.009147403095677518,0.13525829435326706,0.11061435466169915,0.13582803215222375
0.005,1,245,0.009128896372348561,0.1351214000249299,0.1104800157899867,0.13569519102035194
0.005,1,246,0.009110554517424471,0.13498558824870507,0.1103480700553605,0.1355635986168811
0.005,1,247,0.009092352726236668,0.1348506783537752,0.11021630334129841,0.1354328190563973
0.005,1,248,0.009074289445429219,0.1347166615191248,0.11008554262289422,0.13530278040550991
0.005,1,249,0.009056366843254756,0.1345835565234829,0.10995578812930977,0.13517375364188736
0.005,1,250,0.009038633349481236,0.13445172627736124,0.10982746589578814,0.13504590602232633
0.005,1,251,0.009021012250716554,0.13432060341374702,0.10970014323362297,0.13491889394434167
0.005,1,252,0.009003549323158208,0.13419053113508575,0.10957396729612133,0.134792972841463
0.005,1,253,0.008986235311731048,0.13406144346329446,0.10944850097245289,0.1346680574289405
0.005,1,254,0.008969023554153749,0.133932994845585,0.1093240604800668,0.13454359625663445
0.005,1,255,0.008951962812786495,0.13380555154990018,0.10920080934387627,0.1344204094074256
0.005,1,256,0.008935019585578442,0.1336788658358414,0.10907844600573303,0.13429781449702805
0.005,1,257,0.008918220794942368,0.13355314144521174,0.10895717117308502,0.1341762396815718
0.005,1,258,0.008901569424896083,0.13342840345965384,0.10883699416808575,0.134055626863364
0.005,1,259,0.008885081364534258,0.13330477384200656,0.10871806853487115,0.1339360331344459
0.005,1,260,0.008868598373340867,0.13318106752343492,0.10859883543620726,0.1338163656816068
0.005,1,261,0.00885229439495456,0.13305859156743363,0.10848134072238032,0.13369805506914112
0.005,1,262,0.00883618878118232,0.13293749494542403,0.10836462099924034,0.13358104210124355
0.005,1,263,0.008820167701008455,0.1328169243809572,0.10824834372136082,0.13346457063070705
0.005,1,264,0.008804291606779119,0.1326973368744009,0.10813271118440805,0.1333491833967464
0.005,1,265,0.00878843815089821,0.13257781225301773,0.10801638078622049,0.1332336599797952
0.005,1,266,0.008772753822758857,0.13245945661038216,0.10790189081627521,0.13311946246700693
0.005,1,267,0.008757122629568499,0.1323413966192627,0.10778690521128748,0.13300542498614826
0.005,1,268,0.008741641635123818,0.13222436715767497,0.10767311520475327,0.13289253532868517
0.005,1,269,0.008726210775264023,0.13210761352218897,0.10756004664218809,0.1327801265558647
0.005,1,270,0.008711001223961491,0.13199243329798485,0.10744813206790435,0.1326691014665552
0.005,1,271,0.008695851941825854,0.131877609485658,0.10733637586828154,0.13255831311002872
0.005,1,272,0.008680773567297446,0.13176322375608032,0.10722506841502309,0.13244796655398963
0.005,1,273,0.008665835302276053,0.13164980290358244,0.10711509978670813,0.13233870983254056
0.005,1,274,0.008650984139456934,0.13153694644058705,0.1070052270493718,0.1322300785311945
0.005,1,275,0.008636280635364897,0.131425116590132,0.10689650879580025,0.13212241344380318
0.005,1,276,0.008621681785494908,0.13131398848176767,0.10678807873989857,0.13201559953275008
0.005,1,277,0.008607199525768059,0.1312036548711053,0.10667977494912587,0.1319093426787854
0.005,1,278,0.008592758977981283,0.13109354658396638,0.10657198745644295,0.13180330297454834
0.005,1,279,0.008578479705938632,0.13098457700003183,0.10646599889709393,0.1316984240459324
0.005,1,280,0.008564295555590021,0.13087624349430282,0.10636058464424958,0.1315942903910007
0.005,1,281,0.008550220148977989,0.1307686518166949,0.10625530053121864,0.13149077662698702
0.005,1,282,0.008536226666864932,0.1306615985426853,0.10615087357289267,0.13138802479020956
0.005,1,283,0.008522404453298193,0.1305557693347804,0.10604716859812131,0.13128636643221292
0.005,1,284,0.008508599011520077,0.13044998284032142,0.10594357096110461,0.1311847760502816
0.005,1,285,0.008494905031785155,0.1303449656241863,0.10584084226734064,0.13108384650663882
0.005,1,286,0.008481295751778068,0.13024051406362053,0.10573885059790188,0.13098353474534516
0.005,1,287,0.008467741928410932,0.13013640480980665,0.10563740586837281,0.13088349047966455
0.005,1,288,0.008454408964856015,0.13003391069145012,0.10553685955644357,0.13078510394026144
0.005,1,289,0.008441112362316523,0.1299316155700107,0.10543655587496074,0.13068682912596372
0.005,1,290,0.008427884486616166,0.12982976921042544,0.10533650616946125,0.13058910257120718
0.005,1,291,0.008414746153033871,0.12972853312231564,0.10523685117021445,0.13049179497588762
0.005,1,292,0.008401635615231783,0.12962743239940983,0.1051373799802554,0.1303948688200812
0.005,1,293,0.00838867059666467,0.12952737623116334,0.10503870184986325,0.13029879364640048
0.005,1,294,0.00837580920957343,0.12942804340306957,0.10494087628007873,0.130203500007231
0.005,1,295,0.008363095669395257,0.12932977746362403,0.10484382503734709,0.13010912073005668
0.005,1,296,0.008350479949464407,0.12923219374029374,0.1047478397534178,0.13001554817775393
0.005,1,297,0.008337881725628825,0.12913467176268986,0.10465182156962957,0.12992206706970924
0.005,1,298,0.00832532029857419,0.12903736124529352,0.10455628786816258,0.1298289592504654
0.005,1,299,0.00831288691883497,0.12894097036113053,0.10446101439597581,0.12973655340549142
0.005,1,300,0.008300527481205406,0.1288450812503559,0.10436614875378249,0.12964459010442173
0.005,2,1,0.07025912370416473,0.3748576361878326,0.31172086219271566,0.37124142179898645
0.005,2,2,0.0689118337299664,0.3712461009356634,0.3086678275072697,0.36762297140534633
0.005,2,3,0.06758029788096222,0.3676419396123413,0.3056355852331383,0.36402152930400483
0.005,2,4,0.06627031419197851,0.3640612975639638,0.30262713090563365,0.36045261625713243
0.005,2,5,0.06498077711532121,0.3605018089145219,0.2996421512018489,0.3569133163233938
0.005,2,6,0.06371155547303346,0.35696373897927913,0.29667795976357547,0.3534024254806318
0.005,2,7,0.06246486626150947,0.353454003404996,0.29373962140934673,0.3499260860381913
0.005,2,8,0.0612337793867831,0.3499536523220842,0.2908107728566617,0.3464652509265432
0.005,2,9,0.06003296880294168,0.34650532117975236,0.28793282522671954,0.34306221961791306
0.005,2,10,0.058847782973900635,0.34306787367487684,0.2850670711888567,0.33967483255228736
0.005,2,11,0.057695102012990135,0.33969133640112203,0.28226025810615624,0.3363512509138394
0.005,2,12,0.056569405252774686,0.33636113108614285,0.2794969825638137,0.33307715148294986
0.005,2,13,0.055464098453539015,0.333058849014822,0.276758609041041,0.32983312794643593
0.005,2,14,0.05438570527093107,0.32980510993897916,0.2740617162890823,0.3266399328117984
0.005,2,15,0.053335556236246036,0.3266054385225269,0.27140622098110984,0.32350141301093044
0.005,2,16,0.052308048459731846,0.323444117150805,0.2687827211585207,0.32040381851176253
0.005,2,17,0.0513069294434086,0.3203339802250414,0.26621149639025615,0.3173570039921704
0.005,2,18,0.050334818288102295,0.31728478781089486,0.26369418750299095,0.31437125688280965
0.005,2,19,0.04938925795494082,0.3142904960540195,0.26121935862050444,0.3114414441886606
0.005,2,20,0.04847067809282918,0.31135406884391015,0.25879171532155293,0.308569281080352
0.005,2,21,0.04757845629475259,0.30847514095872486,0.25641742782590327,0.3057548744768431
0.005,2,22,0.04671628663460135,0.30566742264952396,0.2541060223874523,0.3030109375755392
0.005,2,23,0.04587862208962399,0.3029145823152923,0.25183610904765674,0.3003218484857655
0.005,2,24,0.04506135152695549,0.3002044354334409,0.2496012927091203,0.29767696099873026
0.005,2,25,0.044272247036971614,0.2975642688125428,0.24742650265497695,0.29510123720444065
0.005,2,26,0.04350815130784493,0.2949852583023258,0.24530189196327826,0.29258647286369516
0.005,2,27,0.042764295366412707,0.2924527153794702,0.24321783856662138,0.2901181845854863
0.005,2,28,0.04204102493698148,0.28996904985526123,0.2411703826244034,0.2876986663547159
0.005,2,29,0.04134525858829838,0.2875595889143618,0.23918354743265535,0.2853527192728534
0.005,2,30,0.04067217762914471,0.2852093183230335,0.2372507087133493,0.28306547278258093
0.005,2,31,0.04001496752508215,0.282895625717621,0.23535164254347743,0.28081493193971996
0.005,2,32,0.039380733174114065,0.280644733334207,0.2335103000843793,0.27862594384126244
0.005,2,33,0.038764716571712356,0.27844107660944123,0.23171349094147137,0.2764840409132174
0.005,2,34,0.03816727097148565,0.2762870643786482,0.2299540675332253,0.27439167364110295
0.005,2,35,0.037589744220067424,0.27418878248413964,0.22823706136512414,0.2723541142987949
0.005,2,36,0.03702938685921212,0.27213741697610094,0.2265556965847116,0.2703623178265807
0.005,2,37,0.036484977967077746,0.27012951696205934,0.22490966393748807,0.26841284240140306
0.005,2,38,0.03595724957601032,0.26816878854934,0.22329983646431031,0.26651023626212733
0.005,2,39,0.03544598760276801,0.26625546981336556,0.2217297644073969,0.2646542857427692
0.005,2,40,0.034948978801979454,0.264382218774181,0.22019017789468626,0.26283784447072495
0.005,2,41,0.03446690294058172,0.2625524821462624,0.2186869028509164,0.2610634881927279
0.005,2,42,0.03399803647011137,0.2607605663059941,0.21721327601700077,0.25932673031633624
0.005,2,43,0.033542283403669784,0.2590068856369258,0.21576984130764146,0.25762662834706057
0.005,2,44,0.033098793594730204,0.25728891773541357,0.21435484345489375,0.255962036041791
0.005,2,45,0.03266892985189176,0.25561271428429283,0.21297191762171064,0.25433833635420205
0.005,2,46,0.03224859716792384,0.25396297827803105,0.2116076301307983,0.252740588439005
0.005,2,47,0.031842495506335236,0.2523588536443104,0.21027951449844795,0.25118748038194705
0.005,2,48,0.03144553231473967,0.25078090961929167,0.20897194199517016,0.24966018495585116
0.005,2,49,0.031059526033962885,0.2492369396135448,0.20769043059241823,0.2481662385166136
0.005,2,50,0.030685862154143352,0.24773317159453376,0.20644099138958197,0.24671159463918807
0.005,2,51,0.030320284301876547,0.24625305805969822,0.2052112336758034,0.2452797840821374
0.005,2,52,0.029964470240868006,0.2448038816721173,0.2040040439778973,0.24387844589985333
0.005,2,53,0.029617514531297656,0.24338247484688644,0.20281866912272378,0.24250429647983077
0.005,2,54,0.029280393275763986,0.24199336055257378,0.20165902228946525,0.24116202192479314
0.005,2,55,0.028950685396046213,0.24062703670222185,0.2005201139846972,0.2398421510548838
0.005,2,56,0.028631271434972513,0.23929593157833884,0.19941113830700422,0.23855651284102444
0.005,2,57,0.02831563777037675,0.23797326644132424,0.19831122090075223,0.23727973556859489
0.005,2,58,0.028009511203382947,0.23668338008141995,0.19723725315211524,0.23603471684306251
0.005,2,59,0.027711593331754304,0.23542129611296556,0.19618565785776376,0.23481681676852859
0.005,2,60,0.027420295111909146,0.23418067858774833,0.19515251078384815,0.2336199300595654
0.005,2,61,0.02713399928067935,0.23295492817572824,0.19413103423368516,0.23243827279948145
0.005,2,62,0.02685741654326499,0.2317646070618419,0.1931374182083383,0.23129068636228872
0.005,2,63,0.02658583524019432,0.2305898316933959,0.1921559676029743,0.23015854581416234
0.005,2,64,0.026321609797725225,0.2294411026722336,0.19119304746979804,0.2290516492735396
0.005,2,65,0.026062954927643975,0.2283109937241042,0.19024310842336917,0.22796300173066136
0.005,2,66,0.025810247092744026,0.22720143966420647,0.18931454426865435,0.22689431818493416
0.005,2,67,0.025562177762195215,0.2261069559398614,0.18839935938348545,0.22584058701233425
0.005,2,68,0.02532046184310384,0.225035383187195,0.1875042957448245,0.22480933808199927
0.005,2,69,0.025084209724355547,0.22398307848744087,0.1866250572813951,0.22379663423536822
0.005,2,70,0.024853071809744526,0.22294874662013475,0.185762498906936,0.22280149656465142
0.005,2,71,0.02462717242537657,0.22193319907294884,0.1849150105369456,0.22182493592004596
0.005,2,72,0.02440596203413787,0.22093420755572402,0.18408065053930195,0.22086420727122655
0.005,2,73,0.024188625114473526,0.21994828989775542,0.18325765475443043,0.21991656414480193
0.005,2,74,0.02397613886993356,0.21898008525860777,0.1824469446763281,0.21898614817458023
0.005,2,75,0.02376892693178277,0.21803177260107193,0.1816521120689914,0.2180748508075981
0.005,2,76,0.023566309557232372,0.21710048160809028,0.18087218001986505,0.21718002487216373
0.005,2,77,0.02336672649389074,0.2161792149763281,0.18009977151211515,0.21629506229893156
0.005,2,78,0.023170188804769686,0.2152681527991063,0.17933707054991133,0.21542042969275008
0.005,2,79,0.022979038284997932,0.21437834911668638,0.17859040809084406,0.21456588344381206
0.005,2,80,0.022791271741509397,0.21350068731275504,0.17785559887925131,0.21372317345902436
0.005,2,81,0.022607584450439415,0.21263858751618633,0.17713485377712312,0.21289585317797802
0.005,2,82,0.022427446903226025,0.21178973961561984,0.17642459757548298,0.21208134715592453
0.005,2,83,0.022250347669668866,0.2109518792031437,0.1757246502299274,0.21127724269948905
0.005,2,84,0.0220770397194671,0.21012872111859007,0.1750355950222819,0.21048751662672385
0.005,2,85,0.021907049339788556,0.20931817570286895,0.1743559081929208,0.20970994273608712
0.005,2,86,0.021740467387516813,0.20852082575856454,0.17368595851660307,0.2089450926617189
0.005,2,87,0.021577685476778487,0.20773870836595903,0.17302751853805057,0.208194517186383
0.005,2,88,0.02141631657925407,0.2069604627906213,0.17237310640583534,0.2074477727845131
0.005,2,89,0.021258824847957134,0.20619808363783176,0.1717337868953465,0.20671641250104145
0.005,2,90,0.02110457930785283,0.20544867635423125,0.1711029022111277,0.20599783210115
0.005,2,91,0.020953415657617266,0.20471158080390697,0.1704809616957302,0.2052909808035513
0.005,2,92,0.020804549446183762,0.20398308481922595,0.16986749549113217,0.2045921849928453
0.005,2,93,0.020658079220027586,0.20326376568403717,0.16926091072594493,0.20390227708084546
0.005,2,94,0.020514021343023013,0.2025538019540636,0.16866075069673353,0.20322135925797805
0.005,2,95,0.02037271392514095,0.20185496736588351,0.16806891384480768,0.2025511943317756
0.005,2,96,0.020234208596197886,0.2011676345548552,0.1674868246735795,0.20189213253036878
0.005,2,97,0.020098028530816804,0.20048954352193435,0.16691148703421638,0.2012415440379229
0.005,2,98,0.019964003172695328,0.19981993480479032,0.16634194709578126,0.20059911522922924
0.005,2,99,0.019832147255187133,0.19915896793861498,0.16577909846738,0.1999649289637714
0.005,2,100,0.01970236301362794,0.1985062367464959,0.16522323992111554,0.19933869144430505
0.005,2,101,0.019575209862755183,0.19786465001487852,0.16467556998210042,0.19872312491218783
0.005,2,102,0.019449564058392477,0.1972286189090847,0.16413127982198822,0.19811269379651894
0.005,2,103,0.0193263566507693,0.19660293309495308,0.16359408623221627,0.19751240264162542
0.005,2,104,0.01920570288843426,0.19598827969260946,0.16306652838801772,0.19692247207310593
0.005,2,105,0.019086472968879012,0.19537898028641162,0.1625440591701829,0.19633762069662747
0.005,2,106,0.0189694015424819,0.1947788568735421,0.16202872951289568,0.19576135450375137
0.005,2,107,0.018853358044165103,0.1941821724266422,0.16151607086412856,0.19518848291449897
0.005,2,108,0.018740143039807797,0.1935982594953157,0.16101624664786485,0.19462792879518317
0.005,2,109,0.018628255057952233,0.19301945527822958,0.16052067697479264,0.19407220963920271
0.005,2,110,0.018518367940786557,0.192449307303438,0.16003249309837714,0.1935242906742592
0.005,2,111,0.0184100091546127,0.19188543016400542,0.15954843938285723,0.19298242437297655
0.005,2,112,0.018303229857461183,0.19132814668762765,0.1590696327391875,0.19244681046553175
0.005,2,113,0.018198175702574634,0.19077827812712134,0.15859681155302796,0.19191830252760061
0.005,2,114,0.018094701550922042,0.190235125836014,0.15812833199306855,0.1913960620786384
0.005,2,115,0.017992617172373014,0.18969774470126424,0.15766432080495735,0.19087916313935555
0.005,2,116,0.01789189505693712,0.18916603847909444,0.15720539791542712,0.1903677735329503
0.005,2,117,0.017792449427841164,0.18863960044402747,0.1567510013798137,0.18986113348500502
0.005,2,118,0.017694764281396675,0.18812104763368012,0.15630372074493257,0.18936203699005816
0.005,2,119,0.017598797550338337,0.18761022120523357,0.1558612310016668,0.1888704498666819
0.005,2,120,0.01750411114585331,0.18710484304717134,0.1554233759738614,0.1883837350499706
0.005,2,121,0.017410552975888,0.1866041423757147,0.15498883846159936,0.18790148101875784
0.005,2,122,0.017317902424465424,0.18610697152157102,0.15455849514052641,0.1874226011998745
0.005,2,123,0.017226976927194184,0.1856177627663591,0.15413460947012345,0.18695131574643767
0.005,2,124,0.017137579682733398,0.18513551621843605,0.1537158606979774,0.1864865776299738
0.005,2,125,0.017049322833630795,0.18465818602829823,0.15330099820552662,0.1860263044048378
0.005,2,126,0.016962275388456682,0.18418618508702916,0.15288968368978123,0.1855712423467169
0.005,2,127,0.016875846563348035,0.18371633875814114,0.15248042361169853,0.18511794985851976
0.005,2,128,0.01679059259149166,0.1832516989907142,0.15207727302837262,0.18466963086945468
0.005,2,129,0.01670683203359935,0.18279404822695597,0.15167886575970443,0.18422783169831203
0.005,2,130,0.016624580469134825,0.18234352453067712,0.15128756575673422,0.18379262876870445
0.005,2,131,0.016542811136462617,0.18189453612718892,0.15089592419595338,0.18335911697476123
0.005,2,132,0.016462595419971582,0.18145299898305114,0.15050980740767325,0.18293262132064161
0.005,2,133,0.016383101732464198,0.1810143736417868,0.15012807919871324,0.18250884186513394
0.005,2,134,0.016304238255644622,0.18057817285400038,0.14974885328314458,0.18208748347921178
0.005,2,135,0.016226788101280084,0.18014876131286656,0.14937503668185606,0.18167211176789905
0.005,2,136,0.016150224830217955,0.17972325854055704,0.14900516891434842,0.18126066268839042
0.005,2,137,0.01607459446239744,0.1793019490267601,0.14863923009776617,0.18085282707000083
0.005,2,138,0.016000366259041058,0.17888748563854912,0.14827957516579446,0.1804516048576326
0.005,2,139,0.015926227206779022,0.1784725592732901,0.1479191758186328,0.180050181317126
0.005,2,140,0.015853784996459053,0.17806619553671074,0.1475658948940001,0.1796565705214548
0.005,2,141,0.01578186154626577,0.17766182227065988,0.1472141210522696,0.17926492084733026
0.005,2,142,0.01571094404417715,0.17726220152179736,0.14686681289738748,0.1788776382584054
0.005,2,143,0.015640440704325187,0.1768640195422754,0.14651964838354534,0.17849154153195088
0.005,2,144,0.015571474324659166,0.17647364859751252,0.14617815551249305,0.17811288575247183
0.005,2,145,0.015502737392747464,0.17608371527627115,0.14583986751222655,0.17773479521921606
0.005,2,146,0.015435240148326847,0.1756999723866048,0.14550653718771256,0.17736244653489494
0.005,2,147,0.015368052265012973,0.17531715412367938,0.1451742781232815,0.17699079942671664
0.005,2,148,0.015302355808646648,0.17494202358865435,0.144848887485342,0.17662631275119622
0.005,2,149,0.015237158982423645,0.17456894902830597,0.14452407488875377,0.176263809754725
0.005,2,150,0.015172857489395068,0.17420021520879397,0.14420352395720334,0.17590518703739078
0.005,2,151,0.015108947637424623,0.17383295221231573,0.14388534057799585,0.17554800771450826
0.005,2,152,0.015045791674272013,0.17346925764683502,0.14356955668332422,0.17519405250047995
0.005,2,153,0.014983333241048976,0.17310882843488357,0.1432565799445086,0.17484349068566954
0.005,2,154,0.014921182412230494,0.172749427855669,0.14294482325510707,0.1744939453653501
0.005,2,155,0.01485998998847367,0.17239483744285192,0.1426373216312755,0.17414890528939708
0.005,2,156,0.01479977342431051,0.17204518839136718,0.14233340950648415,0.1738082953088717
0.005,2,157,0.014740001011364611,0.17169741414106743,0.1420318978484589,0.17346920284758732
0.005,2,158,0.014681246378999101,0.17135487375034947,0.1417344812544387,0.17313527065330225
0.005,2,159,0.014622807770559874,0.17101349520175227,0.1414376306187846,0.17280235040671718
0.005,2,160,0.014564849273576763,0.17067424687735852,0.14114272717779783,0.17247159152061095
0.005,2,161,0.014507792605484552,0.17033961726788371,0.14085166562788068,0.1721449157015372
0.005,2,162,0.014450849578060199,0.1700049974445469,0.14056037421535697,0.1718179380161733
0.005,2,163,0.014395030933301104,0.16967634445202492,0.140273723649956,0.17149679178939878
0.005,2,164,0.014339586771738274,0.169349264962906,0.13998924494341214,0.171177137468681
0.005,2,165,0.014285005047519403,0.16902665498387764,0.13970777049124186,0.17086195695167283
0.005,2,166,0.014230731153465358,0.168705252754414,0.13942769358454285,0.17054775009076895
0.005,2,167,0.01417724368658939,0.16838790744343485,0.13915043597620608,0.17023718983671562
0.005,2,168,0.014123830253230546,0.1680704034220811,0.13887383677446924,0.16992666185345698
0.005,2,169,0.014071445322558346,0.16775842943088343,0.13860201687273127,0.1696211871534433
0.005,2,170,0.014019224511063634,0.16744685432138542,0.1383317666511952,0.16931630954260868
0.005,2,171,0.013967845783770229,0.1671397366503264,0.1380640802366497,0.16901546925863695
0.005,2,172,0.013916657018256545,0.1668331922505623,0.13779707102232075,0.1687151094502029
0.005,2,173,0.013866158894741106,0.16653023085758997,0.13753263674407132,0.16841812942497358
0.005,2,174,0.01381643724572985,0.1662313884062204,0.13727133465349386,0.16812499189335375
0.005,2,175,0.013767077533738,0.16593418896501108,0.13701161118723856,0.16783343877408305
0.005,2,176,0.013718159194662101,0.16563912095071082,0.13675313338051182,0.16754413183762684
0.005,2,177,0.013669922316728846,0.16534764780140565,0.13649792091282634,0.16725792679825485
0.005,2,178,0.013621785714236131,0.1650562674619545,0.136244606742007,0.16697173698910298
0.005,2,179,0.013574260752737951,0.16476808400134993,0.13599337776524043,0.16668865959080437
0.005,2,180,0.013527213892543253,0.16448230234613845,0.1357448914207216,0.166407819308774
0.005,2,181,0.0134804714452555,0.1641978772411842,0.13549709914650157,0.16612790066406388
0.005,2,182,0.013434131799987674,0.1639154159924421,0.1352517244210689,0.1658500964391868
0.005,2,183,0.013388190993477872,0.16363490454959706,0.13500760811883333,0.16557426469748432
0.005,2,184,0.013342753526529295,0.1633569926665479,0.13476517389514625,0.1653005476989757
0.005,2,185,0.013297617483737657,0.16308045550425507,0.13452433040317036,0.16502847690495318
0.005,2,186,0.013252965170996882,0.16280641984268854,0.13428449245886445,0.16475873403289254
0.005,2,187,0.013208936083342697,0.16253575657893063,0.13404717627346296,0.16449196365122717
0.005,2,188,0.013165152211901437,0.1622661530443206,0.133810699161194,0.1642263829844487
0.005,2,189,0.013121855269305508,0.1619991065981878,0.13357672611378282,0.16396319332518028
0.005,2,190,0.013078648003695861,0.1617321736927805,0.13334334435289744,0.16369988289105614
0.005,2,191,0.013035937597792395,0.16146787666772852,0.13311272292349502,0.16343915602114278
0.005,2,192,0.012993848945338182,0.16120700323086576,0.13288425580712057,0.16318174962619947
0.005,2,193,0.012951895096272373,0.16094654451880833,0.1326557606218815,0.16292482204687705
0.005,2,194,0.012910418835749988,0.1606886357882846,0.13242944934727136,0.16267014571592076
0.005,2,195,0.012869271379833349,0.16043236194629404,0.13220536525971163,0.1624169218072048
0.005,2,196,0.012828550156883134,0.16017833909042217,0.1319830354487367,0.16216570303561703
0.005,2,197,0.012788039707959697,0.15992523070459957,0.1317609846692563,0.16191552107064552
0.005,2,198,0.01274799393545272,0.15967463126904485,0.1315412243783681,0.16166768470975862
0.005,2,199,0.012708530334234493,0.15942728959770025,0.13132353186522489,0.16142288678555383
0.005,2,200,0.012669303392686768,0.15918105033380556,0.13110665933694288,0.16117915196345936
0.005,2,201,0.01263028714646771,0.15893575523756578,0.13089094944709914,0.160936215374751
0.005,2,202,0.01259156733824975,0.15869194899710415,0.13067696867869014,0.1606946266184344
0.005,2,203,0.012553332081519718,0.15845082569377616,0.13046562934248665,0.1604554878319674
0.005,2,204,0.012515521421049473,0.15821201863985854,0.13025587127013566,0.1602186219029597
0.005,2,205,0.012477762789764308,0.15797317993738247,0.13004550905627119,0.15998183863155235
0.005,2,206,0.012440409782096337,0.15773655113572338,0.1298375453255235,0.15974712257656798
0.005,2,207,0.012403227093530991,0.1575006482115613,0.1296294730927464,0.15951309835282312
0.005,2,208,0.012366458464597706,0.15726702429052128,0.12942306808505824,0.1592810224249191
0.005,2,209,0.012330169923476512,0.15703611000961856,0.12921810177682316,0.15905176805682306
0.005,2,210,0.012293997158564407,0.15680559402371083,0.12901356784925247,0.158822805104542
0.005,2,211,0.01225793547432325,0.15657544810297208,0.12881176319257723,0.1585941337033754
0.005,2,212,0.012222531368830142,0.15634916928995907,0.12861227181516255,0.15836914583934217
0.005,2,213,0.012187332122596244,0.15612387468030792,0.12841370054421997,0.15814512988638307
0.005,2,214,0.012152517947115372,0.15590072448270004,0.1282159924896694,0.15792323762992228
0.005,2,215,0.012117920631716572,0.15567864742293064,0.12802009762083788,0.15770215481169075
0.005,2,216,0.01208344322415441,0.1554570244418335,0.12782570916917793,0.15748137325025469
0.005,2,217,0.012049226784724485,0.15523676616526438,0.127632429034261,0.15726197749149595
0.005,2,218,0.012015286283107895,0.15501797497779343,0.12744066837345677,0.15704408776532341
0.005,2,219,0.011981664883019605,0.15480093593398978,0.1272504304168342,0.1568279007436959
0.005,2,220,0.011948372160224562,0.15458571835861526,0.12706038358967756,0.15661322549869763
0.005,2,221,0.011915327136026473,0.15437180530152825,0.12687106894610223,0.156400114748998
0.005,2,222,0.011882542229357404,0.15415928275233642,0.1266830514165053,0.15618805051416537
0.005,2,223,0.011850052855447981,0.15394838651605272,0.1264968891693193,0.1559775816960216
0.005,2,224,0.011817888604383533,0.15373931575484218,0.1263120938922256,0.15576900034600055
0.005,2,225,0.01178590350999238,0.15353112720222165,0.1261280248499139,0.15556110498285286
0.005,2,226,0.011754264054633062,0.15332491026987796,0.12594576034038074,0.15535520337236583
0.005,2,227,0.011723007953660085,0.15312091923483273,0.12576507498833017,0.15515143235829784
0.005,2,228,0.011691630193987078,0.15291586048534717,0.12558397837648363,0.1549463782424682
0.005,2,229,0.011660624984387651,0.15271296594845934,0.1254037703852449,0.15474350349596455
0.005,2,230,0.011629858475747585,0.15251136663047501,0.1252252107144828,0.1545417826995913
0.005,2,231,0.011599316730907663,0.1523109761698589,0.12504834565064046,0.15434145348640407
0.005,2,232,0.01156882697804612,0.15211066351867722,0.1248709495782055,0.15414090044612838
0.005,2,233,0.011538762223841967,0.1519128844031471,0.1246950295730907,0.1539429507260262
0.005,2,234,0.011508904563902623,0.15171621247515127,0.12452059488185092,0.1537460195193365
0.005,2,235,0.011479335775621633,0.15152119175627965,0.12434714549273404,0.15355076790704572
0.005,2,236,0.011449794800323421,0.15132610350050926,0.12417397172511871,0.1533552301719858
0.005,2,237,0.011420764539478807,0.15113414266457997,0.1240029768237019,0.1531626920853324
0.005,2,238,0.011391701892822702,0.15094172314388557,0.12383241619967597,0.15296992684045124
0.005,2,239,0.011363100673029468,0.1507521188775101,0.12366335307667332,0.15277983963528602
0.005,2,240,0.011334574725163813,0.15056277577916669,0.1234950591801161,0.15258974886208404
0.005,2,241,0.01130618167454736,0.15037407804902653,0.12332725762658037,0.152400671463683
0.005,2,242,0.011277870219195787,0.1501856865296809,0.12316000356515697,0.1522113792157827
0.005,2,243,0.011249883101520657,0.1499992206747799,0.12299460221797759,0.1520243314906643
0.005,2,244,0.011222179558151892,0.14981441558242578,0.12283211299436203,0.15183853754015247
0.005,2,245,0.011194718597982224,0.1496310034583891,0.12267120668588925,0.1516543500560631
0.005,2,246,0.011167488751489438,0.14944891268583682,0.12251026256968532,0.15147134000973703
0.005,2,247,0.011140354855811309,0.14926724259402202,0.12235024300100482,0.15128883095769807
0.005,2,248,0.011113463580170135,0.1490869785069785,0.12219085584908543,0.15110743610433405
0.005,2,249,0.01108668287466446,0.14890723874052905,0.12203231786733444,0.15092660200850758
0.005,2,250,0.011060110448815805,0.14872868216195426,0.12187394390779462,0.15074703388476163
0.005,2,251,0.011033852405057915,0.14855202728376288,0.12171720953768964,0.15056924994423973
0.005,2,252,0.011007584287554979,0.14837509418736677,0.12156005963549947,0.15039140938637058
0.005,2,253,0.010981610016972817,0.14819993263812786,0.1214045064287923,0.15021491461043973
0.005,2,254,0.010955708480980427,0.14802505518310355,0.12124983492396188,0.15003881685124215
0.005,2,255,0.010930030696310454,0.14785148424219796,0.12109549698113883,0.14986403804952683
0.005,2,256,0.010904608498216714,0.14767943999228,0.12094311383803358,0.14969059899249668
0.005,2,257,0.010879401977684146,0.14750865722176543,0.1207915605458624,0.14951838239454177
0.005,2,258,0.010854328768632938,0.14733858129242958,0.12064049208553441,0.14934706106690057
0.005,2,259,0.010829379426281061,0.14716915047849574,0.12048984500723689,0.14917633519847986
0.005,2,260,0.010804647137451804,0.1470010009316386,0.12034046698097013,0.1490066728724009
0.005,2,261,0.010780031555416422,0.14683345365015713,0.12019109073402888,0.14883756840234139
0.005,2,262,0.010755607972836074,0.14666702405678023,0.12004300057970552,0.1486696599700826
0.005,2,263,0.01073146413684626,0.1465023149089888,0.1198963898896876,0.14850337762658433
0.005,2,264,0.010707382837323969,0.1463378477176972,0.1197499680447769,0.14833736103670833
0.005,2,265,0.010683488074430019,0.146174471604518,0.11960430651727777,0.14817248730532068
0.005,2,266,0.010659903192077724,0.1460130349802902,0.11945979606285562,0.1480094535106591
0.005,2,267,0.010636297739564142,0.14585127863384773,0.11931510134381972,0.14784602703183009
0.005,2,268,0.010612903220856396,0.14569079051783881,0.119173216892877,0.1476838656327148
0.005,2,269,0.010589500231248106,0.14553006721119938,0.11903131228625803,0.14752141025608626
0.005,2,270,0.01056643876790745,0.14537151555863653,0.11889115163112222,0.14736107302186635
0.005,2,271,0.01054354548786078,0.1452139489708945,0.11875158830488085,0.14720147581083506
0.005,2,272,0.010520774532238007,0.14505705451468404,0.11861213825922791,0.1470426803072891
0.005,2,273,0.01049805319760474,0.14490033262628998,0.11847361304074878,0.14688408494687835
0.005,2,274,0.01047549279152414,0.14474455286140575,0.11833555546574258,0.14672615141349357
0.005,2,275,0.010453063510444064,0.14458951214001703,0.11819775445586776,0.14656917399229014
0.005,2,276,0.010430854659399837,0.14443583114587485,0.11806111406495089,0.1464135096935013
0.005,2,277,0.010408792908633988,0.14428300598915997,0.11792420903991466,0.14625862214586444
0.005,2,278,0.010386824235538947,0.14413066457585594,0.11778863071667627,0.14610403177411135
0.005,2,279,0.010365142171136592,0.14398015259845082,0.11765406310324489,0.1459513035883302
0.005,2,280,0.010343510649865684,0.14382983452584297,0.11751947986586268,0.1457987439276742
0.005,2,281,0.010321999593861163,0.14368019761860829,0.11738565730171328,0.14564692264457763
0.005,2,282,0.010300702681845603,0.1435318966769798,0.11725330790116201,0.14549643321719458
0.005,2,283,0.010279455533731064,0.14338378941659385,0.11712175212558226,0.1453460409430244
0.005,2,284,0.010258435702118674,0.14323711601480024,0.11699156856318828,0.14519708792584177
0.005,2,285,0.010237566145484692,0.14309134247385263,0.1168619664378557,0.14504911034530663
0.005,2,286,0.010216842485826312,0.1429464409198516,0.11673334595509381,0.14490184620937938
0.005,2,287,0.010196234184971701,0.14280220015792264,0.11660548683302172,0.14475524116406766
0.005,2,288,0.010175692491378842,0.14265828045633272,0.11647773930157414,0.14460907526162667
0.005,2,289,0.010155290464704378,0.14251519543335986,0.11635031488619432,0.14446374017075408
0.005,2,290,0.010134884949250966,0.14237194210413065,0.11622308139802738,0.14431802634122617
0.005,2,291,0.010114695577874283,0.1422300641768419,0.11609636604483953,0.14417373414701012
0.005,2,292,0.010094780439812349,0.14208997459224454,0.1159710476721821,0.1440313369260863
0.005,2,293,0.010074974456644395,0.14195051572040446,0.11584554608711106,0.14388959650463204
0.005,2,294,0.010055235020684667,0.14181138896918447,0.11572147904156033,0.14374803468917685
0.005,2,295,0.010035610388490698,0.1416729359369015,0.11559764268601294,0.1436073256550419
0.005,2,296,0.010016056413012515,0.14153484668457103,0.11547488527648474,0.14346658158679482
0.005,2,297,0.009996711684648005,0.14139810242466486,0.11535264841697528,0.14332731961349013
0.005,2,298,0.009977510606836295,0.14126224270367715,0.11523171987516567,0.14318919180862838
0.005,2,299,0.009958465768477259,0.1411273592786123,0.11511145277300637,0.1430517094233041
0.005,2,300,0.009939423982672307,0.1409923684649088,0.11499142123922941,0.14291425423896673
0.005,3,1,0.06063878156117359,0.34824928301770725,0.297047035244271,0.34703962147875983
0.005,3,2,0.058988284519598366,0.34347717397113414,0.2930543560444835,0.3421806352786846
0.005,3,3,0.05739791424059302,0.33881533094177724,0.289138008060849,0.3374403792330556
0.005,3,4,0.055870638728856684,0.3342772463954335,0.28532096592367895,0.332831783911025
0.005,3,5,0.05440468306043158,0.32986264735623394,0.2815995796030435,0.3283540709131785
0.005,3,6,0.05299400206794044,0.3255579888988763,0.27796831177758485,0.3239929018077128
0.005,3,7,0.05164131090458772,0.32137613758519074,0.2744452365211966,0.3197606044426116
0.005,3,8,0.050342350460755476,0.31730852639270657,0.2710140776097913,0.31564802728898933
0.005,3,9,0.049099256357027554,0.3133664192507792,0.26768710037592836,0.3116658879921084
0.005,3,10,0.04790646454619833,0.3095366361069343,0.26445269874480404,0.30780007354564126
0.005,3,11,0.04676337185340127,0.30582142453857375,0.261311483124242,0.304052495319494
0.005,3,12,0.04566129168682669,0.30219626631322466,0.2582439976965848,0.3003976737689533
0.005,3,13,0.044602465935532506,0.29867194691009236,0.25525779334649806,0.296846403006889
0.005,3,14,0.04358800809514288,0.2952558486978467,0.25236665105094414,0.29340523381132455
0.005,3,15,0.04260930809605194,0.29192227765640616,0.2495467084716888,0.2900478591368719
0.005,3,16,0.0416728017214629,0.28869638626578925,0.24681174538393738,0.2867994896317644
0.005,3,17,0.04076789090289792,0.28554471069483295,0.24413400609626856,0.28362622509524665
0.005,3,18,0.039898113114293615,0.2824822582545446,0.24153166000701684,0.2805427859016127
0.005,3,19,0.03906094840027253,0.279502945960405,0.23899492017296448,0.2775427052003331
0.005,3,20,0.0382521090218711,0.27659395879834797,0.23651224894139877,0.27461286683303765
0.005,3,21,0.037472912557817664,0.27376235153073064,0.23409321150627813,0.2717603848379381
0.005,3,22,0.036723053526171216,0.27100942244199266,0.23174328368503788,0.26898656406267396
0.005,3,23,0.03600206716352871,0.26833586105300467,0.22946216318996657,0.266291921066282
0.005,3,24,0.035304803638715326,0.2657246832295236,0.22723228014653107,0.2636594025909512
0.005,3,25,0.0346320379517766,0.2631806905978347,0.2250572482292478,0.2610937642397429
0.005,3,26,0.033982779534943976,0.2607020503753048,0.222944231088041,0.2585933865056241
0.005,3,27,0.033355886758261365,0.2582862240161537,0.22088471057032075,0.2561552331918902
0.005,3,28,0.03274888565428543,0.2559253236953523,0.21888075314081099,0.25377182230095324
0.005,3,29,0.03216400615434292,0.2536296755284875,0.21692754905001427,0.25145332411316973
0.005,3,30,0.031598253414994344,0.25138915416140906,0.2150194382688819,0.24918982042965618
0.005,3,31,0.031052247126585844,0.24920773313276554,0.21316108623432786,0.2469853506438648
0.005,3,32,0.030525505058612613,0.24708502608864266,0.2113490964115918,0.24483980572678027
0.005,3,33,0.030014303936942283,0.24500736289729041,0.20957230922296022,0.24273921653363703
0.005,3,34,0.029520995526079688,0.24298557786864508,0.20784029403019677,0.24069460942032558
0.005,3,35,0.029043933524649124,0.24101424656915668,0.20614693665148717,0.23870063741245065
0.005,3,36,0.028582076628861655,0.23909026173753567,0.2044899994595036,0.23675437653917447
0.005,3,37,0.028134330093276035,0.2372101603779907,0.2028682064612428,0.23485221564469078
0.005,3,38,0.02770252431344155,0.2353827704546004,0.2012883299923239,0.23300337007783892
0.005,3,39,0.027282637811600702,0.23359211378640632,0.19973627873110916,0.23119166805273902
0.005,3,40,0.026876737700026253,0.23184795750675163,0.19821780172648037,0.22942692722142874
0.005,3,41,0.026483510081278295,0.23014564988840563,0.1967324246534702,0.22770475740801213
0.005,3,42,0.02610234227254775,0.22848344479435595,0.19527793181214503,0.22602320339966395
0.005,3,43,0.02573400835658104,0.22686563581371702,0.19386214362696985,0.22438692857535852
0.005,3,44,0.02537633508613933,0.22528353284756225,0.19247717341055975,0.2227872295546206
0.005,3,45,0.02502994691606706,0.22374068434715694,0.1911245242397839,0.22122740517317954
0.005,3,46,0.02469447104854307,0.22223623038804033,0.18980379782887644,0.21970696232234108
0.005,3,47,0.024367940053594498,0.2207620440818326,0.18850733932352487,0.218217433726558
0.005,3,48,0.024050559878515152,0.21931967480604722,0.18723719146426085,0.21676065191193575
0.005,3,49,0.02374049595064469,0.21790133524439306,0.18598635287972332,0.21532843148748448
0.005,3,50,0.023442131206314196,0.2165277405152245,0.18477038402400767,0.2139422556945816
0.005,3,51,0.0231524531062843,0.21518574816322897,0.1835793603571531,0.21258841804635606
0.005,3,52,0.02287098980845929,0.21387374690905517,0.18241258348558712,0.21126548897551173
0.005,3,53,0.022597159018404867,0.21258955298134885,0.18127006180046984,0.20997117036268098
0.005,3,54,0.022330652101310307,0.2113322128844077,0.18014998016930958,0.2087046141022441
0.005,3,55,0.022070714627714812,0.21009861792841386,0.17904729757062582,0.2074625738642273
0.005,3,56,0.021818068432394616,0.2088926443530007,0.1779669904244723,0.2062490306248804
0.005,3,57,0.021571978773200665,0.20771123596570631,0.1769055729746319,0.20506088960021268
0.005,3,58,0.021332837864063137,0.20655671310351129,0.17586609298188657,0.20390028854009168
0.005,3,59,0.021100668760271356,0.2054296412900113,0.17485052317954516,0.20276792315353756
0.005,3,60,0.020874398829225458,0.20432522521326366,0.17385403208718198,0.20165901321850332
0.005,3,61,0.020653729871218503,0.20324236699673867,0.17287977908099336,0.20057243603359234
0.005,3,62,0.020437575935920074,0.20217604178497547,0.171919713902017,0.1995031339679133
0.005,3,63,0.020228003584241913,0.20113678720831707,0.1709850314272105,0.198461465386778
0.005,3,64,0.020022939729503274,0.2001146657769154,0.1700632880594611,0.19743751470599616
0.005,3,65,0.019823845996726073,0.199117282005988,0.16916176062692326,0.1964391153369024
0.005,3,66,0.019629746606399892,0.19814008482081505,0.16827554792154514,0.19546154205652652
0.005,3,67,0.019440316291461413,0.1971817247691145,0.16740313725518915,0.1945031942026408
0.005,3,68,0.019254585045643317,0.1962375348685532,0.1665419558684333,0.19355970932134087
0.005,3,69,0.019074309403583036,0.195316714100883,0.16569870224763303,0.19264008584369158
0.005,3,70,0.018898331709796205,0.19441364000396785,0.16487159571627732,0.19173873173894523
0.005,3,71,0.018726449171275934,0.19352751314103084,0.1640592978855359,0.19085487840744866
0.005,3,72,0.018558010451359064,0.19265518654507624,0.1632608814364719,0.18998517189520014
0.005,3,73,0.01839406924286975,0.19180234223215184,0.16247899713412317,0.18913556139198362
0.005,3,74,0.01823323699227156,0.19096196999544993,0.16170935555503674,0.18829886511642763
0.005,3,75,0.018076450937083873,0.19013916449318838,0.16095427977537102,0.18748007644028783
0.005,3,76,0.0179229943072006,0.1893303689702241,0.16021515756468627,0.1866756503110822
0.005,3,77,0.01777347313837243,0.18853897813647144,0.1594924926297938,0.1858890010829786
0.005,3,78,0.01762646303534162,0.18775762586559097,0.15877792653599945,0.18511285715822148
0.005,3,79,0.01748283841352514,0.1869911142997182,0.15807565951262104,0.18435177444726647
0.005,3,80,0.017342793240200438,0.18624066816998075,0.15738676205260171,0.1836070300318546
0.005,3,81,0.017205309947275864,0.1855009970176757,0.156706217105131,0.18287339664664803
0.005,3,82,0.017071160442955792,0.1847764078174256,0.1560386728584764,0.1821549778689588
0.005,3,83,0.01693987021766581,0.18406450074724248,0.15538439084496117,0.1814496657572239
0.005,3,84,0.016810837130549608,0.18336213966110676,0.15473949131340992,0.18075423403947957
0.005,3,85,0.016684191380258995,0.18267014742567542,0.15410369545279537,0.18006925028050902
0.005,3,86,0.01656128190738346,0.18199605439340416,0.15348337572873422,0.17940240234979613
0.005,3,87,0.016440330118667797,0.1813302518537257,0.1528699702766478,0.17874401464225778
0.005,3,88,0.016321810131313157,0.18067545561759715,0.15226516290109274,0.17809684941037612
0.005,3,89,0.016205597842118013,0.18003109643679902,0.1516691302962875,0.17746020836852724
0.005,3,90,0.01609176349057869,0.17939767830481357,0.1510819721730093,0.17683471313007765
0.005,3,91,0.015980205072885816,0.1787747469464623,0.15050374649228515,0.17621972405779684
0.005,3,92,0.01587082454400913,0.178161862046899,0.14993263750122343,0.17561507931204304
0.005,3,93,0.015763199407997797,0.17755674815673889,0.14936803761780099,0.1750183161213375
0.005,3,94,0.015657843677729717,0.17696238966362157,0.1488133053569592,0.17443248718156878
0.005,3,95,0.015554245794455406,0.1763759949338651,0.1482666596677751,0.17385470141326156
0.005,3,96,0.015452818993914846,0.1757999942771037,0.14772964578150577,0.1732875409291796
0.005,3,97,0.015353185630285843,0.17523233508850952,0.14720070459501294,0.17272869695837362
0.005,3,98,0.01525540500127453,0.17467343817120295,0.1466797724596756,0.17217865306172564
0.005,3,99,0.015158861943213496,0.17411985494603133,0.14616255305999484,0.1716341825078463
0.005,3,100,0.01506428903007002,0.17357585678930132,0.14565310060768616,0.17109931414671004
0.005,3,101,0.014971835690423449,0.17304239763955798,0.1451531435599679,0.17057498177384128
0.005,3,102,0.014880846528390777,0.1725157762547575,0.14466122314482685,0.17005762760907883
0.005,3,103,0.0147914234053706,0.17199664767297412,0.14417502345721692,0.16954769365585878
0.005,3,104,0.014703593638951467,0.17148523924204945,0.14369484139940225,0.16904560401650182
0.005,3,105,0.014617313198273665,0.17098136271695616,0.14322114619999798,0.168551068082257
0.005,3,106,0.014532476929945585,0.17048446808988546,0.14275277129367148,0.16806362991092147
0.005,3,107,0.014449018510566826,0.1699942264347047,0.14228945046935648,0.16758287739865618
0.005,3,108,0.014366547886631754,0.16950839440353244,0.14182961105830466,0.16710664576523337
0.005,3,109,0.014285667517935344,0.16903057426356538,0.14137637208860088,0.1666384708116763
0.005,3,110,0.014206292860754649,0.16856033258601888,0.14093093247970923,0.16617775948017108
0.005,3,111,0.014128317607492995,0.16809710055496493,0.14049239751362344,0.16572422558718003
0.005,3,112,0.014051500180880895,0.167639495232364,0.14005879232355953,0.16527632526596442
0.005,3,113,0.013975791900952736,0.16718727165040248,0.13962781970161486,0.16483359730195818
0.005,3,114,0.013901142369768648,0.16674017134313285,0.13920215792670193,0.16439610787700665
0.005,3,115,0.013828026571971333,0.16630109183027833,0.13878296684329672,0.16396669031128688
0.005,3,116,0.013755893533254912,0.16586677505308237,0.13836851167083603,0.1635421488610636
0.005,3,117,0.01368500979887906,0.1654388696702142,0.13796033218480486,0.16312386788554584
0.005,3,118,0.01361496902902602,0.1650149631338081,0.1375556695408088,0.1627096674683513
0.005,3,119,0.013545886418190378,0.16459578620481374,0.1371568176379607,0.16230044739344293
0.005,3,120,0.013478221621080201,0.16418417476163896,0.1367635699267066,0.1618984556331102
0.005,3,121,0.013411486036544048,0.16377720254384642,0.13637640938114629,0.16150125512498892
0.005,3,122,0.013345955687237204,0.16337659371670843,0.13599388707149823,0.16111029120790543
0.005,3,123,0.0132814489978918,0.16298128112081953,0.1356169072355568,0.16072461549534814
0.005,3,124,0.01321774191914965,0.16258992538991862,0.13524394196672604,0.16034288586654305
0.005,3,125,0.013154878272644168,0.1622028253307825,0.13487349011500444,0.15996544357544745
0.005,3,126,0.013092687922180775,0.16181896008923538,0.13450587483785986,0.1595912421992239
0.005,3,127,0.013031488149154098,0.1614403180692735,0.13414354516110072,0.15922225998957773
0.005,3,128,0.012971226224349888,0.16106660873284623,0.13378602221920066,0.1588580752681251
0.005,3,129,0.01291192746337573,0.160698024028771,0.1334344402813371,0.15849918154788045
0.005,3,130,0.01285352609200064,0.16033418906771343,0.1330866874618094,0.15814478388668934
0.005,3,131,0.012795735750616056,0.1599733462212756,0.13274136024827946,0.15779342691960177
0.005,3,132,0.012738817596255085,0.15961715193709655,0.13239933397048165,0.1574467661568542
0.005,3,133,0.012682736353701898,0.15926541591759272,0.13206195689558206,0.15710453002682964
0.005,3,134,0.012627446793554833,0.15891788315702443,0.1317279462914563,0.15676650404748682
0.005,3,135,0.01257282529867975,0.15857380173710758,0.1313967300726959,0.15643192427030903
0.005,3,136,0.012518876246682261,0.15823322183841332,0.13106865023053152,0.1561008616434831
0.005,3,137,0.012465806541108482,0.15789747649097172,0.13074430863509104,0.1557744619492836
0.005,3,138,0.012413264062661971,0.1575643618504005,0.13042345275038328,0.15545061872016094
0.005,3,139,0.012361499606696568,0.15723548967517842,0.13010718912198696,0.15513112422323275
0.005,3,140,0.012310195648969402,0.15690886303182114,0.12979237063926682,0.1548138155002066
0.005,3,141,0.01225965656078077,0.15658643977548484,0.12948060941773507,0.15450061992423186
0.005,3,142,0.012209885991779952,0.15626826927933868,0.12917235280857003,0.15419168974999337
0.005,3,143,0.012160763079071112,0.15595360258148006,0.12886712022693217,0.15388622922763726
0.005,3,144,0.012112313893508496,0.15564262843776763,0.12856580675491572,0.15358448465745425
0.005,3,145,0.012064360179590628,0.15533422146835918,0.12826638464029852,0.15328525242266605
0.005,3,146,0.012017282452544707,0.1550308514621829,0.1279720094094787,0.15299111445514632
0.005,3,147,0.011970607067437784,0.15472948695990552,0.12767915769877727,0.15269876719378883
0.005,3,148,0.01192462956178623,0.15443205342017718,0.12739004200535017,0.1524104196563906
0.005,3,149,0.011878982085236167,0.15413618708944482,0.12710295151417295,0.15212361971019567
0.005,3,150,0.011834067415960827,0.15384451511809466,0.12681873228711954,0.15184097514116837
0.005,3,151,0.011789755113333945,0.1535562119442515,0.12653722912977852,0.15156159624683396
0.005,3,152,0.011745755425183057,0.15326940611343842,0.1262572255689962,0.15128369631777427
0.005,3,153,0.011702381743136486,0.15298615455744016,0.12598120923196665,0.15100932649348214
0.005,3,154,0.011659393270940718,0.15270490018948782,0.12570745450389278,0.15073695051687347
0.005,3,155,0.011617063824084572,0.15242745044174014,0.12543753761899637,0.15046839990221525
0.005,3,156,0.011575340541617378,0.15215347870894952,0.12517002610454878,0.1502032256848649
0.005,3,157,0.011534072060170547,0.15188200723041914,0.12490528310759373,0.14994043359235484
0.005,3,158,0.011493312446758877,0.1516134060481386,0.12464398704030039,0.14968040451149517
0.005,3,159,0.011452958402583925,0.15134700791613903,0.12438486578478174,0.14942264574170627
0.005,3,160,0.011412887214608173,0.15108201226226883,0.12412744653878062,0.14916630329160954
0.005,3,161,0.011373487905214667,0.15082100586599115,0.12387429117789618,0.1489138128610207
0.005,3,162,0.011334443371355802,0.15056190335776046,0.12362203753999064,0.1486632270596007
0.005,3,163,0.011295925658056503,0.15030585922083345,0.12337274204679564,0.1484157306167167
0.005,3,164,0.011257593193905928,0.15005061275387,0.1231243181991043,0.14816907281027908
0.005,3,165,0.011219897174298657,0.14979918006650542,0.12287877132002485,0.14792617181783616
0.005,3,166,0.011182629227093113,0.14955018707506262,0.12263517670243514,0.14768563982781366
0.005,3,167,0.011145854556427992,0.14930408270658904,0.12239409146947387,0.14744784283636395
0.005,3,168,0.011109437305685326,0.1490599698489526,0.12215405560948386,0.147212106440031
0.005,3,169,0.011073481049676887,0.14881855428458435,0.12191627563758374,0.1469789735759482
0.005,3,170,0.011037923717471688,0.14857943139931373,0.1216804513405782,0.14674814702347425
0.005,3,171,0.011002620014135725,0.14834163282191365,0.12144586833138488,0.14651856578324052
0.005,3,172,0.01096766300453494,0.14810579330016055,0.1212128324100514,0.14629102164828978
0.005,3,173,0.010933056236915423,0.14787194620289154,0.12098249155712121,0.14606542174169726
0.005,3,174,0.010898704063332586,0.1476394531507929,0.12075220230459403,0.14584114381021987
0.005,3,175,0.010864796325291859,0.14740960840658834,0.12052412328624722,0.145619457779873
0.005,3,176,0.010831465605904074,0.147183325182604,0.12029929496045867,0.14540113502030144
0.005,3,177,0.01079836620518806,0.1469582675808888,0.12007546318757165,0.1451840781451156
0.005,3,178,0.010765626613305029,0.14673531690295305,0.1198533968966346,0.14496905954058387
0.005,3,179,0.010733246554993376,0.1465144808883639,0.11963360140870227,0.1447560856526583
0.005,3,180,0.0107011541173247,0.14629527755416236,0.11941560362075926,0.144544631896195
0.005,3,181,0.010669370150769818,0.14607785698571715,0.11919906932234328,0.14433502829496794
0.005,3,182,0.010637907786135272,0.14586231717709186,0.11898474705083861,0.14412737175152765
0.005,3,183,0.010606820016299876,0.14564903031808948,0.11877287552190693,0.14392190347843828
0.005,3,184,0.010576085845339615,0.14543786195719197,0.11856323658699154,0.14371859038216112
0.005,3,185,0.01054558590117136,0.145227999374579,0.11835525208701678,0.1435166192422018
0.005,3,186,0.0105153429801061,0.14501960543392814,0.11814768148757297,0.1433159339181356
0.005,3,187,0.010485413103078049,0.14481307332611962,0.11794249984866743,0.1431171004996443
0.005,3,188,0.01045576869237435,0.1446082203221819,0.11773859811673558,0.14291992140586512
0.005,3,189,0.010426426562158945,0.14440517000550185,0.11753598628513812,0.14272451619005724
0.005,3,190,0.010397431565918816,0.1442042410327714,0.1173353738229593,0.14253109425356103
0.005,3,191,0.010368555598479023,0.1440038582710826,0.1171363099658203,0.14233836561030683
0.005,3,192,0.010340106917536653,0.1438061675835682,0.11693943054739377,0.14214811819105244
0.005,3,193,0.010311910860169393,0.14360996386163039,0.11674384455080893,0.1419594353598664
0.005,3,194,0.010283881207126297,0.14341465202081896,0.11655045448088719,0.1417716059689822
0.005,3,195,0.010256238773942767,0.14322177749171225,0.11635818056974166,0.1415861944409893
0.005,3,196,0.010228872123354719,0.1430305710214059,0.11616772165508248,0.14140241043955765
0.005,3,197,0.01020178113265247,0.1428410384494069,0.11597942383519505,0.14122018722016877
0.005,3,198,0.0101748225748269,0.14265218242162928,0.11579143128975858,0.14103848598870722
0.005,3,199,0.010148176241135967,0.14246526763485876,0.1156053075789183,0.14085881687575946
0.005,3,200,0.010121838082541374,0.14228027328158582,0.11542096498941558,0.14068101422205503
0.005,3,201,0.010095627227016676,0.14209593398135412,0.11523745231575883,0.14050388601127733
0.005,3,202,0.010069736501629532,0.14191361105707606,0.11505529443179024,0.14032861425002766
0.005,3,203,0.01004394606656543,0.14173176120097733,0.11487333337498247,0.14015386691901122
0.005,3,204,0.010018488367228007,0.14155202836574265,0.11469283139824289,0.13998126418106704
0.005,3,205,0.00999324241044496,0.14137356478808166,0.11451410727917842,0.13980979443876684
0.005,3,206,0.009968382383038122,0.141197608924784,0.11433686887466521,0.13964079088841302
0.005,3,207,0.009943528564306317,0.1410214775437154,0.11415969700899282,0.13947175675237114
0.005,3,208,0.009918996380089667,0.14084740949048136,0.11398442077635065,0.13930456285114742
0.005,3,209,0.009894664303761468,0.14067454854209746,0.11381040740928337,0.13913870786519258
0.005,3,210,0.009870451223947701,0.14050232185944617,0.11363692371472074,0.1389733950677445
0.005,3,211,0.009846612744869794,0.14033255320751342,0.11346709045352447,0.1388104653976722
0.005,3,212,0.00982292848807801,0.14016367923308812,0.11329829954130029,0.1386484558918579
0.005,3,213,0.009799498801094235,0.13999641996204212,0.1131311989736012,0.13848799959894986
0.005,3,214,0.009776212974046664,0.13982998944465858,0.11296474671032626,0.13832835287775966
0.005,3,215,0.009753104069934588,0.13966462737525626,0.11279892112013876,0.138169734150617
0.005,3,216,0.009730324011773928,0.13950142660040382,0.11263535693448525,0.13801319171274987
0.005,3,217,0.009707619808940061,0.13933857907227318,0.11247181397370573,0.137857015399407
0.005,3,218,0.009685187275846214,0.13917749297818388,0.11230992032880112,0.13770261036323986
0.005,3,219,0.009662914580767618,0.1390173699993466,0.11215126433643129,0.13754905194100664
0.005,3,220,0.009640779686716894,0.13885805476613083,0.11199349157512074,0.13739623513728833
0.005,3,221,0.00961896703454683,0.13870087984253618,0.11183776873351219,0.13724551481607003
0.005,3,222,0.009597231271993465,0.1385440815913366,0.11168342739596675,0.13709518504710577
0.005,3,223,0.009575633718441745,0.13838810439081636,0.11153007946361759,0.136945684521281
0.005,3,224,0.009554296218719626,0.13823383246311033,0.11137828075570887,0.13679779957376964
0.005,3,225,0.00953306249650887,0.13808013974868993,0.11122680262343763,0.13665045850062868
0.005,3,226,0.009512097451742705,0.1379282237378754,0.11107735504325736,0.1365048146376934
0.005,3,227,0.009491331496072467,0.1377775852312158,0.11092927322127863,0.1363605079866126
0.005,3,228,0.00947058254807509,0.13762690542241435,0.11078169109676846,0.13621613839873808
0.005,3,229,0.009450098350863986,0.1374779862440819,0.11063565569262285,0.1360735518518145
0.005,3,230,0.009429771122032459,0.13733004858393125,0.11049062945154982,0.13593175043574077
0.005,3,231,0.00940964485747839,0.13718341632630665,0.11034677233188034,0.13579141252144464
0.005,3,232,0.009389671164859023,0.1370377405305489,0.11020364008524548,0.13565192624010927
0.005,3,233,0.009369812122928357,0.13689274723613634,0.11006088052343611,0.13551310501393574
0.005,3,234,0.00935002846071383,0.136748151436967,0.10991851159531153,0.1353746225967762
0.005,3,235,0.009330551108991487,0.13660564489794327,0.10977801722314327,0.13523834282921093
0.005,3,236,0.009311180857687909,0.13646377437025484,0.10963852489818246,0.1351026362088844
0.005,3,237,0.009292014821293507,0.13632325422534122,0.1095005977088885,0.1349682082543979
0.005,3,238,0.009272992668497775,0.13618364562969942,0.10936397771658556,0.13483466174039516
0.005,3,239,0.009254136607462457,0.13604511463086397,0.10922832848145203,0.13470212686448826
0.005,3,240,0.00923537762487084,0.13590715672745743,0.10909254207920169,0.1345700425664559
0.005,3,241,0.009216785291357249,0.13577028608172886,0.10895775128650198,0.1344391254457832
0.005,3,242,0.00919829349097913,0.13563401852764764,0.10882368527632641,0.13430869857546868
0.005,3,243,0.009179993665349157,0.1354990307371175,0.10869034894962835,0.13417952446363915
0.005,3,244,0.009161883817367473,0.1353653117853128,0.1085577884926349,0.13405165606121439
0.005,3,245,0.00914380478474351,0.13523168848123956,0.10842645937177385,0.13392382861980584
0.005,3,246,0.009125925855753498,0.13509941417899263,0.10829680411427493,0.13379728044898284
0.005,3,247,0.009108143491285503,0.13496772570718898,0.10816782821520533,0.13367139535817843
0.005,3,248,0.009090423424468051,0.13483637064581686,0.10803938444920348,0.13354579595819463
0.005,3,249,0.009072899722100522,0.13470634522620323,0.10791168911169398,0.13342150844432485
0.005,3,250,0.009055544907812468,0.13457744913478237,0.10778521018402984,0.1332983774198377
0.005,3,251,0.009038301943086606,0.1344492613820292,0.10765890947607862,0.13317580494899933
0.005,3,252,0.009021189467946774,0.1343219227672592,0.1075337647222732,0.13305409840170745
0.005,3,253,0.009004186836023073,0.13419528185463953,0.10740859152536408,0.13293310480964868
0.005,3,254,0.008987347258593594,0.13406973751442638,0.10728418525898722,0.13281317944632715
0.005,3,255,0.008970693373728945,0.13394546183972747,0.10716117460704486,0.1326944063832088
0.005,3,256,0.008954104423855726,0.13382155599047357,0.10703893283444749,0.13257610631930242
0.005,3,257,0.00893758792415549,0.1336980772049882,0.1069166054600002,0.13245808190032232
0.005,3,258,0.008921215346456736,0.1335755617353469,0.10679482845695826,0.13234111884942268
0.005,3,259,0.008904980882886188,0.1334539687149557,0.10667380031578035,0.13222497567342986
0.005,3,260,0.008888819439139524,0.13333281245919568,0.10655323697670817,0.1321093208390355
0.005,3,261,0.00887278719640468,0.1332125159015074,0.10643410988744047,0.13199444678018685
0.005,3,262,0.008856930328406898,0.1330934283006257,0.10631576542305128,0.13188068912906878
0.005,3,263,0.008841063218894399,0.13297415702981086,0.10619762890905614,0.13176687029784712
0.005,3,264,0.008825408494489276,0.13285637729886568,0.10608089679906553,0.13165444372468685
0.005,3,265,0.00880976991019141,0.13273861465445094,0.10596443192833703,0.13154194083716741
0.005,3,266,0.008794297466590531,0.1326220001854182,0.1058491379938974,0.1314305600529082
0.005,3,267,0.008778979670746178,0.13250645018825444,0.10573443628538062,0.13132026470380764
0.005,3,268,0.00876371564145952,0.13239120545912042,0.10561989618068665,0.13121027088389983
0.005,3,269,0.008748624836737344,0.1322771698876064,0.10550638829381388,0.13110130065376943
0.005,3,270,0.008733554374811082,0.13216318984354972,0.10539294523061166,0.13099254069294883
0.005,3,271,0.00871859630447017,0.13204996254804596,0.10528015173358472,0.13088453960146249
0.005,3,272,0.008703828393247447,0.13193807936488577,0.10516826958434519,0.13077773361921757
0.005,3,273,0.008689081507530831,0.13182626071865067,0.10505726832873112,0.13067103960058477
0.005,3,274,0.00867442828572914,0.13171505825629157,0.10494668472301916,0.1305648748226056
0.005,3,275,0.00865993317538133,0.13160496324517043,0.1048359336326001,0.13045993920492313
0.005,3,276,0.008645457943324145,0.13149492722781472,0.10472537230577435,0.13035495355310958
0.005,3,277,0.008631146671033955,0.13138604698394693,0.1046160252832601,0.13025109607862823
0.005,3,278,0.008616948010091689,0.13127793424709036,0.10450783710036508,0.13014790222250833
0.005,3,279,0.008602810183059185,0.1311701961808336,0.10439965505699912,0.13004511234548324
0.005,3,280,0.008588833947523236,0.131063602480042,0.10429269398536377,0.12994352685264265
0.005,3,281,0.008574932098510289,0.1309574900378767,0.10418593914745823,0.12984235745153866
0.005,3,282,0.008561081657522986,0.1308516844180692,0.10407996685462577,0.12974145903006803
0.005,3,283,0.00854727716789691,0.13074614463070727,0.1039746721498851,0.1296408781253559
0.005,3,284,0.008533623401461063,0.13064167330114126,0.10387021379259799,0.12954128109699387
0.005,3,285,0.008520046890421365,0.13053771018691393,0.10376622880722405,0.12944224705226884
0.005,3,286,0.008506628586890944,0.13043487713714413,0.10366342461883869,0.12934413046818807
0.005,3,287,0.008493332586616286,0.1303329013458711,0.10356113174108003,0.12924696689156992
0.005,3,288,0.008480008317954884,0.13023062863977033,0.10345862391653321,0.12914956918119244
0.005,3,289,0.008466761037094693,0.13012886718245642,0.10335709500047409,0.12905264020290003
0.005,3,290,0.008453675016062406,0.13002826628131597,0.1032565119089707,0.12895679498268658
0.005,3,291,0.008440686569032048,0.12992833847188262,0.1031566808923978,0.12886161467114002
0.005,3,292,0.008427773096039624,0.12982891123351242,0.10305832599846139,0.1287668000386355
0.005,3,293,0.008414931865504812,0.12972996466125175,0.1029601957782327,0.12867248983975244
0.005,3,294,0.008402107816099486,0.12963107510238034,0.10286136347226586,0.12857833373577188
0.005,3,295,0.008389432789211426,0.12953326051027533,0.1027639447553296,0.1284851309453851
0.005,3,296,0.008376868712425366,0.12943622918198264,0.102667140134771,0.12839269043512033
0.005,3,297,0.008364391847233513,0.12933979934446715,0.10257129157956241,0.12830086118643153
0.005,3,298,0.008351972786568806,0.1292437448124187,0.10247542081392731,0.12820936370850053
0.005,3,299,0.008339660564583594,0.12914844609660306,0.10237959285735117,0.128118584290073
0.005,3,300,0.00832736548013778,0.1290532098022965,0.10228449760585465,0.12802794302196274
0.005,4,1,0.083575151440497,0.4088401923502556,0.3364217978953163,0.40598528200384115
0.005,4,2,0.0817889809710424,0.4044477246098497,0.3328578060843681,0.4017504477613686
0.005,4,3,0.07999842530241848,0.3999960632366736,0.3292516066851012,0.39745610960205663
0.005,4,4,0.07821293070565638,0.39550709400883416,0.32562177462642106,0.393122667049783
0.005,4,5,0.07643722602424272,0.39099162657080705,0.3219789005044513,0.3887603863735753
0.005,4,6,0.0746723289793405,0.3864513655800442,0.3183317510075193,0.38436962099871286
0.005,4,7,0.07292108345900551,0.3818928736151161,0.31468434816792573,0.37995679131547716
0.005,4,8,0.07118842056094911,0.3773285585824352,0.31104787199700484,0.37553266755734793
0.005,4,9,0.06947462303220618,0.3727589651026684,0.30742714863938214,0.3710978805247859
0.005,4,10,0.06777649750217819,0.368175223235291,0.3038113074634191,0.3666433465072801
0.005,4,11,0.06609698579411569,0.36358488910876285,0.3002074203240259,0.3621761914836199
0.005,4,12,0.0644460389436685,0.3590154284809178,0.296626836079323,0.357722520411957
0.005,4,13,0.06281932030752657,0.354455414142672,0.2930598904811032,0.3532724039840478
0.005,4,14,0.06121556769068564,0.34990160814344834,0.28950810593897863,0.3488217239830259
0.005,4,15,0.05964282370008789,0.3453775432771734,0.285987147550748,0.3443942353190771
0.005,4,16,0.058097233842186784,0.3408730961580476,0.2824998372693933,0.3399799854419616
0.005,4,17,0.056580678863288124,0.3363946458054531,0.2790329358775318,0.3355859838095865
0.005,4,18,0.05509234493615163,0.3319407927210864,0.2755912931983035,0.3312106520270599
0.005,4,19,0.05364425350866957,0.32754924365252186,0.2722115349596015,0.3268920276956977
0.005,4,20,0.052224550587399755,0.3231858616567246,0.26886503696523384,0.32259662325009336
0.005,4,21,0.05083860305107116,0.31886863455370196,0.2655557670458552,0.3183420600097459
0.005,4,22,0.04949226379237915,0.3146180662084717,0.26230594350271946,0.31414920356653453
0.005,4,23,0.048179800914504016,0.3104184302341084,0.2591025849008596,0.31000360814586736
0.005,4,24,0.046902140526872915,0.3062748456105167,0.2559410945193378,0.30591010354948905
0.005,4,25,0.045658547338896106,0.30218718483382484,0.2528194217459592,0.30186928228274484
0.005,4,26,0.04446372711294611,0.2982070660227424,0.24977418202408613,0.29793251274343224
0.005,4,27,0.04329802367291482,0.2942720634817883,0.2467579692720156,0.2940385739232846
0.005,4,28,0.04216938910407524,0.2904113947629302,0.24379435061917126,0.2902164905927412
0.005,4,29,0.041070202300979575,0.2866014734818353,0.24087435534185261,0.28644312637746383
0.005,4,30,0.04001044767536026,0.28287964817342465,0.23802514051774315,0.28275582909708236
0.005,4,31,0.038990456803655246,0.2792506286605466,0.23524760023060773,0.27915982602997047
0.005,4,32,0.03800017535833198,0.27568161113259615,0.23251371308968866,0.2756230960156223
0.005,4,33,0.03704186637529688,0.2721832705193208,0.22983193021707848,0.2721553762456391
0.005,4,34,0.03612208438789977,0.26878275386601636,0.2272228952409012,0.2687840980160525
0.005,4,35,0.03523269624228405,0.26545318322553246,0.22467542266055848,0.2654834075820044
0.005,4,36,0.03438045937495765,0.2622230324550368,0.2222027860593888,0.26228093928965085
0.005,4,37,0.033558030404320434,0.25906767611695763,0.21978408838330835,0.2591528749577725
0.005,4,38,0.03276515839017535,0.25598889972096583,0.21741625000437267,0.2561010551938026
0.005,4,39,0.03200327431588509,0.25299515535237066,0.21510705533654353,0.25313369221544485
0.005,4,40,0.03127150347418632,0.25008599910505314,0.2128529945858615,0.2502497062211418
0.005,4,41,0.030566814521203033,0.24725215680031198,0.2106486367613074,0.24744107291548842
0.005,4,42,0.02988790737305782,0.24449092978291778,0.20849134888981305,0.24470435197802629
0.005,4,43,0.02923716719338682,0.2418146695028522,0.20639486945787322,0.242052372422997
0.005,4,44,0.02860977050756377,0.23920606391796914,0.20434512593505091,0.2394674466209498
0.005,4,45,0.028005626067458066,0.23666696460409536,0.20234831901918135,0.23695214460120084
0.005,4,46,0.027427460547358288,0.23421127448249918,0.20041246874102575,0.23451958657171335
0.005,4,47,0.026870726476534112,0.23182202861908577,0.19852074198652625,0.23215329040253604
0.005,4,48,0.02633576092885891,0.2295027709151195,0.19668487350992006,0.22985659166750172
0.005,4,49,0.025820922544238886,0.2272484215313228,0.1948947287590785,0.22762450463007294
0.005,4,50,0.025324571930497784,0.22505364662896615,0.1931432734189857,0.2254515803782332
0.005,4,51,0.02484763999251881,0.22292438176439477,0.19143680435280064,0.22334388817373943
0.005,4,52,0.02438878101738887,0.22085642855660267,0.18977705608876766,0.22129718283603808
0.005,4,53,0.023947425939543607,0.21884892478394133,0.1881579671477239,0.21931034456104628
0.005,4,54,0.023523849548349154,0.21690481575266674,0.18658217180027203,0.21738634518698755
0.005,4,55,0.023112979334563195,0.21500222945152545,0.18503281826967324,0.21550381144949876
0.005,4,56,0.02271894223391695,0.21316163929711626,0.18352936200284034,0.213682635006135
0.005,4,57,0.022339435402167335,0.21137377037923763,0.18206319092060858,0.2119134596141887
0.005,4,58,0.021974549794891385,0.2096404054322133,0.1806359718539348,0.21019839974755797
0.005,4,59,0.021622522832195498,0.20795443170173364,0.17924284383913766,0.20853029208231652
0.005,4,60,0.0212825372323141,0.20631304967119313,0.17788077607482924,0.20690650226874743
0.005,4,61,0.020956198938562213,0.2047251764613342,0.1765568616123757,0.20533535203735856
0.005,4,62,0.02063973320762552,0.20317348846552555,0.17525820132737976,0.20379982262240548
0.005,4,63,0.02033558209456027,0.20167093045136808,0.1739942563096114,0.20231314237658937
0.005,4,64,0.020040564199136305,0.20020271825895025,0.17275313839681744,0.20086056762081259
0.005,4,65,0.0197569524664297,0.19878104772049926,0.17154821804051765,0.1994535429078761
0.005,4,66,0.019481182291088733,0.1973888664088668,0.17036450505858203,0.1980754591793584
0.005,4,67,0.019215223143283833,0.1960368493078984,0.16921500530139189,0.1967373361170509
0.005,4,68,0.01895753506642702,0.19471792452892991,0.16808836761218307,0.1954316428391687
0.005,4,69,0.01870843173809728,0.1934343906243007,0.1669892223684836,0.19416075369736668
0.005,4,70,0.018468069276414822,0.19218776899904333,0.16592027455251987,0.19292636561370904
0.005,4,71,0.01823474336429707,0.19096985816770704,0.1648738298088634,0.1917197042238437
0.005,4,72,0.01800896862385399,0.1897839225216614,0.16385267362325326,0.19054505198527946
0.005,4,73,0.017791442260392032,0.18863426125914684,0.1628582663075737,0.18940593950566614
0.005,4,74,0.017580288552881452,0.18751153859366337,0.16188266289774678,0.18829333945811436
0.005,4,75,0.0173757379438386,0.18641747742010994,0.16092919958650642,0.18720860292291386
0.005,4,76,0.017175780171764566,0.18534173934526765,0.15998992004471768,0.186142030150487
0.005,4,77,0.016983304835154815,0.18430032466143306,0.1590780965005839,0.18510916444346082
0.005,4,78,0.016795469552984457,0.1832783105170083,0.15817953661224848,0.18409521093915976
0.005,4,79,0.016613974399019623,0.1822853499270834,0.15730289784251633,0.18310994912257653
0.005,4,80,0.016437372232417684,0.18131393897005096,0.15644232024264243,0.18214570886743753
0.005,4,81,0.016265360288559523,0.1803627471988577,0.15559716334130186,0.18120138873249172
0.005,4,82,0.016098124618753342,0.17943313305381112,0.1547692195934366,0.18027818695341002
0.005,4,83,0.015935456357615528,0.17852426365968033,0.15395588928848009,0.17937525497375426
0.005,4,84,0.015777332403870057,0.1776363273875592,0.15315843160872245,0.17849282631855345
0.005,4,85,0.015623710070730728,0.17676939820416163,0.1523782515759691,0.17763110905011134
0.005,4,86,0.015474314640905552,0.17592222509339492,0.1516165617543595,0.17678830512002186
0.005,4,87,0.015328685219279301,0.17509246254067765,0.15086840515801242,0.17596276939238717
0.005,4,88,0.01518695923818157,0.17428114779391127,0.15013371991956193,0.1751550770110994
0.005,4,89,0.01504880034200504,0.17348660087744552,0.14941151081385928,0.17436403587822133
0.005,4,90,0.01491452473197578,0.172710884034422,0.14870792401333124,0.17359139702733176
0.005,4,91,0.014783733902501203,0.1719519345776674,0.14801768232542054,0.1728347635822346
0.005,4,92,0.014655712770066161,0.1712057987923666,0.14733562983583479,0.17209084069833222
0.005,4,93,0.01453119163949394,0.17047692887598567,0.14666947059991278,0.17136391153040964
0.005,4,94,0.014409426371861699,0.16976116382648712,0.14601316729254943,0.17064985107326308
0.005,4,95,0.014291637480369502,0.16906588940628742,0.14537317275964037,0.16995574753053644
0.005,4,96,0.014175580573801118,0.1683780304778573,0.14474006705470177,0.16926881533838894
0.005,4,97,0.014062956305546527,0.16770781917100067,0.1441218181136263,0.168599208236013
0.005,4,98,0.013952525211908005,0.16704804824904723,0.14351324716423572,0.16793964580464885
0.005,4,99,0.013844889104797021,0.1664024585443197,0.1429156759599285,0.16729387151635816
0.005,4,100,0.013739825863740467,0.16576987581427735,0.14232841653139838,0.1666607498340708
0.005,4,101,0.0136370227672771,0.165148555956612,0.14175039743229936,0.16603888132906883
0.005,4,102,0.013537017088333467,0.16454189185938922,0.14118559551499005,0.1654313662143881
0.005,4,103,0.013438876146246701,0.1639443573060488,0.1406291108029149,0.16483261431993762
0.005,4,104,0.013342341691065834,0.16335447157066643,0.14007976871169844,0.16424133461243706
0.005,4,105,0.013248457298080298,0.1627787289425759,0.13954653468514003,0.16366367790906455
0.005,4,106,0.013156885880371545,0.1622152020025962,0.1390264570864175,0.16309828587884054
0.005,4,107,0.013066954434413386,0.16165985546457343,0.13851492519743852,0.16254058556684742
0.005,4,108,0.012978880936251505,0.1611141268557882,0.13801278049144236,0.16199239806241092
0.005,4,109,0.01289234403396291,0.1605761130054088,0.13751952476957785,0.1614516227179292
0.005,4,110,0.012808531908330627,0.1600533155441063,0.1370383481726437,0.16092585303629767
0.005,4,111,0.01272599295258445,0.15953678542947047,0.13656201985173946,0.160406152136566
0.005,4,112,0.012645492740272478,0.15903139778215167,0.13609498214280155,0.15989721873543938
0.005,4,113,0.012566498610443089,0.1585338992798896,0.13563321881514964,0.15939588082361802
0.005,4,114,0.012488844611695306,0.15804331439004501,0.13517680256592632,0.158901251275346
0.005,4,115,0.0124131793838816,0.1575638244260503,0.1347302482708692,0.15841771941667349
0.005,4,116,0.012338879602899673,0.1570915631273664,0.1342893576136471,0.157941153306141
0.005,4,117,0.01226620346475264,0.15662824435428394,0.1338557538472381,0.15747359485798704
0.005,4,118,0.012194510031732376,0.15616984364295416,0.13342683214572307,0.1570107629850466
0.005,4,119,0.0121243994470587,0.15572025845765028,0.13300426994955128,0.1565565690294254
0.005,4,120,0.012055388085733497,0.1552764507949193,0.13258681053651641,0.15610775338295815
0.005,4,121,0.011987687351053437,0.1548398356435025,0.13217417283716365,0.15566620155476957
0.005,4,122,0.011921568063645695,0.1544122279072852,0.13176986972739735,0.15523311177843271
0.005,4,123,0.01185650301896196,0.1539902790371,0.1313694543941769,0.15480564419440482
0.005,4,124,0.011792616640242245,0.15357484585857312,0.1309735015752211,0.15438479208975428
0.005,4,125,0.01172977126430167,0.15316508260241085,0.13058153727114566,0.15396949416394082
0.005,4,126,0.011668497223964567,0.15276450650569698,0.13019709324025375,0.15356311494189684
0.005,4,127,0.01160822340320701,0.15236944183928094,0.1298172396096828,0.15316211274110203
0.005,4,128,0.011548814969759208,0.15197904440915008,0.12944210658057254,0.1527656727379176
0.005,4,129,0.011490728769688823,0.1515963638725469,0.12907315110663936,0.15237685413283877
0.005,4,130,0.011433580456777897,0.15121891718153452,0.12870910180484538,0.15199330798997934
0.005,4,131,0.011377198413372784,0.1508456059245531,0.12834821180834793,0.15161381759153747
0.005,4,132,0.011322132115795388,0.15048011241220807,0.12799413435236426,0.1512419215100364
0.005,4,133,0.011268088547938324,0.15012054188510196,0.1276448756070728,0.15087579083595729
0.005,4,134,0.011214698232484924,0.1497644699685805,0.12729782654479366,0.150512926469061
0.005,4,135,0.011162065667556087,0.14941262107035058,0.12695373807170132,0.1501542148546961
0.005,4,136,0.011110378604300407,0.14906628461392876,0.12661400015146373,0.1498010053007564
0.005,4,137,0.011059881726521345,0.1487271443047391,0.12628158013826757,0.14945504414946273
0.005,4,138,0.011010038484656611,0.14839163375781406,0.1259524000823174,0.14911261217175092
0.005,4,139,0.010960845582402123,0.14805975538546673,0.12562710864976745,0.14877353160785656
0.005,4,140,0.01091252100030714,0.14773300917741533,0.12530695715487494,0.14843955522536442
0.005,4,141,0.0108651774900813,0.14741219413658627,0.12499174911307726,0.1481116150290741
0.005,4,142,0.010818443153408408,0.14709482080215067,0.12468008985231281,0.14778688544490873
0.005,4,143,0.010772287019105709,0.1467807004963916,0.12437034484475518,0.1474654696475472
0.005,4,144,0.010726983342143939,0.14647172656962804,0.12406603971744957,0.1471490252085756
0.005,4,145,0.010682293798582673,0.14616630116810558,0.12376498980466749,0.1468359984811801
0.005,4,146,0.010638368690966432,0.14586547700512573,0.12346795810685966,0.14652741992041998
0.005,4,147,0.010595303898459123,0.14556994125477363,0.12317451930720696,0.14622431408328065
0.005,4,148,0.010552908608880935,0.14527841277272363,0.12288488958793474,0.14592495497962668
0.005,4,149,0.010511144426310388,0.14499065091453578,0.12259792956990417,0.145629383997874
0.005,4,150,0.010470002365646696,0.14470661605916085,0.12231416316577239,0.14533749340382163
0.005,4,151,0.010429570695047276,0.14442694135823328,0.1220336010628371,0.14505007703277398
0.005,4,152,0.010389587321966027,0.14414983400591225,0.12175495701802765,0.14476487456020246
0.005,4,153,0.010350090836989331,0.14387557705871648,0.1214787983094744,0.14448254063828983
0.005,4,154,0.010311344207436478,0.14360601803153292,0.1212080979154956,0.14420481185381623
0.005,4,155,0.010273288611601743,0.1433407730661569,0.12094140582245837,0.14393148291015184
0.005,4,156,0.010235579312852332,0.1430774567348213,0.1206759583686898,0.1436599364677659
0.005,4,157,0.010198368670052872,0.14281714651996708,0.12041248324601118,0.1433913755483375
0.005,4,158,0.010161610918119299,0.1425595378648465,0.12015106187610015,0.14312552831279432
0.005,4,159,0.010125537366632664,0.1423062708852471,0.11989322790274277,0.14286406415709715
0.005,4,160,0.010089709392351476,0.142054281120644,0.11963614480239296,0.14260369909764078
0.005,4,161,0.01005456012197955,0.14180662976024463,0.11938261615621476,0.1423478845294969
0.005,4,162,0.01001997636418148,0.14156253998979731,0.11913212033402108,0.14209548107368444
0.005,4,163,0.009985781551875895,0.14132078086308394,0.11888326516754624,0.14184539597864515
0.005,4,164,0.009952067399240023,0.14108201444011226,0.1186371576052845,0.14159831490113745
0.005,4,165,0.00991880854957727,0.14084607590967715,0.11839372934252942,0.14135397760680837
0.005,4,166,0.009885945047325833,0.1406125531190287,0.11815233388556384,0.14111189898867701
0.005,4,167,0.00985359145489769,0.14038227420082416,0.11791322718737703,0.14087326878806447
0.005,4,168,0.009821683551331036,0.1401547969306155,0.11767702802785919,0.1406373165097443
0.005,4,169,0.009790277310845003,0.13993053498679267,0.11744468968024646,0.14040464072573813
0.005,4,170,0.009759263418013047,0.13970872140287482,0.11721472885845464,0.14017437319968068
0.005,4,171,0.009728633419777366,0.1394893072588531,0.11698729644310475,0.13994647432436916
0.005,4,172,0.009698277483946806,0.1392715152782277,0.11676087446866373,0.13972023719444557
0.005,4,173,0.009668322701958531,0.13905626704293864,0.11653646507511138,0.1394964941498385
0.005,4,174,0.009639011623344771,0.13884532129924126,0.11631688861828449,0.13927698804079455
0.005,4,175,0.00960983801424251,0.13863504617694986,0.11609752941169059,0.13905813670246425
0.005,4,176,0.009581197434253062,0.13842830226693573,0.11588167282944549,0.1388428678923886
0.005,4,177,0.009552766198317157,0.138222763670223,0.11566661918290815,0.13862873518216515
0.005,4,178,0.009524666678297421,0.13801932240304196,0.11545311163523839,0.13841681235386266
0.005,4,179,0.009496913924856142,0.13781809696013178,0.11524107513206795,0.13820711387802156
0.005,4,180,0.009469679342345824,0.1376203425540412,0.1150327589499881,0.13800085963999006
0.005,4,181,0.00944260011825859,0.13742343408792104,0.11482544876034954,0.1377953162236809
0.005,4,182,0.009415910877403488,0.1372290849448723,0.11462017402644435,0.13759237593418328
0.005,4,183,0.00938956370089418,0.13703695633583066,0.11441646394485114,0.1373917450710584
0.005,4,184,0.009363528863434762,0.13684684039783135,0.11421406758171472,0.13719329636018524
0.005,4,185,0.009337821066985108,0.13665885311230377,0.1140144078207653,0.1369968098332905
0.005,4,186,0.009312448699768322,0.13647306474003082,0.11381749383589689,0.13680259712326545
0.005,4,187,0.009287285891350734,0.13628856071843104,0.11362238027791965,0.1366093738909788
0.005,4,188,0.00926252560932425,0.13610676404443867,0.1134302005303693,0.13641907469452155
0.005,4,189,0.00923791083342073,0.1359257947074118,0.1132388937937355,0.13622947778677477
0.005,4,190,0.009213692279478216,0.13574750295661586,0.11305031459597684,0.1360426350311778
0.005,4,191,0.009189698812204727,0.13557063702885463,0.1128625854634149,0.13585729474237102
0.005,4,192,0.00916597285451873,0.1353955158379976,0.11267701500474009,0.13567356565776684
0.005,4,193,0.009142634969520565,0.13522303775260017,0.11249417415702173,0.13549273841673415
0.005,4,194,0.009119504751654364,0.1350518770817671,0.11231333954939245,0.13531319963203237
0.005,4,195,0.009096759533039072,0.1348833535543884,0.11213526268985996,0.1351361566822692
0.005,4,196,0.009074159393858014,0.13471569614456969,0.11195799080413352,0.13496009350403798
0.005,4,197,0.009051651301300166,0.13454851393679654,0.11178187363967419,0.13478435939509195
0.005,4,198,0.009029523360721648,0.13438395261876804,0.11160767015726646,0.1346114341402477
0.005,4,199,0.009007597061205429,0.13422069185640065,0.11143484269138769,0.13443979554715774
0.005,4,200,0.008986031598768396,0.1340599239054565,0.11126427443710969,0.13427073422314545
0.005,4,201,0.008964686759471189,0.13390061059958755,0.11109525352309609,0.13410309940253576
0.005,4,202,0.008943565872161904,0.13374278202700812,0.11092815799250123,0.13393695766387836
0.005,4,203,0.008922670270084537,0.133586453430612,0.11076151920519349,0.13377244851865178
0.005,4,204,0.008901782899295422,0.13343000336727434,0.11059481507694507,0.13360770621331475
0.005,4,205,0.00888118531014439,0.13327554396920982,0.110430526728888,0.13344472082592407
0.005,4,206,0.00886097100528034,0.13312378454115809,0.1102685656903917,0.1332847437840281
0.005,4,207,0.008840855846091004,0.1329725975236327,0.11010689538999893,0.13312542168835412
0.005,4,208,0.008820912304088017,0.1328225304990687,0.10994672636212911,0.13296715595380784
0.005,4,209,0.008801241060185988,0.13267434612754636,0.10978894052764,0.1328107516268502
0.005,4,210,0.008781764681729387,0.13252746644925636,0.10963217910057345,0.13265577404823142
0.005,4,211,0.008762468238197284,0.13238178302317344,0.10947710939961981,0.13250184704362944
0.005,4,212,0.008743363652388618,0.13223738996508225,0.10932277243391027,0.13234929777571935
0.005,4,213,0.008724504881604263,0.13209469998152282,0.10917008757057346,0.13219854728913055
0.005,4,214,0.008705863392018011,0.13195350235608005,0.10901927572474404,0.13204935030763854
0.005,4,215,0.008687346429850494,0.13181309820993128,0.10886970356793886,0.13190088600606845
0.005,4,216,0.008669075416749538,0.131674412220063,0.10872298079677965,0.1317541253623182
0.005,4,217,0.00865100645505211,0.13153711609315533,0.10857673710556133,0.13160894581630764
0.005,4,218,0.008633004446665711,0.13140018604755255,0.10843195256029745,0.13146394299919853
0.005,4,219,0.008615326664519439,0.13126558318553602,0.10828923991583844,0.13132132370324162
0.005,4,220,0.008597772376222328,0.13113178391391103,0.10814751930398517,0.1311795322773012
0.005,4,221,0.00858040716209904,0.1309992913118162,0.1080066584543755,0.13103927991667944
0.005,4,222,0.008563151482291472,0.13086750156010063,0.10786627640005922,0.1308996948611237
0.005,4,223,0.008546071376119766,0.1307369219166473,0.10772724184746194,0.13076120415459663
0.005,4,224,0.008529205954507816,0.13060785546442308,0.1075895634147201,0.13062433231129988
0.005,4,225,0.008512497152927737,0.13047986168698783,0.10745319329865242,0.13048862800719196
0.005,4,226,0.008495993693072157,0.13035331751107954,0.10731806938319825,0.13035438520543685
0.005,4,227,0.008479499211701923,0.13022671931444732,0.10718214684512338,0.130220138683161
0.005,4,228,0.008463235518478773,0.1301017718440358,0.10704862995206609,0.13008736546750116
0.005,4,229,0.008447144471180916,0.12997803253766319,0.10691657202461385,0.1299560689561097
0.005,4,230,0.008431235690794094,0.12985557893902053,0.1067859685773053,0.12982602094071277
0.005,4,231,0.008415426116919813,0.1297337744530684,0.10665635416015219,0.12969662726749456
0.005,4,232,0.008399773536190551,0.12961306675015874,0.10652839553491344,0.12956817795888317
0.005,4,233,0.008384214434592144,0.12949296841598887,0.10640053517280523,0.12944043652746312
0.005,4,234,0.00836875257574981,0.12937351023876417,0.10627289779288515,0.12931342232135867
0.005,4,235,0.008353504403967512,0.1292555948805893,0.1061471278574546,0.129187960737323
0.005,4,236,0.008338401233183256,0.12913869469050132,0.10602205047794797,0.1290636025286628
0.005,4,237,0.008323462571839716,0.12902296362926807,0.1058976346621466,0.128940570123791
0.005,4,238,0.00830863647902175,0.12890800191626392,0.10577390262266102,0.12881826974687377
0.005,4,239,0.00829393184382887,0.12879388062970126,0.10565120346388247,0.1286967057199559
0.005,4,240,0.008279410200126139,0.12868108019538954,0.10552991406399288,0.12857656696609085
0.005,4,241,0.008264956604905635,0.1285687100729072,0.10540869218519414,0.12845685871042697
0.005,4,242,0.008250610282254581,0.12845707673969994,0.1052885549833625,0.12833794687303443
0.005,4,243,0.008236496334427603,0.12834715683978046,0.10517020469959183,0.12822074503604544
0.005,4,244,0.008222558104279581,0.1282385129692292,0.10505287787654712,0.1281049693544272
0.005,4,245,0.00820865827569037,0.12813007668529955,0.10493575934093428,0.1279892768778173
0.005,4,246,0.008194879217605696,0.128022491911427,0.10481999522628797,0.12787450483819193
0.005,4,247,0.008181217340002028,0.12791573273059126,0.10470437228219201,0.12776072367473582
0.005,4,248,0.00816759528095005,0.12780919592071652,0.10458935295308616,0.12764705032396706
0.005,4,249,0.008154093864576098,0.1277035149443906,0.1044758973634228,0.1275342011108921
0.005,4,250,0.008140789359021964,0.12759928964553027,0.10436338194649576,0.12742297987169043
0.005,4,251,0.008127506718010335,0.12749515063727196,0.10425073364228717,0.12731186546135467
0.005,4,252,0.008114490413888252,0.12739301718609425,0.10414052538608892,0.12720290424807712
0.005,4,253,0.008101465310243432,0.12729073265751464,0.10402970555042712,0.12709362935743485
0.005,4,254,0.008088561413564151,0.1271893188405705,0.10392001810466897,0.12698521271885002
0.005,4,255,0.008075777826839605,0.1270887707615398,0.10381051189187616,0.12687787922709445
0.005,4,256,0.008063055013104442,0.12698862164071584,0.10370117763358849,0.12677084948515782
0.005,4,257,0.008050494322319952,0.126889671150334,0.10359382959016748,0.12666508091668394
0.005,4,258,0.008038071365391457,0.12679172974126868,0.10348800062297381,0.1265603625152724
0.005,4,259,0.00802571607641837,0.12669424672350652,0.10338300086789147,0.1264560933722114
0.005,4,260,0.008013446947716302,0.12659736922792908,0.10327855046279028,0.1263525236407416
0.005,4,261,0.00800126557974465,0.1265011112974479,0.10317496733105194,0.1262496130747703
0.005,4,262,0.007989229951930526,0.12640593302476372,0.10307211308900759,0.12614794235181873
0.005,4,263,0.007977231253000679,0.1263109753980285,0.10297040539498395,0.1260462883479432
0.005,4,264,0.00796533860525686,0.12621678656388666,0.10286915993842993,0.12594551319849104
0.005,4,265,0.00795356221112693,0.12612344913716028,0.102769185843161,0.12584562530280796
0.005,4,266,0.007941892280525683,0.1260308873294613,0.10267010349474726,0.1257465349630255
0.005,4,267,0.007930220816030526,0.12593824531118833,0.10257129956035248,0.12564723696085647
0.005,4,268,0.00791871139543094,0.1258468227285134,0.10247405035301212,0.12554920281480517
0.005,4,269,0.007907358896194481,0.12575658150724742,0.10237782509463386,0.12545260568546932
0.005,4,270,0.007895997447443187,0.12566620426704378,0.10228159657238964,0.1253556961203193
0.005,4,271,0.007884818603798858,0.12557721611660977,0.10218648973240213,0.12526041632959273
0.005,4,272,0.007873689067095782,0.12548855778194107,0.10209175462707099,0.12516548278509465
0.005,4,273,0.007862621180079304,0.12540032838935714,0.10199783507404038,0.12507085354225378
0.005,4,274,0.007851678849261393,0.12531303882087763,0.10190498010450533,0.124977287011782
0.005,4,275,0.007840829980027058,0.12522643474943346,0.10181287998715659,0.12488444058855204
0.005,4,276,0.007830059216250355,0.12514039488710554,0.10172134376834525,0.12479206315916055
0.005,4,277,0.007819371832726334,0.12505496257827065,0.10162956237814581,0.12470052202987948
0.005,4,278,0.007808759816503792,0.12497007494999586,0.10153820383068586,0.12460958276623162
0.005,4,279,0.007798250110447367,0.12488594885292234,0.10144778578485573,0.12451937652576786
0.005,4,280,0.0077878006120678,0.12480224847387807,0.10135821208611062,0.12442956913370105
0.005,4,281,0.0077773695279736215,0.12471863956902049,0.10126845233957674,0.12433987227535588
0.005,4,282,0.007767018891140532,0.12463562003809771,0.10117966704966772,0.1242507300444645
0.005,4,283,0.007756756838243994,0.12455325638652724,0.1010917141062654,0.12416217137166083
0.005,4,284,0.007746579435846768,0.12447151831520951,0.10100338029245812,0.12407452237100958
0.005,4,285,0.007736524154840779,0.12439070829319028,0.10091569361645615,0.1239879564401265
0.005,4,286,0.0077265505709756535,0.124310502943039,0.10082856055640191,0.12390198020058495
0.005,4,287,0.00771655949377136,0.12423010499690773,0.10074178729388931,0.12381566249264082
0.005,4,288,0.0077067084075484425,0.12415078257947827,0.10065600999600019,0.12373048955634937
0.005,4,289,0.007696918345292698,0.1240719012935056,0.10057113221637962,0.12364585194489622
0.005,4,290,0.007687187298983796,0.12399344578633015,0.10048628788486705,0.123561620520884
0.005,4,291,0.007677543282801064,0.12391564294148713,0.10040205400526228,0.12347818426738826
0.005,4,292,0.007667906925321916,0.12383785306053974,0.10031820274655971,0.12339455338677523
0.005,4,293,0.007658371355393437,0.12376082866071507,0.10023535416690968,0.12331185023102885
0.005,4,294,0.007648863734705708,0.12368398226695086,0.10015265080693228,0.12322925645321564
0.005,4,295,0.007639454466809659,0.1236078837842446,0.10007078457493286,0.12314744214482388
0.005,4,296,0.007630117732477236,0.12353232558708863,0.09998903790788577,0.12306622815350492
0.005,4,297,0.007620862445480808,0.12345738086870957,0.09990795456682582,0.12298581231455073
0.005,4,298,0.007611697887439447,0.12338312597303934,0.09982769437921575,0.12290602191370091
0.005,4,299,0.007602607846912797,0.1233094306767556,0.0997479851783685,0.1228269038102376
0.005,4,300,0.00759355367913332,0.12323598240070406,0.09966835177625899,0.12274803544202591
0.005,5,1,0.050223825883711,0.3169347752573422,0.2719852441520206,0.3210026274776804
0.005,5,2,0.04891973068353186,0.3127930008281255,0.2685427027230814,0.3169394791780652
0.005,5,3,0.04767252389189754,0.30877993423115285,0.2652142763866338,0.3129972070584533
0.005,5,4,0.04646360422084728,0.3048396438157192,0.2619491687161469,0.3091215305839808
0.005,5,5,0.0453026082639168,0.301007004117568,0.2587613290016202,0.30534577930201845
0.005,5,6,0.04418428800317096,0.2972685250852197,0.2556467619575535,0.3016583515447188
0.005,5,7,0.04310760724208947,0.2936242743442356,0.25260746078479346,0.298058197117854
0.005,5,8,0.04207314659270476,0.29007980485619733,0.24964011571565603,0.29455153330195116
0.005,5,9,0.041076579374448405,0.2866237232835008,0.24674054555869218,0.29112755004331564
0.005,5,10,0.04011772971291532,0.2832586440443268,0.24390911843882057,0.28778872197733907
0.005,5,11,0.039190833159499165,0.27996725936973116,0.24113525393209106,0.2845188703244819
0.005,5,12,0.038303399335537565,0.2767793320879923,0.2384511088199819,0.2813472041688516
0.005,5,13,0.03744662073089278,0.27366629580893875,0.23582535908034827,0.2782456163460663
0.005,5,14,0.03662342374313847,0.27064154796755974,0.23327192881641778,0.27522801912814204
0.005,5,15,0.03582696003390671,0.2676824986206857,0.23076973191892766,0.2722718553940668
0.005,5,16,0.03505834886544351,0.2647955772494832,0.22832522033674782,0.26938422960360836
0.005,5,17,0.03431864679914023,0.26198720121082336,0.2259458616372538,0.26657159120412083
0.005,5,18,0.03360557874396696,0.25925114751517286,0.2236272726815206,0.2638280974974679
0.005,5,19,0.03291531589751934,0.2565748074052452,0.22135280939348434,0.26114118274931547
0.005,5,20,0.032253614494980855,0.2539827336453439,0.21914198228841164,0.2585358122629602
0.005,5,21,0.03160881226134561,0.2514311526495697,0.21696077755983595,0.25596795992401916
0.005,5,22,0.030988006667920173,0.24894982091947837,0.21483391963551288,0.253468217491165
0.005,5,23,0.030390369035235464,0.24653749830496563,0.21276496464405018,0.25103509059928897
0.005,5,24,0.029810914028913924,0.24417581382648826,0.21074208479750473,0.2486505593505355
0.005,5,25,0.02925057913000688,0.24187012684499457,0.20876722920179458,0.2463204062155151
0.005,5,26,0.028709207133581806,0.2396213977656495,0.20683872328065125,0.24404540019589127
0.005,5,27,0.028186567658851712,0.23743027464437516,0.204963010412135,0.241826278569287
0.005,5,28,0.027680844149581982,0.23529064643364803,0.20313063865125655,0.23965709523190912
0.005,5,29,0.02719124358926372,0.23320052997051152,0.20133585809584462,0.23753663091442082
0.005,5,30,0.026718113027117466,0.23116276961101442,0.1995862703489556,0.23546707833246444
0.005,5,31,0.026258795768177415,0.2291671694121015,0.19787336721241378,0.23343836987230737
0.005,5,32,0.02581512209840867,0.22722289540628898,0.1962068378124602,0.23145986183372635
0.005,5,33,0.025384980521336618,0.22532190537689237,0.19457416923157067,0.22952387974391458
0.005,5,34,0.024967697229892075,0.22346228867481008,0.19297145579927844,0.22762830911510987
0.005,5,35,0.02456463034762184,0.22165121406219204,0.1914059670138935,0.2257807047707134
0.005,5,36,0.024172576760933328,0.2198753135799166,0.18987142911641072,0.22396756806930115
0.005,5,37,0.023794005912188478,0.21814676670621766,0.18837646639681013,0.22220137615517907
0.005,5,38,0.02342558136148646,0.21645129411249295,0.18690632137103472,0.22046746186248053
0.005,5,39,0.0230682305341537,0.21479399681626904,0.18546834770710066,0.21877131965586508
0.005,5,40,0.022721959120965588,0.21317579187593316,0.18406316897632588,0.21711399800363315
0.005,5,41,0.022385937902346036,0.21159365728842647,0.1826874169988443,0.21549202321556438
0.005,5,42,0.022058985464592586,0.21004278356845582,0.1813360468924148,0.2139013283344685
0.005,5,43,0.021743063565941998,0.20853327583837547,0.1800155208382046,0.2123517953180374
0.005,5,44,0.02143626027856388,0.20705680514565986,0.17872031619365575,0.21083512323450976
0.005,5,45,0.021137410519624283,0.2056084167519622,0.17745059045611608,0.20934663803890072
0.005,5,46,0.020847223740565444,0.20419218271307765,0.17620794997332648,0.20789005135409547
0.005,5,47,0.020565494979752335,0.20280776602365272,0.17498962646089555,0.2064650234701269
0.005,5,48,0.02029099777638144,0.2014497345561986,0.17379305738444764,0.2050661652048237
0.005,5,49,0.02002595635387693,0.20012973968841777,0.17262772373495705,0.20370557651144447
0.005,5,50,0.0197675948906294,0.1988345789375148,0.17148669427469518,0.2023698096130754
0.005,5,51,0.019516077723231256,0.1975655725233081,0.1703690255004555,0.20106050135845385
0.005,5,52,0.01927230545823685,0.19632781493327353,0.16927709901808152,0.1997824252892469
0.005,5,53,0.01903490130210338,0.19511484465362128,0.1682058437096032,0.19852915757715195
0.005,5,54,0.018803886085218668,0.19392723421540703,0.1671539213053883,0.19730118692628565
0.005,5,55,0.018578265002094387,0.19276029156490912,0.16612267632024597,0.19609399043811107
0.005,5,56,0.01835953145927233,0.19162218795991412,0.16511761372914582,0.1949159171451053
0.005,5,57,0.018146293470150527,0.19050613360283455,0.16413025840270493,0.19376003803128972
0.005,5,58,0.017939518957041788,0.1894176283086756,0.1631644453502693,0.19263207556744522
0.005,5,59,0.017736557423549838,0.1883430775130843,0.16220925680321951,0.1915179096724119
0.005,5,60,0.017538865900467493,0.18729050109638498,0.1612697259200678,0.1904258277512921
0.005,5,61,0.017346918006597316,0.18626281435969616,0.16035316611140532,0.18935909268131057
0.005,5,62,0.01715922620588162,0.18525240190551712,0.15945383158943635,0.1883097042221781
0.005,5,63,0.016976866693924123,0.1842653884695882,0.1585734234205133,0.1872840827291729
0.005,5,64,0.01679954790994272,0.1833005614281785,0.15771191734369105,0.18628097086823295
0.005,5,65,0.016626240754223958,0.1823526295627456,0.15686689438269832,0.1852950831357272
0.005,5,66,0.016456891964779653,0.181421564124994,0.15603394240941348,0.18432585589443076
0.005,5,67,0.016291961145351655,0.18051017226379046,0.15521620240074577,0.1833767712720131
0.005,5,68,0.016130741454281054,0.1796148181764581,0.15441085443938168,0.18244419443209609
0.005,5,69,0.015974405624196924,0.17874230402563868,0.15362282416385156,0.18153493131396395
0.005,5,70,0.01582103975120117,0.1778822068178893,0.1528431954908907,0.18063793303066547
0.005,5,71,0.015672181270247696,0.177043391688296,0.1520805317709151,0.1797630462247255
0.005,5,72,0.015526216067453446,0.17621700296766737,0.15133072481201493,0.17890064544537698
0.005,5,73,0.01538383531246619,0.1754071567095607,0.15060059572004472,0.17805527781068342
0.005,5,74,0.015244952343667802,0.17461358677759187,0.1498850652862118,0.17722661428266015
0.005,5,75,0.015108994537966441,0.1738332220144725,0.14917877757739414,0.1764112122786958
0.005,5,76,0.014976393380468316,0.17306873420966778,0.14848497315388026,0.17561194836345437
0.005,5,77,0.014847148706141485,0.1723203337168396,0.14780537484895384,0.17482926667295384
0.005,5,78,0.014720527456687378,0.17158395878803692,0.14713539283242796,0.1740588829670661
0.005,5,79,0.014596678879340075,0.17086063841236268,0.1464763025869087,0.17330186595642896
0.005,5,80,0.014476044728900694,0.17015313531581305,0.14583136372325994,0.17256110561952268
0.005,5,81,0.014358158246925419,0.16945889322738666,0.14519762195684668,0.17183408188360758
0.005,5,82,0.014242912316600886,0.16877744112647808,0.14457454053495652,0.17112015966307415
0.005,5,83,0.014129705460766851,0.16810535661166096,0.14395928003119698,0.1704157795680024
0.005,5,84,0.01401920275233599,0.16744672437725375,0.14335685627542044,0.16972545353608628
0.005,5,85,0.013910888264805077,0.16679861069448437,0.1427624639078573,0.169045589638755
0.005,5,86,0.013804631735880365,0.166160354693172,0.14217441029064637,0.16837585339392333
0.005,5,87,0.013701324007129886,0.16553745199881437,0.14160093519254535,0.16772230351980172
0.005,5,88,0.013599854247645071,0.164923341268876,0.14103454273688995,0.16707771638437943
0.005,5,89,0.013500530951043602,0.1643199984849294,0.14047680592078418,0.1664439493593673
0.005,5,90,0.013403067362563182,0.16372579126431597,0.13992680144216676,0.16581984677708145
0.005,5,91,0.01330798430219074,0.16314401185572666,0.139385921355151,0.16520846556334895
0.005,5,92,0.013214911304787372,0.16257251492664665,0.1388544169879486,0.1646078758193453
0.005,5,93,0.013123675040837567,0.16201033942830664,0.13833253867734552,0.1640168057026268
0.005,5,94,0.01303443005542814,0.16145853991305717,0.1378189900479907,0.1634365646002571
0.005,5,95,0.012946819377095763,0.16091500475155052,0.13731310208819125,0.16286475723951982
0.005,5,96,0.012860983784985191,0.16038069575223315,0.1368154828132415,0.16230257621802446
0.005,5,97,0.012777175443406449,0.15985728287073098,0.1363256197984486,0.16175151814194466
0.005,5,98,0.012694899834180439,0.15934177000510844,0.1358417370716512,0.16120893364317135
0.005,5,99,0.012613934545225216,0.1588328337921679,0.1353651091585436,0.16067295955005864
0.005,5,100,0.012534974845447133,0.15833492884039915,0.13489806256150405,0.1601486162541389
0.005,5,101,0.012457464180269738,0.15784463361337145,0.13443708988483394,0.15963209146677973
0.005,5,102,0.012381223977821685,0.15736088445240567,0.13398164701419732,0.15912242683282618
0.005,5,103,0.012306279784700334,0.15688390474934216,0.13353649462009312,0.15861972499416555
0.005,5,104,0.012232912106951748,0.15641554978295316,0.13309972153331054,0.15812609047579393
0.005,5,105,0.012161263347313597,0.15595681035026074,0.13267085403091286,0.15764248132254027
0.005,5,106,0.012090854801068222,0.15550469318363497,0.13224652939118575,0.1571655070668479
0.005,5,107,0.012021507716396226,0.15505810340898812,0.13182597290229348,0.1566943264552202
0.005,5,108,0.01195352469871505,0.15461904603712345,0.13141114320851724,0.1562311250753936
0.005,5,109,0.011886861977649963,0.15418730153712376,0.13100287388927362,0.15577552189940208
0.005,5,110,0.011821592964963226,0.1537634089435014,0.13060075678811864,0.15532821668664898
0.005,5,111,0.011757574035341702,0.15334649676690826,0.13020391529329078,0.15488816009441794
0.005,5,112,0.011694344227300401,0.15293360799576006,0.12980955047546536,0.1544522986155706
0.005,5,113,0.011632586053909332,0.15252925000739584,0.12942277668986785,0.15402536354601706
0.005,5,114,0.011571786167684556,0.15213011646406213,0.12904049179222954,0.1536037970073771
0.005,5,115,0.011512064009354981,0.15173703575169104,0.1286622191608786,0.1531885694158603
0.005,5,116,0.011453564273612145,0.1513510110545162,0.1282893025494752,0.1527807674576764
0.005,5,117,0.011396153848609035,0.15097121479678857,0.12792115532391454,0.15237949556978925
0.005,5,118,0.011339316609272074,0.15059426688471295,0.1275552936656765,0.15198106450824417
0.005,5,119,0.011283608036006539,0.15022388648950963,0.12719571543472025,0.15158982466562826
0.005,5,120,0.011229010572426782,0.1498600051543225,0.12684137317323768,0.15120560104302683
0.005,5,121,0.011175103243368586,0.14949985447062206,0.12648892260967018,0.15082488254670512
0.005,5,122,0.011122381567749917,0.14914678385905555,0.12614227604434805,0.15045186704896968
0.005,5,123,0.011070626516220032,0.14879937174746427,0.12580114685142094,0.15008475188123763
0.005,5,124,0.011019604808047801,0.14845608649057002,0.12546457002716088,0.1497219661911848
0.005,5,125,0.010969237740056785,0.14811642542308928,0.12513035957798663,0.14936298248143967
0.005,5,126,0.010919944190205966,0.14778324796949055,0.12480176446211147,0.1490107861118792
0.005,5,127,0.010871423642421692,0.14745456006798632,0.12447749032294814,0.14866354805968707
0.005,5,128,0.01082364441140961,0.14713017645207668,0.12415691777347058,0.14832061548556164
0.005,5,129,0.010776618988621544,0.14681021073904596,0.12384036972606344,0.1479822503759698
0.005,5,130,0.010730536244543629,0.14649598113630033,0.12352865572784626,0.14765019429289278
0.005,5,131,0.010685031431986661,0.14618502954808102,0.12322047344445186,0.14732139424370586
0.005,5,132,0.010640139584485307,0.1458776170938181,0.12291410396163424,0.14699622030622686
0.005,5,133,0.010596032203468803,0.14557494429652929,0.12261363970750808,0.14667611542093026
0.005,5,134,0.010552734708462484,0.14527721575293548,0.12231921059361814,0.14636133122125514
0.005,5,135,0.010509884479070697,0.1449819608025129,0.12202839852476671,0.14604904586075879
0.005,5,136,0.010467853038702544,0.14469176229974218,0.12174204461563075,0.14574220788094758
0.005,5,137,0.010426425187905005,0.14440516048884822,0.12145967515671939,0.14543906368301654
0.005,5,138,0.010385794317057705,0.14412351867101847,0.12118166483260571,0.1451412556997459
0.005,5,139,0.010345683264774683,0.14384493918643562,0.1209049378674121,0.1448465729188477
0.005,5,140,0.010306389508938946,0.14357151186038924,0.12063403195131817,0.1445574503049487
0.005,5,141,0.010267509602503538,0.14330045081927367,0.12036588573846406,0.14427069804795686
0.005,5,142,0.010229258656917695,0.14303327345004516,0.12010044867053087,0.14398801985577084
0.005,5,143,0.010191557541955045,0.1427694473054725,0.11983788145055915,0.14370884061555894
0.005,5,144,0.010154350178879975,0.142508597487169,0.11957789772813726,0.143432933141158
0.005,5,145,0.010117750454804763,0.1422515409744637,0.11932088774752006,0.14316107871757416
0.005,5,146,0.010081766525492463,0.14199835580380826,0.11906770326198131,0.14289335366315653
0.005,5,147,0.010046150115489596,0.14174731119488365,0.1188169276730392,0.14262799528115874
0.005,5,148,0.010011102272305382,0.1414998393801589,0.11856935481323,0.14236629284901056
0.005,5,149,0.009976676020901522,0.1412563345192103,0.11832594138512233,0.14210886803410325
0.005,5,150,0.009942621886197395,0.14101504803528875,0.11808456169335713,0.14185359712176396
0.005,5,151,0.00990908196564141,0.14077700071845123,0.11784596712011919,0.1416020616300532
0.005,5,152,0.00987603384557711,0.14054204954800617,0.11760971831417294,0.14135378736795562
0.005,5,153,0.00984352929221262,0.1403105790182096,0.11737635017783683,0.1411090523066879
0.005,5,154,0.009811201129052271,0.14007998521596346,0.11714353413226593,0.14086524453702792
0.005,5,155,0.009779639055860843,0.13985448906531991,0.11691548524860206,0.14062682938921808
0.005,5,156,0.009748242620743804,0.1396298150163052,0.11668800643654934,0.14038918584351548
0.005,5,157,0.009717319612501635,0.1394081748858483,0.1164632059255275,0.1401549501291258
0.005,5,158,0.009686774309731892,0.13918889546031962,0.11624004453366396,0.13992312087953068
0.005,5,159,0.00965680084869675,0.13897338485261665,0.11601967099362843,0.13969524386130497
0.005,5,160,0.009627197614802577,0.138760207659131,0.11580131445176102,0.13946990727014644
0.005,5,161,0.00959795833407064,0.13854932936734585,0.1155850157196495,0.13924691816016246
0.005,5,162,0.009569076791285842,0.138340715563321,0.11537072301849567,0.13902643795415198
0.005,5,163,0.009540457503319992,0.1381336852713341,0.11515718516234154,0.13880745949964163
0.005,5,164,0.009512292567227834,0.1379296383467153,0.11494571612047168,0.1385917100725619
0.005,5,165,0.00948459437081567,0.13772867799275262,0.11473725630397527,0.1383795306747596
0.005,5,166,0.009457194481385486,0.13752959304371903,0.1145298233920838,0.13816899649751715
0.005,5,167,0.009430196512912653,0.1373331461294953,0.11432575616531186,0.13796158735913602
0.005,5,168,0.009403537911005913,0.13713889244853855,0.11412348091310634,0.13775641383536866
0.005,5,169,0.009377039077889891,0.13694552988608202,0.11392352071644922,0.13755219714584802
0.005,5,170,0.009350913682990443,0.13675462466030494,0.11372606166480867,0.13735058466733427
0.005,5,171,0.009325233453986457,0.13656671229832296,0.11353163005272135,0.13715217792054415
0.005,5,172,0.009299948608994791,0.1363814401522054,0.11333944586031895,0.1369566868526754
0.005,5,173,0.009274861323148044,0.13619736651747744,0.11314790403535734,0.13676251207638201
0.005,5,174,0.009250143174535095,0.13601575772339833,0.11295801722881327,0.1365706893685973
0.005,5,175,0.009225755070898546,0.1358363358670908,0.11276991921572964,0.13638143696328903
0.005,5,176,0.009201671763981857,0.1356589235102642,0.112583463436155,0.13619417963414768
0.005,5,177,0.009177863174547045,0.13548330653292343,0.11239980696675936,0.1360088919178971
0.005,5,178,0.009154331178397009,0.13530950578874354,0.11221821301245165,0.1358254775685746
0.005,5,179,0.009131043139759275,0.1351372867846567,0.11203789380649078,0.13564363921904235
0.005,5,180,0.009108000778780283,0.13496666832059154,0.11185850233977739,0.13546349034564115
0.005,5,181,0.009085298804096024,0.13479835907084348,0.11168147713360843,0.13528606992169107
0.005,5,182,0.009062836007769321,0.13463161595828316,0.11150599961465862,0.13511021073978197
0.005,5,183,0.009040697499678636,0.13446707775272457,0.1113339964488079,0.13493673190416158
0.005,5,184,0.00901875179981325,0.13430377358669598,0.11116268927500718,0.13476450970966908
0.005,5,185,0.0089971456711451,0.13414280205173215,0.11099360221365809,0.13459479149088943
0.005,5,186,0.008975681183757061,0.13398269428368023,0.11082592901742312,0.13442618906094322
0.005,5,187,0.008954640943010819,0.13382556514366617,0.11066172748948414,0.13426055883449775
0.005,5,188,0.00893367256072235,0.13366878888298758,0.11049775053075557,0.13409544196438591
0.005,5,189,0.008913129943598401,0.13351501745944838,0.1103362406917483,0.13393335584166366
0.005,5,190,0.00889273255933757,0.13336215774602306,0.11017658853283119,0.13377240278746363
0.005,5,191,0.008872518311410152,0.13321049741976157,0.11001774497324568,0.13361260462807906
0.005,5,192,0.008852583532853477,0.1330607645615602,0.10986064104689001,0.13345509603623648
0.005,5,193,0.008832721550845218,0.13291141072793727,0.10970297651600423,0.1332977537389342
0.005,5,194,0.00881321506113976,0.13276456651636956,0.10954804332060017,0.13314326466540535
0.005,5,195,0.008793775443151143,0.1326180639517192,0.10939366919014044,0.13298891650500105
0.005,5,196,0.008774656911434375,0.13247382316091263,0.10924218970404145,0.13283699059118195
0.005,5,197,0.008755686109956183,0.1323305415235363,0.1090911730302667,0.13268618742203678
0.005,5,198,0.008736995829531254,0.13218922671330863,0.10894187961296886,0.13253741790655224
0.005,5,199,0.008718557876343187,0.13204967153570044,0.10879459800439091,0.13239062283343567
0.005,5,200,0.008700277158613429,0.13191116070002135,0.10864835323604106,0.1322448818635585
0.005,5,201,0.008682142385758884,0.13177361181783614,0.10850226263340029,0.13210006773376928
0.005,5,202,0.008664277382336726,0.13163796855266893,0.10835870660404673,0.1319574557481313
0.005,5,203,0.008646621841282133,0.13150377820642364,0.10821723441812167,0.13181638095263856
0.005,5,204,0.008629038168284815,0.1313699978555592,0.1080758701656224,0.1316755795229735
0.005,5,205,0.008611702689892923,0.13123797232426995,0.1079358625584914,0.13153673366867127
0.005,5,206,0.008594513145645882,0.1311069269386319,0.10779705999797674,0.13139891729868206
0.005,5,207,0.008577555054351786,0.1309775175696332,0.10765968251396582,0.13126299434678096
0.005,5,208,0.008560682308367006,0.13084863246031275,0.10752294837389423,0.1311275604040045
0.005,5,209,0.008543931016627612,0.1307205493916516,0.1073875020965868,0.13099297626004913
0.005,5,210,0.008527427011447859,0.13059423426359879,0.10725440376331326,0.13086030210797653
0.005,5,211,0.008510978696419348,0.13046822369005678,0.10712071181809003,0.13072784749362656
0.005,5,212,0.008494767170746502,0.13034390795696207,0.10698938110944557,0.13059733496885387
0.005,5,213,0.008478767830745436,0.13022110298062628,0.10685935357205743,0.1304685019317919
0.005,5,214,0.008462940857785336,0.13009950697666256,0.10673018643414824,0.13034091588079227
0.005,5,215,0.0084472643105756,0.12997895453169023,0.10660194317991412,0.1302143518104116
0.005,5,216,0.00843164880752943,0.12985876025535922,0.10647407983257404,0.13008814089176823
0.005,5,217,0.008416145343139466,0.12973931819721782,0.10634650768541148,0.1299626634071008
0.005,5,218,0.008400942020264871,0.12962208160853514,0.10622098634180098,0.12983961171222183
0.005,5,219,0.008385859360328284,0.1295056706119719,0.10609587880418957,0.12971741793149968
0.005,5,220,0.008370991742700819,0.12939081685112602,0.1059732527387152,0.12959715524720394
0.005,5,221,0.008356130448865852,0.12927590996675176,0.10585078227501939,0.12947681681189882
0.005,5,222,0.008341518435053295,0.12916283083808047,0.10572984594154652,0.1293583082849724
0.005,5,223,0.008327038398901756,0.1290506753093664,0.10560907562229127,0.12924064416094738
0.005,5,224,0.00831262104463622,0.12893890836079092,0.10548917802767722,0.12912358490318135
0.005,5,225,0.008298359231583662,0.1288282518051352,0.10536995121226471,0.12900763789029565
0.005,5,226,0.008284159615359098,0.1287179833229149,0.10525152857014802,0.1288921332794367
0.005,5,227,0.008270206371121698,0.12860953596931837,0.10513420467315485,0.12877856444906768
0.005,5,228,0.008256338845015705,0.12850166415277045,0.1050176987032581,0.12866543872530722
0.005,5,229,0.008242568521076155,0.12839445876731717,0.10490207168340775,0.128553233525027
0.005,5,230,0.008229026362436633,0.12828894233281865,0.1047871123813465,0.12844266182426117
0.005,5,231,0.008215574800996883,0.12818404581691814,0.10467283068778727,0.1283327455641455
0.005,5,232,0.008202192525866264,0.12807960435499685,0.1045593355845206,0.12822351346260488
0.005,5,233,0.00818895330371769,0.12797619547179617,0.10444652508404467,0.12811506158576827
0.005,5,234,0.008175857379313527,0.1278738235864833,0.10433483452656461,0.12800786533697328
0.005,5,235,0.00816285049718405,0.12777206656530252,0.10422414530491383,0.1279012637022423
0.005,5,236,0.008150006021502097,0.12767150051207274,0.10411453235062905,0.12779605279161355
0.005,5,237,0.008137228095791472,0.12757137685069855,0.10400524222314572,0.1276912685975747
0.005,5,238,0.008124556513974299,0.12747200880173104,0.10389734580610373,0.12758744120937113
0.005,5,239,0.008111974737080722,0.12737326828719378,0.10379009975097368,0.12748426960885897
0.005,5,240,0.008099481847216776,0.12727514955573044,0.10368293728920347,0.12738167267207515
0.005,5,241,0.00808709252838438,0.12717776950697304,0.10357746501415561,0.12728007999260713
0.005,5,242,0.008074860605415077,0.12708155338533658,0.10347319527927172,0.12717945822997556
0.005,5,243,0.008062735145109337,0.12698610274442898,0.10336970615579802,0.12707985565869098
0.005,5,244,0.008050668569846054,0.1268910443636276,0.10326681365988984,0.1269805148995013
0.005,5,245,0.008038832779580276,0.1267977348345015,0.10316568959148162,0.12688303740637621
0.005,5,246,0.008027006711310973,0.1267044333187357,0.10306395674589107,0.12678547680938973
0.005,5,247,0.008015272030638619,0.12661178484358096,0.10296340347468602,0.12668874843493297
0.005,5,248,0.008003696546758775,0.12652032679975794,0.10286373958762103,0.12659325293422813
0.005,5,249,0.00799214196892416,0.12642896795374198,0.10276408639430472,0.12649772625684638
0.005,5,250,0.007980705832688211,0.12633848054087252,0.10266601461621264,0.12640344727723887
0.005,5,251,0.00796936572896203,0.12624868893546604,0.1025686257194549,0.12630978663930684
0.005,5,252,0.00795809900045674,0.12615941503079936,0.10247170670220802,0.12621662535283298
0.005,5,253,0.007946918017185289,0.12607075804630738,0.10237599101400671,0.1261242959722138
0.005,5,254,0.00793585120354298,0.1259829449055941,0.10228140380582935,0.1260328117908807
0.005,5,255,0.00792486864007958,0.12589573972203807,0.10218649478367546,0.12594187218868422
0.005,5,256,0.0079139700183189,0.12580914130792642,0.10209238284297338,0.12585154730669734
0.005,5,257,0.007903155264440465,0.12572315032992504,0.10199837572033002,0.12576176069254588
0.005,5,258,0.007892480861660008,0.12563821760642743,0.10190578438577778,0.12567321885411817
0.005,5,259,0.00788184093159491,0.12555350199492574,0.10181311633534836,0.12558487078195493
0.005,5,260,0.007871328060330153,0.12546974185300735,0.10172191334290524,0.1254976794433961
0.005,5,261,0.007860892771806,0.12538654450782188,0.10163150617838151,0.12541105532715754
0.005,5,262,0.0078504803742866,0.12530347460694455,0.10154152596573042,0.1253248103405149
0.005,5,263,0.007840193245093986,0.12522134997750173,0.10145183862434815,0.1252392348769477
0.005,5,264,0.007829999530834384,0.12513991793855694,0.10136274214957906,0.12515438921523758
0.005,5,265,0.007819807340211003,0.12505844505838862,0.10127397307783276,0.12506953180421504
0.005,5,266,0.007809797842777307,0.1249783808726718,0.10118599462132169,0.12498595883736503
0.005,5,267,0.007799759010871513,0.124898030495853,0.10109827734685863,0.12490247149241006
0.005,5,268,0.007789872819203369,0.12481885129421252,0.10101137362611116,0.12481989978053132
0.005,5,269,0.007780031777815966,0.1247399837888074,0.100924784559963,0.12473782378385344
0.005,5,270,0.007770220312305143,0.12466130363753736,0.10083854300072129,0.12465599979100575
0.005,5,271,0.007760486717850886,0.12458319885001257,0.10075263999456337,0.12457481354103796
0.005,5,272,0.007750882369594498,0.12450608314130276,0.10066727016791838,0.12449461094794223
0.005,5,273,0.00774130420035535,0.12442913003276485,0.10058198686084678,0.12441437183776011
0.005,5,274,0.007731838154096155,0.12435303095699883,0.10049747967236104,0.12433511820573724
0.005,5,275,0.007722430728152927,0.12427735697344812,0.10041371861591974,0.12425656622825913
0.005,5,276,0.007713138248428719,0.12420256236027273,0.1003306369373802,0.12417872297692871
0.005,5,277,0.007703914507007929,0.1241282764482608,0.10024800536325176,0.12410143884743847
0.005,5,278,0.007694685493548379,0.1240539035544499,0.10016510874129224,0.12402403673185985
0.005,5,279,0.007685572933480452,0.12398042533787704,0.100083370683899,0.12394766319539599
0.005,5,280,0.00767650866425038,0.12390729328211782,0.10000156897902791,0.12387145496039487
0.005,5,281,0.0076674974390459295,0.12383454638384177,0.0999200725005551,0.12379562064250031
0.005,5,282,0.007658536353280203,0.12376216185313024,0.09983899196316187,0.12372025414275008
0.005,5,283,0.007649731086722641,0.12369099471443053,0.09975958665964267,0.12364632516396798
0.005,5,284,0.007640893141445385,0.12361952225636035,0.09967969607433753,0.12357189857508064
0.005,5,285,0.007632164485621534,0.12354889303932702,0.09960086717713919,0.12349840654821567
0.005,5,286,0.007623503650184296,0.12347877267112997,0.09952271750147536,0.12342549879692133
0.005,5,287,0.007614843459252687,0.12340861768331,0.09944462315560841,0.12335261589470242
0.005,5,288,0.0076061956207812585,0.12333852294219563,0.09936601536610383,0.12327964374154204
0.005,5,289,0.007597703345453483,0.12326965032361764,0.09928892800191742,0.12320812447051238
0.005,5,290,0.007589267202590596,0.12320119482042856,0.09921185286078774,0.12313699880997442
0.005,5,291,0.007580881729560701,0.12313311276468812,0.09913536416426096,0.1230664295689052
0.005,5,292,0.007572519887980791,0.12306518506857081,0.0990588077675857,0.1229959513180772
0.005,5,293,0.00756420621039165,0.1229976114434069,0.09898317024091831,0.12292586868888854
0.005,5,294,0.0075560221642435085,0.12293105518333038,0.09890855349898402,0.12285661740128369
0.005,5,295,0.007547833742267682,0.12286442725433332,0.09883447196528969,0.1227876222832088
0.005,5,296,0.007539713819987695,0.12279832099819357,0.098761536001097,0.1227189795360472
0.005,5,297,0.007531640135897186,0.12273255587575112,0.09868871039251238,0.12265086224414785
0.005,5,298,0.007523647679457888,0.12266741767444106,0.0986164240913587,0.12258329716723024
0.005,5,299,0.007515692831463407,0.122602551616705,0.09854422164781698,0.12251599750918629
0.005,5,300,0.007507722366337554,0.12253752377404689,0.0984718528106278,0.12244843268249023
0.01,1,1,0.07144944758850481,0.378019702101636,0.3132137163342917,0.3765435288345891
0.01,1,2,0.0680829864271174,0.3690067382233484,0.3061106725012916,0.3675576298342212
0.01,1,3,0.06478973541451345,0.3599714861333143,0.29901938600913724,0.35854922332063904
0.01,1,4,0.0615957859863336,0.35098656950468515,0.2919739376437022,0.34959177077652404
0.01,1,5,0.05854315213604965,0.34217876069694814,0.2850943688443849,0.3408127662756074
0.01,1,6,0.055627649505683954,0.3335495450624508,0.27834847562215526,0.3322173559794003
0.01,1,7,0.05285693467722492,0.3251366933375097,0.27176295264893807,0.3238472626648827
0.01,1,8,0.05023556811276019,0.31697182244723326,0.2653702924366092,0.31573624385788807
0.01,1,9,0.04778892699160494,0.3091566819320098,0.2592328548580353,0.30798680999533745
0.01,1,10,0.04549875064097295,0.3016579209666902,0.25331959169361823,0.30056523211916725
0.01,1,11,0.043369310296003834,0.29451421118853954,0.24766353468500626,0.2935090018926555
0.01,1,12,0.04139089931673991,0.2877182625998562,0.2422539916155832,0.28680886774160674
0.01,1,13,0.039553340505832695,0.2812590994290947,0.23710432202514178,0.2804512835713007
0.01,1,14,0.0378482823188003,0.27513008675461254,0.2322186461710418,0.2744262059814134
0.01,1,15,0.03627168962781027,0.26933878156630275,0.22759300192785123,0.2687386623671588
0.01,1,16,0.03481989137034951,0.26389350643905396,0.22321442285301818,0.2633942495872551
0.01,1,17,0.03347069297189256,0.25873033440975785,0.2190598174732702,0.2583288893032608
0.01,1,18,0.03221871458961554,0.25384528591098765,0.21511465688210024,0.2535364488152873
0.01,1,19,0.031057132429226773,0.24922733569665576,0.2113647644438619,0.24900549683471085
0.01,1,20,0.029976576760129183,0.244853330629294,0.2077962954091297,0.24471163351363742
0.01,1,21,0.028970326794612464,0.24070864876282475,0.20439739039662236,0.24064024757347222
0.01,1,22,0.028031484571984382,0.23677620054382317,0.20117029291774313,0.23677421088452494
0.01,1,23,0.027153260504191017,0.23303759569730811,0.19808587655190607,0.23309553245600081
0.01,1,24,0.02633781672498694,0.22951172834949823,0.19515597498260392,0.22962220027598593
0.01,1,25,0.02557421421345436,0.2261601831156597,0.1923536598094176,0.22631665376840845
0.01,1,26,0.02485888514426969,0.22297481985313808,0.1896708940073547,0.22317158739264684
0.01,1,27,0.024184586098449538,0.2199299256511016,0.18708817058349259,0.2201611429929358
0.01,1,28,0.023554507066781638,0.21704611061606996,0.18463237228479293,0.21730676067829316
0.01,1,29,0.02295796327528345,0.21428001901849575,0.18228109671925927,0.21456518876622985
0.01,1,30,0.022396802814539884,0.2116449990646596,0.18002953311538397,0.21195048725565707
0.01,1,31,0.021867702869582565,0.2091301167674449,0.17788458905427723,0.20945203558286107
0.01,1,32,0.021366851078205608,0.20672131519611425,0.17582894607492647,0.20705647728875118
0.01,1,33,0.02089229332271727,0.20441278493635015,0.17385183432900647,0.2047576186149608
0.01,1,34,0.020443472548589595,0.2022052054156351,0.17196540834165963,0.20255775796602307
0.01,1,35,0.020017534565358062,0.20008765361889805,0.1701556589600172,0.20044545292841695
0.01,1,36,0.019613305046986752,0.19805708796701396,0.16841106774514944,0.19841815435114574
0.01,1,37,0.019230146668941597,0.19611296065758427,0.16673788461023628,0.19647559542679485
0.01,1,38,0.01886319291527881,0.19423281347536933,0.1651110356246115,0.19459531570677013
0.01,1,39,0.018515402022464603,0.19243389525998067,0.1635530507025959,0.19279523742768262
0.01,1,40,0.01818357126875316,0.19070171089297108,0.16204958489704527,0.1910605097491527
0.01,1,41,0.01786463243900901,0.18902186349207867,0.16058462150818648,0.18937719155693208
0.01,1,42,0.017562391801925367,0.1874160708259853,0.15917793803563413,0.18776767003650274
0.01,1,43,0.017272275748838738,0.18586164611795913,0.1578190911027165,0.18620904023704624
0.01,1,44,0.016994825232112626,0.18436282289069358,0.15650436252810185,0.18470513225113747
0.01,1,45,0.016729588614653505,0.18291849887123776,0.1552311365220977,0.1832559810591268
0.01,1,46,0.01647579257541464,0.18152571484731655,0.15399645871281661,0.1818578014140599
0.01,1,47,0.01623035053363583,0.18016853517546194,0.15279431652332048,0.1804947783539062
0.01,1,48,0.015995447294979433,0.17885998599451713,0.15162972860932775,0.17918094064995002
0.01,1,49,0.015769406042729597,0.1775917004971212,0.1504967774601957,0.1779067429673323
0.01,1,50,0.015552623559216393,0.17636679709750583,0.14939783846501942,0.17667676350780018
0.01,1,51,0.015343378865037434,0.175176361790268,0.14832359004113982,0.1754814524612572
0.01,1,52,0.015142267555894711,0.17402452445500152,0.14727787967094078,0.1743245712238983
0.01,1,53,0.014948225032344482,0.1729058994502182,0.14625900491991,0.17320079867479526
0.01,1,54,0.01476110647702888,0.17182029261428278,0.14526437751394167,0.1721109229162455
0.01,1,55,0.014581432055963699,0.17077137966277428,0.14429909798579119,0.17105798413871487
0.01,1,56,0.014407106690894468,0.16974749889700566,0.14335897267156658,0.17003018716001264
0.01,1,57,0.014239122940718402,0.16875498772313904,0.1424503716437682,0.1690340885988604
0.01,1,58,0.014076075179751193,0.1677860255191188,0.14156250278293034,0.16806214997998617
0.01,1,59,0.013919141673133512,0.16684808463469702,0.1407042253481767,0.16712112854151276
0.01,1,60,0.013767112550068515,0.16593439999028842,0.13986547754022802,0.16620523171883725
0.01,1,61,0.01362024131762258,0.16504691040805688,0.13904751440008353,0.16531564329372977
0.01,1,62,0.013478020285125953,0.16418294847593615,0.13824717322968338,0.16444972002056704
0.01,1,63,0.01333946097453798,0.16333683586097766,0.1374602535978086,0.16360193310854124
0.01,1,64,0.01320595092129811,0.16251738935448176,0.13669492707668393,0.16278110579845037
0.01,1,65,0.013076015796185786,0.16171589777251824,0.13594879174945215,0.16197899527700604
0.01,1,66,0.01294980913192859,0.16093358339345204,0.13521811280187118,0.16119613126831236
0.01,1,67,0.01282696923473132,0.1601684690239082,0.13450287884933507,0.16043071145590312
0.01,1,68,0.012707964636275155,0.15942374124499245,0.13380503619667355,0.15968623622256042
0.01,1,69,0.012592671844861635,0.1586989089115715,0.13312277253887037,0.15896192707094575
0.01,1,70,0.012480508201211498,0.15799055795338846,0.13245315842356375,0.15825442958277233
0.01,1,71,0.01237131750470135,0.1572979180072092,0.1317973714175813,0.15756244714396456
0.01,1,72,0.012265318484606956,0.15662259405722379,0.13115587588787786,0.156888389324995
0.01,1,73,0.012162026725674341,0.15596170507964024,0.13053002055297233,0.15622932768691933
0.01,1,74,0.012061689003831899,0.1553170242042507,0.12991980891966814,0.155586484620321
0.01,1,75,0.01196340576608233,0.154682938723586,0.12932136763754518,0.15495463800972673
0.01,1,76,0.011867743283878534,0.154063255086205,0.1287349225778904,0.15433747953904364
0.01,1,77,0.011774661773030113,0.15345788851036699,0.1281592641903046,0.15373481183954657
0.01,1,78,0.011684043598938407,0.15286623956216366,0.12759543537167417,0.15314630898900247
0.01,1,79,0.011595508780136314,0.15228597295966764,0.12704138202090326,0.15256962121618498
0.01,1,80,0.011509179171462927,0.15171802247236765,0.1264992004730182,0.15200544647270098
0.01,1,81,0.011425109650480334,0.15116288995967453,0.12596486769941162,0.15145395509173942
0.01,1,82,0.011343007524072513,0.15061877389006,0.1254398885461499,0.15091416984614744
0.01,1,83,0.011262801874524987,0.15008532156426882,0.12492513811675382,0.15038506033253385
0.01,1,84,0.01118474504974007,0.1495643343163073,0.12442504446543429,0.14986849464096594
0.01,1,85,0.011107977603844583,0.14905017681200236,0.12393374885802189,0.14935858741403377
0.01,1,86,0.011033205820752708,0.1485476746418651,0.12345172413789139,0.14886083971120256
0.01,1,87,0.01096003989769803,0.148054313666965,0.12297859144100504,0.14837240523793324
0.01,1,88,0.010888556314315984,0.14757070382915427,0.12251458079639489,0.1478941933359725
0.01,1,89,0.010819154588855465,0.14709965729977392,0.12206299894463436,0.14742865492196208
0.01,1,90,0.010750712981918662,0.14663364540185628,0.12161721803965687,0.14696833493339018
0.01,1,91,0.010683926094166728,0.14617746812807184,0.12118009436714582,0.14651823469017175
0.01,1,92,0.01061851863074236,0.14572932876221148,0.1207508292409121,0.14607618459955782
0.01,1,93,0.01055458714713723,0.1452899662546401,0.12032861127384727,0.14564274782744296
0.01,1,94,0.010491987418127971,0.14485846484156853,0.11991423955937923,0.14521760283260748
0.01,1,95,0.01043056874014825,0.1444338515732946,0.11950400599570742,0.14479928858005214
0.01,1,96,0.010370759266060516,0.1440191602951532,0.11910317102311149,0.14439118720884045
0.01,1,97,0.010311922146754469,0.1436100424535448,0.11870757525580022,0.1439883334943406
0.01,1,98,0.010254274950992412,0.1432080650731125,0.11831962468141591,0.1435930767045909
0.01,1,99,0.010197713849157112,0.1428125614164042,0.11793833492960713,0.14320454087673193
0.01,1,100,0.0101423405865651,0.14242429979863058,0.11756372994359761,0.1428231015103798
0.01,1,101,0.010087862461305053,0.14204127893894122,0.11719487704981271,0.14244678206436698
0.01,1,102,0.010034512797527493,0.1416651883669908,0.11683249853960687,0.142077713821189
0.01,1,103,0.009982304985278013,0.14129617818807425,0.11647641894300909,0.14171563160434525
0.01,1,104,0.009930835878081412,0.140931443461574,0.11612601174102806,0.14135854047870883
0.01,1,105,0.009880280290603739,0.14057226106599935,0.11577972644560618,0.14100695742788266
0.01,1,106,0.009830937669007707,0.14022080921894373,0.11543969648469253,0.14066280984695856
0.01,1,107,0.009782573475125894,0.13987546943710963,0.11510388935484615,0.14032490343714932
0.01,1,108,0.009734523962712061,0.1395315302196035,0.11477071679705458,0.1399885332158122
0.01,1,109,0.009687807942209928,0.13919632137531457,0.11444532907294748,0.1396608812994031
0.01,1,110,0.009641691597406942,0.13886462182576917,0.11412311075294843,0.13933690838407778
0.01,1,111,0.009596301949782712,0.1385373736562283,0.11380602208025631,0.13901755112843667
0.01,1,112,0.009552063401647555,0.13821767905479787,0.11349597625466086,0.1387058417001292
0.01,1,113,0.009508187028580856,0.13789986967782716,0.11318816726528498,0.13839589623208626
0.01,1,114,0.009465442515645303,0.1375895527694258,0.11288641431286223,0.1380933581731637
0.01,1,115,0.009423465901943543,0.1372841280115334,0.11258950883587064,0.13779574137512804
0.01,1,116,0.009381938348589212,0.13698130053835242,0.11229473630464486,0.13750086367074743
0.01,1,117,0.009341442716560719,0.1366853519332684,0.11200605799668684,0.13721272588301986
0.01,1,118,0.009301500692247318,0.1363928201354259,0.11172164513214597,0.1369282742169786
0.01,1,119,0.009262035191105815,0.13610316080904084,0.11143977330314901,0.13664710991848217
0.01,1,120,0.00922328910949418,0.13581818073803065,0.11116057968967634,0.1363702699960087
0.01,1,121,0.009185416051913009,0.13553904272875036,0.11088533196162881,0.13609910025828675
0.01,1,122,0.009147950542197516,0.1352623417082339,0.11061382952453537,0.135830646688731
0.01,1,123,0.009111190510375873,0.13499029972835733,0.11034733278873717,0.1355669050903079
0.01,1,124,0.009074942634486343,0.13472151004562222,0.11008588013754379,0.13530621345452837
0.01,1,125,0.009039370508627608,0.134457208870537,0.1098279361404812,0.1350500066371961
0.01,1,126,0.009004344209321643,0.13419645456808196,0.10957599681559815,0.1347980420894088
0.01,1,127,0.008969881650317563,0.13393940159876452,0.10932516295955057,0.13454883800969072
0.01,1,128,0.008935774855743862,0.13368451560105127,0.10907867911772265,0.1343020927069067
0.01,1,129,0.008902193549858344,0.13343308097963072,0.10883572335073344,0.1340590874392919
0.01,1,130,0.008869289868564775,0.13318625956580338,0.10859795390639744,0.1338204040613311
0.01,1,131,0.008836799931457685,0.13294209214133562,0.10836366169906034,0.13358452348189825
0.01,1,132,0.00880476225583329,0.13270088361298343,0.10813059547434667,0.13335138778347344
0.01,1,133,0.008772930292412346,0.13246078885777743,0.10789843959837012,0.13311957425152035
0.01,1,134,0.008741847894435625,0.1322259270675432,0.10767000190355776,0.13289264154825203
0.01,1,135,0.008711237371441163,0.1319942223844753,0.1074443641876664,0.132669055397949
0.01,1,136,0.008681172824074839,0.13176625382908053,0.10722328278628067,0.13244957745101404
0.01,1,137,0.008651275068581793,0.13153915818935283,0.10700304269277824,0.13223090927288647
0.01,1,138,0.008621956107351135,0.13131607751795768,0.10678637957090824,0.13201618581478236
0.01,1,139,0.00859293373699757,0.13109487966352895,0.1065699326568875,0.13180361243430033
0.01,1,140,0.008564498141241793,0.13087779140283345,0.10635954116135576,0.13159526049017134
0.01,1,141,0.008536356846537212,0.13066259485053258,0.10615080431794606,0.1313881930666567
0.01,1,142,0.008508647591662196,0.13045035524414791,0.10594321270514916,0.13118411481410727
0.01,1,143,0.008481261300614051,0.13024024954378774,0.10573785896299995,0.13098230862663357
0.01,1,144,0.00845436056262968,0.13003353846319557,0.10553575396137438,0.1307836257586403
0.01,1,145,0.008427729425849467,0.12982857486585506,0.10533528942606603,0.13058686359575267
0.01,1,146,0.008401432019590038,0.12962586176832183,0.10513829869938941,0.1303927364227775
0.01,1,147,0.00837558748989267,0.12942633031877765,0.10494143690798538,0.1302014859866212
0.01,1,148,0.008349965516635032,0.12922821299263587,0.10474744442436915,0.1300115538456236
0.01,1,149,0.008324782623019035,0.1290331943572586,0.10455484344114897,0.12982462156497548
0.01,1,150,0.008299906631833996,0.12884026258770195,0.10436416496376902,0.12963988959115727
0.01,1,151,0.008275409186463072,0.12864998396006952,0.10417595525629754,0.1294577520149067
0.01,1,152,0.008251231618672934,0.12846191356719652,0.10399025196758797,0.12927775946946723
0.01,1,153,0.008227372062529499,0.12827604657557465,0.10380679125885776,0.12909960182691202
0.01,1,154,0.008203820176489808,0.12809231184181047,0.1036246199556946,0.12892358920346106
0.01,1,155,0.008180721081732772,0.1279118530999592,0.10344538601575366,0.12875069132207292
0.01,1,156,0.008157743834245841,0.12773209333793792,0.10326714347677587,0.12857888913196433
0.01,1,157,0.00813504145639597,0.12755423518171374,0.10309077522247695,0.1284086496326718
0.01,1,158,0.008112707017337248,0.12737901724646214,0.1029181878470547,0.12824119871593084
0.01,1,159,0.008090588626806495,0.12720525639144395,0.10274653889173825,0.12807553151111498
0.01,1,160,0.008068764926482294,0.12703357765947,0.10257670349297268,0.1279118436406748
0.01,1,161,0.008047223333340759,0.12686389031825218,0.10240839457480909,0.12775019485239528
0.01,1,162,0.008025966913281899,0.12669622656797558,0.10224109283608873,0.12759040099750601
0.01,1,163,0.008005008180290589,0.12653069335375183,0.10207558920768274,0.12743230059400396
0.01,1,164,0.007984335333341825,0.12636720566145176,0.10191320731729654,0.1272761563541352
0.01,1,165,0.007963760420322145,0.12620428218029803,0.10175203949880625,0.1271207951094941
0.01,1,166,0.007943538966138128,0.12604395238279484,0.10159221750179936,0.12696795259636265
0.01,1,167,0.00792356707782308,0.12588540088368533,0.10143357164132634,0.1268170619052761
0.01,1,168,0.007903841924866085,0.12572861189773857,0.10127688880832844,0.12666772063630838
0.01,1,169,0.007884313069280342,0.1255731903654625,0.1011206189838549,0.12652000417528217
0.01,1,170,0.007864989962783737,0.1254192167315977,0.10096666266090808,0.12637339871674297
0.01,1,171,0.007845787006067839,0.12526601299688467,0.10081520492396626,0.12622781141586825
0.01,1,172,0.007826964359032578,0.12511566136205793,0.10066502661904053,0.12608476571613617
0.01,1,173,0.007808301563190465,0.12496640799183167,0.10051829428147505,0.1259431947513197
0.01,1,174,0.007789800727226314,0.12481827372004721,0.10037034586630568,0.12580267253809294
0.01,1,175,0.0077715183508753815,0.12467171572474152,0.10022331992373416,0.12566351536933917
0.01,1,176,0.007753453805279934,0.12452673452138649,0.10007908236957366,0.12552616400561828
0.01,1,177,0.007735716461508192,0.12438421492704121,0.09993475566677963,0.12539072032848705
0.01,1,178,0.007718013547264305,0.12424180896352327,0.09979161871792872,0.12525597511788464
0.01,1,179,0.007700556062478947,0.12410121725816349,0.0996503706186589,0.12512267756220632
0.01,1,180,0.007683347441502815,0.12396247368863543,0.09951012446506144,0.12499119511549156
0.01,1,181,0.007666360769190693,0.12382536710376184,0.09937133248101121,0.12486119751446151
0.01,1,182,0.007649600052049284,0.12368993533872741,0.09923549711619939,0.12473297978938652
0.01,1,183,0.007633017114826689,0.12355579399467019,0.09910091305067181,0.12460584764231493
0.01,1,184,0.0076164883597838766,0.12342194585878054,0.09896592548877654,0.12447911556464338
0.01,1,185,0.007600070394649679,0.12328885103406292,0.09883160807397313,0.12435289164018556
0.01,1,186,0.007583951327991461,0.12315803934775399,0.09869986366518838,0.1242292467116309
0.01,1,187,0.007568004860152438,0.12302849149812768,0.09856963564191012,0.124106832652218
0.01,1,188,0.007552156754812101,0.12289960744292149,0.09844155384160529,0.12398489509173077
0.01,1,189,0.007536449556035513,0.1227717358029568,0.09831469304766739,0.12386407796566797
0.01,1,190,0.007521007452914678,0.12264589233166089,0.098189010102857,0.12374524260703446
0.01,1,191,0.007505758627628237,0.12252149711481848,0.09806495411105821,0.12362794220525751
0.01,1,192,0.007490521277187278,0.12239706922297836,0.09794088417983547,0.123510570363859
0.01,1,193,0.007475464524482003,0.12227399171109123,0.09781792454450587,0.12339439031223248
0.01,1,194,0.0074606959521016855,0.12215314938307309,0.0976966348177892,0.12328047190131011
0.01,1,195,0.007446093580834575,0.12203354932832672,0.0975766598455055,0.12316782213053552
0.01,1,196,0.007431604674220417,0.12191476263537912,0.09745696125253568,0.12305546731292394
0.01,1,197,0.007417187938526624,0.1217964526456056,0.09734010563559434,0.12294378564921296
0.01,1,198,0.007402922435064117,0.12167927050294242,0.09722443190148315,0.12283341412541239
0.01,1,199,0.007388865965763353,0.12156369495670451,0.09710993080530202,0.12272444362240185
0.01,1,200,0.007375011560211902,0.12144967320015235,0.09699754174067111,0.12261711477466176
0.01,1,201,0.007361142563400547,0.12133542403931794,0.09688542855542465,0.12250924767745032
0.01,1,202,0.0073474538283896905,0.12122255424127715,0.09677358271571354,0.12240263764250174
0.01,1,203,0.0073340132559577805,0.12111162831006592,0.09666383500949048,0.12229814234716241
0.01,1,204,0.007320586979389358,0.12100071883579336,0.09655493718153627,0.12219354002549565
0.01,1,205,0.007307292709188083,0.1208907995604966,0.0964475634307773,0.12208979002313833
0.01,1,206,0.007294194526467998,0.12078240373885592,0.09634211064322001,0.12198767148261475
0.01,1,207,0.007281157555752298,0.12067441780056201,0.09623756783127814,0.12188583618493475
0.01,1,208,0.007268291606366661,0.12056775361900596,0.09613398462737703,0.12178534503663184
0.01,1,209,0.007255485568099003,0.12046149233758481,0.09603204349495006,0.1216852801363123
0.01,1,210,0.007242849079769672,0.12035654597710647,0.09593179171072051,0.12158657259711934
0.01,1,211,0.00723034240644167,0.1202525875517169,0.09583186408404029,0.12148885583198092
0.01,1,212,0.0072179749986058936,0.12014969828181753,0.09573285887125514,0.12139192876106754
0.01,1,213,0.007205691426953342,0.12004741918886339,0.09563457198225706,0.12129590553386255
0.01,1,214,0.007193556221274788,0.11994628982402739,0.09553690425771959,0.12120071870598471
0.01,1,215,0.007181543981389682,0.11984610115802417,0.09543957734126084,0.12110640411691508
0.01,1,216,0.0071696053681175416,0.11974644352228205,0.09534388015921033,0.12101297538702113
0.01,1,217,0.007157863630922764,0.11964834834566472,0.09524933730565976,0.12092075783877063
0.01,1,218,0.00714618687637929,0.11955071623691169,0.09515510248466043,0.12082894742753116
0.01,1,219,0.007134557680594202,0.11945340246802685,0.09506151480494246,0.12073756368574333
0.01,1,220,0.007123095718540533,0.11935741048247095,0.09496855336360997,0.12064708118619726
0.01,1,221,0.00711172409807651,0.11926209874118861,0.09487674946357126,0.12055772775286937
0.01,1,222,0.007100478343327229,0.11916776697855196,0.09478533959152341,0.12046913097157308
0.01,1,223,0.007089305890401306,0.11907397608546803,0.0946944931339727,0.12038135325079069
0.01,1,224,0.007078232856150162,0.11898094684570436,0.09460494317537889,0.12029396816967652
0.01,1,225,0.007067222051483868,0.11888836824083228,0.09451481385373955,0.12020668574311534
0.01,1,226,0.007056409428354131,0.11879738573179235,0.09442709992999634,0.12012136318644256
0.01,1,227,0.007045641049679391,0.11870670621055401,0.09434078166722633,0.12003616486675106
0.01,1,228,0.007034968574636038,0.11861676588607564,0.09425461079817399,0.11995173585691919
0.01,1,229,0.007024464229865099,0.11852817580529196,0.09416985382428332,0.11986891014766443
0.01,1,230,0.007013985618632974,0.1184397367325086,0.09408528304903427,0.1197862957770249
0.01,1,231,0.007003601800764409,0.11835203251963533,0.09400107559464602,0.11970402955331362
0.01,1,232,0.00699327566081578,0.11826475096845873,0.09391691841718527,0.11962217522534564
0.01,1,233,0.006983033725311169,0.11817811747790849,0.09383295877433147,0.11954094935485823
0.01,1,234,0.006972962585516971,0.11809286672375238,0.0937501421237,0.11946129965199909
0.01,1,235,0.006962962447592337,0.11800815605365873,0.09366762613196387,0.11938174096541107
0.01,1,236,0.006953096145772822,0.1179245194670966,0.09358513681171501,0.1193028529669397
0.01,1,237,0.006943181034537179,0.11784040932156659,0.09350422290604575,0.11922413297567244
0.01,1,238,0.006933411089288898,0.1177574718588073,0.09342373566926311,0.1191465232996477
0.01,1,239,0.00692373096971641,0.11767523927926733,0.09334431399914629,0.11906961588969879
0.01,1,240,0.00691416589835394,0.11759392755031137,0.09326382650399627,0.11899331778267669
0.01,1,241,0.00690471228642625,0.11751350804419253,0.093185836705504,0.11891806788365859
0.01,1,242,0.006895233240416347,0.11743281688196316,0.0931089770921263,0.11884272332541551
0.01,1,243,0.00688589723317318,0.11735328911601225,0.093032601295858,0.11876817554109517
0.01,1,244,0.006876654915693668,0.117274506314831,0.09295687993499568,0.11869427527397661
0.01,1,245,0.006867477703846195,0.11719622608127102,0.09288104718087514,0.1186210494022418
0.01,1,246,0.006858347587995337,0.1171182956501275,0.09280770412524596,0.1185484763010806
0.01,1,247,0.006849311543711692,0.1170411170803807,0.09273295130101976,0.11847639075879611
0.01,1,248,0.006840334063432462,0.11696438828491741,0.0926586970794725,0.1184043739346182
0.01,1,249,0.006831459283996208,0.1168884877479062,0.09258512802440388,0.1183332228336313
0.01,1,250,0.006822683413560289,0.11681338462316969,0.09251205637282314,0.11826268636902865
0.01,1,251,0.006813988719713531,0.11673892855182054,0.09243934453053776,0.11819315683036304
0.01,1,252,0.0068053750860247765,0.11666511977471909,0.09236766988575504,0.11812425561205035
0.01,1,253,0.006796808541868044,0.11659166815744634,0.092296715658394,0.11805568607687456
0.01,1,254,0.006788277971177578,0.11651847897374543,0.09222621014310299,0.11798713688887692
0.01,1,255,0.006779870740810819,0.11644630299679608,0.09215652689594535,0.11792010056307518
0.01,1,256,0.00677152818910594,0.11637463803686729,0.09208708292893,0.11785309479919952
0.01,1,257,0.006763228512453363,0.11630329756677893,0.09201767221011557,0.11778649462647305
0.01,1,258,0.006755032572217114,0.11623280580126348,0.09194895579195456,0.11772066913788831
0.01,1,259,0.006746886674909946,0.11616270205973986,0.09188003238975945,0.11765504538121424
0.01,1,260,0.006738746031103352,0.11609260123800613,0.09181055519061786,0.11758941727430722
0.01,1,261,0.006730704606116687,0.11602331322727072,0.09174289400374841,0.11752482699443641
0.01,1,262,0.006722814557812405,0.11595528929559364,0.09167648873119705,0.11746126865204533
0.01,1,263,0.006714975437991271,0.11588766490003387,0.0916104071915763,0.11739801618614996
0.01,1,264,0.006707190463981178,0.11582046851900728,0.09154464282193894,0.11733542145118955
0.01,1,265,0.00669938582534846,0.11575306324541446,0.09147795570982196,0.11727225938475885
0.01,1,266,0.006691666502486286,0.11568635617466984,0.09141328817503624,0.11721005773915862
0.01,1,267,0.0066839872329677915,0.11561995704001789,0.09134766148471403,0.11714790171997563
0.01,1,268,0.006676385496663372,0.11555419072161227,0.0912828025533647,0.1170864902220903
0.01,1,269,0.00666880444368202,0.11548856604601185,0.09121886137380247,0.11702561714197526
0.01,1,270,0.006661356636878144,0.11542405847030457,0.09115544271247955,0.1169655455568187
0.01,1,271,0.00665394465457387,0.11535982536892009,0.09109146783365592,0.1169054592736585
0.01,1,272,0.006646542961097335,0.11529564572087998,0.09102800167177055,0.11684547084392433
0.01,1,273,0.0066391963369816015,0.11523190822842085,0.09096553065094888,0.11678598758464726
0.01,1,274,0.006631932636203224,0.11516885547927637,0.09090302013545534,0.11672737179983915
0.01,1,275,0.006624707001057643,0.11510609889191488,0.09084126720611171,0.1166689145472812
0.01,1,276,0.006617592453532009,0.11504427368219601,0.09077996272130973,0.11661166812379217
0.01,1,277,0.0066105150407227845,0.1149827381890237,0.09071853496827198,0.11655418514196535
0.01,1,278,0.006603471956579174,0.11492146846067687,0.09065783345396738,0.11649695109638586
0.01,1,279,0.006596504776296461,0.11486082688450802,0.09059742837015357,0.1164404092945224
0.01,1,280,0.006589559523420403,0.11480034428014929,0.09053741439688244,0.11638418030821043
0.01,1,281,0.006582708087812568,0.11474064744294035,0.09047716252647015,0.11632839711518414
0.01,1,282,0.006575896587179967,0.11468126775703143,0.09041791967912609,0.11627340802393803
0.01,1,283,0.006569190619235969,0.11462277800887544,0.0903592226953078,0.11621899276540039
0.01,1,284,0.006562484325346977,0.1145642555542258,0.09030066075551561,0.11616468493789632
0.01,1,285,0.006555813752441396,0.11450601514716505,0.09024244473607089,0.1161104610982108
0.01,1,286,0.0065491989640410805,0.1144482325249375,0.09018457774129433,0.11605663709519988
0.01,1,287,0.006542609744072537,0.11439064423345588,0.09012695470807623,0.11600285816608759
0.01,1,288,0.006536177778296808,0.11433440233190366,0.09006982447033678,0.11595053230875668
0.01,1,289,0.006529698463421503,0.11427771841808448,0.09001258322983674,0.11589761445173112
0.01,1,290,0.006523299638396541,0.11422171105701877,0.08995577785200025,0.11584554349789963
0.01,1,291,0.006516892521463741,0.11416560358938012,0.08989894778524411,0.11579295330131059
0.01,1,292,0.006510553389240778,0.11411006431722645,0.08984230765753771,0.11574141471004529
0.01,1,293,0.006504262197944952,0.11405491833274839,0.08978592396571188,0.11568982830671093
0.01,1,294,0.006498015289776993,0.11400013412077192,0.08972983216107526,0.11563868717558412
0.01,1,295,0.006491856715056124,0.11394609879286016,0.08967379390929187,0.11558806746749502
0.01,1,296,0.00648576896697334,0.11389265970178535,0.08961899113528624,0.11553826058358961
0.01,1,297,0.006479690188063435,0.11383927431307207,0.08956400489540947,0.11548855613722057
0.01,1,298,0.006473609480257651,0.11378584692533296,0.08950935985791723,0.1154390202138566
0.01,1,299,0.006467622421386253,0.11373321785112961,0.08945510736739354,0.11538996607140084
0.01,1,300,0.006461659501993085,0.11368077675660987,0.0894010272210983,0.11534099404130663
0.01,2,1,0.06891458094866787,0.37125350085532627,0.3086747815425049,0.3676303404467717
0.01,2,2,0.06626988978068683,0.3640601317933257,0.30262572034431556,0.3604506097751938
0.01,2,3,0.06369942707857443,0.3569297608173755,0.2966504753170668,0.35336743977451834
0.01,2,4,0.06122241197250991,0.3499211681865214,0.2907852008482695,0.34643358119563006
0.01,2,5,0.05883981335074097,0.343044642432267,0.2850507311810232,0.33965314576609024
0.01,2,6,0.05655724460676424,0.336324975601766,0.279469090650898,0.3330432187103597
0.01,2,7,0.054379169505427594,0.3297852922900826,0.27404500220677286,0.326621783483179
0.01,2,8,0.052296789308669586,0.3234093050877466,0.2687537904080253,0.3203697225373446
0.01,2,9,0.05033120309159283,0.31727339343724625,0.2636886454543084,0.3143617895364908
0.01,2,10,0.04846726310487856,0.3113431004691723,0.2587836370869479,0.3085602629632602
0.01,2,11,0.04671407261406847,0.3056601793301459,0.2541010082346262,0.30300559055317494
0.01,2,12,0.04506685222825856,0.3002227580589405,0.24961707061565605,0.29769652185246404
0.01,2,13,0.043507692358476326,0.29498370245990313,0.24530153569504956,0.29258596370238454
0.01,2,14,0.04204549718541579,0.28998447263746996,0.24118708634205943,0.2877151330221832
0.01,2,15,0.040675502825918156,0.2852209768790443,0.23726242903367867,0.2830778269663497
0.01,2,16,0.039382979253789197,0.28065273650470324,0.23351952049290817,0.27863595571941563
0.01,2,17,0.03816822067387643,0.2762905017327828,0.22995683033947426,0.27439664638357686
0.01,2,18,0.03702869936738258,0.2721348906971783,0.2265497791647966,0.2703606428967394
0.01,2,19,0.035956519394372936,0.26816606569203694,0.22329349853788216,0.26650938089488924
0.01,2,20,0.034945604172177756,0.2643694542574,0.22017621973997517,0.2628267256675217
0.01,2,21,0.03399202750028653,0.26073752127488875,0.21719085022027482,0.25930570893598526
0.01,2,22,0.03309376029855083,0.2572693541739895,0.2143387292031034,0.25594506401670686
0.01,2,23,0.032244558075784926,0.2539470735243268,0.21159715388725972,0.252726957760729
0.01,2,24,0.03143901342447641,0.25075491390788895,0.20895171669095083,0.24963707025050702
0.01,2,25,0.030677376430776608,0.24769891574561487,0.20641754764594897,0.24668093708669322
0.01,2,26,0.029957976977226675,0.24477735588581995,0.20398861578234098,0.24385609722313994
0.01,2,27,0.029272085624401603,0.24195902803739977,0.20163789712963934,0.24113244242674226
0.01,2,28,0.02861990088807809,0.2392484101852219,0.19937622550410716,0.23851416708921896
0.01,2,29,0.02800137965869687,0.23664902137425742,0.19721422338245437,0.23600500901305682
0.01,2,30,0.02741380862137954,0.23415297829145604,0.1951361122036943,0.23359669812952
0.01,2,31,0.026848929745773322,0.23172798599121913,0.19311131939502066,0.23125909475335668
0.01,2,32,0.02631312939875107,0.2294041385797173,0.1911650036666159,0.22901975362355786
0.01,2,33,0.025800362912920854,0.22715793146144317,0.18928455822149262,0.22685655972305366
0.01,2,34,0.0253113177539591,0.2249947455117968,0.18747795546191384,0.2247748132557902
0.01,2,35,0.02484393404399384,0.22290775690403347,0.1857354420011922,0.2227674696324664
0.01,2,36,0.02439578094621476,0.22088812075897046,0.18405101984873998,0.22082523939096674
0.01,2,37,0.023966474908397855,0.21893594911936165,0.18241874628997612,0.21894820686625477
0.01,2,38,0.023555826101689027,0.2170521877415154,0.18084202509776878,0.21713827819337034
0.01,2,39,0.0231629733888715,0.21523463192001188,0.17931710933812592,0.21539259830946175
0.01,2,40,0.022786182590863704,0.21347684928752206,0.17784227243187972,0.21370495569011383
0.01,2,41,0.02242336958126528,0.21177048699601783,0.1764128762770303,0.2120669274938298
0.01,2,42,0.022074599711407482,0.21011710882937393,0.17502908961039823,0.2104802976485846
0.01,2,43,0.021738144353177197,0.20850968492219826,0.1736784800717943,0.20893739357305258
0.01,2,44,0.021414682460382233,0.2069525668378251,0.17236848528500856,0.207443207964526
0.01,2,45,0.021102863773023502,0.205440325997714,0.1710973622586365,0.20599241317612874
0.01,2,46,0.020801629640060857,0.2039687703549779,0.16985566394316196,0.20458104117703674
0.01,2,47,0.02051210438413614,0.2025443377837857,0.16865446856027455,0.2032146461076195
0.01,2,48,0.020232060759888534,0.20115695742324466,0.16747895510609845,0.20188385593486902
0.01,2,49,0.019962529630853366,0.1998125603201829,0.166336807952664,0.20059410436954536
0.01,2,50,0.019702807138594552,0.19850847406896538,0.1652250168536402,0.19934296039786317
0.01,2,51,0.019450199644153395,0.19723184146660191,0.16413339953271636,0.19811745827791793
0.01,2,52,0.019206098778233087,0.19599029964890144,0.163066090902166,0.19692569205149105
0.01,2,53,0.01896963557665692,0.1947800584077175,0.16202706202593348,0.19576327236883045
0.01,2,54,0.018741504579844942,0.19360529217893266,0.16101978663377683,0.19463509120167846
0.01,2,55,0.018518893488468708,0.19245203812102749,0.16003556331956784,0.1935275104512797
0.01,2,56,0.018304965832391162,0.19133721975815976,0.15907923686636272,0.19245591231061862
0.01,2,57,0.018095387890963332,0.19023873365307778,0.15813374411612852,0.191400402911799
0.01,2,58,0.01789280653657181,0.18917085682827472,0.15720919155204258,0.19037351338034808
0.01,2,59,0.017696475164488596,0.18813014200009842,0.15630992336343766,0.18937196039111112
0.01,2,60,0.017505161428829845,0.18711045630231274,0.1554274445308073,0.1883899570291138
0.01,2,61,0.01731830708827337,0.1861091458702305,0.15456090591361124,0.18742629567299618
0.01,2,62,0.017138247706639242,0.18513912448015543,0.15371976588210595,0.18649138110680427
0.01,2,63,0.016961469381502284,0.18418180899047704,0.15288871688073466,0.18556831329080442
0.01,2,64,0.01679122043740394,0.183255125098339,0.15208277621251157,0.18467411857406676
0.01,2,65,0.016624979533788286,0.18234571304962607,0.1512906137530641,0.1837960085490195
0.01,2,66,0.01646337720024825,0.1814573073769599,0.1505148569316254,0.18293758998484388
0.01,2,67,0.016304825708153687,0.18058142600031538,0.14975100785165155,0.18209078360566688
0.01,2,68,0.016150847459271585,0.17972672288378033,0.14900832928254706,0.1812642724550464
0.01,2,69,0.01600075095420381,0.17888963611234615,0.1482827181909881,0.18045390929851024
0.01,2,70,0.015854421962637547,0.17806977263217666,0.14757025540085592,0.179659780050968
0.01,2,71,0.015711805575851986,0.1772670616660184,0.1468714364901254,0.17888199750008588
0.01,2,72,0.015572326029465507,0.17647847477505865,0.14618392062647084,0.17811690861230714
0.01,2,73,0.015435665497546488,0.17570239325374307,0.14550939693806422,0.17736405768993962
0.01,2,74,0.015302663763510456,0.17494378390506166,0.14484991471465752,0.17662754173274073
0.01,2,75,0.015173122145610342,0.17420173446674025,0.14420332621621623,0.1759063638533529
0.01,2,76,0.015046237746286106,0.17347182910366804,0.14357038936616676,0.17519606930544707
0.01,2,77,0.01492177915545471,0.17275288220724255,0.1429459900132721,0.1744963745715327
0.01,2,78,0.014799569307598516,0.17204400197390501,0.14233068581446404,0.17380613282103627
0.01,2,79,0.014680777473808616,0.17135213727181003,0.14173049715410269,0.1731315659162368
0.01,2,80,0.014564257091853348,0.17067077718141058,0.14113689008863262,0.17246716386992045
0.01,2,81,0.01445006403093896,0.17000037665216486,0.14055397537197536,0.1718129624664864
0.01,2,82,0.01433857021273009,0.16934326212005066,0.1399824652769536,0.17117128113051952
0.01,2,83,0.01422916348991697,0.16869596017638935,0.1394195067202592,0.17053836082701504
0.01,2,84,0.014122468032743744,0.1680622981679338,0.13886691498266435,0.1699183255703716
0.01,2,85,0.014017738493208384,0.16743797952202114,0.13832333795667343,0.16930712801667985
0.01,2,86,0.013915017681745958,0.16682336575999154,0.13778846937552372,0.1687053060077068
0.01,2,87,0.013814720145437036,0.16622105850605715,0.13726381666870188,0.16811442781432934
0.01,2,88,0.013715607210730741,0.16562371334281056,0.13674159569435174,0.1675281969127094
0.01,2,89,0.013618697227136009,0.1650375546785398,0.13623210315441428,0.16695247815237352
0.01,2,90,0.013524197751573267,0.16446396414761058,0.13573353880501068,0.16638907099546613
0.01,2,91,0.013431588455747167,0.16389989905882899,0.13524124519742217,0.16583469205068674
0.01,2,92,0.013340392715626538,0.1633425401763211,0.13475540623775842,0.16528608837456968
0.01,2,93,0.01325079572076117,0.1627930939613912,0.13427509623976008,0.1647450681160461
0.01,2,94,0.013162978153029692,0.16225275438666484,0.13380047584573543,0.16421267046474816
0.01,2,95,0.01307671670210271,0.16172023189510154,0.13333390796632832,0.1636876913055026
0.01,2,96,0.012991973725673693,0.16119537044018165,0.13287567590121227,0.16316992747085554
0.01,2,97,0.012908674427486298,0.16067777959311175,0.13242194437086188,0.1626585905130746
0.01,2,98,0.012826918111356039,0.16016814983857458,0.1319747629122638,0.16215491702297877
0.01,2,99,0.012746572283454109,0.1596657275902008,0.13153281984265217,0.16165786965679987
0.01,2,100,0.012667454845584689,0.15916943705111664,0.13109702736552437,0.16116666734115517
0.01,2,101,0.012590033430234753,0.1586822827554151,0.13066939013647422,0.16068410994580656
0.01,2,102,0.012513532445992247,0.15819944656029772,0.1302451318776024,0.16020548584445043
0.01,2,103,0.012438689923751012,0.15772564739921668,0.12982675880079766,0.1597359560993857
0.01,2,104,0.012365076348721136,0.15725823570624933,0.12941544170461514,0.15927197905561186
0.01,2,105,0.012292686203580205,0.15679723341679347,0.12900797794819738,0.15881392546280565
0.01,2,106,0.012221614739408894,0.1563433064727038,0.1286086727751157,0.1583626972728928
0.01,2,107,0.012151326936296475,0.1558930847491092,0.12821133986699085,0.15791502921613879
0.01,2,108,0.012082726040989034,0.15545241098798715,0.1278224248205622,0.15747669963052238
0.01,2,109,0.012015079893515154,0.1550166435807146,0.12743876281947839,0.15704290608324323
0.01,2,110,0.01194829871266174,0.15458524323273382,0.1270592049989852,0.1566125380732784
0.01,2,111,0.011882575510839632,0.1541594986424102,0.1266829486532081,0.15618783123186103
0.01,2,112,0.011817708155819848,0.15373814201960323,0.1263108898906565,0.15576737845254482
0.01,2,113,0.011753973099196671,0.15332301261843684,0.1259439420380123,0.15535303231059186
0.01,2,114,0.01169129427208395,0.152913663693497,0.12558100320860519,0.1549440075714017
0.01,2,115,0.011629415548493087,0.15250846237827648,0.12522134932220666,0.15453886265175992
0.01,2,116,0.01156841600952119,0.15210796172141147,0.12486716720720338,0.15413810815851586
0.01,2,117,0.011508151671588458,0.15171124988996998,0.12451467773841812,0.1537407834495103
0.01,2,118,0.011448996413412366,0.15132082747204606,0.12416849467999827,0.15334947482997419
0.01,2,119,0.011391160101287677,0.15093813369250117,0.12382745561211835,0.15296627943890667
0.01,2,120,0.0113339517307502,0.15055863795046898,0.12348958139778811,0.15258545538809737
0.01,2,121,0.011277521389861182,0.15018336385805975,0.12315466507846115,0.15220872279452147
0.01,2,122,0.011221744426790537,0.14981151108503338,0.12282605873817284,0.15183544003562013
0.01,2,123,0.01116698952134796,0.1494455721749424,0.12250406804624263,0.1514679685578165
0.01,2,124,0.011113096434507808,0.1490845158593461,0.12218507309361622,0.1511051170293915
0.01,2,125,0.011059985555020824,0.14872784241708628,0.1218691920271327,0.15074608416674856
0.01,2,126,0.011007630555269259,0.1483754060164235,0.1215559382392512,0.15039155207826216
0.01,2,127,0.010955602782097685,0.14802434112062574,0.1212438753557007,0.1500379951898816
0.01,2,128,0.01090447587088716,0.1476785419137605,0.12093687056850723,0.14968949922307173
0.01,2,129,0.010854157675582263,0.14733742006416606,0.1206327851424287,0.14934539896584204
0.01,2,130,0.010804628837424474,0.1470008764424517,0.12033538644891012,0.14900549837831176
0.01,2,131,0.010755611686699161,0.1466670493785101,0.12003761910890215,0.14866878071265371
0.01,2,132,0.010707580428794203,0.1463391979532087,0.11974449818610523,0.14833784350400525
0.01,2,133,0.010659854407023717,0.14601270086553236,0.11945350522416691,0.14800807528079224
0.01,2,134,0.01061270081954231,0.14568940125858373,0.1191669967695205,0.14768158897905476
0.01,2,135,0.010566325452956342,0.14537073607130385,0.11888547914555872,0.14735894975392896
0.01,2,136,0.010520496874943488,0.14505514037733022,0.11860641064600619,0.147039914368338
0.01,2,137,0.010475310277282582,0.14474329191560195,0.1183288034024172,0.146723950872585
0.01,2,138,0.010430849424037738,0.14443579489889435,0.1180548882088565,0.1464124219581614
0.01,2,139,0.01038668770236471,0.14412971728526155,0.11778107147356019,0.1461027760874779
0.01,2,140,0.010343589980028708,0.14383038608047125,0.11751344341562493,0.14579921112485913
0.01,2,141,0.010300831915046722,0.14353279705382127,0.1172479813846663,0.14549752543568872
0.01,2,142,0.010258502450011175,0.14323758200982853,0.11698717725197326,0.14519785973119287
0.01,2,143,0.010216773534272944,0.14294595855968048,0.11672807338419824,0.144901602957338
0.01,2,144,0.010175826579332928,0.14265922037732387,0.11647280465109058,0.14461027252225925
0.01,2,145,0.010135104112814345,0.14237348146908782,0.11621862029949431,0.14432031909157697
0.01,2,146,0.010095008116952332,0.1420915769280666,0.11596754733685964,0.14403380040687003
0.01,2,147,0.01005530296571045,0.14181186809086502,0.11571751877063761,0.14374927232848753
0.01,2,148,0.010016255232580967,0.14153625141694948,0.11547238586593583,0.1434685535562736
0.01,2,149,0.009977681851520268,0.14126345494515039,0.11522765510977555,0.14319073657435452
0.01,2,150,0.00993961662412829,0.14099373478370086,0.11498732911712244,0.14291563508269353
0.01,2,151,0.00990190756096504,0.1407260285872165,0.11474979454573488,0.14264262153130206
0.01,2,152,0.009864506249131193,0.1404600031975736,0.11451338430438923,0.14237106613645995
0.01,2,153,0.009827609512705749,0.14019707209999607,0.11428041882836622,0.14210302625427657
0.01,2,154,0.00979109563591738,0.13993638294537541,0.11404943753173709,0.141837433937065
0.01,2,155,0.009755137594248273,0.13967918666893986,0.11382148261753172,0.14157514035025237
0.01,2,156,0.009719723266154444,0.13942541566123762,0.1135959663580507,0.14131596679713102
0.01,2,157,0.0096845429776811,0.13917286357391012,0.1133722630092202,0.14105748558969428
0.01,2,158,0.009650175829045746,0.13892570553389855,0.11315344712178757,0.1408048465230764
0.01,2,159,0.009615827927636666,0.13867824578957338,0.11293466787322823,0.1405518228718773
0.01,2,160,0.009581835668786114,0.13843291276850397,0.11271783292616884,0.14030105092730275
0.01,2,161,0.00954831151662903,0.13819053163389328,0.11250380551327555,0.14005278877758967
0.01,2,162,0.009515011769961916,0.13794935135738706,0.11228977757221557,0.13980544891276955
0.01,2,163,0.00948242638851224,0.13771293612810845,0.11207881787277886,0.13956290078703465
0.01,2,164,0.009450091764383967,0.1374779383347304,0.11186797304825757,0.13932188988657326
0.01,2,165,0.009418341458640898,0.13724679565396708,0.11165975735942305,0.13908516468181287
0.01,2,166,0.00938677546640801,0.13701660823716233,0.11145244179391128,0.13884908397571313
0.01,2,167,0.009355847028695847,0.13679069433770594,0.11124773360095398,0.13861701858762482
0.01,2,168,0.009324832179849293,0.13656377396549418,0.11104301042758187,0.13838431726521053
0.01,2,169,0.009294498234556586,0.13634147010030798,0.11084220447247278,0.1381559542395808
0.01,2,170,0.009264209156107418,0.1361191327926197,0.11064215698813344,0.13792792061539733
0.01,2,171,0.009234457688480613,0.1359003876998194,0.11044356870530671,0.13770322624244727
0.01,2,172,0.009204930645216068,0.1356829439923535,0.11024654234001052,0.13747987616532442
0.01,2,173,0.009175854960102097,0.13546848312505827,0.11005133361398904,0.13725929368517328
0.01,2,174,0.009147219875604162,0.13525693975248856,0.10985827512228473,0.1370416393446328
0.01,2,175,0.00911884428901712,0.13504698655665828,0.10966748581426856,0.13682565704564484
0.01,2,176,0.009090839900079443,0.1348394593587459,0.10947744638380011,0.13661243874638354
0.01,2,177,0.009063111594813777,0.13463366291395162,0.10928904171121402,0.13640057599955283
0.01,2,178,0.009035466578158867,0.1344281709922356,0.10910096248005384,0.13618885985645057
0.01,2,179,0.00900823121007089,0.13422541644614772,0.10891435041714516,0.1359801793596671
0.01,2,180,0.008981285223912804,0.1340245143540002,0.10873153030183288,0.13577338741210557
0.01,2,181,0.008954462697999,0.13382423321655162,0.10854813269942767,0.1355666210627905
0.01,2,182,0.008927993667259874,0.13362629731650782,0.10836740178603586,0.13536260961817484
0.01,2,183,0.008901819572609144,0.13343027821757059,0.10819024137089502,0.1351605382281528
0.01,2,184,0.008875916217590636,0.13323600277395473,0.10801384695551505,0.13495988028971034
0.01,2,185,0.008850251850909895,0.1330432399703938,0.10784009971985711,0.13476130779689133
0.01,2,186,0.008824909501009405,0.13285262135922954,0.10766681113577832,0.1345648311959626
0.01,2,187,0.00879994894431504,0.13266460676695227,0.10749477337607921,0.13437056878785186
0.01,2,188,0.008775210535952973,0.1324780022188814,0.1073247237735186,0.13417794726427046
0.01,2,189,0.008750711012233164,0.13229294019132815,0.10715631583961681,0.13398698266631057
0.01,2,190,0.008726308426112758,0.13210835269666152,0.10698784545521813,0.13379635489523392
0.01,2,191,0.008702216589788786,0.13192586243636073,0.1068223791156977,0.1336078136151528
0.01,2,192,0.00867845713530709,0.1317456423211568,0.10665740781602065,0.13342169752236557
0.01,2,193,0.008654876274006988,0.1315665327810001,0.1064926547032687,0.13323692342947296
0.01,2,194,0.008631538489893594,0.13138902914546247,0.1063296983843584,0.13305345311142622
0.01,2,195,0.008608432757761273,0.13121305390669993,0.10616855568586646,0.13287141763279794
0.01,2,196,0.00858550346187795,0.13103818879912796,0.10600796381111997,0.13269045426396361
0.01,2,197,0.008562805617082421,0.13086485866788242,0.10584781791032147,0.13251114607452186
0.01,2,198,0.008540395566331899,0.13069350072847463,0.10569043865630937,0.13233380094700825
0.01,2,199,0.00851834265056036,0.13052465399732235,0.10553431582161868,0.13215879200270422
0.01,2,200,0.008496450039355041,0.13035681830541157,0.10537876519746467,0.13198492833987946
0.01,2,201,0.008474670372204252,0.13018963378245021,0.10522490668670063,0.13181157562579862
0.01,2,202,0.008453086014328903,0.13002373640477266,0.10507120182522904,0.1316395674783173
0.01,2,203,0.008431803601727248,0.12985995226956806,0.10492007004539312,0.1314694239235162
0.01,2,204,0.008410806571362017,0.12969816167827528,0.10477015084510531,0.13130119978237204
0.01,2,205,0.008389883714834682,0.1295367416205509,0.10462026262301596,0.1311337610939624
0.01,2,206,0.008369220418905143,0.1293771264088451,0.10447269043500221,0.13096829259587842
0.01,2,207,0.008348662085597978,0.12921812632597626,0.10432489789433982,0.13080349400733485
0.01,2,208,0.008328324024435467,0.12906063710082535,0.10417840156165087,0.13063978886848643
0.01,2,209,0.008308371926183966,0.12890594963913782,0.10403362096142381,0.13047929576633793
0.01,2,210,0.00828845057580751,0.12875131514518606,0.10388953927335508,0.13031880756954445
0.01,2,211,0.008268571920171714,0.12859682671179498,0.1037472202471481,0.1301584598967921
0.01,2,212,0.008249116599542416,0.12844544833930407,0.1036060040363135,0.1300010614352782
0.01,2,213,0.008229808232222793,0.12829503678804408,0.10346584810546677,0.12984469375630134
0.01,2,214,0.008210797109082207,0.12814676827046562,0.10332701218699353,0.12969067550743912
0.01,2,215,0.008191808463849908,0.12799850361508067,0.10318917820263099,0.12953641008401592
0.01,2,216,0.008172904821567633,0.12785073188345566,0.1030520371718724,0.12938241708470585
0.01,2,217,0.008154234541665098,0.1277046165310017,0.10291523133682827,0.12923026250214176
0.01,2,218,0.008135701917451726,0.1275594129607982,0.10278095454507524,0.12907922586448006
0.01,2,219,0.008117346155692307,0.1274154319985794,0.1026480681381787,0.12892956007340078
0.01,2,220,0.008099252620697089,0.12727334851175315,0.10251538914058089,0.12878141847175237
0.01,2,221,0.008081367064469056,0.12713274215928055,0.10238309147946928,0.1286353427260288
0.01,2,222,0.00806356493658975,0.12699263708254704,0.10225163900459057,0.12848936508985298
0.01,2,223,0.00804594811490112,0.126853838057042,0.10212172420007509,0.12834465352440108
0.01,2,224,0.008028532760307168,0.12671647691051996,0.1019932519556992,0.12820169463851386
0.01,2,225,0.008011276155553622,0.1265802208526563,0.10186510772187658,0.12805952863160194
0.01,2,226,0.007994212812913092,0.12644534639845859,0.10173797154867432,0.1279190556968805
0.01,2,227,0.00797743494045178,0.12631258797484737,0.10161182215119609,0.12778086398981175
0.01,2,228,0.007960514427096296,0.12617855940766082,0.10148543513698022,0.12764091252045326
0.01,2,229,0.007943871159953935,0.12604658789474577,0.10136013452554131,0.12750336378010646
0.01,2,230,0.007927307599606515,0.1259151110836703,0.10123645385838327,0.12736600096310033
0.01,2,231,0.007910949553970174,0.12578513071082906,0.10111536131928857,0.12723061941228253
0.01,2,232,0.007894607781408677,0.1256551453893447,0.1009929504428736,0.12709488118152745
0.01,2,233,0.007878563295245116,0.1255273937851425,0.10087128844341064,0.12696168669100166
0.01,2,234,0.007862602493491121,0.1254001793738041,0.1007509570807855,0.12682889061416666
0.01,2,235,0.007846770598338614,0.12527386477904012,0.1006306656131512,0.12669721183257646
0.01,2,236,0.007831057680241922,0.1251483733832919,0.10051129190157165,0.12656616658489395
0.01,2,237,0.007815598483944678,0.12502478541429038,0.10039312644174027,0.12643682955313018
0.01,2,238,0.0078002598393536685,0.1249020403304419,0.10027586997673243,0.12630874159831268
0.01,2,239,0.007785087786717918,0.12478050958958228,0.10015881607706653,0.12618193149157556
0.01,2,240,0.00776997617911789,0.12465934525030918,0.10004321251136757,0.12605494020133912
0.01,2,241,0.007754945663904641,0.12453871417277955,0.0999270697499578,0.12592928152260255
0.01,2,242,0.007739966089643333,0.1244183755692328,0.09981181929383512,0.12580332284756177
0.01,2,243,0.007725198225455776,0.12429962369577614,0.09969755479739224,0.1256794042586795
0.01,2,244,0.0077105294086819405,0.12418155586625527,0.09958399630021096,0.12555562801205675
0.01,2,245,0.007696062546214994,0.124065003495869,0.099472692381354,0.12543365978284274
0.01,2,246,0.007681751786593631,0.12394960094000812,0.09936099260109123,0.12531296641940046
0.01,2,247,0.007667472742596219,0.12383434695266268,0.09925015597010542,0.1251925115369521
0.01,2,248,0.007653382801981384,0.12372051407896255,0.09913986704337215,0.12507304473795905
0.01,2,249,0.007639305178215007,0.1236066760188543,0.09903082897459531,0.12495390709228693
0.01,2,250,0.007625454292892859,0.12349456905380786,0.09892193632971132,0.12483659770551736
0.01,2,251,0.007611737591905303,0.12338344777080354,0.09881393087893882,0.12472030487910206
0.01,2,252,0.007598043043399961,0.12327240602340786,0.0987060217754879,0.12460438678384346
0.01,2,253,0.007584504423466159,0.12316253020676507,0.09859924787028071,0.1244891390921325
0.01,2,254,0.007571009890258791,0.12305291455515217,0.09849305074404124,0.12437444288918863
0.01,2,255,0.0075576882800939904,0.12294460769056925,0.09838667993463433,0.12426106729168458
0.01,2,256,0.007544475301985735,0.12283708969188203,0.09828181989246645,0.12414814418319339
0.01,2,257,0.007531477439222917,0.12273123024905207,0.09817845702403019,0.12403701156352105
0.01,2,258,0.00751850541485866,0.1226254901303857,0.09807524307022893,0.12392648639222355
0.01,2,259,0.007505630490264772,0.12252045127459148,0.09797303532495868,0.12381658627391254
0.01,2,260,0.007492862487116181,0.12241619571867263,0.0978729850753669,0.12370726721768523
0.01,2,261,0.007480192537258298,0.12231265296164823,0.09777275705457739,0.12359863980674667
0.01,2,262,0.007467634811252874,0.1222099407679496,0.09767397187545476,0.1234909750056662
0.01,2,263,0.007455240032463378,0.1221084766301126,0.09757592730389957,0.1233847537183539
0.01,2,264,0.007442869373173974,0.12200712580152008,0.09747796930679188,0.12327856176982743
0.01,2,265,0.007430642741913162,0.1219068721763721,0.09738074768840409,0.1231737609211279
0.01,2,266,0.007418580065666752,0.12180788205749865,0.09728371342482295,0.1230699790034438
0.01,2,267,0.007406540174815302,0.12170899863868162,0.09718676879946637,0.12296617684484762
0.01,2,268,0.007394638595392949,0.1216111721462543,0.09709127101397766,0.12286353759121733
0.01,2,269,0.007382721599481962,0.12151314002594092,0.09699558922823769,0.1227606930589298
0.01,2,270,0.0073709632736737845,0.12141633558688703,0.09690120947533964,0.12265909491505347
0.01,2,271,0.007359296635055809,0.12132020965243843,0.09680733041813605,0.12255786482490418
0.01,2,272,0.007347700164015008,0.12122458631824658,0.09671313027438347,0.12245740160622932
0.01,2,273,0.00733614463554525,0.12112922550355261,0.09662036913383479,0.12235744759531171
0.01,2,274,0.00732467559092537,0.12103450409635569,0.09652819201688283,0.12225777808106915
0.01,2,275,0.007313319966808141,0.12094064632544463,0.09643654773467529,0.12215924225183913
0.01,2,276,0.007302095287821243,0.12084779921720745,0.09634532906305679,0.12206177149873121
0.01,2,277,0.007290953685013288,0.12075556869157868,0.09625350869254651,0.12196476896418029
0.01,2,278,0.007279882404992441,0.12066385046891584,0.09616311562618812,0.12186795444898693
0.01,2,279,0.007268925427999999,0.12057301047912836,0.0960729237613368,0.12177229353751598
0.01,2,280,0.007258022251331324,0.12048254853987214,0.09598270112687259,0.12167702693648211
0.01,2,281,0.007247242766500287,0.12039304603257023,0.09589326589551371,0.12158274851469877
0.01,2,282,0.007236573564949271,0.12030439364336841,0.09580508776428878,0.12148943453277902
0.01,2,283,0.007225929840968548,0.12021588780996086,0.0957191923882981,0.12139632719627391
0.01,2,284,0.007215389610218516,0.12012817829484068,0.09563457716386256,0.12130393275257204
0.01,2,285,0.007204961546367974,0.12004133909922843,0.09554992510845574,0.12121272885555645
0.01,2,286,0.00719461088581039,0.11995508230842401,0.09546581374397234,0.12112189902760814
0.01,2,287,0.007184347351332718,0.11986949029117223,0.09538269380667132,0.12103174729490467
0.01,2,288,0.0071741169700074905,0.11978411388834072,0.09529967491410625,0.12094202062419418
0.01,2,289,0.007163940841056424,0.11969912983022411,0.09521634126291216,0.12085273352455601
0.01,2,290,0.007153799821111737,0.11961437891082942,0.09513338770499329,0.1207633464282253
0.01,2,291,0.00714380243936415,0.11953076958979349,0.09505091262664035,0.12067532736389829
0.01,2,292,0.0071339329874258945,0.11944817275643771,0.09496911251355608,0.12058836691064478
0.01,2,293,0.007124141224424099,0.11936616961621997,0.09488693706453025,0.12050229522287322
0.01,2,294,0.007114389304963534,0.119284444123813,0.09480621545202278,0.12041625692977041
0.01,2,295,0.007104731392926801,0.11920345123298068,0.09472552195193985,0.12033136249279679
0.01,2,296,0.007095072506350075,0.1191223950930309,0.09464587096450117,0.12024569074881619
0.01,2,297,0.007085575704439804,0.11904264533720513,0.09456677714314318,0.12016165397451571
0.01,2,298,0.007076129148444846,0.11896326448483874,0.09448815401545364,0.12007847335176298
0.01,2,299,0.007066771788990958,0.1188845809093085,0.09440941311214776,0.11999528756841409
0.01,2,300,0.007057382838738766,0.11880557931964951,0.09433113589442178,0.11991193313977676
0.01,3,1,0.05898133952142188,0.34345695369702994,0.2930374232159502,0.34215995503083396
0.01,3,2,0.05586991180141264,0.3342750717639969,0.2853187503936183,0.3328292225548453
0.01,3,3,0.05299243451202848,0.32555317388109883,0.27796356661141186,0.32398810281216567
0.01,3,4,0.05034289864537367,0.3173102539955924,0.27101794233661103,0.31565014536148356
0.01,3,5,0.047904006547259806,0.30952869510680203,0.264450803123611,0.307792598216427
0.01,3,6,0.04564755440209166,0.30215080473859957,0.25821249119669276,0.30035241616020675
0.01,3,7,0.043571073597832424,0.29519848779366203,0.25232625606232906,0.29334751762872524
0.01,3,8,0.041650936995466355,0.28862064027185014,0.2467532266287908,0.28672327047839885
0.01,3,9,0.039877936268017965,0.282410822271449,0.2414765574652125,0.28047046738152764
0.01,3,10,0.03823641726682143,0.2765372208829091,0.23646613644094935,0.2745551441647209
0.01,3,11,0.03671388380971998,0.27097558491391793,0.23171428036834726,0.26895196882165384
0.01,3,12,0.03529357066288494,0.26568240688041406,0.22719639700931557,0.26361618274963705
0.01,3,13,0.03397109252331916,0.26065721752262744,0.22290662115328255,0.25854748553445983
0.01,3,14,0.03274379244079507,0.2559054217510644,0.2188636466858181,0.2537512805018957
0.01,3,15,0.03159395104336387,0.25137203919037565,0.21500385943128558,0.2491721806817863
0.01,3,16,0.030525769505434848,0.24708609635280918,0.21134852058132986,0.24484061171119847
0.01,3,17,0.02952295355483975,0.24299363594481133,0.20784512445945547,0.24070255512832886
0.01,3,18,0.02858578752619477,0.2391057821391811,0.20450200894701212,0.23677015356318024
0.01,3,19,0.027707539339578955,0.2354040753240222,0.2013050840014899,0.233025131765387
0.01,3,20,0.026881510172908303,0.23186854108700602,0.198233862395968,0.22944773237574775
0.01,3,21,0.026106772576348976,0.22850283401458713,0.19529372203632098,0.22604268977009895
0.01,3,22,0.025378786761645,0.22529441520661359,0.19248567591900897,0.2227978216619471
0.01,3,23,0.024696922131362518,0.22224725929181902,0.18981068108863677,0.21971762950285742
0.01,3,24,0.024052780382382587,0.2193297990806657,0.18724284251808418,0.2167703952942079
0.01,3,25,0.023445758824812882,0.2165444934641049,0.1847817459273485,0.21395863915389848
0.01,3,26,0.02287166565894646,0.21387690692988084,0.18241259200207144,0.21126832487690825
0.01,3,27,0.022330425023147717,0.21133113837363257,0.18014366124528025,0.20870298241526322
0.01,3,28,0.021816052692743126,0.20888299448611478,0.1779548849541006,0.20623879092724803
0.01,3,29,0.021330932751439022,0.20654748970364673,0.17585407175222004,0.2038902476315426
0.01,3,30,0.02087067490115271,0.20430699890680548,0.1738340276248805,0.20163999668371277
0.01,3,31,0.020434739146989022,0.2021620100166647,0.17190175403786195,0.19948810879736661
0.01,3,32,0.02002051968553254,0.2001025721250606,0.17004882631848042,0.1974248530108073
0.01,3,33,0.019625683994264127,0.1981195800230968,0.16825387152284602,0.1954405670923083
0.01,3,34,0.01925183835777082,0.19622353761855799,0.16652589109573646,0.1935455036512027
0.01,3,35,0.0188952411541366,0.19439774254932385,0.1648546326302137,0.19172254506265726
0.01,3,36,0.018554670318084762,0.19263784839996922,0.16324319956282277,0.1899677896994114
0.01,3,37,0.018229713384449172,0.19094351722145045,0.1616906401953906,0.18828028201848857
0.01,3,38,0.01792021163722888,0.18931567096903984,0.16020158192952666,0.18666082917070947
0.01,3,39,0.017622673770928098,0.18773744310034746,0.15876038530234515,0.18509264809632206
0.01,3,40,0.017339342822211164,0.18622214058597417,0.15736929175107386,0.18358837677372356
0.01,3,41,0.01706796781217598,0.18475912866311087,0.1560209070748354,0.18213784734201782
0.01,3,42,0.01680779286787251,0.18334553644892754,0.15472144043957312,0.18073749596864344
0.01,3,43,0.01655904160192996,0.18198374433959733,0.15346886244365088,0.17938985830542278
0.01,3,44,0.01631922900716407,0.1806611690827006,0.1522515764398003,0.17808273219472276
0.01,3,45,0.016089607100496492,0.1793856577349287,0.15107037953239885,0.17682285119133687
0.01,3,46,0.015868937625180338,0.1781512706953298,0.1499234125897327,0.17560491784730484
0.01,3,47,0.015656325185330063,0.1769538085791321,0.14880718602237802,0.17442439109057348
0.01,3,48,0.015451247956304431,0.1757910575444862,0.14772324407415235,0.17327907240184148
0.01,3,49,0.015252928721526858,0.17465926097133733,0.14666869605721505,0.17216520441531688
0.01,3,50,0.015062846356444368,0.17356754510244343,0.14564809423144154,0.1710915584377346
0.01,3,51,0.01487971391727065,0.1725092108686991,0.1446590029614989,0.17005163999519293
0.01,3,52,0.014703115001345694,0.17148244808927643,0.14369564594560919,0.16904354945813266
0.01,3,53,0.014532316172859699,0.1704835251445705,0.1427548266810405,0.16806344756257233
0.01,3,54,0.01436704196897318,0.16951130917418566,0.14183513808697437,0.16711018124355057
0.01,3,55,0.014206434382500858,0.16856117217497543,0.1409334865289832,0.1661792010329865
0.01,3,56,0.014051548502433165,0.16763978347894132,0.14005918574534915,0.16527714440565766
0.01,3,57,0.013901482900978302,0.16674221361717795,0.13920435396504927,0.16439898113843285
0.01,3,58,0.01375651276246814,0.16587050830372552,0.13837189785124823,0.1635465912924175
0.01,3,59,0.013616196444482288,0.16502240117318792,0.13756298332976788,0.1627176990461822
0.01,3,60,0.013479859129036912,0.16419414806281563,0.13677318582033954,0.1619087250303438
0.01,3,61,0.01334749250239235,0.16338600002688328,0.13600208467173075,0.16112000115852215
0.01,3,62,0.013218627778793079,0.16259537372750235,0.1352484143112401,0.16034891507319352
0.01,3,63,0.013093791899453778,0.1618257822440774,0.13451193342177925,0.1595984352862157
0.01,3,64,0.012972345036036408,0.1610735548501765,0.1337902776054108,0.15886537550544003
0.01,3,65,0.012854724557950128,0.16034166369319067,0.13309117738989168,0.15815274600571252
0.01,3,66,0.012740078271329107,0.15962504985953244,0.13240454003616683,0.15745520045303915
0.01,3,67,0.012628778195469799,0.1589262608599963,0.13173143555158495,0.1567751249020915
0.01,3,68,0.012519861317964067,0.15823944715502558,0.13106964011948194,0.15610728809678243
0.01,3,69,0.012414449747461299,0.15757188675307088,0.13042422139960738,0.15545841877151056
0.01,3,70,0.012311590158707152,0.1569177501668129,0.12979344444816832,0.15482280348199887
0.01,3,71,0.012211677717977357,0.156279734565793,0.12917643863584682,0.15420333689177063
0.01,3,72,0.01211384219736733,0.1556524474421609,0.12856721769080853,0.15359437814304924
0.01,3,73,0.012018978523534046,0.15504179129211612,0.12797237876453066,0.15300217311384995
0.01,3,74,0.011926013487923376,0.154441014551986,0.1273892536778762,0.15241965819848394
0.01,3,75,0.011835256790552683,0.1538522459410501,0.12681729521018525,0.15184890107472934
0.01,3,76,0.011746824959792988,0.15327638408961106,0.12625594145961658,0.15129088492998785
0.01,3,77,0.01166070084144352,0.15271346267728672,0.1257083127189549,0.15074566426150215
0.01,3,78,0.011576256627586498,0.15215949939183224,0.12516721967716388,0.15020957361865883
0.01,3,79,0.011493932895096355,0.1516174982981605,0.12463861545492269,0.14968512098860257
0.01,3,80,0.011413566489735244,0.15108650826420766,0.1241234136057756,0.14917144608062297
0.01,3,81,0.011334796814373176,0.15056425083248132,0.12361741801242497,0.14866646881771778
0.01,3,82,0.011257984996870966,0.15005322386987202,0.12312027409239948,0.14817221727559174
0.01,3,83,0.011182966949706127,0.14955244531405112,0.12263022385405686,0.14768846683703818
0.01,3,84,0.011109576574000383,0.1490609041566593,0.12214895548913281,0.14721391882435514
0.01,3,85,0.01103753411557416,0.14857680919695482,0.12167274888986446,0.14674648591992137
0.01,3,86,0.010967522654488224,0.14810484566338958,0.12120798423686947,0.14629098049856884
0.01,3,87,0.010898757438208187,0.1476398146721147,0.12074779897453666,0.1458423260226149
0.01,3,88,0.010831542260948708,0.14718384599505957,0.12029479295856026,0.1454026269397092
0.01,3,89,0.010765584971444987,0.14673503311373864,0.11984791512814796,0.14496972236301703
0.01,3,90,0.010701075431232266,0.14629473969512552,0.1194095783992726,0.14454523211294693
0.01,3,91,0.010637812903855374,0.14586166668357642,0.11898010897742102,0.14412753350042395
0.01,3,92,0.010575967151564523,0.145437045841591,0.1185578954883582,0.14371854280950402
0.01,3,93,0.010515157322732897,0.1450183252056987,0.11814040538635169,0.14331522830429025
0.01,3,94,0.010455699646806763,0.1446077428549852,0.1177309072517719,0.1429200255383275
0.01,3,95,0.010397221886300254,0.14420278697931085,0.11732697953498222,0.14253019769827754
0.01,3,96,0.010340087790553449,0.14380603457820154,0.11693231368260172,0.14214867223764796
0.01,3,97,0.010283855381089254,0.14341447194121837,0.1165435970367865,0.1417719281023435
0.01,3,98,0.010228634065232086,0.1430289066254237,0.11616099393508866,0.1414009951195742
0.01,3,99,0.010174289100757024,0.14264844268870952,0.11578176129880302,0.1410352557798745
0.01,3,100,0.010121256451902389,0.14227618530100103,0.11541051794598917,0.14067752435328135
0.01,3,101,0.010069412205998132,0.1419113258763946,0.11504558335961415,0.14032686269905212
0.01,3,102,0.01001822967868077,0.14155020083829462,0.11468488280493712,0.13997998475794357
0.01,3,103,0.009967958239747018,0.1411946049942916,0.11432804838357503,0.13963825269379984
0.01,3,104,0.009918729785718478,0.1408455166891618,0.11397643295833369,0.13930293648202033
0.01,3,105,0.009870228591933174,0.1405007373071983,0.11363096947921951,0.13897177575791836
0.01,3,106,0.009822678200181522,0.1401618935387327,0.11329234927842706,0.13864655453306557
0.01,3,107,0.009775862784698296,0.13982748502850428,0.11295816192986625,0.138325708875433
0.01,3,108,0.00972970225021389,0.13949696950266618,0.11262735556884294,0.13800867338464437
0.01,3,109,0.009684561779420318,0.13917299867014662,0.11230181810116578,0.13769812648158133
0.01,3,110,0.009640008481451114,0.138852500744143,0.11198523071366576,0.13739061374881137
0.01,3,111,0.00959654840425947,0.13853915261946328,0.11167646363495083,0.1370904992217173
0.01,3,112,0.009553501031102606,0.1382280798615289,0.11137172003761589,0.13679251972590598
0.01,3,113,0.009511274450051451,0.1379222567249496,0.11106929415962669,0.13649925474600774
0.01,3,114,0.009469629315290874,0.13761997903858925,0.11077252801800526,0.13620954653883127
0.01,3,115,0.009428922082228003,0.137323865968214,0.11048119952036584,0.1359259574462743
0.01,3,116,0.009388694345208719,0.13703061223835147,0.11019375890460556,0.135645240244275
0.01,3,117,0.009349235596379322,0.13674235332463253,0.10990937515294102,0.135369168912725
0.01,3,118,0.009310195598766512,0.13645655424908334,0.10962700994952668,0.13509563006424322
0.01,3,119,0.009271714646209834,0.13617426075591404,0.10935159772072993,0.13482581228382737
0.01,3,120,0.009234177270461389,0.13589832427562445,0.10907968926673993,0.13456178819584896
0.01,3,121,0.009196988849847041,0.13562439935238085,0.10881097886813744,0.13429986467068716
0.01,3,122,0.009160517275416504,0.13535521619366211,0.10854587933250603,0.13404240893624836
0.01,3,123,0.009124717073753135,0.13509046653078918,0.10828659240194388,0.13378923066248857
0.01,3,124,0.009089247218710687,0.1348276471552529,0.10803070583090645,0.1335379228107873
0.01,3,125,0.009054379668170336,0.13456879035029137,0.10777656469090606,0.1332904555947165
0.01,3,126,0.009019889722466827,0.13431224607210487,0.10752383827364895,0.1330452802764514
0.01,3,127,0.008985902542228325,0.13405896122399522,0.10727468208931744,0.13280324249435718
0.01,3,128,0.008952522506139734,0.1338097343704092,0.10702822249842711,0.1325649936079146
0.01,3,129,0.008919524195973855,0.1335629005073928,0.10678476992812927,0.13232922957763413
0.01,3,130,0.008887210846612153,0.13332074742223848,0.10654437190130207,0.1320977298493583
0.01,3,131,0.008855240352753552,0.13308073003071144,0.10630704419473831,0.13186840456160143
0.01,3,132,0.008823755473269327,0.13284393454929982,0.10607148889954639,0.13164234918001344
0.01,3,133,0.008792834517733277,0.13261096876000325,0.10584151844743055,0.13141990379646096
0.01,3,134,0.008762279376780858,0.13238035637345036,0.10561334731420982,0.13119979018808914
0.01,3,135,0.008732136653754509,0.13215246235885664,0.1053871309681659,0.13098225274708633
0.01,3,136,0.00870242661214665,0.13192745439935274,0.10516299416234955,0.13076765058510323
0.01,3,137,0.008673193764440016,0.13170568525648402,0.1049408803844728,0.13055598484035727
0.01,3,138,0.008644269401355447,0.13148588822649712,0.10472043390011247,0.13034613385911162
0.01,3,139,0.008615698358876435,0.13126841477580534,0.10450272760474409,0.13013873103545007
0.01,3,140,0.008587485949995149,0.13105331701254377,0.10428666294928142,0.12993357383151577
0.01,3,141,0.008559711646151835,0.13084121404321983,0.10407391100218161,0.12973126332653181
0.01,3,142,0.008532360427200007,0.13063200547492185,0.10386480175330606,0.1295318425187599
0.01,3,143,0.008505349635248037,0.130425071479743,0.10365732919936851,0.12933453247869414
0.01,3,144,0.008478670600683053,0.1302203563248316,0.10345312539295631,0.1291394537700066
0.01,3,145,0.008452367255473934,0.130018208382318,0.10325119171029852,0.12894680902268024
0.01,3,146,0.0084265750892719,0.1298196833247709,0.10305468679387329,0.12875779941880167
0.01,3,147,0.008400958491505598,0.12962220867972893,0.10285874266435008,0.12856946797925786
0.01,3,148,0.00837583344739135,0.12942823067160697,0.10266585897297147,0.1283847140496715
0.01,3,149,0.008350844851978637,0.1292350173287305,0.10247356462809885,0.12820068931112527
0.01,3,150,0.008326326440295913,0.12904515829968913,0.10228277507538569,0.1280199049918967
0.01,3,151,0.008302147350050167,0.1288576528581067,0.10209363216191027,0.12784138902834574
0.01,3,152,0.008278176244861999,0.12867149058639213,0.1019053602587455,0.12766410284363638
0.01,3,153,0.008254521791345712,0.12848752306232472,0.10171856248612866,0.1274890187216096
0.01,3,154,0.008231052838737747,0.12830473754883526,0.10153358209536859,0.12731499059996063
0.01,3,155,0.0082079862645463,0.1281248318207388,0.10135168150821644,0.12714380374660036
0.01,3,156,0.008185245543822755,0.12794721992933458,0.10117112288462007,0.12697483980449106
0.01,3,157,0.008162830868495676,0.12777191294252171,0.10099297154446059,0.12680785055670937
0.01,3,158,0.008140663175079076,0.12759830073381914,0.10081593502324483,0.12664233797461993
0.01,3,159,0.00811873720636409,0.127426348973547,0.10064002541152989,0.12647872695915852
0.01,3,160,0.008096951400563244,0.12725526630016726,0.10046557863689842,0.12631596659618455
0.01,3,161,0.008075515471619105,0.1270867063985774,0.10029418995556055,0.12615537755930425
0.01,3,162,0.008054361681332608,0.12692014561394585,0.10012372120391615,0.1259969323315411
0.01,3,163,0.008033484315861124,0.12675554674933262,0.09995615388774158,0.1258404797808637
0.01,3,164,0.008012674100611641,0.1265912643163946,0.09978981759156208,0.12568426494125348
0.01,3,165,0.007992266241790974,0.12642995089606715,0.09962667227237729,0.12553104169199275
0.01,3,166,0.007972144561024953,0.1262706977966381,0.09946592425806569,0.1253797122127149
0.01,3,167,0.007952189477516186,0.12611256461999484,0.0993065960325475,0.12522928565752195
0.01,3,168,0.00793254005555306,0.12595665965365277,0.0991486004276419,0.12508121512211903
0.01,3,169,0.007913156038190332,0.12580267118142072,0.09899271981360075,0.12493489658344084
0.01,3,170,0.00789401303427551,0.12565041213044634,0.09883867404281228,0.12479040185759448
0.01,3,171,0.007875000867047927,0.12549901088891438,0.09868566860681179,0.12464647076456803
0.01,3,172,0.00785619089681137,0.12534903985919774,0.09853378634809576,0.12450407781033077
0.01,3,173,0.00783747845297798,0.12519966815433642,0.09838367013721197,0.12436218360814087
0.01,3,174,0.00781899525951943,0.1250519512804133,0.09823305617177004,0.12422191880904795
0.01,3,175,0.007800764319701783,0.12490607927320257,0.09808427245635547,0.12408344892454012
0.01,3,176,0.0077828500767967695,0.12476257513210257,0.09793806333517184,0.12394694805777735
0.01,3,177,0.00776502386253432,0.12461961212051914,0.09779185175282311,0.12381111245770851
0.01,3,178,0.00774743239675023,0.12447837078585364,0.09764687545129214,0.12367683935849486
0.01,3,179,0.007730022564302915,0.12433842981397919,0.09750322525711291,0.12354379415525159
0.01,3,180,0.007712744459680468,0.12419939178337765,0.09736040403198738,0.123411410153926
0.01,3,181,0.007695736440066199,0.12406237495764942,0.09721893364802653,0.12328123950852021
0.01,3,182,0.00767886682380869,0.12392632346526455,0.09707907892965617,0.12315215751997323
0.01,3,183,0.007662254092411142,0.12379219759266852,0.09694066908849228,0.12302486938413942
0.01,3,184,0.007645824543276717,0.12365940759421999,0.09680366959355304,0.12289904503275734
0.01,3,185,0.007629519361141273,0.12352748164794158,0.09666797724877385,0.12277410554870649
0.01,3,186,0.00761337904091555,0.12339675069397532,0.09653257387882423,0.12265003241887996
0.01,3,187,0.007597415382160999,0.12326731425776258,0.09639885525254513,0.12252724053021861
0.01,3,188,0.007581645494040202,0.12313931536304887,0.09626575692594287,0.1224058832603263
0.01,3,189,0.007566055616541922,0.12301264663880639,0.09613347015975918,0.12228578275570681
0.01,3,190,0.00755061693189018,0.1228870776924098,0.09600198574989491,0.12216663406155287
0.01,3,191,0.007535227746657284,0.12276178352123501,0.09587116486984536,0.12204793929821026
0.01,3,192,0.007520101560835165,0.12263850586854982,0.09574171976930924,0.12193095244438612
0.01,3,193,0.007505162356246379,0.12251663035071099,0.09561378992917308,0.12181548246288271
0.01,3,194,0.00749020578363161,0.12239449157238744,0.09548685198654229,0.1216996517008356
0.01,3,195,0.0074755818865486715,0.12227495153586176,0.09536030250487897,0.12158643684923337
0.01,3,196,0.0074611076997018015,0.12215652008551817,0.09523479815408027,0.12147428538595172
0.01,3,197,0.0074467613345641035,0.1220390210921417,0.09511214976889847,0.12136283305714031
0.01,3,198,0.007432489480090885,0.12192201999713494,0.0949894841827358,0.12125164090478062
0.01,3,199,0.0074183883408283765,0.12180630805363388,0.0948680103699348,0.12114191065571261
0.01,3,200,0.007404452979179791,0.12169184836446352,0.09474864428187676,0.12103340614051332
0.01,3,201,0.007390581277809038,0.12157780453527722,0.09462999170201478,0.12092529055502009
0.01,3,202,0.007376887731603186,0.1214651203564479,0.09451247090471748,0.12081832050498882
0.01,3,203,0.007363262477787623,0.12135289430242381,0.09439519651651994,0.12071181614879932
0.01,3,204,0.007349855380391427,0.1212423637215262,0.09427872311950104,0.1206072152324755
0.01,3,205,0.007336589681827419,0.12113289959236855,0.09416506658745029,0.12050333229461042
0.01,3,206,0.0073235185603202305,0.12102494420837574,0.09405219051899935,0.12040097896406758
0.01,3,207,0.007310470306211035,0.12091708155766112,0.09393990938975148,0.12029892240064433
0.01,3,208,0.007297604265046503,0.12081063086538786,0.09382955950243344,0.12019796409393184
0.01,3,209,0.0072848249828113805,0.12070480506435012,0.09371957980476209,0.12009786846262763
0.01,3,210,0.007272139555263649,0.12059966463687741,0.09360913692830831,0.11999828068396737
0.01,3,211,0.007259619419289865,0.12049580423641203,0.09350089264722806,0.11989983285651007
0.01,3,212,0.007247200058567751,0.12039269129451131,0.09339259325850459,0.11980226315316697
0.01,3,213,0.007234956321915735,0.12029094996645205,0.09328624200535082,0.11970598507134289
0.01,3,214,0.007222750940570745,0.12018944163753109,0.09318020673113138,0.11960986290178927
0.01,3,215,0.007210641117608505,0.1200886432399709,0.09307489311751027,0.11951443233981623
0.01,3,216,0.007198776293865161,0.11998980201554765,0.09297181095545849,0.11942085152308932
0.01,3,217,0.007186961541447235,0.11989129694391695,0.09286890247274286,0.1193276631503002
0.01,3,218,0.007175243169448218,0.11979351542924364,0.09276668832817561,0.1192352575648346
0.01,3,219,0.007163602486580478,0.11969630308894655,0.09266580863868823,0.11914311952301888
0.01,3,220,0.007152042537337409,0.11959968676662501,0.09256470132651094,0.11905148343871248
0.01,3,221,0.007140722411085072,0.11950499915137501,0.09246579850364817,0.11896178035771225
0.01,3,222,0.007129445473690635,0.11941059813677038,0.09236714125784956,0.1188724165552308
0.01,3,223,0.007118208870588744,0.11931646047875158,0.0922690852064116,0.11878324976969427
0.01,3,224,0.00710709091078764,0.11922324362965168,0.09217122329727093,0.1186949931700041
0.01,3,225,0.0070960678256206545,0.11913075023368781,0.09207376921470249,0.11860739951724747
0.01,3,226,0.0070852140792796075,0.11903960752018303,0.09197816855785311,0.11852098426494143
0.01,3,227,0.007074477460923211,0.11894937966146113,0.09188283647914024,0.11843568803083113
0.01,3,228,0.007063747293649899,0.11885913758436832,0.09178872243608392,0.11835026543861757
0.01,3,229,0.007053148093841225,0.11876992964417572,0.09169564690474241,0.11826588845842545
0.01,3,230,0.007042662497973314,0.11868161186951678,0.09160310931316737,0.11818223154477966
0.01,3,231,0.00703225369166609,0.11859387582557618,0.09151262727994598,0.11809940014527241
0.01,3,232,0.0070219354611626185,0.11850683913734783,0.09142308554782592,0.11801710875573622
0.01,3,233,0.007011689109035893,0.11842034545664772,0.09133360235850879,0.11793532734753641
0.01,3,234,0.007001445955460113,0.11833381558506523,0.09124427209269399,0.11785341438246369
0.01,3,235,0.0069914169676191665,0.11824903354885541,0.0911567544078066,0.11777345912138881
0.01,3,236,0.006981436733814933,0.11816460327708068,0.09106961198063823,0.11769379853238104
0.01,3,237,0.006971598608316003,0.1180813161200027,0.09098271592147772,0.11761516991342315
0.01,3,238,0.006961827062911135,0.11799853442234895,0.0908970722012613,0.11753700293637095
0.01,3,239,0.006952146524400784,0.11791646640228653,0.09081225381104381,0.11745941388602266
0.01,3,240,0.0069425256980349395,0.11783484796981697,0.0907278415591939,0.11738210058466036
0.01,3,241,0.006933005736633234,0.11775402954152554,0.09064445578742493,0.11730574444135965
0.01,3,242,0.006923528790841366,0.11767352115783199,0.09056153060760189,0.11722944761894535
0.01,3,243,0.006914167376701852,0.1175939401219455,0.0904789875993519,0.11715412217340927
0.01,3,244,0.006904914843456617,0.11751523172301212,0.09039669550545577,0.1170798307933435
0.01,3,245,0.006895675218061593,0.1174365804854824,0.09031475200444473,0.11700547667709686
0.01,3,246,0.006886518480685138,0.11735858281936723,0.09023292629981841,0.1169317380564411
0.01,3,247,0.006877448086090782,0.1172812694857178,0.09015175619931123,0.11685879774516018
0.01,3,248,0.006868404392088354,0.11720413296542366,0.09007103950954033,0.11678588944649138
0.01,3,249,0.006859473710709727,0.11712791051418724,0.08999083273836266,0.11671394729230104
0.01,3,250,0.006850620045946951,0.11705229639735353,0.08991256514052585,0.11664266524368319
0.01,3,251,0.006841836037072545,0.11697722887017409,0.08983418700547766,0.11657172510789802
0.01,3,252,0.006833120525302084,0.11690269907322143,0.08975677847559234,0.11650127741746846
0.01,3,253,0.0068245065126418415,0.11682899051726708,0.08967902417417965,0.11643178990626096
0.01,3,254,0.006815987019840135,0.11675604498132107,0.08960172645318695,0.11636304674760238
0.01,3,255,0.006807584245361176,0.11668405414075375,0.08952554506372187,0.11629505497431693
0.01,3,256,0.006799167554090027,0.11661189951364336,0.08945029704329494,0.11622705154726987
0.01,3,257,0.006790795795711529,0.11654008577061825,0.08937447445991388,0.11615913847046576
0.01,3,258,0.006782526321195861,0.11646910595686619,0.08929900396574413,0.11609228977077202
0.01,3,259,0.006774320185112039,0.11639862701176538,0.08922418872236351,0.11602577887952585
0.01,3,260,0.006766187097084519,0.11632873331283651,0.0891498098654475,0.11595998731851011
0.01,3,261,0.0067580984809789205,0.11625918011906776,0.08907594662345426,0.11589439242108908
0.01,3,262,0.006750095190372369,0.11619031965161615,0.08900256640198774,0.11582938281144216
0.01,3,263,0.0067421072814568194,0.11612155081169748,0.08893000734218989,0.1157646357933659
0.01,3,264,0.006734259167757868,0.11605394579899356,0.08885869737599704,0.11570093177140468
0.01,3,265,0.006726387337968273,0.11598609690793352,0.08878714976961838,0.11563677511504739
0.01,3,266,0.006718619873096826,0.11591910863267389,0.08871692795175404,0.11557342642761631
0.01,3,267,0.00671090406461984,0.11585252750475356,0.0886466169828227,0.1155106003823479
0.01,3,268,0.006703240871044758,0.11578636250478515,0.08857696156875342,0.11544828203233172
0.01,3,269,0.006695681558925181,0.11572105736576364,0.08850902082837647,0.11538641531699215
0.01,3,270,0.0066881374133662165,0.11565584648746657,0.08844144379866008,0.11532491211840616
0.01,3,271,0.006680664661687416,0.1155912164629079,0.08837405328582167,0.11526412137241111
0.01,3,272,0.006673293844261738,0.11552743262326691,0.08830738535315318,0.11520391441628633
0.01,3,273,0.00666588385365307,0.11546327427934018,0.08824131054237448,0.11514338367575791
0.01,3,274,0.0066585448317041775,0.11539969524833397,0.08817578905949058,0.11508327467960386
0.01,3,275,0.006651328728863838,0.1153371469116853,0.08810993301590704,0.11502452228190155
0.01,3,276,0.006644135309577332,0.11527476141443392,0.08804431854998107,0.11496569225925812
0.01,3,277,0.0066370230050845,0.11521304618040876,0.08797990019580976,0.11490752546598582
0.01,3,278,0.00662994939044813,0.11515163386116699,0.08791646251367963,0.11484946046522282
0.01,3,279,0.006622925245173559,0.11509061860267812,0.08785271964717765,0.1147919045396192
0.01,3,280,0.006615966200737075,0.11503013692712945,0.08778966596589756,0.11473506441242402
0.01,3,281,0.006609054611998606,0.1149700362007302,0.08772675625490849,0.11467851462429228
0.01,3,282,0.006602177734468226,0.11491020611301875,0.08766455290931188,0.11462216702532689
0.01,3,283,0.006595359520234401,0.11485085563664209,0.08760287280908695,0.11456636495959928
0.01,3,284,0.006588617837057273,0.11479214116878624,0.08754158948065315,0.11451109545553678
0.01,3,285,0.006581907700482248,0.11473367160936015,0.08748073729428725,0.1144561917987558
0.01,3,286,0.006575273544358445,0.11467583480715059,0.0874209019144444,0.11440152134223047
0.01,3,287,0.006568707248844305,0.11461856087775928,0.08736153317183441,0.11434767306998499
0.01,3,288,0.006562112981663174,0.11456101415109045,0.08730208337668796,0.11429363848840832
0.01,3,289,0.006555549304253287,0.114503705654038,0.08724319049010461,0.11423975938423327
0.01,3,290,0.006549125110607813,0.11444758722321596,0.08718487085329864,0.11418701908688254
0.01,3,291,0.006542751370725788,0.11439188232322946,0.08712719403617074,0.1141346923963312
0.01,3,292,0.006536426295371768,0.11433657590965166,0.08707041435922884,0.11408251216761832
0.01,3,293,0.006530121250538777,0.11428141800431754,0.0870135697666724,0.11403054363775221
0.01,3,294,0.006523839828648201,0.11422644027236602,0.08695558885550873,0.11397902796489608
0.01,3,295,0.0065176433461780646,0.11417218002804418,0.0868991666569146,0.11392793657837237
0.01,3,296,0.006511511141950811,0.11411845724466144,0.08684314073846698,0.11387740596903305
0.01,3,297,0.006505399449973989,0.11406488898845243,0.086787941809738,0.11382702168285799
0.01,3,298,0.006499339519977497,0.11401174956974826,0.08673255584539158,0.11377699707580304
0.01,3,299,0.006493325990646955,0.11395899254246639,0.08667674308807126,0.11372741286212548
0.01,3,300,0.006487312610192432,0.11390621238714271,0.08662193072829401,0.11367782810956195
0.01,4,1,0.08178085675696628,0.4044276369314201,0.33284224254863476,0.4017308647752854
0.01,4,2,0.0782232612005212,0.3955332127660614,0.3256450458034403,0.39314845214474664
0.01,4,3,0.07468339845543764,0.3864800084233016,0.31835348520043466,0.38439761621631846
0.01,4,4,0.07119255025009498,0.3773395029680698,0.3110535201185178,0.3755425122987482
0.01,4,5,0.06777494736785145,0.3681710128944196,0.3038066288759013,0.36663801117306277
0.01,4,6,0.06444031262344718,0.35899947805936205,0.2966130436334449,0.3577057695189773
0.01,4,7,0.061206384310448905,0.34987536155165,0.28948404586352877,0.348795923478602
0.01,4,8,0.058091762522937386,0.34085704488227136,0.282483466514265,0.3399647795803448
0.01,4,9,0.05510351519194688,0.33197444236551366,0.2756126892798108,0.3312450198045153
0.01,4,10,0.05223450859170555,0.32321667219283584,0.2688848743333938,0.32262799606604675
0.01,4,11,0.04950473599639512,0.31465770607565013,0.26233363040600066,0.31418976023322276
0.01,4,12,0.04691842531549475,0.30632801150235917,0.2559752695845892,0.3059636196913734
0.01,4,13,0.04447812895765524,0.2982553568928989,0.24980645312599498,0.29798124828650535
0.01,4,14,0.0421750027188751,0.29043072399067943,0.24380578976357564,0.29023581308755436
0.01,4,15,0.040019846149624144,0.2829128705083038,0.2380486941004016,0.2827890523259113
0.01,4,16,0.03800612838880414,0.27570320414824395,0.23252919320273444,0.27564376824078685
0.01,4,17,0.036127050513371305,0.26880122958562264,0.22723558995442705,0.26880178667941945
0.01,4,18,0.03437415711534624,0.26219899738689406,0.22218250014476681,0.2622561033248168
0.01,4,19,0.03276134502718864,0.25597400269241655,0.21740249381926513,0.25608495235376016
0.01,4,20,0.0312584914192587,0.25003396337001377,0.21281183579593732,0.2501970930634105
0.01,4,21,0.029869338454534818,0.24441496866818455,0.20843126051916072,0.24462786656977833
0.01,4,22,0.028589299944895584,0.23912047149876392,0.20427702800339,0.23938153837754012
0.01,4,23,0.027405029993348807,0.2341154842950325,0.20033798040825462,0.23442364615177264
0.01,4,24,0.02630967543494047,0.2293890818454116,0.19659622167530325,0.22974295371985026
0.01,4,25,0.0252951259721776,0.22492276884378604,0.1930406228827149,0.22532092595462236
0.01,4,26,0.024367719160472687,0.2207610434858138,0.18970075503689585,0.22120134797615876
0.01,4,27,0.02350334803323424,0.21681027666249697,0.18650531781326415,0.217291476723154
0.01,4,28,0.02270331653662871,0.21308832223577487,0.1834682578074516,0.21360852102907854
0.01,4,29,0.02195631129361781,0.209553388393592,0.18056272962250308,0.21011106053013592
0.01,4,30,0.021265314297887736,0.20622955315806576,0.17780895579499512,0.2068221183671962
0.01,4,31,0.020624914641335076,0.20310053983845083,0.17519499147156892,0.20372616103852803
0.01,4,32,0.020025486874504967,0.20012739379957442,0.17268745468369343,0.20078456868824557
0.01,4,33,0.019465595234713636,0.19730988436828822,0.17029602811089797,0.19799647341939441
0.01,4,34,0.018943343195673742,0.19464502662885452,0.1680246628175594,0.19535848147757692
0.01,4,35,0.01845340476820568,0.19211145082064046,0.16585479946414441,0.19284994837027777
0.01,4,36,0.01799652605689322,0.18971834943881005,0.1637956065747216,0.19047929807834407
0.01,4,37,0.017566864331356406,0.18743993347926907,0.16182066840586834,0.18822160748194702
0.01,4,38,0.017163959798727427,0.1852779522702441,0.15993415126521252,0.1860787230154371
0.01,4,39,0.016784115310941677,0.18321634922103255,0.1581242293301573,0.18403411991677673
0.01,4,40,0.016426172692920907,0.18125215967221414,0.15638715418480004,0.18208443034136035
0.01,4,41,0.016088251772261846,0.1793781021878749,0.15472025122439534,0.18022362049567803
0.01,4,42,0.015767839418562635,0.17758287878375345,0.15311092512188001,0.17843908402035744
0.01,4,43,0.015466246176757696,0.1758763552997258,0.15157504204330147,0.17674187647536832
0.01,4,44,0.015179299994518019,0.17423719461996637,0.15009438847294015,0.17511039841458362
0.01,4,45,0.014907346274352022,0.17266931559690635,0.14867104853977492,0.17354902486752657
0.01,4,46,0.014649702038483028,0.17117068696761736,0.14730405445662764,0.17205492620559834
0.01,4,47,0.01440440241668786,0.16973156699145778,0.14598685972399975,0.1706192023274461
0.01,4,48,0.01417118377013398,0.1683519157606113,0.14471779430284912,0.16924155339445163
0.01,4,49,0.01394825517760383,0.1670224845797944,0.14349138430017627,0.16791284733212472
0.01,4,50,0.013735470839786329,0.1657436022281785,0.14230562482400788,0.1666333951566565
0.01,4,51,0.013532144322637864,0.16451227505957033,0.14116067250471132,0.1654003865703481
0.01,4,52,0.013338131310460456,0.16332869503219852,0.1400583398953764,0.1642144754309306
0.01,4,53,0.013152911005992338,0.16219069644090156,0.13900643672897678,0.16307259319143336
0.01,4,54,0.012976052255475571,0.16109656889875446,0.13799984060747605,0.1619735126903991
0.01,4,55,0.012805404163681129,0.1600337724586978,0.13702271319987996,0.16090547582771364
0.01,4,56,0.012642290162397598,0.15901125848440795,0.13607782890237588,0.15987665790826175
0.01,4,57,0.012485613406352443,0.1580228680055671,0.13515879849422216,0.15888061976922965
0.01,4,58,0.01233539579715631,0.15706938464994577,0.13426926130914105,0.15791895320847218
0.01,4,59,0.012191307820303763,0.15614933762461986,0.13340744286674572,0.15699018708333604
0.01,4,60,0.012052471171724255,0.15525766436298244,0.1325681866326607,0.15608936145019509
0.01,4,61,0.011919031880211388,0.15439580227591285,0.13175338214422885,0.1552171254779608
0.01,4,62,0.011790390480989687,0.15356034957624762,0.13095881024637104,0.15437048728500266
0.01,4,63,0.011666572809688453,0.1527519087258058,0.13018397519406044,0.15355082237680912
0.01,4,64,0.011547347557986238,0.15196938874645932,0.12943183829502208,0.15275659375002862
0.01,4,65,0.011432187117073963,0.15120970284392443,0.12869915772388926,0.15198448137887982
0.01,4,66,0.011320711413074553,0.1504706709832488,0.12798418530294564,0.15123228398872177
0.01,4,67,0.011213117787734801,0.14975391672830998,0.12728687183128837,0.1505025106954844
0.01,4,68,0.01110888608996276,0.14905627185705914,0.12660332259213528,0.14979105027391093
0.01,4,69,0.011008146269094056,0.1483788817122845,0.1259391314701665,0.14909959748613058
0.01,4,70,0.010910998696865813,0.1477227043948615,0.12529460172272772,0.14842929188666854
0.01,4,71,0.010816335260581544,0.14708048994058692,0.1246649899926733,0.14777156453532958
0.01,4,72,0.01072502776788433,0.14645837475463347,0.1240520928922106,0.14713451389237883
0.01,4,73,0.010637118823396343,0.1458569081215994,0.12345846030201742,0.1465178331278559
0.01,4,74,0.010551793490519617,0.14527073683656744,0.12287614859774038,0.1459163534620334
0.01,4,75,0.010468971839062395,0.1446994943948485,0.12230631324389757,0.14532911360608428
0.01,4,76,0.01038809839837159,0.14413950463611,0.12174407016873957,0.14475325231980068
0.01,4,77,0.010310078967426906,0.1435972072669027,0.12119905042407302,0.14419490219373413
0.01,4,78,0.010233660131745313,0.1430640425246352,0.12066328519200976,0.1436451433893959
0.01,4,79,0.010160352674163287,0.14255071149708995,0.12014299892247231,0.1431155611149305
0.01,4,80,0.010088837649969193,0.1420481443030439,0.11963066485270792,0.14259653606434503
0.01,4,81,0.010019207256139182,0.1415571068942791,0.1191259506523932,0.14208929682313426
0.01,4,82,0.009951202335628422,0.1410758826704864,0.1186300258834028,0.1415915734696449
0.01,4,83,0.009885143444196415,0.1406068522099575,0.11814524473895226,0.14110579855713692
0.01,4,84,0.00982066542294916,0.14014753242885983,0.11766806759374535,0.14062980095453478
0.01,4,85,0.009758195496245532,0.1397010772774894,0.11720512993098905,0.14016675308369772
0.01,4,86,0.009697092280849024,0.13926300500024422,0.11675093466711686,0.1397112836828951
0.01,4,87,0.009637632697318908,0.1388353895612996,0.1163046526554181,0.13926671176043046
0.01,4,88,0.009579755120264466,0.13841788266163058,0.1158692451466096,0.13883194179266306
0.01,4,89,0.00952325964239881,0.1380091275416145,0.11544027931046458,0.1384063601007395
0.01,4,90,0.009468407443470767,0.13761110015889538,0.11502075432809737,0.13799144136423624
0.01,4,91,0.009414703393019632,0.1372202856214753,0.11460936300701202,0.1375830780670125
0.01,4,92,0.009362256760149523,0.13683754426435402,0.1142029973686031,0.13718314401751666
0.01,4,93,0.009311175660523367,0.13646373628567676,0.1138058869002144,0.13679242872597094
0.01,4,94,0.009261111873233295,0.1360963766838287,0.11341708060288534,0.1364080494505357
0.01,4,95,0.009212656862492825,0.13573987522090056,0.11303964806866525,0.13603468650589268
0.01,4,96,0.00916480513212705,0.13538689103548432,0.11266440619547945,0.13566477589893433
0.01,4,97,0.009118438556671443,0.1350439821441255,0.11230237469521576,0.1353049878235391
0.01,4,98,0.009072759235462786,0.13470530231184508,0.11194420842632691,0.1349493815017182
0.01,4,99,0.0090281827603352,0.1343739763520839,0.11159464679151948,0.13460109710471713
0.01,4,100,0.008984608682679935,0.13404930945499074,0.11125049086520217,0.13425949717122074
0.01,4,101,0.008942015744789582,0.13373119116189447,0.11091243178607907,0.13392489778893368
0.01,4,102,0.00890060732074596,0.13342119262505459,0.11058252696056763,0.13359853858792115
0.01,4,103,0.008859812730507212,0.13311508352179488,0.1102557210928835,0.1332760095467689
0.01,4,104,0.008819782816063356,0.13281402648864582,0.10993373922348317,0.13295861944095175
0.01,4,105,0.008780604428881717,0.13251871134961823,0.10961996768456006,0.13264670680103602
0.01,4,106,0.008742520459889675,0.13223101345667496,0.10931252949295214,0.13234301969491746
0.01,4,107,0.008704883008536042,0.1319460723821368,0.10900816802560956,0.13204172299635408
0.01,4,108,0.008668035305678091,0.13166651287003914,0.108710795784121,0.131746219879899
0.01,4,109,0.008631803436111148,0.1313910456318173,0.10841894812180461,0.13145478431450294
0.01,4,110,0.008596675398652857,0.13112341818800224,0.10813479006578364,0.1311713242580762
0.01,4,111,0.008562148076058375,0.130859833990865,0.10785451994028444,0.13089199856802958
0.01,4,112,0.008528274049294342,0.1306007201304368,0.10757932910480975,0.13061709383843875
0.01,4,113,0.00849498561145478,0.13034558382588018,0.10730793314383197,0.13034616460843443
0.01,4,114,0.008462188153308011,0.1300937212420954,0.107039356938386,0.13007857678508938
0.01,4,115,0.00843024643670509,0.1298479606055104,0.1067773247253408,0.1298175630210022
0.01,4,116,0.008398760703699075,0.12960525223692962,0.10651962752193263,0.12955944096185842
0.01,4,117,0.00836810383791132,0.12936849568508804,0.1062668748713113,0.12930788000485333
0.01,4,118,0.008337748838791589,0.1291336427023693,0.10601593033043845,0.12905815604519302
0.01,4,119,0.008307978828798156,0.12890290011321046,0.10576776037873617,0.1288128148611438
0.01,4,120,0.008278667718507065,0.1286753101298541,0.10552402974673834,0.1285703185600324
0.01,4,121,0.008249971782248627,0.12845210611156693,0.10528298398029856,0.12833265230917493
0.01,4,122,0.008221709478162656,0.12823189523798403,0.10504711847052059,0.12809754335864423
0.01,4,123,0.008193998353350027,0.12801561118355861,0.10481408792206057,0.12786664090779565
0.01,4,124,0.008166801270158225,0.12780298329975107,0.10458437733077469,0.12763988932566897
0.01,4,125,0.008139998274387973,0.12759308973755573,0.10435783195277812,0.1274160383180428
0.01,4,126,0.00811391353993021,0.12738848880436732,0.1041371779839629,0.1271976197821093
0.01,4,127,0.008088039758980238,0.1271852173719905,0.10391667736503515,0.12698058777835985
0.01,4,128,0.008062533506018264,0.12698451485136497,0.10369826156137009,0.1267660920488972
0.01,4,129,0.008037571883218464,0.12678779028927403,0.10348503263899748,0.12655580965905078
0.01,4,130,0.008013076188332878,0.12659444054406874,0.10327581910890157,0.12634927432755774
0.01,4,131,0.007988813855053359,0.12640264123073822,0.10306842447312063,0.12614427044817453
0.01,4,132,0.00796510865869015,0.12621496471251062,0.10286642598750033,0.12594360841527893
0.01,4,133,0.007941811083681206,0.12603024306634664,0.10266896474542878,0.12574587164353243
0.01,4,134,0.007918722402005942,0.12584691018857747,0.10247283650041432,0.12554945091603303
0.01,4,135,0.0078959487511246,0.12566581676115904,0.10227937772816587,0.1253554118960815
0.01,4,136,0.007873542633862078,0.12548739087145033,0.10208813171979345,0.12516419652079028
0.01,4,137,0.007851639756508898,0.12531272685971603,0.10190186183810444,0.12497724296819113
0.01,4,138,0.007830064690380502,0.1251404386310077,0.10171725596797807,0.1247927233940765
0.01,4,139,0.007808619277289356,0.12496895036199476,0.1015342037887586,0.12460878425731878
0.01,4,140,0.007787521998911576,0.12480001601691865,0.10135356781391006,0.12442770878632202
0.01,4,141,0.007766915938561126,0.12463479400681919,0.1011754444773117,0.12425071118332476
0.01,4,142,0.007746548438878567,0.12447126928635835,0.1009995231756508,0.12407531787956444
0.01,4,143,0.007726488184265404,0.1243100010800853,0.10082462891297911,0.12390246649412237
0.01,4,144,0.007706646900453317,0.12415028715595722,0.1006523613743193,0.12373114055519761
0.01,4,145,0.007687049514061644,0.123992334553888,0.1004817753618471,0.12356153900747954
0.01,4,146,0.007667745843749897,0.12383655230786988,0.10031426349260836,0.12339408175790767
0.01,4,147,0.007648856808587384,0.12368392626843137,0.10014925541953867,0.12323040663950906
0.01,4,148,0.007630196330559954,0.1235329618406355,0.09998654835240574,0.12306817553061201
0.01,4,149,0.007611839765332476,0.12338427586473469,0.09982559543818766,0.12290851984845488
0.01,4,150,0.00759369412638473,0.12323712205650317,0.09966706292099463,0.12275046713983458
0.01,4,151,0.0075759056250643145,0.12309269373171029,0.0995102734093145,0.12259551491250428
0.01,4,152,0.007558252719856906,0.12294919861354857,0.09935450286963052,0.1224410813852542
0.01,4,153,0.007540780661782071,0.12280700844644064,0.09920005570066119,0.12228823484897788
0.01,4,154,0.0075236310375888585,0.12266728200778608,0.09904837468919506,0.12213789465859522
0.01,4,155,0.007506719581365493,0.12252934000773442,0.09889886147640714,0.12198969711378863
0.01,4,156,0.007489912573858075,0.12239209593644579,0.09874952740173719,0.1218421360240179
0.01,4,157,0.00747339024470257,0.12225702633961427,0.09860126023585754,0.12169679035695323
0.01,4,158,0.00745706288951296,0.12212340389551021,0.09845421499404311,0.12155310046782854
0.01,4,159,0.007440996164888176,0.12199177156585747,0.09830935642162868,0.12141163988132744
0.01,4,160,0.007424980267002604,0.12186041413849376,0.0981647983883201,0.12127022849594737
0.01,4,161,0.007409312384546156,0.12173177386817426,0.09802237184729501,0.12113200830613378
0.01,4,162,0.007393844957707843,0.12160464594502829,0.09788213037933995,0.12099528541149773
0.01,4,163,0.007378547737064055,0.12147878610740276,0.09774341789426286,0.12085995185541328
0.01,4,164,0.007363481137157197,0.12135469613622044,0.09760669609845718,0.12072661607341724
0.01,4,165,0.0073486121933972965,0.12123210955351141,0.09747208589391726,0.1205947004495042
0.01,4,166,0.007333861564967081,0.12111037581451954,0.09733817788624875,0.1204635950114205
0.01,4,167,0.007319358754200286,0.12099056784890537,0.09720552091141901,0.12033483084615017
0.01,4,168,0.007304966499389653,0.12087155578869375,0.09707504960509386,0.120206869877939
0.01,4,169,0.007290822014599602,0.1207544782987331,0.09694599529210862,0.12008103419295349
0.01,4,170,0.0072768550566797135,0.12063875875256437,0.09681993093226121,0.11995664694917842
0.01,4,171,0.007263018404135906,0.12052400926069383,0.09669586559229064,0.11983324144252495
0.01,4,172,0.007249358343417434,0.12041061700213511,0.09657226650782952,0.1197113047450884
0.01,4,173,0.007235783735731512,0.12029782820759079,0.09644968921600054,0.11959011140694945
0.01,4,174,0.007222533339476326,0.12018763113961707,0.09633073717277646,0.11947151816385664
0.01,4,175,0.007209326280317571,0.12007769385125258,0.09621141643379338,0.11935327160453758
0.01,4,176,0.007196314165094308,0.11996928077715818,0.09609447339280172,0.11923676061027465
0.01,4,177,0.00718344880332164,0.11986199400411826,0.09597898556982683,0.11912136053315305
0.01,4,178,0.007170713338257976,0.11975569579989066,0.09586380498891352,0.1190071657199388
0.01,4,179,0.007158131822036339,0.11965058981915917,0.09574975144229692,0.11889418597772977
0.01,4,180,0.007145708212008956,0.1195467123095316,0.09563808374689887,0.11878259874241459
0.01,4,181,0.007133330359040852,0.1194431275464675,0.09552645020758176,0.11867105325730551
0.01,4,182,0.0071211517941582895,0.1193411227880674,0.09541594940956921,0.11856137567860864
0.01,4,183,0.007109114523543345,0.11924021572895065,0.09530632162371107,0.11845301880462787
0.01,4,184,0.007097203077603999,0.11914027931479763,0.09519684127570811,0.11834592227321514
0.01,4,185,0.0070854356440343035,0.11904146877482909,0.09508906657120683,0.11823987457112323
0.01,4,186,0.007073822159024381,0.11894387045177554,0.09498201006247466,0.11813512708882654
0.01,4,187,0.007062239769917319,0.11884645362750475,0.09487617047760302,0.11803029466889953
0.01,4,188,0.0070508626511102904,0.11875068548105557,0.09477098102327408,0.1179274282351533
0.01,4,189,0.007039547033643956,0.11865535835893763,0.09466552125590968,0.11782490535047221
0.01,4,190,0.0070284079518825255,0.11856144357996427,0.09456199497464986,0.11772390149936716
0.01,4,191,0.007017372565783392,0.11846832965635493,0.09445868119594576,0.11762396434458158
0.01,4,192,0.007006425339562853,0.11837588723691031,0.09435677864414695,0.11752455552075415
0.01,4,193,0.00699570805320958,0.11828531652922589,0.09425602338395017,0.11742754844521851
0.01,4,194,0.0069850474959116645,0.1181951563805528,0.09415592589387714,0.11733088259052478
0.01,4,195,0.006974559386790291,0.11810638752235453,0.09405805308417899,0.11723556162532664
0.01,4,196,0.006964134307137279,0.1180180859625954,0.09395996023848831,0.11714085035623323
0.01,4,197,0.006953722094073453,0.11792982738962568,0.09386208295489959,0.1170460553912519
0.01,4,198,0.006943494726293918,0.1178430712964824,0.0937652817898421,0.11695303258604324
0.01,4,199,0.006933329359064716,0.117756777801235,0.0936690957232874,0.11686041560716752
0.01,4,200,0.006923345551385527,0.11767196396241143,0.09357444966330272,0.11676965474713215
0.01,4,201,0.006913468137419336,0.11758799375292817,0.09348123233312333,0.11667966695096162
0.01,4,202,0.006903664887114109,0.11750459469411491,0.09338938792563777,0.11659020682932213
0.01,4,203,0.006893988505899046,0.11742221685779097,0.09329722806423149,0.1165020717356855
0.01,4,204,0.006884294259008934,0.11733962893250459,0.0932049516092321,0.11641354721658459
0.01,4,205,0.0068747275837260985,0.1172580707987821,0.09311437442612887,0.11632576557445427
0.01,4,206,0.006865373774003599,0.1171782725082052,0.09302511214223687,0.11624041090698951
0.01,4,207,0.006855992736257322,0.11709818731523833,0.09293550833230609,0.11615489061855305
0.01,4,208,0.006846685548323837,0.11701867840925086,0.09284630966862548,0.11606975007774051
0.01,4,209,0.006837515622014185,0.11694028922500735,0.09275837409747735,0.11598573844649224
0.01,4,210,0.006828478119836621,0.11686298062120974,0.09267154092038775,0.11590311706401094
0.01,4,211,0.0068194431923822045,0.11678564288800404,0.0925857647485485,0.11582028883157221
0.01,4,212,0.00681051071858352,0.11670913176425844,0.09250036258150116,0.11573849588314347
0.01,4,213,0.006801678761196645,0.11663343226705321,0.09241598300666141,0.11565759369804984
0.01,4,214,0.006792944474529205,0.11655852156345503,0.0923323851555616,0.11557761548304668
0.01,4,215,0.006784275626215471,0.11648412446522892,0.092249103375373,0.11549803958106895
0.01,4,216,0.006775691379433907,0.11641040657461778,0.09216752459765414,0.11541924026454124
0.01,4,217,0.006767261290900186,0.11633796706922625,0.09208620895219356,0.11534187511698933
0.01,4,218,0.006758829676433812,0.11626546930566971,0.09200567429904576,0.11526428190308896
0.01,4,219,0.006750554411465166,0.11619427190240633,0.09192705991017772,0.11518823569345914
0.01,4,220,0.006742305252244013,0.1161232556574609,0.09184918590754848,0.11511236738400504
0.01,4,221,0.00673416621261387,0.11605314483127004,0.09177091779200686,0.1150377220631396
0.01,4,222,0.006726048867751109,0.11598317867476395,0.0916925303035313,0.11496324106198855
0.01,4,223,0.006718013267625003,0.11591387550785284,0.09161538729056937,0.11488931440451322
0.01,4,224,0.006710072931453631,0.11584535322103888,0.09153894348735665,0.1148162862147902
0.01,4,225,0.0067022072453985435,0.1157774351538204,0.09146290782969499,0.11474403416699698
0.01,4,226,0.006694453821943922,0.11571044742756742,0.09138754489850098,0.11467276410110135
0.01,4,227,0.006686702588663176,0.11564343983696762,0.09131138172095038,0.11460139593191286
0.01,4,228,0.00667905477553981,0.1155772882147683,0.09123705404639057,0.11453065241999794
0.01,4,229,0.0066714656848452505,0.11551160707777595,0.09116324268950234,0.11446088734276558
0.01,4,230,0.006663974542423698,0.11544673700389889,0.09108997018108335,0.11439176326648362
0.01,4,231,0.006656504143481778,0.11538201023974039,0.09101725683375249,0.11432295828326534
0.01,4,232,0.006649102330175796,0.11531784189947188,0.09094601723567976,0.11425442012680186
0.01,4,233,0.006641747344190568,0.11525404413026528,0.09087470878606883,0.11418640844285072
0.01,4,234,0.0066344275896437965,0.1151905168808943,0.09080290800362768,0.11411891127373193
0.01,4,235,0.006627190259139834,0.11512767051530083,0.09073228496754591,0.11405207597600794
0.01,4,236,0.006620026382092025,0.1150654281884183,0.09066193761322229,0.11398600564346888
0.01,4,237,0.006612953761353756,0.11500394568321345,0.09059204274698927,0.11392092415226013
0.01,4,238,0.00660596325179471,0.11494314465677986,0.09052249289714083,0.11385635790363932
0.01,4,239,0.006599015589408152,0.11488268441682717,0.09045388952024251,0.11379205744193076
0.01,4,240,0.006592160229502119,0.11482299621157879,0.0903863401590079,0.1137286441510768
0.01,4,241,0.006585331499929368,0.11476350900812826,0.09031883357127267,0.11366550514406051
0.01,4,242,0.006578523621801277,0.11470417273840806,0.09025153172112477,0.1136025153155613
0.01,4,243,0.006571841872879813,0.11464590592672565,0.09018587823246922,0.11354067542713095
0.01,4,244,0.0065652651050394336,0.11458852564754844,0.09012128511126574,0.11348001424197181
0.01,4,245,0.006558689117020913,0.1145311234295806,0.09005709966920075,0.11341908670715051
0.01,4,246,0.006552118938434201,0.1144737431766272,0.08999374416329586,0.11335837816920812
0.01,4,247,0.006545650048416449,0.1144172194070145,0.08992932588316838,0.11329862439416233
0.01,4,248,0.00653917387896134,0.11436060404668506,0.08986554472146324,0.11323861871070437
0.01,4,249,0.006532731230012298,0.11430425390170129,0.089802292532231,0.11317888608342347
0.01,4,250,0.006526440040180616,0.11424920166181132,0.0897393621731336,0.11312063997126613
0.01,4,251,0.006520132034486848,0.11419397562469615,0.08967622030449571,0.11306218764416491
0.01,4,252,0.006513912000635789,0.11413949360879248,0.08961520526967914,0.11300483004828168
0.01,4,253,0.006507731430119071,0.11408533148585817,0.0895535330687481,0.11294741841756158
0.01,4,254,0.006501605370612567,0.11403162167234637,0.08949283104186904,0.11289055222546933
0.01,4,255,0.0064955130700647176,0.11397818273744074,0.08943172905659073,0.11283420165999733
0.01,4,256,0.006489494602205561,0.11392536681710146,0.08937093779947183,0.11277830543706475
0.01,4,257,0.006483500044638543,0.11387273637388841,0.08931198313379195,0.11272275797908785
0.01,4,258,0.006477577322382911,0.11382071272297421,0.08925294059034804,0.11266784457323989
0.01,4,259,0.006471696539130488,0.11376903391635607,0.08919409980187354,0.11261328194162186
0.01,4,260,0.006465859187030246,0.11371771354569389,0.08913550998203697,0.11255915728393336
0.01,4,261,0.006460032913682746,0.11366646747113017,0.08907785430049846,0.11250518382174915
0.01,4,262,0.006454269386844015,0.11361575055285261,0.08902081791595991,0.11245201376148278
0.01,4,263,0.006448522704229873,0.1135651593071561,0.08896432292638304,0.11239859832862274
0.01,4,264,0.006442872231537825,0.11351539306664823,0.08890783558250037,0.1123462147379729
0.01,4,265,0.006437261130528951,0.11346595199026843,0.08885175567212159,0.11229422725826274
0.01,4,266,0.006431696896436015,0.11341690258895289,0.08879618479292538,0.11224253921108067
0.01,4,267,0.006426148214587334,0.11336796914990878,0.08874068669163719,0.11219075203034595
0.01,4,268,0.0064206336723789505,0.11331931585020226,0.08868665265045313,0.1121394357830346
0.01,4,269,0.006415219015172452,0.11327152347498864,0.0886327455591084,0.11208930638022979
0.01,4,270,0.0064097823993692375,0.11322351698626251,0.08857863153239819,0.1120386004246766
0.01,4,271,0.006404439112615903,0.11317631477138583,0.08852533053453324,0.1119891562610827
0.01,4,272,0.006399121986075194,0.11312932410365753,0.08847199731346798,0.11193992755944487
0.01,4,273,0.006393833893973171,0.11308257066385757,0.08841934916239687,0.11189068592137422
0.01,4,274,0.006388615765188079,0.11303641683270112,0.08836707552640459,0.11184217051150541
0.01,4,275,0.0063834209994320275,0.1129904509189341,0.0883152094007524,0.11179387307052198
0.01,4,276,0.006378291710055967,0.11294504601845949,0.08826384963181369,0.11174603427211868
0.01,4,277,0.006373210626014901,0.11290004983183047,0.08821172537028588,0.11169891283317619
0.01,4,278,0.00636813863798266,0.11285511630389347,0.0881597976329949,0.111651946818856
0.01,4,279,0.0063631202224477094,0.11281063976813277,0.08810863100602333,0.1116053064786024
0.01,4,280,0.006358127514120679,0.11276637365917802,0.08805834960481572,0.11155885668642927
0.01,4,281,0.006353125020960505,0.11272200336190362,0.08800769350699537,0.11151242145261808
0.01,4,282,0.006348168196358561,0.11267802089456985,0.0879577224627107,0.11146627553071092
0.01,4,283,0.0063432526591028805,0.1126343878138722,0.08790869321841117,0.11142032174075112
0.01,4,284,0.006338397862697812,0.1125912773059957,0.08785868350021608,0.11137522847701238
0.01,4,285,0.006333601909823371,0.11254867311366554,0.08780917927913462,0.11133089975324623
0.01,4,286,0.00632886885112362,0.11250661181569392,0.08775982607573998,0.11128708761811544
0.01,4,287,0.006324123724986585,0.1124644274869755,0.08771087970191215,0.11124289939807444
0.01,4,288,0.006319444893025649,0.11242281701705974,0.08766261367153583,0.11119929978697107
0.01,4,289,0.0063147686026541775,0.1123812137561628,0.08761484635413316,0.11115592428647686
0.01,4,290,0.006310144459302524,0.11234005927809122,0.08756663003180101,0.11111278477542522
0.01,4,291,0.006305536404217049,0.11229903298085028,0.08751886330441448,0.11107011253791957
0.01,4,292,0.006300938226688573,0.11225807967971457,0.08747136939228445,0.11102714347897509
0.01,4,293,0.006296378403775002,0.11221745322163573,0.08742446115451528,0.11098472280517553
0.01,4,294,0.00629184050126773,0.11217700745935176,0.08737755768355016,0.11094241448921482
0.01,4,295,0.006287344125757415,0.11213691743362143,0.08733141264367844,0.11090043904985411
0.01,4,296,0.006282897518260044,0.1120972570428023,0.08728525605346359,0.11085900674361762
0.01,4,297,0.006278469402871813,0.1120577476381871,0.08723942161506991,0.11081789259294833
0.01,4,298,0.006274087089805508,0.1120186331804268,0.08719437031197103,0.11077715288453227
0.01,4,299,0.006269743950955714,0.11197985489324153,0.08714989124710847,0.11073684574930269
0.01,4,300,0.006265424823657326,0.11194127767412096,0.0871052464459341,0.11069672126405922
0.01,5,1,0.048921062054016896,0.31279725719391116,0.2685462100166552,0.31694350767583984
0.01,5,2,0.046457920797265316,0.3048209992676532,0.2619331044494095,0.3091031079460219
0.01,5,3,0.044191887813866536,0.2972940894598025,0.2556680971621992,0.3016833123011875
0.01,5,4,0.042077489132774856,0.29009477462641364,0.24965436063486166,0.29456677928946884
0.01,5,5,0.040121862391793855,0.2832732334400617,0.24392274179993573,0.2878031163230786
0.01,5,6,0.038307528922426254,0.2767942518276933,0.23846508774381145,0.28136229979173416
0.01,5,7,0.0366227352854193,0.27063900415653064,0.23327086968785798,0.2752256094010722
0.01,5,8,0.035059869172514135,0.26480131862403605,0.2283311146687356,0.26939022309937244
0.01,5,9,0.033603932692228486,0.2592447981820599,0.22362252616355485,0.2638221497177005
0.01,5,10,0.03224993184700819,0.2539682336317209,0.21912994775624925,0.25852134315802344
0.01,5,11,0.030983182985771775,0.24893044404319764,0.2148187393169054,0.2534494803957254
0.01,5,12,0.029807995446015548,0.24416386074116517,0.21073197389046533,0.24863989446305118
0.01,5,13,0.028707702883536693,0.23961512007190486,0.20683188860864335,0.244040148467775
0.01,5,14,0.02768142542244039,0.23529311686677276,0.2031306512392852,0.23966110659404152
0.01,5,15,0.026717670666557593,0.23116085597071834,0.1995818989123406,0.2354659994821713
0.01,5,16,0.025813563520241924,0.2272160360548609,0.1961978243203453,0.2314541217377783
0.01,5,17,0.02496627450423107,0.22345592184693192,0.1929630557851928,0.22762340892507474
0.01,5,18,0.024171848131354454,0.21987199972417795,0.18986435643490104,0.22396615592676986
0.01,5,19,0.023424803549610556,0.21644770060968796,0.18689874433863451,0.22046587923661004
0.01,5,20,0.022725031260744898,0.2131902026864504,0.18407098923228793,0.21713102805011048
0.01,5,21,0.02206047595879618,0.2100498795943296,0.18133656937246867,0.2139109514850105
0.01,5,22,0.021436205157807735,0.20705653893469647,0.1787142872283508,0.210837369257231
0.01,5,23,0.020848894549609,0.20420036508101058,0.17621045759857562,0.20790026274437703
0.01,5,24,0.020292874490786178,0.20145905038387418,0.1737976215584923,0.20507745538402009
0.01,5,25,0.019768419819238728,0.19883872771288155,0.17148606188227358,0.20237592273969937
0.01,5,26,0.019272096944728184,0.19632675286230444,0.1692717996831264,0.19978267847870224
0.01,5,27,0.018803087195371614,0.19392311463758835,0.16714720497758204,0.19729810907526843
0.01,5,28,0.01835875345785191,0.19161812783686158,0.16511203938368058,0.19491247130095804
0.01,5,29,0.017937855280494634,0.1894088449914345,0.1631548956402991,0.1926241362834746
0.01,5,30,0.017539525978858623,0.18729402541917145,0.1612711533484297,0.19043080370110418
0.01,5,31,0.017159630608980694,0.18525458487703184,0.15945356970447347,0.18831319883296951
0.01,5,32,0.01679985379366611,0.1833022301755552,0.1577110600047145,0.18628369771674194
0.01,5,33,0.016457548415238832,0.18142518245954078,0.15603584682971777,0.18433074055208445
0.01,5,34,0.016131302372242813,0.17961794104288586,0.15441329641018328,0.18244844047128136
0.01,5,35,0.01582188109360209,0.17788693652768373,0.15284747306273966,0.18064401945130104
0.01,5,36,0.015525844639150008,0.1762148951658174,0.15133030219274943,0.17889964311868
0.01,5,37,0.015245240534683886,0.17461523721991667,0.14988772937909914,0.17722944704793972
0.01,5,38,0.014976485043562074,0.17306926384290236,0.14848783319089995,0.17561361135744516
0.01,5,39,0.01471992160736365,0.1715804278311699,0.14713416155849282,0.17405624458256003
0.01,5,40,0.01447499560042911,0.17014696941426322,0.14582857600742005,0.1725558648862891
0.01,5,41,0.014240986699639085,0.16876603153264633,0.14456666121731743,0.17110889087668799
0.01,5,42,0.01401681907951979,0.16743248836184565,0.14334632800712566,0.16971104075137963
0.01,5,43,0.013803566354892188,0.16615394280541276,0.14217052574933292,0.1683698432794901
0.01,5,44,0.013599148520018804,0.16491906208815768,0.14103328965580927,0.16707352182679278
0.01,5,45,0.013402545801756593,0.16372260565820831,0.13992632081195755,0.16581755186011685
0.01,5,46,0.01321427859255702,0.1625686230030692,0.138853661395074,0.16460524759385897
0.01,5,47,0.013033500433984404,0.16145278216236725,0.13781567458033034,0.16343220633275546
0.01,5,48,0.012859563122412028,0.16037183744293776,0.1368091964801812,0.16229484553035814
0.01,5,49,0.012693816067096254,0.1593349683346142,0.13583876574404682,0.1612032761678633
0.01,5,50,0.012533887850328787,0.15832806352841425,0.13489479583098832,0.16014278377200275
0.01,5,51,0.012380045591680846,0.15735339584312025,0.13397815494401186,0.15911636420153655
0.01,5,52,0.012232509108997137,0.156412973304628,0.13310075020672102,0.15812553481768202
0.01,5,53,0.01209021491572606,0.15550057823510535,0.13224658187063848,0.15716369489610732
0.01,5,54,0.01195352000278447,0.15461901566614936,0.131415037329817,0.1562337113515383
0.01,5,55,0.011821480738896547,0.15376267907978547,0.1306032295181998,0.15533012130760823
0.01,5,56,0.011694637383038291,0.1529355248661232,0.1298149408802151,0.1544570599029625
0.01,5,57,0.011572053150933027,0.1521318714203768,0.12904524931595138,0.15360861622081087
0.01,5,58,0.011454279530986034,0.1513557367990129,0.12829781468249185,0.1527892786348125
0.01,5,59,0.01133976624568257,0.15059725260231388,0.12756117800621194,0.15198787421905183
0.01,5,60,0.011229189886626937,0.1498612016942807,0.12684418778859272,0.15120981229457114
0.01,5,61,0.011122754635439044,0.1491492851839327,0.1261458717974076,0.15045751547474046
0.01,5,62,0.01101934082230799,0.14845430827232997,0.1254645138245115,0.14972299471553513
0.01,5,63,0.010919818131582939,0.1477823949703275,0.1248024164526301,0.14901257919821126
0.01,5,64,0.010823905225246726,0.14713194911538913,0.12415907813469566,0.14832472283523
0.01,5,65,0.010730625852151104,0.1464965928078268,0.12353004015806751,0.14765293768975057
0.01,5,66,0.01064021346132641,0.14587812352320967,0.12291485460841639,0.14699843057944362
0.01,5,67,0.010552611717000398,0.14527636915204342,0.12231861755575736,0.14636176596572167
0.01,5,68,0.010467560139544405,0.1446897379881822,0.12174041289732983,0.1457414616188293
0.01,5,69,0.010385856282787712,0.14412394861915012,0.12118261003624851,0.145143333189489
0.01,5,70,0.010305882776847464,0.14356798234179838,0.12063197075490438,0.14455464333566295
0.01,5,71,0.010229080651124631,0.14303202893844882,0.12010061651247521,0.14398774024070782
0.01,5,72,0.0101540382765888,0.14250640881440244,0.11957737175076938,0.1434316195742053
0.01,5,73,0.010081289808570698,0.14199499856382758,0.11906541021296656,0.14289070304777535
0.01,5,74,0.01001054173683423,0.14149587793878823,0.11856649112194631,0.14236339277830012
0.01,5,75,0.009941817129363257,0.14100934103358725,0.11807939823755167,0.14184877473077104
0.01,5,76,0.009875191444056247,0.14053605547371995,0.11760316600567916,0.14134789544052398
0.01,5,77,0.009810626214636277,0.140075880969111,0.11713910962381605,0.14086125300480837
0.01,5,78,0.009747619002937549,0.1396253487224834,0.1166831415434765,0.1403848063519929
0.01,5,79,0.009686251944973974,0.13918514248995095,0.11623518385762312,0.13991936804042374
0.01,5,80,0.00962669089989287,0.1387565558803826,0.11579657807879164,0.1394663074209187
0.01,5,81,0.009568693375772685,0.1383379440050537,0.1153671875233023,0.13902406224280434
0.01,5,82,0.009512228508914464,0.13792917391846052,0.11494494921179566,0.13859208648060928
0.01,5,83,0.0094570389054139,0.13752846182091835,0.11452824388952308,0.13816865713115845
0.01,5,84,0.009403398075588308,0.13713787278201678,0.11412220733575798,0.13775632397995874
0.01,5,85,0.009350966139692671,0.1367550082424236,0.1137260763072996,0.13735158512246737
0.01,5,86,0.009299668435555946,0.13637938579973108,0.11333545573498048,0.13695467590915086
0.01,5,87,0.009250028150353968,0.13601491205271551,0.11295503409343072,0.13657017203623245
0.01,5,88,0.009201323131221434,0.1356563535645967,0.11257924469843869,0.13619200042721047
0.01,5,89,0.009153962290415122,0.13530677950801373,0.11221323152016827,0.13582269426428778
0.01,5,90,0.009107528812076942,0.13496317136224195,0.1118527636734621,0.1354602454866471
0.01,5,91,0.009062476319249377,0.13462894428204789,0.11150110745650596,0.13510755104628286
0.01,5,92,0.009018514369032652,0.1343020057112525,0.11115819831722988,0.13476280096467025
0.01,5,93,0.008975311126772731,0.13397993227922406,0.11082090154127078,0.13442316064325374
0.01,5,94,0.00893323407826967,0.13366550847746528,0.1104917059285121,0.13409169253163133
0.01,5,95,0.008892011008193413,0.1333567471723378,0.11016751748578688,0.13376623417632777
0.01,5,96,0.008851719416369697,0.1330542702536803,0.10984940303885628,0.13344762313141326
0.01,5,97,0.008812581232250953,0.13275979234882038,0.10953775289267043,0.13313706630554456
0.01,5,98,0.008774125681031303,0.1324698130219206,0.10923279382635272,0.13283190422585636
0.01,5,99,0.008736296860495686,0.13218393896760441,0.10893158653419029,0.13253077124824683
0.01,5,100,0.008699512025829758,0.13190536020821714,0.10863766250194691,0.1322377706524801
0.01,5,101,0.00866350913298621,0.13163213234606672,0.10834849806060821,0.13195039587487026
0.01,5,102,0.008628145743666802,0.1313632044650769,0.10806457776272377,0.1316676477442677
0.01,5,103,0.008593401898326504,0.13109845077899665,0.10778437977745961,0.13138931348434688
0.01,5,104,0.008559474734847429,0.13083940335271657,0.10750955447820303,0.13111715646157313
0.01,5,105,0.00852642781132462,0.13058658285845923,0.10724231413088466,0.13085163864635202
0.01,5,106,0.008493986996999431,0.13033792231733196,0.10697857642570606,0.1305900192441252
0.01,5,107,0.008462001013261103,0.1300922827323827,0.1067175746980466,0.13033180084509263
0.01,5,108,0.008430725442093265,0.12985164952431882,0.10646103753861601,0.13007921260570784
0.01,5,109,0.008400068422515427,0.12961534185824938,0.10620843475166666,0.12983118896513254
0.01,5,110,0.008370157145288241,0.12938436648442686,0.10596036089822838,0.12958877502621774
0.01,5,111,0.008340764133765267,0.12915699078071824,0.1057169150107061,0.12935035895152705
0.01,5,112,0.008311799285996768,0.12893253496303225,0.10547538999374673,0.12911501382256094
0.01,5,113,0.008283477488308473,0.12871268382182444,0.10523921000364847,0.12888470546149333
0.01,5,114,0.008255631797291005,0.12849616178930018,0.10500505010969217,0.12865752445139622
0.01,5,115,0.008228323152343862,0.12828346076048824,0.10477424783890057,0.12843460407511031
0.01,5,116,0.008201623257669518,0.12807515963425162,0.10454674305600853,0.12821627629442023
0.01,5,117,0.00817531139179428,0.1278695537787966,0.10432423219887275,0.12800103953080164
0.01,5,118,0.008149195451311982,0.1276651514808327,0.10410250231210998,0.12778695499108472
0.01,5,119,0.008123684816974496,0.12746517027780174,0.10388508903851493,0.12757803600461048
0.01,5,120,0.008098665377821751,0.12726873439947262,0.10367194343522344,0.1273731132728741
0.01,5,121,0.008074046001178769,0.12707514313333484,0.10346204867994914,0.12717061296397159
0.01,5,122,0.008049970296997758,0.12688554131182764,0.10325689819137646,0.12697264234174105
0.01,5,123,0.008026327324345987,0.1266990712226888,0.10305467227419883,0.12677803457402637
0.01,5,124,0.008003013514938925,0.12651492809102746,0.10285430141121947,0.12658585523855667
0.01,5,125,0.007979986562846247,0.12633278721572042,0.10265597856878982,0.12639573303915103
0.01,5,126,0.007957439557930004,0.12615418786492982,0.1024627443609463,0.12620938890680658
0.01,5,127,0.007935224011085693,0.12597796641544656,0.10227312270618583,0.12602604307364168
0.01,5,128,0.007913369086676695,0.125804364683239,0.10208466743134104,0.12584504083801087
0.01,5,129,0.007891872004712168,0.1256333714003741,0.1018981484944738,0.12566668151111227
0.01,5,130,0.007870796162965151,0.12546550253328723,0.10171370949537774,0.12549182043460733
0.01,5,131,0.00784999528955337,0.12529960326795428,0.10153333907932578,0.12531886005393975
0.01,5,132,0.007829497977089603,0.1251359099306798,0.10135379201955834,0.1251480015101631
0.01,5,133,0.007809305994824219,0.12497444534643248,0.10117725541406201,0.12497975175112012
0.01,5,134,0.00778943469231831,0.12481534114297256,0.1010031410097192,0.12481410180402024
0.01,5,135,0.007769819765507261,0.12465809051567621,0.10082997573298375,0.12465042939088396
0.01,5,136,0.007750517429038295,0.1245031520005682,0.10065852549230907,0.12448919134350812
0.01,5,137,0.007731440762182219,0.1243498352406003,0.10048865981661514,0.12432955590049527
0.01,5,138,0.007712699268476414,0.12419902792273708,0.10032195418192918,0.12417279379261258
0.01,5,139,0.007694273925690774,0.12405058585666393,0.10015580531189827,0.12401816639745925
0.01,5,140,0.007676184447650633,0.12390467664822528,0.09999380691310984,0.1238666001311366
0.01,5,141,0.007658288822643325,0.12376016178595861,0.09983229556261847,0.12371624063933157
0.01,5,142,0.007640696674946878,0.12361793296238922,0.0996728610359376,0.12356821228523393
0.01,5,143,0.007623336913128866,0.12347742233403534,0.09951474304278485,0.1234217868214592
0.01,5,144,0.007606172159307694,0.12333833272188897,0.0993583249626826,0.12327689066753564
0.01,5,145,0.0075892007354901765,0.12320065531879427,0.099203738837819,0.1231338760682841
0.01,5,146,0.007572564270166759,0.12306554570769805,0.09905162019014645,0.12299363424192497
0.01,5,147,0.007556022266804415,0.12293105601762652,0.09890154821213094,0.12285440980611291
0.01,5,148,0.007539761971891791,0.12279871311941172,0.09875418710314679,0.12271701251736013
0.01,5,149,0.007523792983278253,0.12266860220348362,0.09860979456603632,0.12258218401859956
0.01,5,150,0.007508010760866382,0.1225398772715754,0.09846628112767325,0.1224484883985627
0.01,5,151,0.0074923506761566975,0.12241201473839647,0.09832402508828944,0.12231625235682546
0.01,5,152,0.00747694471497935,0.12228609663391296,0.0981835602876617,0.12218609007159148
0.01,5,153,0.00746177082323106,0.12216194843920147,0.09804442601753133,0.12205719242147031
0.01,5,154,0.007446634071840807,0.12203797828414568,0.09790514370937309,0.12192865827503266
0.01,5,155,0.007431884643020085,0.12191705904441827,0.09776916900966441,0.12180320844307822
0.01,5,156,0.007417168661316384,0.12179629437151512,0.09763327828775428,0.12167785195815838
0.01,5,157,0.00740265915584586,0.12167710676907025,0.0974997488068811,0.12155443535685757
0.01,5,158,0.0073883289461436725,0.12155927727774357,0.09736773674087076,0.12143228278213054
0.01,5,159,0.007374281491913881,0.1214436617688538,0.09723759362281334,0.1213122907786461
0.01,5,160,0.007360295573686155,0.12132844327433,0.09710860204655496,0.12119285837238035
0.01,5,161,0.007346492913453986,0.12121462711615283,0.0969825207338673,0.12107485739115792
0.01,5,162,0.0073328338035152105,0.1211018893619353,0.09685791314707641,0.12095809378707667
0.01,5,163,0.007319322440373102,0.12099026771086262,0.09673346002729036,0.12084214165751993
0.01,5,164,0.007306022118365417,0.1208802888676679,0.09660971112098017,0.12072785018849753
0.01,5,165,0.007292903108686236,0.12077171116355218,0.09648823738337735,0.1206154153846065
0.01,5,166,0.0072798980279651145,0.12066397994401738,0.09636760220982686,0.1205034718916229
0.01,5,167,0.007267048397461221,0.12055744188942648,0.09624883264706173,0.12039325886544677
0.01,5,168,0.007254353047491408,0.12045209045501376,0.09613026161830232,0.12028415909051875
0.01,5,169,0.007241730318527484,0.1203472502263968,0.09601286191647024,0.12017570527072205
0.01,5,170,0.007229290766128398,0.12024384197228895,0.09589594897917483,0.12006865124412294
0.01,5,171,0.007216955727740026,0.12014121464127142,0.09578178092242567,0.11996252305099445
0.01,5,172,0.007204836042494275,0.12004029358923007,0.09567057144420955,0.11985853364886868
0.01,5,173,0.007192814909782575,0.11994010930278974,0.09555900209747901,0.11975523412934325
0.01,5,174,0.0071809219216913195,0.1198409105580504,0.09544829685933177,0.11965234679289487
0.01,5,175,0.007169220308860697,0.11974322785745085,0.09533983962148486,0.11955160670557151
0.01,5,176,0.007157655263721283,0.1196466068363101,0.09523207936535955,0.1194515372254827
0.01,5,177,0.00714617616754484,0.11955062666121696,0.09512520404814714,0.11935219233723787
0.01,5,178,0.00713483192958081,0.11945569831180772,0.09501959305549522,0.11925400721374409
0.01,5,179,0.007123563454787816,0.11936132920496333,0.09491415622705378,0.11915597798816227
0.01,5,180,0.007112410215002083,0.11926785161980645,0.09480908192846774,0.11905887758707528
0.01,5,181,0.007101408643230839,0.11917557336325964,0.09470618898693407,0.11896353436101198
0.01,5,182,0.007090514312152812,0.11908412414887899,0.0946035964363042,0.11886884553419562
0.01,5,183,0.007079732723119963,0.11899355212044023,0.09450265906855984,0.11877520122442388
0.01,5,184,0.007069030037905299,0.1189035746973597,0.09440208950327744,0.11868205008387317
0.01,5,185,0.007058510973034491,0.11881507457418432,0.09430290975794106,0.11859044061034567
0.01,5,186,0.0070480469425364175,0.11872697202014727,0.09420396175929753,0.11849959888891909
0.01,5,187,0.007037730765866726,0.11864005028544725,0.09410781443385612,0.11840971418092223
0.01,5,188,0.007027462355132992,0.11855346772771341,0.0940107543971869,0.1183203092684748
0.01,5,189,0.007017375888703009,0.11846835770536375,0.0939151675935534,0.11823207120123272
0.01,5,190,0.007007279238672342,0.11838310047191991,0.09382079002879705,0.11814408926077259
0.01,5,191,0.006997308882494006,0.11829884938150502,0.09372633315759597,0.11805679506440875
0.01,5,192,0.006987492003601645,0.1182158365330267,0.09363369624852719,0.11797145038364934
0.01,5,193,0.006977723228740598,0.1181331725531876,0.09353968714001487,0.11788584198942403
0.01,5,194,0.006968073314095844,0.11805145754369867,0.0934485533843453,0.11780178695423897
0.01,5,195,0.006958438410235311,0.11796981317468729,0.09335614936411091,0.11771716659797449
0.01,5,196,0.006948959415316164,0.11788943477102741,0.093264997097607,0.11763391974681103
0.01,5,197,0.006939582167905337,0.11780986518883159,0.09317383669462392,0.11755172378240857
0.01,5,198,0.0069302787285878105,0.1177308687523184,0.0930835207124938,0.11746986821530962
0.01,5,199,0.006921139752755202,0.11765321714900279,0.0929949192897251,0.11738961797955141
0.01,5,200,0.006911992768976289,0.11757544615247088,0.09290685091291355,0.11730912648949804
0.01,5,201,0.006902951567958538,0.11749852397335499,0.09281814760300364,0.11722919722758803
0.01,5,202,0.006893999286200439,0.11742230866577644,0.09273061750524754,0.1171502594324747
0.01,5,203,0.006885203644618197,0.11734737870628553,0.09264458582997283,0.11707284257441077
0.01,5,204,0.006876409819548178,0.11727241636078091,0.0925581160247107,0.11699506336484744
0.01,5,205,0.006867734991348591,0.11719842141725793,0.09247235406222142,0.11691840598163115
0.01,5,206,0.006859120568643071,0.117124895463288,0.09238752551381303,0.11684223837903576
0.01,5,207,0.0068505817860285536,0.11705196953514754,0.09230355455110278,0.11676695252722313
0.01,5,208,0.006842100204465297,0.11697948712885775,0.0922195845260809,0.11669201582148395
0.01,5,209,0.006833604858462502,0.11690684204495905,0.09213536656937539,0.11661673733569165
0.01,5,210,0.0068252579695413295,0.11683542245005434,0.0920526392671996,0.11654276280764274
0.01,5,211,0.00681697887072829,0.1167645397432653,0.09196917221819914,0.11646917536387288
0.01,5,212,0.006808774938905623,0.11669425811843205,0.09188756967752817,0.11639654545704683
0.01,5,213,0.006800663719043764,0.11662472910188271,0.091806766099812,0.11632475209747191
0.01,5,214,0.0067926606477736245,0.1165560864800601,0.09172649076972911,0.11625380681641104
0.01,5,215,0.006784716400242638,0.11648790838746001,0.09164733718864787,0.11618312018112993
0.01,5,216,0.006776804241701508,0.1164199659998362,0.09156857513788948,0.11611277107626632
0.01,5,217,0.006768900133038717,0.11635205312360171,0.0914895561028009,0.11604225301905015
0.01,5,218,0.006761162271653814,0.11628553024047157,0.0914121508661965,0.1159732130283862
0.01,5,219,0.006753449828678782,0.11621918799130186,0.09133441637791061,0.11590427097886911
0.01,5,220,0.006745811262571472,0.11615344387982193,0.09125969389811706,0.1158364919205557
0.01,5,221,0.0067381774551679655,0.11608770352770327,0.09118437312410305,0.11576860666895974
0.01,5,222,0.006730646020146821,0.11602280827619042,0.09110990970827364,0.11570144136696343
0.01,5,223,0.006723230050799979,0.1159588724574362,0.09103482299871658,0.1156349777005281
0.01,5,224,0.006715787587973337,0.11589467276776216,0.0909606461734022,0.11556867368276141
0.01,5,225,0.006708445846084309,0.11583130704679377,0.090886207748594,0.11550291469205233
0.01,5,226,0.006701145899367213,0.11576826766750216,0.09081256034414018,0.11543778921660314
0.01,5,227,0.006693979569704395,0.11570634874287923,0.09073925700429186,0.1153735357334262
0.01,5,228,0.006686789676698302,0.11564419290823298,0.09066651095204242,0.1153088323192992
0.01,5,229,0.006679655596465472,0.11558248653204752,0.09059497387549,0.11524514639704211
0.01,5,230,0.006672650263210243,0.11552186168176345,0.09052314625424583,0.11518193631827624
0.01,5,231,0.00666566512314004,0.11546137989076728,0.0904514905061268,0.115118853049376
0.01,5,232,0.006658682091006267,0.1154008846673739,0.09038087849297201,0.11505629393777127
0.01,5,233,0.0066517889117428675,0.11534113673570993,0.0903096424927825,0.1149938730440814
0.01,5,234,0.006644977808318507,0.11528206979681191,0.0902391670077319,0.11493231490308722
0.01,5,235,0.006638184901577198,0.1152231305040546,0.09016969151331046,0.11487072274261777
0.01,5,236,0.006631491571388106,0.11516502569259562,0.09010137194948277,0.11481036891335794
0.01,5,237,0.006624800045414092,0.11510690722466738,0.09003297647578151,0.11474988155925775
0.01,5,238,0.006618151763841784,0.11504913527568805,0.08996564782541236,0.11469016021816233
0.01,5,239,0.006611568551892166,0.11499190016598704,0.08989836287554795,0.11463083365690298
0.01,5,240,0.006605041731753097,0.11493512719576289,0.08983099803092354,0.11457190633237585
0.01,5,241,0.0065985692168424575,0.1148787988868482,0.0897644038115162,0.11451382540010463
0.01,5,242,0.006592140001866604,0.11482282004781631,0.08969905116970392,0.11445560788026525
0.01,5,243,0.0065857628266574545,0.11476726734271801,0.08963434012138528,0.11439810179255731
0.01,5,244,0.006579435536347536,0.11471212260565608,0.08956973001134912,0.11434080588130008
0.01,5,245,0.006573223363614454,0.11465795535953408,0.0895067441949348,0.11428446088664979
0.01,5,246,0.006567026261210409,0.11460389401072207,0.08944235549127988,0.11422805969953916
0.01,5,247,0.006560824751271501,0.1145497686708402,0.08937934107831567,0.1141717588075671
0.01,5,248,0.006554740952294215,0.11449664582243634,0.08931718477300485,0.11411659052283782
0.01,5,249,0.006548650554819916,0.11444344065799417,0.08925454192173149,0.11406106325650195
0.01,5,250,0.006542615610666022,0.11439069551905016,0.0891927706256501,0.11400660917168635
0.01,5,251,0.006536642911710344,0.11433847044376923,0.08913142001245973,0.11395234307246288
0.01,5,252,0.006530694435644389,0.1142864334524828,0.08906983620539478,0.11389819186043512
0.01,5,253,0.006524773862475568,0.11423461701669567,0.08900886813075025,0.11384455941363454
0.01,5,254,0.006518882439028562,0.11418303235620048,0.0889489209857798,0.11379111741645442
0.01,5,255,0.006513115823159664,0.11413251791807331,0.08888851749210344,0.11373858695837957
0.01,5,256,0.0065073290416305845,0.11408180434785019,0.0888283272160341,0.11368568740932619
0.01,5,257,0.006501578788261436,0.11403138855825125,0.08876830968590549,0.11363296912461927
0.01,5,258,0.006495903418429224,0.1139816074498796,0.08871003425040155,0.1135811824423132
0.01,5,259,0.0064902350223276445,0.11393186579993891,0.08865152448787456,0.11352940454059327
0.01,5,260,0.006484619224268379,0.11388256428679834,0.0885946126041477,0.11347833165949
0.01,5,261,0.006479044975093009,0.11383360641825425,0.08853764731456285,0.1134273911325792
0.01,5,262,0.006473510268768834,0.11378497500785272,0.08848188502017748,0.1133774828635599
0.01,5,263,0.006468047205573113,0.11373695270731596,0.08842574921716083,0.11332747386883704
0.01,5,264,0.006462631543530681,0.11368932705870574,0.08836955214603247,0.11327774392093543
0.01,5,265,0.006457192645377047,0.11364147698245608,0.0883139120018268,0.11322786584987699
0.01,5,266,0.0064518365821858705,0.11359433596958847,0.08825868287827011,0.11317830668788487
0.01,5,267,0.006446486775426043,0.11354723048516897,0.08820446741552641,0.11312961057504706
0.01,5,268,0.0064411873402218465,0.11350054925172694,0.08815030197617273,0.11308068032026222
0.01,5,269,0.0064359431568776744,0.1134543358085329,0.0880965515992244,0.11303249984896024
0.01,5,270,0.006430706737397667,0.11340817199300646,0.08804330675692974,0.1129845192425217
0.01,5,271,0.0064254971813215685,0.1133622263482997,0.08799062082367617,0.11293685689060548
0.01,5,272,0.006420364637892193,0.11331694169798436,0.0879381141789401,0.11288955467107077
0.01,5,273,0.006415246840054837,0.11327176912236196,0.08788574716287577,0.11284213231609998
0.01,5,274,0.006410197172426673,0.1132271802389044,0.08783414374903532,0.11279541506843956
0.01,5,275,0.006405154872707135,0.1131826388869524,0.0877832343040535,0.11274922364931039
0.01,5,276,0.0064001639097170755,0.11313853375147723,0.0877327881305641,0.11270312445566011
0.01,5,277,0.006395233201434634,0.11309494419676447,0.08768253395735962,0.11265751437780645
0.01,5,278,0.006390270318490478,0.11305105323251508,0.08763122778905172,0.11261148576279705
0.01,5,279,0.00638536982285236,0.11300769728520585,0.08758100791238545,0.11256619267644916
0.01,5,280,0.006380504230653543,0.11296463367491211,0.0875302484085224,0.11252080287577287
0.01,5,281,0.006375657911682438,0.11292172431983527,0.08747976892949812,0.11247554864845999
0.01,5,282,0.006370895246369047,0.11287953974364927,0.08742986143002392,0.11243132352461963
0.01,5,283,0.006366129657199806,0.11283731348450127,0.0873808163158189,0.1123871590188118
0.01,5,284,0.0063613812456353456,0.11279522370770267,0.0873314317064889,0.1123429193861224
0.01,5,285,0.006356659640094029,0.11275335595975872,0.08728252961106713,0.11229888229240433
0.01,5,286,0.00635199380509792,0.11271196746661749,0.0872339789555204,0.11225532122820003
0.01,5,287,0.006347303835054944,0.11267034956060928,0.08718574976914698,0.1122118333713539
0.01,5,288,0.006342660278539285,0.11262912836863549,0.08713667994296508,0.11216849612758743
0.01,5,289,0.0063380910776398075,0.11258855250548172,0.0870890983524065,0.11212601688155165
0.01,5,290,0.006333537696122198,0.11254810257060932,0.08704086835182322,0.1120834623845077
0.01,5,291,0.006329028602952588,0.11250803173953927,0.08699352304056142,0.11204171940840603
0.01,5,292,0.006324542610353929,0.1124681520285092,0.0869460955714494,0.11200007884673306
0.01,5,293,0.006320056940914217,0.11242826104600406,0.0868997039722273,0.11195854535736631
0.01,5,294,0.006315654418876334,0.11238909572441923,0.0868529416354716,0.11191718969858382
0.01,5,295,0.006311250502009494,0.11234990433471222,0.08680681894212292,0.11187646871772891
0.01,5,296,0.006306859291914604,0.11231081240837504,0.0867609976381153,0.11183541710709334
0.01,5,297,0.00630249138848674,0.11227191446204825,0.08671481735986523,0.11179473896892404
0.01,5,298,0.006298171163102174,0.11223342784662842,0.0866693093332204,0.11175446876190864
0.01,5,299,0.00629387841657312,0.11219517294940207,0.08662362815305436,0.11171437044611443
0.01,5,300,0.006289582348067908,0.11215687538504189,0.08657779421320261,0.11167409980295002
0.025,1,1,0.06642142166317679,0.3644761217505937,0.3025497206831137,0.3630407390155497
0.025,1,2,0.05853696557123544,0.34216068029870245,0.28507815022805366,0.34079453059017456
0.025,1,3,0.051505848033745846,0.3209543519996133,0.26848702772729527,0.31969005111948096
0.025,1,4,0.04547030172776589,0.3015635976962932,0.25324382249730937,0.30047229926015584
0.025,1,5,0.04044825914013656,0.2844231324633654,0.23962358925547642,0.2835636946229428
0.025,1,6,0.03627951886951441,0.2693678483765812,0.2276112336648019,0.2687657955031494
0.025,1,7,0.03282966501998584,0.25624076576526944,0.21705320947674286,0.25588606825587984
0.025,1,8,0.02996113466358576,0.24479025578476674,0.20774491524034122,0.2446485649898708
0.025,1,9,0.027579636613556578,0.23486011416822813,0.19959080458821224,0.23488796772197434
0.025,1,10,0.02557103016980534,0.22614610396734824,0.19233682350816192,0.22630123713987077
0.025,1,11,0.023861521484608034,0.21845604356303824,0.18582835919417875,0.21870049266366026
0.025,1,12,0.022396553298358334,0.21164382012408647,0.18002574746745034,0.2119474300008983
0.025,1,13,0.021126270318772414,0.20555422797292405,0.1748270690278839,0.20589304740665748
0.025,1,14,0.020015445477267964,0.20007721248192142,0.1701413999950958,0.2004330148879318
0.025,1,15,0.019038489777288774,0.1951332353920714,0.16588938273550663,0.1954939081159745
0.025,1,16,0.018182862356150332,0.19069799346689692,0.16204363544450653,0.19105513065905658
0.025,1,17,0.017417118548623874,0.1866393235554816,0.1584941838373383,0.18698781328745176
0.025,1,18,0.016730678488339146,0.18292445702168503,0.15523367060040213,0.18326091465632743
0.025,1,19,0.016113079315657874,0.1795164578285672,0.15221201376511678,0.17983944540159225
0.025,1,20,0.015554393598966853,0.17637683293996892,0.14940404437392032,0.1766856922539815
0.025,1,21,0.015045018005725143,0.17346479761453124,0.1467652675476387,0.17376082681624164
0.025,1,22,0.014581737325722599,0.17077316724662922,0.1442979636571321,0.17105723387986135
0.025,1,23,0.01415572746079079,0.1682600811885623,0.14199164367618175,0.16853478665389876
0.025,1,24,0.013766268097690826,0.16592931083862686,0.13985566100540064,0.1661975469699534
0.025,1,25,0.013406830611436616,0.16374877472174634,0.13784064705313304,0.16401287401490047
0.025,1,26,0.013075294585992934,0.1617114379751348,0.13594506874524517,0.16197351697093418
0.025,1,27,0.012766373089091685,0.15978969359186895,0.13415007386825814,0.16005036540733483
0.025,1,28,0.012479853269346121,0.15798641251288745,0.13245338623280384,0.1582492839101671
0.025,1,29,0.012211162353649632,0.15627643682685904,0.13083373228018683,0.15654214793734514
0.025,1,30,0.011961145652970667,0.15466832677035505,0.12931495653999187,0.15493921401664398
0.025,1,31,0.011727143576920658,0.15314792572490596,0.12787280001624904,0.1534255838799093
0.025,1,32,0.011507220955759264,0.15170511498139583,0.12649397177926378,0.15199167190259844
0.025,1,33,0.011299648884247473,0.1503306281783421,0.12517132156794616,0.15062644568586
0.025,1,34,0.011104750837653646,0.1490285263810499,0.12392003580146839,0.14933654061863497
0.025,1,35,0.010920152715040021,0.1477846589808294,0.12272921409586587,0.1481058771447658
0.025,1,36,0.01074668036173257,0.14660614149299867,0.1215992503653924,0.1469411150261683
0.025,1,37,0.010582806973088277,0.14548406767126273,0.12052458900750902,0.1458342017199086
0.025,1,38,0.010426811494248171,0.14440783562015028,0.11948627190778373,0.14477315249268244
0.025,1,39,0.01027891670234033,0.14338003140144956,0.11849196318572945,0.14376211522766447
0.025,1,40,0.010138756837711694,0.14239913509366336,0.11754467573828756,0.1427978492993609
0.025,1,41,0.010004677331689141,0.14145442610034611,0.1166343838013853,0.141870371981884
0.025,1,42,0.009877149259632772,0.1405499858387241,0.11576125451625072,0.1409844070489476
0.025,1,43,0.009754571018548952,0.13967513034573445,0.11491549710635131,0.1401292492643224
0.025,1,44,0.009638616076149562,0.13884247243656792,0.11410575642415069,0.13931503931789474
0.025,1,45,0.009527589916837033,0.13804050070060622,0.11332720314099883,0.13853311970184282
0.025,1,46,0.009421532495813982,0.13727004404322146,0.11257811031184654,0.13778227060914652
0.025,1,47,0.009319385928547268,0.13652388749627128,0.11185063336935665,0.1370554880621452
0.025,1,48,0.009221428638334004,0.1358044817989009,0.11114498123400421,0.13635654495369473
0.025,1,49,0.009127831099384037,0.13511351597367333,0.11046513124977073,0.13568516517990306
0.025,1,50,0.009037618437279026,0.13444417754056162,0.10981420457299668,0.13503724370470685
0.025,1,51,0.008950845755597498,0.1337972029273968,0.10918713216012442,0.13441198223110756
0.025,1,52,0.008867307157665205,0.13317137198110715,0.10858393841079055,0.13380719776597075
0.025,1,53,0.008786837090774527,0.13256573532232624,0.10800158518515517,0.13322153075800908
0.025,1,54,0.008709578279364045,0.13198165235640932,0.10743308694262012,0.1326584230174921
0.025,1,55,0.0086353683257234,0.13141817473792125,0.10688228330515046,0.13211565837391334
0.025,1,56,0.00856347176680085,0.130869948932525,0.10634660926291434,0.13158794320179565
0.025,1,57,0.008494156474624025,0.13033922260489378,0.10582960274036252,0.13107756861678668
0.025,1,58,0.00842674063638833,0.12982095852664413,0.10532379341109159,0.13058055649989825
0.025,1,59,0.008362085835843297,0.12932196902184329,0.1048316767477268,0.13010123586579656
0.025,1,60,0.008299385156426526,0.1288362150672436,0.10435420074277524,0.12963668308184267
0.025,1,61,0.008238931246878073,0.12836612673815528,0.10389045121862307,0.12918715960802196
0.025,1,62,0.008180301847483059,0.12790857553333207,0.10343946983841981,0.128749455146206
0.025,1,63,0.008123267437557686,0.1274618957771905,0.10299673450866284,0.12832231784743764
0.025,1,64,0.00806849780207938,0.12703147485626842,0.10257073205417913,0.12791108032826393
0.025,1,65,0.008014978366851605,0.1266094654190721,0.10215107789713623,0.12750896770298667
0.025,1,66,0.007963119637637224,0.12619920473312995,0.10174392149477658,0.12711774096794476
0.025,1,67,0.007912789565779623,0.12579975807432717,0.10134506481714431,0.12673709790317275
0.025,1,68,0.007863985286476307,0.1254112059305412,0.1009557541217637,0.12636742261790745
0.025,1,69,0.007816799622573374,0.12503439224927976,0.10058047462684094,0.1260094603818891
0.025,1,70,0.007770869610852603,0.12466651202991606,0.10021300251033864,0.1256597362381996
0.025,1,71,0.007726489552812948,0.12431001208923557,0.099852716300883,0.12532044280668883
0.025,1,72,0.007683262862179016,0.12396179138895191,0.09949801333340659,0.1249895699706531
0.025,1,73,0.007641080865077605,0.12362104080679474,0.0991556455588804,0.12466670793158764
0.025,1,74,0.007600089309062413,0.12328900444940265,0.09882036319261517,0.12435174218409968
0.025,1,75,0.0075599566091645075,0.12296305631501282,0.0984936097226268,0.12404318661247277
0.025,1,76,0.007521115883307331,0.12264677642161927,0.09817649400190369,0.12374380143425359
0.025,1,77,0.007483237434144092,0.12233754480243661,0.09786571676805877,0.12345119974009337
0.025,1,78,0.007446378696679619,0.12203588567859554,0.09756228419403175,0.12316629234971105
0.025,1,79,0.0074101973623306,0.12173904355079022,0.09726690567362377,0.12288655724329041
0.025,1,80,0.00737502856583431,0.12144981322204089,0.09698207792784266,0.12261421758160727
0.025,1,81,0.007340838224725294,0.12116796791830169,0.09670411511036889,0.12234803345826867
0.025,1,82,0.007307543414344219,0.12089287335773122,0.09643397942173895,0.1220892928071194
0.025,1,83,0.00727496318624262,0.12062307562189434,0.09617357831001304,0.12183514102639806
0.025,1,84,0.007243291527563406,0.12036022206329969,0.09592102527493744,0.1215875324607038
0.025,1,85,0.007212202777619889,0.12010164676323043,0.09567226908376654,0.12134336414033747
0.025,1,86,0.007181817701329255,0.11984838506487482,0.09542699814151057,0.12110484868326718
0.025,1,87,0.007152019613093241,0.11959949509168707,0.09518878644942252,0.12087045705803162
0.025,1,88,0.007123107235428924,0.11935750697320151,0.09495710807237624,0.120643460699447
0.025,1,89,0.007095166511305603,0.11912318423636603,0.09473211583992945,0.12042399684886274
0.025,1,90,0.007067553475646014,0.11889115590022677,0.09450758113849392,0.12020628585474052
0.025,1,91,0.007040659901957319,0.11866473698582337,0.09428899189184688,0.11999474486008645
0.025,1,92,0.007014340122404422,0.1184427298098488,0.0940757907717216,0.11978695715859891
0.025,1,93,0.006988689574075219,0.1182259664716277,0.09386565298381488,0.11958345629526033
0.025,1,94,0.0069635093685460675,0.1180127905656507,0.09365973682371087,0.11938361698309913
0.025,1,95,0.006938927617922381,0.1178043090716327,0.09345561127688526,0.11918806500691281
0.025,1,96,0.006914951043732357,0.11760060411181872,0.09325874314058079,0.11899755228248259
0.025,1,97,0.006891278417471781,0.11739913472825753,0.0930656731686946,0.11880830610489419
0.025,1,98,0.006868289558677463,0.11720315318861915,0.0928771556576938,0.11862498940581237
0.025,1,99,0.006845766529710214,0.11701082453952893,0.0926908000526009,0.11844548717524171
0.025,1,100,0.006823569449439639,0.11682096943134515,0.09250751711224206,0.11826766252329499
0.025,1,101,0.00680178879035159,0.1166343756390164,0.09232652328013256,0.11809280020087219
0.025,1,102,0.006780471546361419,0.1164514623897993,0.09214858376458307,0.11792190377377802
0.025,1,103,0.006759751118770723,0.1162733943666454,0.0919753879874608,0.1177551959132431
0.025,1,104,0.006739251737583271,0.11609695721751946,0.09180653496247425,0.11759146578699144
0.025,1,105,0.006719219823759385,0.11592428411475643,0.09163863015539564,0.1174309023984424
0.025,1,106,0.0066996973248487105,0.11575575428330732,0.09147543817750285,0.11727328720780032
0.025,1,107,0.006680586675584941,0.11559054178941235,0.09131347829588152,0.11711917598527725
0.025,1,108,0.006661615100569591,0.1154262977017767,0.09115086892737909,0.11696599227674805
0.025,1,109,0.006643114824399693,0.11526590844130534,0.09099183673751098,0.11681604978623922
0.025,1,110,0.006624923589588442,0.11510798051906256,0.09083484095282313,0.11666882944057724
0.025,1,111,0.006607121619398081,0.11495322195917852,0.090681757911634,0.11652493496921279
0.025,1,112,0.0065896406905678,0.11480105130675242,0.09053265859929299,0.11638347763457534
0.025,1,113,0.006572277922245573,0.11464970930835867,0.09038242539101925,0.11624218467496625
0.025,1,114,0.006555571734111576,0.11450390154148964,0.09023558615266263,0.11610595415420324
0.025,1,115,0.006539131178050169,0.11436023065777866,0.09009187945550619,0.11597197135103944
0.025,1,116,0.006522885186133379,0.11421808251002447,0.08994882037758295,0.1158397019021789
0.025,1,117,0.0065071393307920295,0.11408014139886073,0.0898092395604408,0.11571108325607664
0.025,1,118,0.00649162853307895,0.11394409623213438,0.08967161090504835,0.11558461095499445
0.025,1,119,0.0064762012791023055,0.11380862251255223,0.08953484717527872,0.11545902401733625
0.025,1,120,0.006461228914046818,0.11367698899994508,0.08940030305055449,0.11533650062119731
0.025,1,121,0.006446659944926157,0.11354875556276393,0.08926608100640562,0.11521672546015074
0.025,1,122,0.006432217796696238,0.11342149528811757,0.08913162418544258,0.1150985339285985
0.025,1,123,0.006418101037303768,0.11329696410146009,0.08900127961337927,0.1149831009794777
0.025,1,124,0.006404224610570232,0.11317441946456128,0.08887425782248007,0.1148691540939381
0.025,1,125,0.0063905608097191875,0.11305362276122943,0.08874656317612127,0.11475635335143716
0.025,1,126,0.006377073777931603,0.11293426209907782,0.08862365396038152,0.1146463991009363
0.025,1,127,0.0063639368214212745,0.11281787820572832,0.08849921746082806,0.11453741759705932
0.025,1,128,0.006350920045590008,0.11270244048457875,0.08837806299801156,0.11443020306134677
0.025,1,129,0.006338148748172109,0.11258906472808192,0.08825795669990849,0.11432508358171713
0.025,1,130,0.006325619196775492,0.11247772398813458,0.08814026491352189,0.11422154732493695
0.025,1,131,0.006313338267592694,0.11236848550721588,0.08802584712922072,0.1141201031114393
0.025,1,132,0.0063011957312485035,0.11226037351842816,0.08791073744302715,0.11401934847552056
0.025,1,133,0.006289197172044499,0.11215344107110133,0.0877960391977647,0.11392002182166953
0.025,1,134,0.006277430265326284,0.11204847402197216,0.08768304012335867,0.11382187598360094
0.025,1,135,0.0062659137859303275,0.1119456456136667,0.0875722309781706,0.11372626806198738
0.025,1,136,0.006254600946923831,0.1118445434245572,0.08746471525588771,0.11363301430365413
0.025,1,137,0.006243381252998861,0.11174418332064413,0.08735792948283716,0.11353997017180287
0.025,1,138,0.006232343259347217,0.11164536048889105,0.08725375730625543,0.11344851101716921
0.025,1,139,0.006221513613875678,0.11154831790641828,0.08714911543212167,0.1133593263173181
0.025,1,140,0.006210888396663455,0.1114530250523821,0.08704708604116798,0.11327179022554658
0.025,1,141,0.006200356932324682,0.1113584925573679,0.08694678668178858,0.11318370793881259
0.025,1,142,0.006190005121559771,0.11126549439569998,0.08684457254391081,0.11309718456482058
0.025,1,143,0.006179813055342864,0.11117385533787037,0.08674416064579216,0.11301221829699509
0.025,1,144,0.006169892594291788,0.11108458573800227,0.08664553080939735,0.11292923464852991
0.025,1,145,0.006160088016264988,0.11099628837276486,0.08654837942201583,0.11284751731166195
0.025,1,146,0.006150336523470045,0.11090839935252916,0.0864549841064994,0.11276689044249798
0.025,1,147,0.006140927144290111,0.11082352768514556,0.0863596423529798,0.11268854194744966
0.025,1,148,0.006131560863866925,0.11073898016386935,0.08626620336411679,0.11261025612374703
0.025,1,149,0.006122274643198394,0.11065509155206907,0.08617124435360303,0.11253244546065534
0.025,1,150,0.006113198695700649,0.11057304097926085,0.08607801496759206,0.1124565818222216
0.025,1,151,0.006104259712341519,0.11049216906497508,0.08598675499712405,0.1123818811474373
0.025,1,152,0.006095503764417959,0.11041289566366747,0.0858959997138258,0.1123084253725935
0.025,1,153,0.006086855801923526,0.11033454401884775,0.08580819682706846,0.11223513200437527
0.025,1,154,0.006078390317839257,0.1102577917232089,0.08572177474991641,0.11216370815039876
0.025,1,155,0.006070080610761391,0.11018239978110289,0.08563660291241514,0.112093064579248
0.025,1,156,0.006061767212916314,0.11010692269713393,0.08555192899295591,0.11202320219034162
0.025,1,157,0.006053604954470344,0.11003276743289105,0.08546874035437957,0.1119537689701787
0.025,1,158,0.0060456196820754095,0.1099601717175397,0.08538779944316116,0.11188633907437759
0.025,1,159,0.0060377248989087265,0.10988835151105622,0.08530690635528221,0.1118200814089535
0.025,1,160,0.006029936717523412,0.10981745505631982,0.08522674859155863,0.1117545564144256
0.025,1,161,0.006022268483613594,0.10974760574712866,0.08514727039623725,0.11168993367545858
0.025,1,162,0.006014749937339637,0.10967907674064034,0.08506849709842813,0.11162655267066082
0.025,1,163,0.006007352640805121,0.10961161107113718,0.08499093235112566,0.1115634650352018
0.025,1,164,0.0060000772667528875,0.10954521684448744,0.08491497639723007,0.11150133717833724
0.025,1,165,0.005992867738027107,0.1094793837946406,0.0848398254559953,0.111440338853994
0.025,1,166,0.005985734413345442,0.10941420760893387,0.08476508545879699,0.11137974907092649
0.025,1,167,0.0059787664427632505,0.10935050473375284,0.08469069981699334,0.11132091734128116
0.025,1,168,0.0059718765230104,0.10928747890779071,0.08461782784105366,0.11126197690775484
0.025,1,169,0.005965098083908421,0.10922543736610461,0.08454494760566618,0.11120481904713123
0.025,1,170,0.005958406069790761,0.10916415226429198,0.08447233565667825,0.11114785554656632
0.025,1,171,0.005951736007597267,0.10910303394129117,0.08440228401296643,0.11109155541106715
0.025,1,172,0.00594527268930054,0.10904377734928793,0.08433195038467191,0.11103631175417565
0.025,1,173,0.005938844864770166,0.10898481421528566,0.0842658739597496,0.11098237349205649
0.025,1,174,0.005932512158118097,0.10892669239555654,0.08419862700663844,0.1109292631787498
0.025,1,175,0.0059262337100872715,0.1088690379317028,0.08413183948856469,0.11087608027329458
0.025,1,176,0.0059201431168612595,0.10881307933204776,0.08406898695519331,0.11082522096318002
0.025,1,177,0.005914133995642276,0.10875784105656269,0.08400304124663187,0.11077358104620716
0.025,1,178,0.00590811627296664,0.10870249558282129,0.08393910908854153,0.11072316129504298
0.025,1,179,0.005902189701914091,0.1086479608820533,0.08387649008190529,0.11067303670867927
0.025,1,180,0.0058964065001943355,0.10859471902624303,0.083812971062102,0.11062419189058648
0.025,1,181,0.005890711658854748,0.10854226512151613,0.08374976161599217,0.11057575336992848
0.025,1,182,0.005885100772887069,0.10849055970808769,0.0836904710589467,0.11052818063355715
0.025,1,183,0.0058795343998838305,0.10843924012905873,0.08363114530806745,0.11048059282331939
0.025,1,184,0.005874028051155642,0.10838845004109655,0.08357195044672314,0.11043387780457356
0.025,1,185,0.005868573967263164,0.10833811856648762,0.08351254256890815,0.11038716947473402
0.025,1,186,0.005863270339474205,0.1082891530992297,0.08345322841568459,0.11034220683417599
0.025,1,187,0.0058579665402776655,0.10824016389748924,0.08339411261153813,0.11029729828912857
0.025,1,188,0.00585272737055009,0.10819174987539568,0.08333758045321048,0.11025246763881595
0.025,1,189,0.00584753601946313,0.108143756356649,0.08328179725806917,0.11020851158532186
0.025,1,190,0.005842471143554131,0.10809691155212652,0.08322650643551985,0.11016583053595998
0.025,1,191,0.005837501886281831,0.10805093138221282,0.08317226317276151,0.1101239237306164
0.025,1,192,0.005832514506380469,0.10800476384290157,0.08311850155807285,0.11008183932625457
0.025,1,193,0.005827611326087259,0.10795935648277326,0.08306519688229044,0.11004011745200742
0.025,1,194,0.005822793759082195,0.10791472336138563,0.08301186968276765,0.10999924317754063
0.025,1,195,0.005818132433547127,0.10787152018533092,0.08295929271344311,0.10995974763928733
0.025,1,196,0.0058134722862575984,0.10782831062626919,0.08290472493455295,0.1099195003292852
0.025,1,197,0.005808817155487347,0.10778513028694957,0.0828534197170414,0.10987976217714596
0.025,1,198,0.005804265527642637,0.10774289329364269,0.0828027141301611,0.10984114185630901
0.025,1,199,0.005799791960475834,0.10770136452687899,0.08275264110760622,0.10980295730133027
0.025,1,200,0.005795417492036516,0.10766074021700311,0.08270358999433655,0.10976593923830813
0.025,1,201,0.005791055918431819,0.10762022039033203,0.08265390187183475,0.10972875568015612
0.025,1,202,0.005786702766250242,0.10757976358265751,0.08260216536927972,0.1096911279859155
0.025,1,203,0.005782490693476962,0.10754060343402358,0.08255315531133287,0.10965504506218263
0.025,1,204,0.005778256079388583,0.10750121933623435,0.0825048800789526,0.10961871844503397
0.025,1,205,0.005774059904873177,0.10746217850828427,0.08245665481967045,0.10958227935761727
0.025,1,206,0.0057699861266543055,0.10742426287067838,0.08240989160624115,0.10954738257809889
0.025,1,207,0.0057658924435721355,0.10738614848826766,0.08236270755174595,0.10951192752795691
0.025,1,208,0.0057618726412727635,0.10734870880707195,0.08231596081561503,0.10947723805724216
0.025,1,209,0.005757871905759367,0.10731143374085883,0.08227128090787389,0.10944276654668361
0.025,1,210,0.005753998057010554,0.10727532854305834,0.08222732699677295,0.10940962397173522
0.025,1,211,0.005750180311003899,0.10723973434323585,0.08218239675114854,0.10937719017349634
0.025,1,212,0.005746368152013486,0.10720418044100226,0.08213781055764514,0.10934431881446433
0.025,1,213,0.005742562098030959,0.1071686717098888,0.08209456933698824,0.1093118842162771
0.025,1,214,0.005738882339173185,0.10713433006439332,0.0820520054748498,0.1092802591306894
0.025,1,215,0.005735238585506768,0.1071003135897068,0.08200936814086339,0.10924885860355481
0.025,1,216,0.005731643562041394,0.10706674144701887,0.08196955398315797,0.10921867965142144
0.025,1,217,0.00572813314073365,0.10703394920055646,0.08192843018056022,0.10918835628321136
0.025,1,218,0.00572463790842561,0.10700128885602837,0.0818876410163933,0.10915812535450987
0.025,1,219,0.005721154277339385,0.10696872699382175,0.0818477644668247,0.10912829358827944
0.025,1,220,0.0057177254654769746,0.10693666785043356,0.08180727886500508,0.10909834236663395
0.025,1,221,0.005714350023261748,0.1069050983186653,0.08176908386657245,0.10906976424294508
0.025,1,222,0.005711030259535117,0.106874040435787,0.08173003512440208,0.1090413424045334
0.025,1,223,0.005707741482106596,0.10684326354156912,0.08169134064911224,0.10901346920717604
0.025,1,224,0.0057044415027290235,0.10681237290435058,0.0816541014995324,0.1089850778050896
0.025,1,225,0.005701198702547157,0.10678200880810547,0.08161437583196958,0.10895661843893464
0.025,1,226,0.005698037757087809,0.10675240284965776,0.0815777885310863,0.1089294753389763
0.025,1,227,0.005694907003762076,0.10672307158025462,0.0815422712794216,0.10890236731495835
0.025,1,228,0.0056917943502882385,0.10669390189029773,0.08150575103398726,0.10887535386700307
0.025,1,229,0.005688770918421562,0.10666556068780178,0.08147062985227814,0.10885001609786003
0.025,1,230,0.005685746108030289,0.10663719902576482,0.08143544232062037,0.10882468703003313
0.025,1,231,0.005682758272096775,0.10660917664157035,0.0814005505856806,0.10879911036314793
0.025,1,232,0.005679788971507429,0.10658132079785303,0.081364922364106,0.10877344552427982
0.025,1,233,0.005676868838024598,0.10655391910225169,0.08132941140927424,0.10874844165367464
0.025,1,234,0.005674016011443534,0.10652714218867916,0.08129504478563283,0.10872456369698037
0.025,1,235,0.005671172009798769,0.10650044140564648,0.08126075373561875,0.10869988532467399
0.025,1,236,0.005668370523988458,0.10647413323421288,0.08122522593380581,0.10867461995884833
0.025,1,237,0.005665544901859207,0.10644759181737469,0.08119242229314663,0.10865048252886926
0.025,1,238,0.0056628175878426674,0.10642196754282142,0.08115973865654166,0.10862709310034172
0.025,1,239,0.005660118383322238,0.10639660129273151,0.08112788417871333,0.10860416733097283
0.025,1,240,0.005657481602575032,0.10637181584024062,0.08109312789927182,0.1085813773617165
0.025,1,241,0.005654849865821386,0.10634707204076083,0.081059937732423,0.10855884548034195
0.025,1,242,0.005652222732348577,0.10632236577831192,0.08102841470816052,0.10853668477035924
0.025,1,243,0.005649634112535357,0.10629801609188533,0.0809974810460042,0.10851426337055775
0.025,1,244,0.00564709048014228,0.10627408414229952,0.0809669954981369,0.10849197377779136
0.025,1,245,0.005644589436882005,0.10625054763983106,0.08093590704403596,0.10847077474069339
0.025,1,246,0.005642080521106558,0.1062269318121027,0.08090863246646991,0.10845004500213433
0.025,1,247,0.005639605009420183,0.10620362526223089,0.0808779077073117,0.10842912695676309
0.025,1,248,0.0056371593387144125,0.10618059463682064,0.08084717162065674,0.10840766171084278
0.025,1,249,0.005634770835637744,0.10615809753040739,0.08081683876025549,0.10838660584844241
0.025,1,250,0.0056324066741964855,0.10613582499982262,0.08078688527739494,0.10836561408444988
0.025,1,251,0.005630103316262985,0.10611412079702667,0.08075788790459759,0.10834629325347965
0.025,1,252,0.005627816397862178,0.10609256710874874,0.08072972160427161,0.10832693231038969
0.025,1,253,0.005625541647506977,0.10607112375672256,0.0807015607197445,0.10830756204520689
0.025,1,254,0.005623272420759908,0.10604972815391757,0.08067430330062375,0.10828816507685042
0.025,1,255,0.0056210736622786224,0.10602899284892432,0.08064700406851415,0.10827043249711744
0.025,1,256,0.005618886188121651,0.10600835993563575,0.08061921154273287,0.10825151216217832
0.025,1,257,0.005616709900994319,0.10598782855587069,0.0805909770124668,0.108232977063786
0.025,1,258,0.005614581447000613,0.10596774459240522,0.08056464662818454,0.10821483011578399
0.025,1,259,0.005612444678194796,0.10594757834131742,0.08053737775506757,0.10819630859098177
0.025,1,260,0.005610316586875252,0.10592749017016548,0.08050910725673041,0.10817786379682497
0.025,1,261,0.005608243385439266,0.10590791646934866,0.08048382644269085,0.10816042159646103
0.025,1,262,0.005606235149513009,0.10588895267697201,0.08045839360988477,0.10814305522115254
0.025,1,263,0.005604231738809708,0.10587003106460022,0.08043282348928726,0.10812547142824203
0.025,1,264,0.005602253294364597,0.10585134193164106,0.08040705719411238,0.10810860464247951
0.025,1,265,0.005600241104120337,0.10583233063785695,0.08037979065326888,0.10809091595470077
0.025,1,266,0.00559827880232463,0.10581378740338737,0.08035596820899489,0.1080742264806079
0.025,1,267,0.005596324042277925,0.10579531220501147,0.0803301997010505,0.10805725730703884
0.025,1,268,0.005594400789954299,0.10577713164908849,0.08030531446446727,0.10804078468585053
0.025,1,269,0.005592481355793434,0.10575898407032315,0.08028146124701394,0.10802487824983101
0.025,1,270,0.005590617164945056,0.10574135581639811,0.08025741939194887,0.10800916652784555
0.025,1,271,0.005588788792653287,0.10572406341654947,0.08023259637101074,0.1079933797442322
0.025,1,272,0.005586933796775219,0.10570651632491934,0.08020866338950412,0.1079775010926906
0.025,1,273,0.005585092598492879,0.10568909686900423,0.08018554571846702,0.1079615060294737
0.025,1,274,0.005583298095815959,0.10567211643395773,0.08016244257107684,0.10794648765886342
0.025,1,275,0.005581504551756827,0.10565514234297191,0.0801404253866588,0.10793134431785886
0.025,1,276,0.00557976513755021,0.10563867793143011,0.08011834058050461,0.10791738623913723
0.025,1,277,0.00557803257522022,0.10562227582494348,0.08009554813240162,0.10790234563332378
0.025,1,278,0.005576323256224994,0.10560609126584501,0.08007331166983057,0.10788756386665044
0.025,1,279,0.0055746342826678,0.10559009690939582,0.08005118634978844,0.10787325801601065
0.025,1,280,0.005572936609011483,0.10557401772227372,0.08002999897427886,0.10785913630235464
0.025,1,281,0.005571296903495645,0.10555848524392196,0.08000762401706557,0.10784477015041541
0.025,1,282,0.005569671330559992,0.10554308438320335,0.07998712282913344,0.10783164958214157
0.025,1,283,0.005568083926467776,0.10552804296932429,0.07996552031267645,0.10781810119988933
0.025,1,284,0.00556649292605102,0.10551296532702528,0.07994479847376144,0.10780506796044327
0.025,1,285,0.005564901543743997,0.10549788190996061,0.07992450852527459,0.10779166186306857
0.025,1,286,0.005563327127246946,0.10548295717552619,0.07990425936436611,0.1077780321488315
0.025,1,287,0.005561768655652849,0.10546818151132453,0.07988429484403063,0.1077642958623848
0.025,1,288,0.0055602868922190645,0.10545413118715705,0.07986439676669084,0.10775165117334833
0.025,1,289,0.005558757571215736,0.10543962795093442,0.07984436536535838,0.1077382816990473
0.025,1,290,0.005557275830824633,0.10542557403993238,0.07982488037733763,0.1077259165099977
0.025,1,291,0.005555754533946735,0.10541114299680784,0.07980487636499492,0.10771229283917781
0.025,1,292,0.0055542957704731236,0.10539730329067365,0.07978509404823217,0.10770018213562607
0.025,1,293,0.005552843984071443,0.10538352797350678,0.0797651119745525,0.10768729554125109
0.025,1,294,0.005551388116598914,0.10536971212448967,0.07974518889115469,0.10767435673663327
0.025,1,295,0.005549975768126286,0.10535630752950946,0.07972507685133404,0.1076618051082762
0.025,1,296,0.00554859428020877,0.10534319418176734,0.07970701687680082,0.10764983752979833
0.025,1,297,0.005547214114266591,0.10533009175222996,0.0796889427420996,0.10763811582606214
0.025,1,298,0.005545837794542757,0.10531702421301845,0.07967104314856284,0.10762654093466013
0.025,1,299,0.005544493828761672,0.10530426229513858,0.07965313232455136,0.10761500514453474
0.025,1,300,0.005543148641936123,0.10529148723364223,0.07963512997344457,0.1076034161804806
0.025,2,1,0.06498216152456375,0.3605056491223508,0.29964574568813507,0.3569148548785858
0.025,2,2,0.05882110159852345,0.34299009198087177,0.28500351399535717,0.33959722461612774
0.025,2,3,0.05327459674920875,0.32641873950252537,0.2712556238228975,0.3233198702093409
0.025,2,4,0.04842799279258227,0.3112169429596733,0.2586817054601044,0.3084377076684126
0.025,2,5,0.0442403862964841,0.29745717774659297,0.2473389106483331,0.2950005027800813
0.025,2,6,0.040647563797692035,0.28512300432512294,0.23717874271440412,0.2829853118157899
0.025,2,7,0.037578600937550416,0.27414813855851883,0.22819968360136803,0.2723167108539307
0.025,2,8,0.03493008613012781,0.2643107494224471,0.2201312197304216,0.26276855702310264
0.025,2,9,0.03264432108197203,0.25551642249363166,0.21289268086924426,0.25424841591356023
0.025,2,10,0.03066870387188678,0.2476639007683065,0.20638093870682003,0.24664684464924128
0.025,2,11,0.0289301519867858,0.24054168863956119,0.20044876776578885,0.23976249305330136
0.025,2,12,0.02740292662187685,0.23410649978963358,0.1950931315004529,0.23355217574059484
0.025,2,13,0.026040316699686025,0.22821181695821988,0.19016368490365282,0.22787229392765967
0.025,2,14,0.0248311811802983,0.22285053816537354,0.1856893772970085,0.22271248724971388
0.025,2,15,0.023750801063845337,0.21794862267904028,0.1815925969090766,0.21800079962768115
0.025,2,16,0.022775611795488288,0.21342732625176322,0.17780451601016906,0.2136590631440238
0.025,2,17,0.02189306327115709,0.20925134776701962,0.17430576024610572,0.20965145201342542
0.025,2,18,0.021093189929461752,0.20539323226173617,0.1710568017498791,0.2059498299783704
0.025,2,19,0.020362724620891767,0.2018054737656626,0.168029921234727,0.2025086144042107
0.025,2,20,0.019692995368455493,0.19845904045145182,0.1651810322669874,0.19929810647135962
0.025,2,21,0.0190772702634623,0.19533187278814637,0.16249970265808875,0.19629676529057402
0.025,2,22,0.018509538187926063,0.1924034209047545,0.15999254895590814,0.19348452250874587
0.025,2,23,0.017982964585645782,0.1896468538396869,0.157624455167711,0.1908346379418115
0.025,2,24,0.017494815881076077,0.18705515700496514,0.1553802678488843,0.18834074218094274
0.025,2,25,0.017039879544714694,0.18460703965295958,0.15326044589651508,0.18598260756433635
0.025,2,26,0.016616957965846148,0.18230171675464907,0.15125812844929845,0.18375833171530007
0.025,2,27,0.01621997236766942,0.18011092342037124,0.14935155754343726,0.18164112338936378
0.025,2,28,0.015847368877062423,0.17803015967561464,0.14754111579179857,0.17962741423525896
0.025,2,29,0.015496427947804143,0.17604787955442203,0.14581735295243178,0.1777054146923261
0.025,2,30,0.015166833124154098,0.17416562877992947,0.14418276987540293,0.17587640283296732
0.025,2,31,0.014854708874398739,0.17236420089101298,0.14261284607907623,0.17412500301777428
0.025,2,32,0.01456069016970727,0.17064987647055166,0.14111983118974047,0.17245376516906807
0.025,2,33,0.014280576655254737,0.16900045358078028,0.13968385075135317,0.17084334732090953
0.025,2,34,0.014015042305785383,0.16742187614398174,0.13831001303221532,0.16929885845777212
0.025,2,35,0.013762146328818146,0.16590446846795986,0.13698713425124703,0.16781142983883535
0.025,2,36,0.013520589654608232,0.1644420241581101,0.13571550812257244,0.16637455465745943
0.025,2,37,0.013290874146471945,0.16303910050335746,0.13449101401109298,0.16499307513569367
0.025,2,38,0.013072384703869537,0.16169344268627306,0.13331368982447606,0.16366623024287394
0.025,2,39,0.012864040118852366,0.16039975136422355,0.13217879312536943,0.1623885809711469
0.025,2,40,0.012665063281322662,0.15915441106876468,0.1310826534681172,0.1611558354887703
0.025,2,41,0.01247397328820446,0.15794918985676665,0.13002269861424623,0.15996149699421
0.025,2,42,0.012290609736723343,0.15678398985051595,0.12899513166198176,0.1588040617492656
0.025,2,43,0.012114231922059415,0.15565495123547735,0.12800028900323057,0.15768053304090626
0.025,2,44,0.011945260593974145,0.1545655886280911,0.12704148264929765,0.15659421077303873
0.025,2,45,0.011782639235804585,0.15350986441140899,0.12610901388480086,0.155540580324663
0.025,2,46,0.011626871311127053,0.15249177886776097,0.12520429908940145,0.15452318405477697
0.025,2,47,0.011476571186387915,0.151502945096047,0.12432817884128745,0.15353325526164147
0.025,2,48,0.011331875225081436,0.15054484531249443,0.12347605279092327,0.15257298809951608
0.025,2,49,0.011192909485208138,0.14961891247571704,0.12265716241077143,0.15164296449177492
0.025,2,50,0.011058741097886312,0.14871947483693124,0.12186299233498028,0.15073875806250378
0.025,2,51,0.01092899215323881,0.14784445984370745,0.12108542309119869,0.14985694308409292
0.025,2,52,0.010803673522183217,0.14699437759440473,0.12032891157107599,0.1489997590021248
0.025,2,53,0.010682553647620493,0.14616807892026557,0.11959231735154138,0.14816475900866102
0.025,2,54,0.010565798983840944,0.14536711446431716,0.11888291581666725,0.14735528140273546
0.025,2,55,0.010452385919354396,0.14458482575536338,0.11819066882027807,0.1465637571483409
0.025,2,56,0.010343224689213604,0.14382784632478932,0.11751713675420346,0.1457961310392569
0.025,2,57,0.010237414547372092,0.14309028302000168,0.11686089387501063,0.14504814910646818
0.025,2,58,0.010135272960820568,0.14237466741538377,0.11622101805611144,0.14432170704254574
0.025,2,59,0.010035943646719043,0.14167528822429862,0.11559627275426103,0.14361019079511578
0.025,2,60,0.009939419831718343,0.14099233902392244,0.11498556440778468,0.14291371166331066
0.025,2,61,0.009845911386872757,0.14032755529027616,0.1143937890229501,0.14223687889014386
0.025,2,62,0.009755403394841792,0.13968108959226938,0.11382041451249175,0.14157708853478224
0.025,2,63,0.009666784149210158,0.13904520235671677,0.11325740307908229,0.14092782511424526
0.025,2,64,0.009581740549397774,0.13843222565138347,0.11271472790518909,0.14030080225765096
0.025,2,65,0.009499065955031397,0.13783371107991976,0.11217932538812031,0.13968789201512852
0.025,2,66,0.009418769437561274,0.13724991393484567,0.1116563021036238,0.13908881532807407
0.025,2,67,0.009340210982114832,0.13667634017718525,0.1111378896689605,0.13850046180476386
0.025,2,68,0.009264322828773607,0.1361199678869607,0.11063701206346556,0.13792894831620028
0.025,2,69,0.009190434608589537,0.13557606432250155,0.11014602898750663,0.13736939594859185
0.025,2,70,0.009118611355194536,0.1350452617102469,0.10966540866776654,0.13682353509630785
0.025,2,71,0.009048704724674212,0.1345266124205483,0.10919294950564674,0.13628971838156806
0.025,2,72,0.008980572449406558,0.13401919600868048,0.10872906689243132,0.13576675032910598
0.025,2,73,0.008914373832607018,0.13352433360707716,0.10827472538298882,0.13525702277948903
0.025,2,74,0.008849824787595391,0.13304002997290246,0.10783371375752547,0.1347575901279561
0.025,2,75,0.008787137878098211,0.13256800427024773,0.1074011335037754,0.1342703748047575
0.025,2,76,0.008725682013849753,0.13210361095632286,0.10698188646075452,0.13378985159009807
0.025,2,77,0.008665967164666211,0.13165080451456582,0.1065681009574623,0.13332183059219152
0.025,2,78,0.008607726575986333,0.13120767184876297,0.10616196715919095,0.13286280518320004
0.025,2,79,0.008551113557079925,0.13077548361279284,0.1057637328755841,0.13241551541689145
0.025,2,80,0.008495677309959886,0.13035089036872657,0.10537061101959835,0.1319762840097347
0.025,2,81,0.008441469627742282,0.1299343651829052,0.10498748959656636,0.131544519420274
0.025,2,82,0.00838885805692811,0.1295288234867291,0.1046122312150605,0.1311238214952139
0.025,2,83,0.008337392047832959,0.12913087971382337,0.10424380729965248,0.13071020500613573
0.025,2,84,0.008287270222823748,0.12874214712225168,0.1038834230918697,0.13030603954066874
0.025,2,85,0.008238297819859049,0.12836119210929017,0.10353053286454324,0.12991009978401083
0.025,2,86,0.008190440703146758,0.12798781741358634,0.10318426595212075,0.12952256094622783
0.025,2,87,0.008143936665420647,0.12762395280996938,0.10284445641071052,0.12914392860335294
0.025,2,88,0.008098281593042019,0.1272657188172999,0.1025101952426087,0.1287710119545994
0.025,2,89,0.008053724034892238,0.12691512151743178,0.10218345196958535,0.12840588129927297
0.025,2,90,0.008010203593651772,0.12657174719226857,0.1018636456129014,0.1280485857813044
0.025,2,91,0.007967885116517364,0.126236960645584,0.101545596378672,0.12770024790454562
0.025,2,92,0.007926455308704615,0.12590834212795127,0.10123455753196182,0.1273571849708715
0.025,2,93,0.00788589634932044,0.12558579815664223,0.10092926868476414,0.1270206755921506
0.025,2,94,0.007846348295370448,0.12527049369560614,0.10062742681371598,0.12669195374159392
0.025,2,95,0.007807514564497512,0.12496011015117994,0.10033008499944271,0.12636809558407217
0.025,2,96,0.007769485644008321,0.12465541018350003,0.10003932402762789,0.1260501208201453
0.025,2,97,0.007732250128842792,0.1243563438578249,0.09975159658358027,0.12573755051540936
0.025,2,98,0.0076958408501423365,0.1240632165481964,0.09946812401902244,0.12543133149094665
0.025,2,99,0.00766028882700577,0.12377632105540841,0.0991894485399623,0.12513071485930183
0.025,2,100,0.0076252850156847355,0.12349319832026973,0.09891786879732758,0.12483435633271939
0.025,2,101,0.007591201641863996,0.12321689528521643,0.0986500801033907,0.12454472437513005
0.025,2,102,0.007557665059205639,0.12294441881765629,0.09838382895378438,0.12425918647344801
0.025,2,103,0.007524990416854331,0.12267836334785634,0.09812175688608557,0.12398117484969204
0.025,2,104,0.007492723094444853,0.12241505703503024,0.09786961261887457,0.12370527748645181
0.025,2,105,0.007461399250165891,0.12215890675809023,0.09762239920590228,0.12343605365694174
0.025,2,106,0.007430706575925946,0.12190739580456919,0.09737868469965655,0.12317217496435183
0.025,2,107,0.007400519619534429,0.12165952177724873,0.09713564632548173,0.12291188095919221
0.025,2,108,0.007371045229239538,0.12141701058121582,0.09689651625727778,0.12265790486325358
0.025,2,109,0.0073421581546494995,0.12117886081862216,0.09666214573084493,0.12240827287928828
0.025,2,110,0.007313693173760533,0.12094373215475479,0.09643124935051589,0.12216041906097388
0.025,2,111,0.007285846641234469,0.12071326887492086,0.09620221549900984,0.12191793208251414
0.025,2,112,0.00725843725409504,0.12048599299582537,0.09597824194298764,0.12167925552787767
0.025,2,113,0.007231541878545536,0.12026256174342484,0.09575736186069218,0.12144495970426461
0.025,2,114,0.007205318171647654,0.12004430991636092,0.09554437922436987,0.1212153246041234
0.025,2,115,0.007179551542176252,0.11982947502327006,0.09533435568752992,0.1209891580492043
0.025,2,116,0.007154149879733268,0.11961730543473438,0.0951286120783816,0.12076553671229497
0.025,2,117,0.0071291366974713865,0.11940801227280677,0.09492346519411474,0.12054503317261031
0.025,2,118,0.007104730080394891,0.11920344022212523,0.09472140186050378,0.12032901738208392
0.025,2,119,0.0070810063852904575,0.11900425526249435,0.0945223320436802,0.12012040551756073
0.025,2,120,0.007057629176096605,0.11880765275096218,0.0943257561467876,0.11991279847955158
0.025,2,121,0.0070345793177221455,0.11861348420581992,0.09412934639646525,0.11970787850065472
0.025,2,122,0.007011985617639418,0.11842284929555967,0.09393671897076815,0.11950704528925436
0.025,2,123,0.006989846936338937,0.1182357554747204,0.09374813623616995,0.11930994822083266
0.025,2,124,0.0069681207868646875,0.11805185967925018,0.0935594418736653,0.1191161223987515
0.025,2,125,0.006946815276446447,0.11787124565767892,0.09337316344467671,0.11892473303143487
0.025,2,126,0.00692587871965331,0.11769348936668765,0.09318870817077254,0.11873732111304122
0.025,2,127,0.006905178853118881,0.11751747830105001,0.09300586346337601,0.11855192561752452
0.025,2,128,0.006884935078174764,0.11734509003937714,0.09282641043293804,0.11836931029136612
0.025,2,129,0.006865009069092451,0.11717516007322074,0.09264573254928332,0.11818927052353743
0.025,2,130,0.006845320414375751,0.11700701187856864,0.09247481028103342,0.11801122697432945
0.025,2,131,0.006826070757319303,0.11684237893263986,0.09230351991798999,0.11783752674882679
0.025,2,132,0.0068072975701002425,0.11668159726452362,0.09213540435681952,0.11766776063210632
0.025,2,133,0.00678864234699427,0.11652160612516693,0.09197100147041803,0.11749863432010028
0.025,2,134,0.006770339278379795,0.11636442135274677,0.09181042843687505,0.11733263174344162
0.025,2,135,0.006752377073448477,0.11620995717621169,0.09165052195957761,0.11716865931610616
0.025,2,136,0.006734687092829228,0.11605763303487822,0.09149434768593002,0.11700797378433855
0.025,2,137,0.006717366494600909,0.11590829560131499,0.09133769492442881,0.11684950606509537
0.025,2,138,0.00670030034517542,0.11576096358596381,0.0911838153183034,0.1166936063388251
0.025,2,139,0.0066835063819251994,0.11561579807210777,0.09103096773359916,0.116540742282106
0.025,2,140,0.006667220463534438,0.11547484975988874,0.09088316784525825,0.11639114255635213
0.025,2,141,0.006651077336793678,0.11533496726313038,0.09073707140975301,0.11624311097458585
0.025,2,142,0.006635064185102866,0.11519604320551002,0.09059240626820902,0.11609580142285462
0.025,2,143,0.006619446978499843,0.11506039265098866,0.09044980602872749,0.1159514576041111
0.025,2,144,0.0066040857082184734,0.11492680895438169,0.09030855599671378,0.11580995454026075
0.025,2,145,0.006588901269309128,0.11479461023331303,0.09017042752955992,0.1156706891153695
0.025,2,146,0.006573962954146773,0.11466440558557632,0.09003418394499406,0.11553268986828105
0.025,2,147,0.006559285381776004,0.11453632944857281,0.08989944423827374,0.11539650829611088
0.025,2,148,0.006544801328668676,0.11440980140415134,0.08976976657632103,0.1152619753256079
0.025,2,149,0.006530630692626904,0.11428587570322855,0.08963851518451432,0.11513014413299504
0.025,2,150,0.006516707876822612,0.11416398623754001,0.08951116065471566,0.11499999718157883
0.025,2,151,0.006502977299157803,0.11404365216142284,0.08938820819723825,0.11487208463696408
0.025,2,152,0.006489356306705909,0.113924152897495,0.08926351228918468,0.11474439611664819
0.025,2,153,0.006475962201981839,0.11380652179890079,0.08914064960515658,0.11461925181829238
0.025,2,154,0.006462778150999946,0.11369061659609332,0.08901959384646657,0.11449651275259097
0.025,2,155,0.00644990808645778,0.11357735765950694,0.08890236877966065,0.11437643990900703
0.025,2,156,0.0064371938737129,0.11346535923983936,0.08878580108730845,0.11425741607954046
0.025,2,157,0.0064246227144919045,0.11335451216861113,0.08866938492949024,0.11413840275129468
0.025,2,158,0.006412417706215391,0.11324678985485982,0.08855590881594426,0.11402372602165031
0.025,2,159,0.006400203508144305,0.11313888375040922,0.08844171221661694,0.11390890916673697
0.025,2,160,0.0063881897627007115,0.11303264805091237,0.0883284875119161,0.11379575414696133
0.025,2,161,0.006376325158758709,0.11292763309977509,0.08821881799051869,0.11368338647419973
0.025,2,162,0.006364700703522772,0.11282464893384576,0.08810968262280011,0.11357279355941317
0.025,2,163,0.006353337184822691,0.11272388553294897,0.08800103204167922,0.11346445812966223
0.025,2,164,0.0063421236188007666,0.11262436342817451,0.08789195985856568,0.11335763706998497
0.025,2,165,0.006331101392797054,0.11252645371464484,0.08778470122080907,0.11325338980497567
0.025,2,166,0.006320222309345483,0.11242973191594369,0.08767903313280932,0.11314984939635055
0.025,2,167,0.006309657752470256,0.11233572675218027,0.0875754809457406,0.11304917332445774
0.025,2,168,0.0062990460968937656,0.11224122323722034,0.08747246020231017,0.11294827945500936
0.025,2,169,0.006288732686852373,0.11214929947933132,0.08737334214486561,0.11284982692497764
0.025,2,170,0.006278453340732335,0.11205760430004147,0.08727602933869005,0.11275193469738144
0.025,2,171,0.0062683738918550575,0.11196761935358863,0.08717944659083607,0.11265578143561811
0.025,2,172,0.006258432556397966,0.1118787965290829,0.08708510287301512,0.11256085170800668
0.025,2,173,0.006248657470401136,0.11179139028029964,0.08699032096388508,0.1124669314915648
0.025,2,174,0.00623910973849614,0.11170595094708374,0.08689709383266399,0.11237529689996743
0.025,2,175,0.006229649287518978,0.111621228155929,0.08680628257316175,0.11228433960365711
0.025,2,176,0.006220356599377669,0.11153794510728328,0.0867148681797948,0.11219571350558032
0.025,2,177,0.006211159866891037,0.11145546076250402,0.08662519133429805,0.11210718728820998
0.025,2,178,0.006202009451877274,0.11137333120525106,0.08653515852915,0.11201895861512652
0.025,2,179,0.006193102012149705,0.11129332425756457,0.08644599943086784,0.11193355788818957
0.025,2,180,0.006184265466726592,0.11121389721367192,0.08636209563356417,0.1118491682373891
0.025,2,181,0.006175483174237941,0.11113490157675887,0.08627621865560177,0.11176394300631325
0.025,2,182,0.0061669179500730585,0.11105780431894967,0.08619280391254126,0.11168144322579132
0.025,2,183,0.00615839471673802,0.11098103186344971,0.08611016120395926,0.11159897605607974
0.025,2,184,0.006150067776618468,0.11090597618359858,0.08602745885940752,0.11151795370523185
0.025,2,185,0.006141801793676646,0.11083141967579993,0.08594633168988652,0.1114385460637807
0.025,2,186,0.0061337070289478575,0.11075835886241596,0.08586515139350476,0.11136049107071595
0.025,2,187,0.006125785760646664,0.11068681728775712,0.08578264688815428,0.11128343594403704
0.025,2,188,0.006117949554699705,0.11061599843331618,0.0857028998227369,0.11120730542788167
0.025,2,189,0.006110183982295749,0.11054577316474609,0.08562320346111832,0.1111320598113488
0.025,2,190,0.006102500991379079,0.11047625076349286,0.0855434303289151,0.11105769819316362
0.025,2,191,0.006094923596039827,0.11040764100405213,0.08546654859202803,0.11098398951336155
0.025,2,192,0.006087446776333203,0.11033990009360352,0.08538826542011789,0.11091168884265672
0.025,2,193,0.006080117733094983,0.11027345766860656,0.08531088658095473,0.11084097783802961
0.025,2,194,0.0060728108604682016,0.11020717635860382,0.08523462677724529,0.11076990734708568
0.025,2,195,0.006065669610331821,0.11014235888459827,0.08516095926974224,0.1107001215629423
0.025,2,196,0.006058550368848072,0.110077703181417,0.08508703617323352,0.11063091353951836
0.025,2,197,0.006051543192151738,0.11001402812506901,0.08501284527232679,0.11056250478369996
0.025,2,198,0.006044651982145043,0.10995137090682447,0.08494134244019191,0.11049523861123102
0.025,2,199,0.006037920322813638,0.10989012988265723,0.08486956329131336,0.11042890621364845
0.025,2,200,0.0060312809938819255,0.10982969538227742,0.08479814577113443,0.11036368470901119
0.025,2,201,0.006024736244418479,0.1097700892266967,0.08472772554591769,0.1102989855737963
0.025,2,202,0.006018200303758589,0.1097105309781936,0.08465636811924818,0.11023484033842158
0.025,2,203,0.0060118061924376775,0.10965223383440648,0.08458803411272194,0.11017128998472842
0.025,2,204,0.006005521040069206,0.10959489988196719,0.08451985520132886,0.11010824182887029
0.025,2,205,0.005999263135145365,0.1095377846694497,0.08445074106961911,0.1100463921143286
0.025,2,206,0.005993161106755378,0.10948206343283248,0.08438377763183133,0.10998664741942624
0.025,2,207,0.005987105642191194,0.10942673934821592,0.08431614855063271,0.10992718092256758
0.025,2,208,0.005981065533111312,0.10937152767618556,0.08424934983056896,0.10986711784722256
0.025,2,209,0.005975266561743836,0.10931849396825623,0.08418285433122524,0.10981010203773053
0.025,2,210,0.005969423485715468,0.10926503087187106,0.08411580602683766,0.10975245768799853
0.025,2,211,0.005963586407418889,0.10921159652178783,0.08405166625383684,0.10969483686107238
0.025,2,212,0.005957936657767644,0.10915985212309189,0.08398771742255931,0.10963864714587526
0.025,2,213,0.005952336370346381,0.10910853651613499,0.08392387581745878,0.10958271655066648
0.025,2,214,0.0059468656511835905,0.10905838483292873,0.08386067501930657,0.10952861920334966
0.025,2,215,0.0059413634052021165,0.10900792086084493,0.0837985105166367,0.10947374183072174
0.025,2,216,0.005935940537780705,0.10895816204195724,0.08373704590901357,0.10941909247798955
0.025,2,217,0.00593062050886813,0.10890932475108024,0.08367576426854027,0.1093659107679017
0.025,2,218,0.005925295905108077,0.10886042352579818,0.08361666383742455,0.1093131733939695
0.025,2,219,0.005920071368183545,0.108812419954558,0.0835574400238744,0.10926166912142535
0.025,2,220,0.005914963586569629,0.10876546866142424,0.08349716396998344,0.10921041425560539
0.025,2,221,0.005909956394079732,0.1087194223134002,0.08343637746038207,0.10916129320808882
0.025,2,222,0.00590494415666131,0.10867331003205258,0.08337672317446572,0.10911105344933991
0.025,2,223,0.00590001148464983,0.108627910636722,0.08331915485465742,0.10906137046205369
0.025,2,224,0.0058951554577921575,0.10858319812744656,0.08326376991759624,0.10901304603586748
0.025,2,225,0.005890396557628744,0.10853936205477481,0.08320822932637494,0.1089650525650709
0.025,2,226,0.0058856979440506975,0.10849606392907253,0.0831535310246971,0.10891832065451931
0.025,2,227,0.0058811023532135565,0.10845369844512963,0.08309916294529524,0.1088729379683292
0.025,2,228,0.005876457337488695,0.10841086050289145,0.08304544350997593,0.10882587799021635
0.025,2,229,0.005871922720880319,0.10836902436471706,0.0829908580747331,0.10878061355937467
0.025,2,230,0.005867411799646503,0.10832739080811005,0.08293794576965915,0.10873487582880438
0.025,2,231,0.005862986758184759,0.10828653432615487,0.08288787176037649,0.10869076864582304
0.025,2,232,0.005858567032221391,0.10824571152910761,0.08283568385821108,0.10864625756659282
0.025,2,233,0.0058542684832796985,0.10820599320998536,0.08278299197067784,0.10860332925054876
0.025,2,234,0.005849964007658832,0.10816620551409606,0.082731825138413,0.1085600169335079
0.025,2,235,0.005845701696444239,0.10812679313143657,0.08267983207683509,0.10851730629693158
0.025,2,236,0.00584152280688124,0.10808813817326339,0.0826289939453797,0.10847542062939312
0.025,2,237,0.005837419716690998,0.10805017090862003,0.08257895025198972,0.10843346769800503
0.025,2,238,0.005833430378495528,0.10801324343334505,0.08253002599727326,0.10839334519865716
0.025,2,239,0.0058294371921036765,0.10797626768974446,0.08248036451726568,0.10835339454555439
0.025,2,240,0.005825474667757141,0.10793956334687611,0.08243285018693361,0.10831243167471413
0.025,2,241,0.005821547960863896,0.1079031784598016,0.08238358540789303,0.1082733326978696
0.025,2,242,0.005817672521911705,0.10786725658800918,0.08233512337523274,0.10823403525018042
0.025,2,243,0.005813848614968685,0.10783180064311905,0.08228674419902064,0.10819543520276272
0.025,2,244,0.0058100239687195005,0.10779632617783874,0.08223885432557373,0.10815603033152824
0.025,2,245,0.005806317933222013,0.10776194071398318,0.08219252272007219,0.10811799109543449
0.025,2,246,0.005802652285311013,0.10772791917892978,0.08214504801247301,0.10808091219280434
0.025,2,247,0.005799005089838678,0.1076940582375711,0.08209803186776138,0.1080438164346284
0.025,2,248,0.005795396493176722,0.10766054517024073,0.08205192513882276,0.1080063144517418
0.025,2,249,0.0057918140866120415,0.10762726500856594,0.08200724583366271,0.10796997431891221
0.025,2,250,0.005788345029828196,0.10759502804338308,0.08196194183748638,0.10793435083416827
0.025,2,251,0.005784897752238285,0.10756298389537439,0.08191695475314155,0.10789928718285599
0.025,2,252,0.005781463031785436,0.10753104697514515,0.08187280161022832,0.10786461456301694
0.025,2,253,0.005778101998492744,0.10749978603227771,0.0818301296050225,0.10782993354124588
0.025,2,254,0.005774744001730683,0.1074685442511499,0.08178753463025665,0.10779584962279623
0.025,2,255,0.005771434150298721,0.10743774150919891,0.08174448282872102,0.1077621180756973
0.025,2,256,0.005768162474185361,0.1074072853598429,0.08170271883003467,0.10772771872946489
0.025,2,257,0.005764999798005266,0.1073778356832104,0.0816614118973955,0.10769490765304965
0.025,2,258,0.005761811678308872,0.10734814090899639,0.08161999152151682,0.10766276919032887
0.025,2,259,0.005758663810290822,0.10731881298533656,0.08157891936801424,0.10763077843760686
0.025,2,260,0.005755551512011189,0.10728980857482401,0.08153942631646094,0.10759897701354418
0.025,2,261,0.005752483449284598,0.10726120873162485,0.08149923412081016,0.10756737613126248
0.025,2,262,0.005749453285432636,0.10723295468681851,0.0814604356449292,0.10753621837421765
0.025,2,263,0.00574649235841462,0.10720533903136187,0.08142196748284376,0.10750648713565872
0.025,2,264,0.005743524209494055,0.10717764887787057,0.081383595564202,0.10747621585347415
0.025,2,265,0.0057406275918573816,0.10715061914760345,0.08134584869515805,0.10744731598734192
0.025,2,266,0.005737768112493959,0.1071239292828074,0.08130716173798422,0.10741787895934726
0.025,2,267,0.005734931252714148,0.1070974439724324,0.08126862152056692,0.10738837891030642
0.025,2,268,0.005732155391265278,0.10707152180916528,0.08123142826222017,0.1073596584394935
0.025,2,269,0.005729359240223641,0.10704540382682146,0.08119419844533644,0.10733103149360596
0.025,2,270,0.005726598981069353,0.107019614847647,0.08115759098415513,0.10730255987022301
0.025,2,271,0.005723877543886313,0.10699418249499655,0.08112083590211183,0.10727380713374414
0.025,2,272,0.005721168666279713,0.10696886150912997,0.0810835353079458,0.10724571405863516
0.025,2,273,0.005718494632258954,0.10694386034045109,0.08104899600378998,0.10721874253015987
0.025,2,274,0.005715859996283577,0.1069192218105199,0.08101543164504678,0.10719146849921725
0.025,2,275,0.005713261435037407,0.10689491508053511,0.08098212487251936,0.10716476558878177
0.025,2,276,0.0057107059859718475,0.10687100622687004,0.08094832653172482,0.1071384732829388
0.025,2,277,0.005708181987741336,0.10684738637647002,0.08091311412957165,0.10711191799110903
0.025,2,278,0.005705673682886822,0.10682390821241115,0.0808797585024637,0.10708484540365905
0.025,2,279,0.0057031883930169095,0.10680064038213356,0.08084610620359836,0.10705890712431627
0.025,2,280,0.005700722297917539,0.10677754724582822,0.08081220092237108,0.10703299132891755
0.025,2,281,0.0056983181333958,0.10675502923418456,0.08077898488458726,0.1070073694556667
0.025,2,282,0.005695950921978602,0.1067328526928668,0.08074567765584002,0.10698255421886856
0.025,2,283,0.00569358277619403,0.10671066278675276,0.08071246950793781,0.1069582239387614
0.025,2,284,0.005691253324710153,0.10668883094973113,0.08067977723587393,0.1069337213201353
0.025,2,285,0.005688941667257743,0.10666716146272706,0.08064711744113134,0.10691013209373869
0.025,2,286,0.005686675435238691,0.10664591351982214,0.08061491065677409,0.10688642854644065
0.025,2,287,0.005684434241647325,0.1066248961701471,0.08058387930004057,0.10686302815990055
0.025,2,288,0.005682196112335868,0.1066039034213651,0.08055309422542299,0.10683996041269916
0.025,2,289,0.00567997211885548,0.10658303916529571,0.08052158447520147,0.10681697033065815
0.025,2,290,0.005677775285604843,0.10656242570066471,0.08049020502902464,0.10679367206172431
0.025,2,291,0.005675632459121421,0.10654231515338328,0.08045939688354513,0.10677132992497758
0.025,2,292,0.005673510792204909,0.10652239944917603,0.08042852592487484,0.10674897820880952
0.025,2,293,0.0056714181097923125,0.10650275216906192,0.08039739683038878,0.10672766379404053
0.025,2,294,0.005669355683999027,0.10648338540823189,0.08036821821976528,0.10670618375042033
0.025,2,295,0.005667328825538195,0.10646434920233341,0.08033848422391263,0.10668581398541156
0.025,2,296,0.005665273035850821,0.10644503779745508,0.08031029234483075,0.10666378822723578
0.025,2,297,0.005663296286640022,0.10642646556792179,0.08028290783406865,0.1066432262695787
0.025,2,298,0.005661307920759867,0.10640778092564347,0.08025582681531204,0.10662326915508726
0.025,2,299,0.005659351103110466,0.10638938953777737,0.08022802883985251,0.10660189864712728
0.025,2,300,0.005657355999553408,0.10637063504138168,0.0802004460050437,0.10658034065008228
0.025,3,1,0.05438387572633116,0.3297995625416479,0.2815453256213537,0.328289331582548
0.025,3,2,0.047898708888744715,0.30951157939161084,0.2644339152531207,0.30777433597236137
0.025,3,3,0.0425826313383213,0.2918308802656816,0.24947511694985777,0.2899560457581581
0.025,3,4,0.03821145125549263,0.27644692530571807,0.23639623095016332,0.2744639346022742
0.025,3,5,0.03459474591863266,0.26303895498056046,0.22494801938494646,0.2609495062722255
0.025,3,6,0.03155304604215021,0.25120925955127615,0.21487981702620668,0.2490065069487414
0.025,3,7,0.029006716716821958,0.24085977960972213,0.20602920938457686,0.2385424673609547
0.025,3,8,0.026847646290556023,0.23172244729657082,0.19811575808350232,0.2292984604925502
0.025,3,9,0.025004603137400168,0.22362738265874404,0.19103164980505416,0.22111137287016355
0.025,3,10,0.023424000099862622,0.21644398859687752,0.18469769520995943,0.21385590002695426
0.025,3,11,0.02205588891396941,0.21002804057539273,0.17898377866088983,0.20738957189952284
0.025,3,12,0.02086002034314297,0.20425484250388273,0.1737891125411131,0.20158636794571988
0.025,3,13,0.019810214515987176,0.19904881067711597,0.16909958748818588,0.1963688373047436
0.025,3,14,0.018888057007595903,0.1943607831204428,0.1648245322137982,0.1916844856609129
0.025,3,15,0.01806538864069981,0.19008097559040363,0.1609008427564467,0.18742016261132155
0.025,3,16,0.01733512775322122,0.1861995045816246,0.15734870919993382,0.18356451694422746
0.025,3,17,0.0166778130887543,0.1826352270990145,0.154069476487355,0.18003279424969693
0.025,3,18,0.016085874726101027,0.17936485010224845,0.15105104747943449,0.17680064485155136
0.025,3,19,0.015549619604988836,0.17634976385007628,0.14824263343618346,0.17382785180617882
0.025,3,20,0.015059554931642977,0.17354858070086876,0.14562593407008825,0.1710714240104288
0.025,3,21,0.01461352072488935,0.17095918065368323,0.14319694040445263,0.16852820969393467
0.025,3,22,0.01420224125646568,0.1685362943491145,0.14090461893065187,0.166152848733348
0.025,3,23,0.013826170265254472,0.1662899291313486,0.1387655910781937,0.16395481620316624
0.025,3,24,0.01347731563693283,0.1641786565722404,0.13675108466096628,0.16189216649721486
0.025,3,25,0.01315409529393402,0.16219799810067953,0.1348628210724023,0.15995966830326588
0.025,3,26,0.012853058446122079,0.16033127234648942,0.13307491077061984,0.15814136447774393
0.025,3,27,0.012573181350524164,0.15857604705959955,0.13138421226424474,0.15643345323657437
0.025,3,28,0.012309874338491122,0.15690681526620265,0.12977526629969727,0.15481171041830968
0.025,3,29,0.012064912827345163,0.1553377792254361,0.12825346746987573,0.1532885721676391
0.025,3,30,0.011834598269258445,0.1538479656625881,0.1268046092466525,0.15184425271576546
0.025,3,31,0.011618349681232643,0.15243588607170322,0.1254274369289546,0.15047638872746988
0.025,3,32,0.011413337250180643,0.15108499098309297,0.12411511158441285,0.14916939740135096
0.025,3,33,0.011220107417707147,0.14980058356166137,0.1228654853679645,0.14792847443367121
0.025,3,34,0.011038344339543421,0.14858226232995256,0.12167192125077049,0.14675196617738723
0.025,3,35,0.010865326417779096,0.14741320441384548,0.12051798997009039,0.1456232560379063
0.025,3,36,0.010701179983404632,0.1462954543614027,0.11940463088984378,0.1445460057354369
0.025,3,37,0.010545697797670193,0.14522876986100375,0.11834426412492213,0.1435183433261267
0.025,3,38,0.010397623226501139,0.14420557011780882,0.11733025068145089,0.14253288056082541
0.025,3,39,0.01025596808647139,0.1432198874910282,0.11634906372094225,0.14158477078781634
0.025,3,40,0.010121792106390986,0.14227995014330716,0.11541075895631688,0.14068103178023592
0.025,3,41,0.009993718002060696,0.14137692882546782,0.1145051651087595,0.13981403508284573
0.025,3,42,0.009871104466844501,0.1405069711213255,0.1136287725763474,0.13897877334143216
0.025,3,43,0.009753936161788138,0.1396705850334145,0.11279311453735291,0.13817598245305215
0.025,3,44,0.009640733674820122,0.13885772340651506,0.11198656956225178,0.13739702389103534
0.025,3,45,0.009533236596502317,0.1380814006048774,0.1112223252899021,0.13665274846827302
0.025,3,46,0.0094295897394054,0.13732872779870495,0.11048671540979306,0.13593171478419777
0.025,3,47,0.009330502365854282,0.13660528808105696,0.10977512878998719,0.13523897295467266
0.025,3,48,0.00923497961160487,0.13590422812852343,0.1090862758642893,0.13456813307433352
0.025,3,49,0.009143326490088258,0.13522815158160123,0.10841997643765053,0.13392155425975616
0.025,3,50,0.00905474885903762,0.1345715338326618,0.10777905107304084,0.13329327992873327
0.025,3,51,0.008969987022214293,0.13394018830966525,0.10715839648923445,0.13269003161731058
0.025,3,52,0.008888492289369467,0.13333035880375832,0.10655197892489479,0.1321077843471976
0.025,3,53,0.008809652807824536,0.13273773244879947,0.10596529810190333,0.13154167482114507
0.025,3,54,0.008733525766022454,0.13216297337773886,0.10539447657396087,0.1309927245899222
0.025,3,55,0.008659670173200351,0.13160296480855097,0.10483311604592878,0.13045851492890673
0.025,3,56,0.008588742635014227,0.13106290577439694,0.10428900645490448,0.12994369727722357
0.025,3,57,0.008520196078526655,0.1305388530555302,0.10376414568906077,0.12944418962869286
0.025,3,58,0.008454213147836617,0.13003240479077988,0.10325703323137914,0.12896163965499652
0.025,3,59,0.008390405607354616,0.12954077047288715,0.10276844287619034,0.12849318539713736
0.025,3,60,0.008328305634358756,0.12906049460899147,0.10228930017946174,0.12803559056818614
0.025,3,61,0.008268100065602742,0.1285931574042938,0.10181946032622749,0.12759080553929814
0.025,3,62,0.008209698517646934,0.1281381950680353,0.10136029872274395,0.1271576921514299
0.025,3,63,0.008153248919518297,0.1276968983140804,0.10091123067540794,0.12673736115532558
0.025,3,64,0.008098584372636539,0.12726809790860033,0.10047221905656871,0.12632962519730917
0.025,3,65,0.008045615835622816,0.12685121864312393,0.10004848382878481,0.12593333852805863
0.025,3,66,0.007993855979309069,0.1264425243287168,0.09963455802101352,0.12554453380402514
0.025,3,67,0.007943806736383684,0.12604607678451307,0.09923463612224212,0.1251673252019244
0.025,3,68,0.007894938348764974,0.1256577761124633,0.09884363013697262,0.12479830910041101
0.025,3,69,0.007847867377232915,0.1252826195226849,0.09846086222008171,0.12444207532664488
0.025,3,70,0.0078018463341217315,0.12491474159699271,0.09808591149869308,0.12409242193261416
0.025,3,71,0.007757262324331612,0.12455731471360172,0.09772219723689776,0.12375302212363909
0.025,3,72,0.007713815046842454,0.12420801139091193,0.09736194154427072,0.12342117514787121
0.025,3,73,0.007671757716876042,0.12386894458964315,0.09701022348143214,0.12310007329510897
0.025,3,74,0.007630574199320523,0.1235360206524439,0.09666981044024553,0.12278391565830811
0.025,3,75,0.007590241307938328,0.12320910118930604,0.09633272227896317,0.12247342245397994
0.025,3,76,0.0075510985847141695,0.12289099710486663,0.09600209290942925,0.1221713013179647
0.025,3,77,0.007513123286137858,0.1225815914902222,0.09567775743234436,0.12187780508718317
0.025,3,78,0.0074759967313838055,0.122278344210116,0.09535832737676272,0.12159067696911649
0.025,3,79,0.007439828720467977,0.12198220132845593,0.09504680616941759,0.12131006241242714
0.025,3,80,0.007404572787748781,0.12169283288467551,0.09474434637352018,0.12103569122697935
0.025,3,81,0.00737010125608216,0.12140923569549526,0.09444961608039568,0.12076682090456081
0.025,3,82,0.007336469381665396,0.12113190646287539,0.09416103023264921,0.1205033030469852
0.025,3,83,0.007303698630869797,0.1208610659465636,0.09387790013842516,0.12024711681795842
0.025,3,84,0.007271856140266448,0.12059731456600888,0.09360411636215031,0.11999763775092404
0.025,3,85,0.0072406783301523555,0.12033850863420534,0.09333304845104742,0.11975253417074903
0.025,3,86,0.0072102536166900886,0.12008541640590742,0.09306984432932368,0.11951280162740929
0.025,3,87,0.007180596074719172,0.11983819153107386,0.09281156206865374,0.11927903004248545
0.025,3,88,0.007151676489877314,0.11959662612195475,0.09255846768489752,0.11905070746657873
0.025,3,89,0.007123251202451091,0.11935871315032758,0.09231027480931339,0.11882527728659369
0.025,3,90,0.007095668554013056,0.11912739864542544,0.09206752854128904,0.11860624776218226
0.025,3,91,0.007068663441673243,0.11890049151852353,0.09183134621308388,0.11839055345485484
0.025,3,92,0.007042287222563992,0.11867844979240327,0.09159761808553753,0.1181808642112587
0.025,3,93,0.007016460563944332,0.11846063113072065,0.09137061832484453,0.11797495617787415
0.025,3,94,0.006991290455675919,0.11824796366682953,0.09114950920032645,0.11777432123170727
0.025,3,95,0.0069665921128168615,0.11803890979517612,0.09093131445343808,0.11757669033981953
0.025,3,96,0.0069424414095519095,0.11783413265732395,0.09071828662974916,0.11738351375005437
0.025,3,97,0.006918615248658924,0.11763175803037991,0.09051097190656116,0.11719183415990708
0.025,3,98,0.006895343411768602,0.11743375504316127,0.0903045896042366,0.11700452153409771
0.025,3,99,0.00687257429778344,0.11723970571255661,0.09009983916397303,0.11682126954803425
0.025,3,100,0.0068504962348546914,0.11705123865089759,0.08990199909562158,0.11664344189257256
0.025,3,101,0.0068288043784155315,0.11686577239222382,0.0897083080500029,0.11646805007033804
0.025,3,102,0.006807381767510563,0.11668231886203294,0.08951728360593982,0.11629480467898641
0.025,3,103,0.006786463832377277,0.11650290839611925,0.08932814262833562,0.11612496153443402
0.025,3,104,0.006765981110134349,0.11632696256787889,0.08914265674400738,0.11595845451625209
0.025,3,105,0.006745776171602928,0.11615314177070656,0.08896123037117769,0.11579361373849795
0.025,3,106,0.006726158202908833,0.11598412135209572,0.08878278151821396,0.11563398215519936
0.025,3,107,0.006706754607620483,0.11581670525118976,0.08860676301092156,0.11547609749554238
0.025,3,108,0.006687740060551667,0.11565241078811689,0.0884366700838612,0.11532089065623272
0.025,3,109,0.006669256118500441,0.11549247697144989,0.08826982391388481,0.11517050663673141
0.025,3,110,0.006650928631899857,0.1153336779253992,0.0881062464456889,0.11502025536556411
0.025,3,111,0.006633237575391307,0.11518018558234143,0.08794704926354385,0.11487624258347306
0.025,3,112,0.006615612272812366,0.11502706005816515,0.08778864251593652,0.1147321723175003
0.025,3,113,0.006598432455796815,0.1148776083995207,0.08763117479392057,0.11459094467650145
0.025,3,114,0.006581586418512765,0.11473087133385473,0.08747830705370317,0.11445254665077784
0.025,3,115,0.006565117882475744,0.11458724084710081,0.08732889490524763,0.11431743102989916
0.025,3,116,0.006548876041654332,0.11444541093162568,0.08718383179902829,0.11418395922938505
0.025,3,117,0.006533009025377007,0.11430668419105688,0.08704020629507549,0.1140531554113793
0.025,3,118,0.0065173153477835755,0.11416930715199751,0.08689612111197621,0.11392400154822105
0.025,3,119,0.006501903352739447,0.11403423479586687,0.08675667849185606,0.11379737969910018
0.025,3,120,0.0064870454126948595,0.1139038665954309,0.0866187306980513,0.11367506447258757
0.025,3,121,0.0064722694351353575,0.1137740694106997,0.0864831349340506,0.11355314986689781
0.025,3,122,0.0064577284481253305,0.11364619173668188,0.0863491564688962,0.11343294219327792
0.025,3,123,0.006443557672402778,0.11352143121369443,0.08621934140438883,0.11331551293607003
0.025,3,124,0.006429495852261827,0.11339749426033917,0.08609310783342236,0.11319887763619574
0.025,3,125,0.0064157586532795265,0.11327628748577107,0.08596767429470212,0.11308482063694797
0.025,3,126,0.006402187135380622,0.11315641506676165,0.08584205084857051,0.1129723676317743
0.025,3,127,0.0063888602634383914,0.11303857981625912,0.08571953643973719,0.11286147861197297
0.025,3,128,0.00637585631887778,0.11292348133915975,0.08559877422142426,0.11275318984074917
0.025,3,129,0.006362872914535858,0.11280844750758569,0.08548057169824898,0.11264500852323159
0.025,3,130,0.006350365329986428,0.11269751842863647,0.08536459869244209,0.1125404887809382
0.025,3,131,0.006337996283549375,0.11258771055092448,0.08525095895056793,0.11243723353900897
0.025,3,132,0.006325807056125063,0.11247939416733238,0.08513879230419986,0.1123357520626397
0.025,3,133,0.006314005558430947,0.11237442376653993,0.08503228389699016,0.11223709012331948
0.025,3,134,0.006302276943901734,0.11227000439923153,0.08492602243752427,0.11213901245210742
0.025,3,135,0.006290670472480051,0.11216657677294115,0.08482083500679923,0.11204168144325094
0.025,3,136,0.00627929745030797,0.1120651368651997,0.08471606019382244,0.11194683583008398
0.025,3,137,0.006268152213287705,0.11196563949076256,0.08461218088407506,0.11185346017558694
0.025,3,138,0.006257202366481626,0.11186780025084632,0.0845098173612667,0.11176148128318932
0.025,3,139,0.006246298552419412,0.11177028721819957,0.0844093413787333,0.11167007522390503
0.025,3,140,0.006235657239344674,0.11167503964041986,0.08430995521511524,0.11158097134282227
0.025,3,141,0.006225173697837142,0.1115811247284875,0.08421230435128142,0.11149323452630984
0.025,3,142,0.00621487890648471,0.1114888237132737,0.08411582720708788,0.11140721951602071
0.025,3,143,0.006204739134625953,0.11139783781228388,0.08402053475457985,0.11132228135630862
0.025,3,144,0.00619472248362229,0.11130788367067528,0.08392845048797577,0.11123830497258413
0.025,3,145,0.0061849304786633225,0.11121987662880518,0.0838365823593179,0.11115622282706475
0.025,3,146,0.006175302466221008,0.11113327554086587,0.08374819094050016,0.11107552639816147
0.025,3,147,0.006165770320459026,0.11104747021394973,0.08365998006122287,0.11099494580779375
0.025,3,148,0.006156465173202611,0.11096364425524795,0.08357471562085465,0.11091668317614632
0.025,3,149,0.0061472878173725026,0.11088090744012247,0.08348986032141276,0.11083959284307716
0.025,3,150,0.00613827239371944,0.11079957033959509,0.08340447950850272,0.11076388457177942
0.025,3,151,0.006129449557676853,0.11071991291250959,0.08331994635071749,0.11068991921185553
0.025,3,152,0.006120693906181476,0.11064080536747259,0.08323581970561773,0.11061628493145755
0.025,3,153,0.0061121037433864815,0.1105631380106994,0.08315255452817456,0.11054428348747902
0.025,3,154,0.006103547680251733,0.11048572469103629,0.08307085744723035,0.11047202553341533
0.025,3,155,0.006095196961932771,0.11041011694525797,0.08299115627823749,0.11040147355025544
0.025,3,156,0.006086980054701642,0.11033567015885336,0.08291272745289885,0.11033235162637045
0.025,3,157,0.006078950305322933,0.11026287049884864,0.08283718313190662,0.11026396632995547
0.025,3,158,0.006071001772458589,0.11019075979825703,0.08276176177242793,0.11019600571336473
0.025,3,159,0.0060631699714193445,0.11011966192664546,0.08268660086862538,0.1101300582969122
0.025,3,160,0.006055391722514901,0.1100490047434769,0.08261164849097895,0.11006431480152015
0.025,3,161,0.006047727790559612,0.10997934161068261,0.08253818019199502,0.10999897054329218
0.025,3,162,0.006040228662696312,0.10991113376447639,0.08246599306632622,0.10993563940311482
0.025,3,163,0.0060328482024066465,0.10984396389794614,0.08239507420963074,0.10987346297938586
0.025,3,164,0.006025484181843887,0.10977690268762266,0.08232505156003536,0.1098110200909585
0.025,3,165,0.00601828504782771,0.10971130340878929,0.08225652145590515,0.10975049784648866
0.025,3,166,0.006011278368489671,0.10964742011091434,0.08218908105135306,0.10969133443595158
0.025,3,167,0.006004221406952599,0.1095830407221172,0.08212175410583844,0.10963133379208367
0.025,3,168,0.005997363452136314,0.10952044057742202,0.08205607916635088,0.10957359069223008
0.025,3,169,0.005990665880770854,0.10945926987487953,0.08199138386472853,0.10951709128849527
0.025,3,170,0.005984043038316364,0.10939874805788559,0.08192707430444214,0.10946171773997661
0.025,3,171,0.005977509718457597,0.10933901150511283,0.08186390067905268,0.10940606454172773
0.025,3,172,0.00597103439001973,0.10927977296846594,0.08180148884412528,0.10935111853007265
0.025,3,173,0.005964580177628956,0.10922069563621133,0.0817400933193462,0.10929618614815491
0.025,3,174,0.0059582845211832575,0.10916303881060894,0.08167730448275425,0.10924289071419756
0.025,3,175,0.005952057931369367,0.10910598454135655,0.08161629416981199,0.10919016578119924
0.025,3,176,0.0059459641753815155,0.10905011852704714,0.08155706197570893,0.10913776928630016
0.025,3,177,0.005939897082066646,0.10899446850245792,0.08149748823124713,0.10908597506286231
0.025,3,178,0.005933959315772912,0.10893997719637095,0.08143824539997079,0.10903525254383183
0.025,3,179,0.005928084834690567,0.10888603982779947,0.08138060043761539,0.10898494120653161
0.025,3,180,0.00592226894126861,0.10883261405726329,0.0813231107762033,0.10893461581889004
0.025,3,181,0.005916602603259987,0.10878053689203769,0.08126734291076092,0.10888640466491843
0.025,3,182,0.005910930440932654,0.10872838121606201,0.08121269202200988,0.10883842902960149
0.025,3,183,0.005905413726296941,0.10867763087495919,0.08115846849689114,0.10879150019491837
0.025,3,184,0.0058999456712338465,0.10862730477401937,0.0811048041398947,0.10874542277660744
0.025,3,185,0.005894580157763202,0.10857789975647164,0.08105231507064087,0.10870039248528689
0.025,3,186,0.005889275554269996,0.10852903348201343,0.08099907457260741,0.10865513541914808
0.025,3,187,0.005884033414737666,0.10848072100366651,0.08094689812133886,0.10861066157342482
0.025,3,188,0.005878913654319404,0.10843351561504777,0.0808948040417588,0.10856735621119214
0.025,3,189,0.005873848893668336,0.10838679710802729,0.08084313033006178,0.10852437888646867
0.025,3,190,0.005868831124703009,0.10834049219662065,0.0807913599476458,0.10848164253415943
0.025,3,191,0.005863820515443942,0.10829423359942987,0.08074036876913025,0.10843916017168871
0.025,3,192,0.00585894879678962,0.10824923830484554,0.08069092316668516,0.1083975328048301
0.025,3,193,0.005854150301576884,0.10820490101263329,0.0806426299344163,0.10835685965489379
0.025,3,194,0.005849283613676774,0.10815991506724451,0.0805957446230803,0.10831523168876345
0.025,3,195,0.0058446192886762,0.10811678212633041,0.08054847316204279,0.10827584950757295
0.025,3,196,0.0058400332972063755,0.10807435678463578,0.08050146770321076,0.10823721468500119
0.025,3,197,0.005835479417402572,0.1080322120240308,0.0804575470490256,0.10819807533639714
0.025,3,198,0.005830989309660601,0.10799064135063373,0.08041262853002522,0.10815910041548078
0.025,3,199,0.0058265374085414295,0.10794940859996806,0.08036796831470011,0.10812091853788262
0.025,3,200,0.005822128046705449,0.1079085543106333,0.08032394924838639,0.10808340043682527
0.025,3,201,0.005817790459528041,0.1078683499412876,0.08028107856933756,0.10804618663933173
0.025,3,202,0.005813533344986771,0.1078288768835767,0.08023871989707701,0.10800952170318938
0.025,3,203,0.005809268999293672,0.10778932228466484,0.08019608697732501,0.10797288123389472
0.025,3,204,0.0058051237394347414,0.10775085836720505,0.08015380719099795,0.10793808350683118
0.025,3,205,0.005801075185845099,0.10771327853004103,0.08011443862318754,0.1079032186959666
0.025,3,206,0.005797043408767928,0.10767584138299481,0.0800746672189516,0.1078686244287216
0.025,3,207,0.005793040689883605,0.10763866117602545,0.08003492957751417,0.107834771434825
0.025,3,208,0.005789134921854422,0.10760236913613401,0.07999685466628988,0.10780111591938289
0.025,3,209,0.005785241395463577,0.10756617865726734,0.07995893565547373,0.107768347497109
0.025,3,210,0.005781369978059253,0.10753018160553113,0.07992029614391757,0.10773526644331265
0.025,3,211,0.0057775619894181365,0.10749476256467695,0.0798836031301024,0.10770244934317083
0.025,3,212,0.005773781633395795,0.10745958899414976,0.07984604973329297,0.10767040982726463
0.025,3,213,0.0057701175298288075,0.10742548608062062,0.0798101092888382,0.1076394693056609
0.025,3,214,0.005766429585034116,0.10739115033403931,0.07977390180075808,0.10760785165211062
0.025,3,215,0.005762778791135168,0.10735714965604451,0.07973730839170132,0.10757667265104813
0.025,3,216,0.005759277046905747,0.1073245269908584,0.0797019479056126,0.10754671264817035
0.025,3,217,0.0057558078934948536,0.10729219816459026,0.07966653153004681,0.10751743064282873
0.025,3,218,0.0057523277170466736,0.10725975682469799,0.07963161050668148,0.107488233608612
0.025,3,219,0.0057488812042842926,0.10722761961625644,0.07959838995084027,0.10745832122126071
0.025,3,220,0.0057454743742901175,0.10719584296314963,0.07956385548694475,0.10742872842626108
0.025,3,221,0.005742201787189358,0.10716530956600982,0.07953037496125955,0.10740064971785085
0.025,3,222,0.005738933433444899,0.10713480698115714,0.07949749080899639,0.10737265367383599
0.025,3,223,0.005735674744900657,0.10710438595034899,0.07946515137694332,0.10734440360944612
0.025,3,224,0.0057324481428444925,0.10707425594272876,0.07943233433569778,0.10731696761956402
0.025,3,225,0.005729279732919496,0.10704466108049944,0.0794004118755854,0.10728987028434477
0.025,3,226,0.005726186686078794,0.10701576226032121,0.07937012069501144,0.10726307784040333
0.025,3,227,0.00572313427788252,0.10698723548052376,0.07933959541411824,0.10723718692942584
0.025,3,228,0.0057201048161580415,0.1069589156279928,0.07931031953249047,0.10721135043905103
0.025,3,229,0.005717090666020621,0.10693073146687646,0.07928116620589919,0.107185459177094
0.025,3,230,0.005714152272316381,0.10690324852235672,0.079251809285344,0.10716059943346803
0.025,3,231,0.005711208742968681,0.10687571045816427,0.07922386289201112,0.10713570499098937
0.025,3,232,0.005708294898764003,0.10684844312168525,0.07919567481388719,0.10711094812932916
0.025,3,233,0.005705435574529251,0.10682167920913105,0.0791673363906835,0.10708656550592602
0.025,3,234,0.0057025814321568415,0.10679495711087525,0.07913903260616806,0.10706222582334023
0.025,3,235,0.005699816314407388,0.10676906213325457,0.0791119664308011,0.10703905624805013
0.025,3,236,0.005697033095102378,0.1067429912931278,0.07908515381494853,0.10701552061711221
0.025,3,237,0.0056943256869692194,0.10671762447664603,0.07905794882975627,0.10699268071004696
0.025,3,238,0.005691651695632816,0.10669256483591362,0.0790320511491579,0.10696993866491862
0.025,3,239,0.005689007247113232,0.10666777626924855,0.07900658944409343,0.10694721314423351
0.025,3,240,0.005686398583031488,0.1066433174937041,0.0789797773727601,0.10692472542201996
0.025,3,241,0.005683820100780205,0.10661913618839917,0.07895401033583825,0.10690268029367861
0.025,3,242,0.005681261505282733,0.10659513596110033,0.07892825754697974,0.10688037992955035
0.025,3,243,0.005678740789461898,0.10657148576858537,0.07890288073735319,0.1068585097600672
0.025,3,244,0.005676253260677809,0.1065481418015144,0.07887759950980912,0.10683745271904542
0.025,3,245,0.0056737846480602785,0.1065249702939201,0.07885226808549374,0.10681631023698368
0.025,3,246,0.0056713262734289305,0.10650188987458327,0.07882670500971597,0.10679546471841717
0.025,3,247,0.005668918691066738,0.10647928146890115,0.07880198368394413,0.10677517428931592
0.025,3,248,0.005666519302008357,0.10645674522554555,0.07877747292028853,0.10675454976926367
0.025,3,249,0.005664160787843682,0.10643458824878013,0.07875341265566267,0.106734615542927
0.025,3,250,0.005661820473971294,0.10641259769380028,0.07873068759270305,0.10671474987373573
0.025,3,251,0.0056595118057863655,0.10639090004118176,0.07870751781704163,0.10669509425714709
0.025,3,252,0.0056572276771990684,0.1063694286644341,0.07868488043504702,0.10667532465219497
0.025,3,253,0.005655003839863368,0.10634851987558047,0.07866163256951748,0.10665671274080483
0.025,3,254,0.005652816338236744,0.10632794870810537,0.07863897052716304,0.106638459769486
0.025,3,255,0.005650677707919101,0.10630783327600182,0.07861688648779525,0.10662034242978487
0.025,3,256,0.005648502972888547,0.10628737434793041,0.0785959726826106,0.10660189893733625
0.025,3,257,0.005646354521179352,0.10626715881380618,0.07857370979760873,0.10658338764786622
0.025,3,258,0.005644254761269136,0.10624739772125373,0.07855161720191416,0.10656579771538327
0.025,3,259,0.0056421718151321906,0.10622779123310613,0.0785297735598614,0.10654794954555158
0.025,3,260,0.005640133411651922,0.10620860051475985,0.07850806647079193,0.10653106130443761
0.025,3,261,0.005638111793041766,0.10618956439351059,0.07848664399246277,0.10651394386396071
0.025,3,262,0.005636106111308006,0.10617067496543484,0.07846523825547468,0.10649691265338133
0.025,3,263,0.005634111229812939,0.10615188391934398,0.07844433454309728,0.10648019418577712
0.025,3,264,0.005632174042581471,0.10613363314785253,0.07842415540893749,0.10646396719051102
0.025,3,265,0.005630220015865121,0.10611522054696132,0.07840319972844438,0.10644697350620842
0.025,3,266,0.005628305548768454,0.10609717761343564,0.07838342552919766,0.10643024311771057
0.025,3,267,0.0056263964355450415,0.10607918208154739,0.07836332445843945,0.10641384453929918
0.025,3,268,0.0056245036600276995,0.10606133753661322,0.07834287377757687,0.10639802446727688
0.025,3,269,0.005622669203562419,0.106044039941549,0.07832324412377262,0.10638169072361019
0.025,3,270,0.005620842903658735,0.10602681645375131,0.0783033905615985,0.10636597920666037
0.025,3,271,0.005619040592352474,0.1060098164544442,0.07828348481166394,0.10635115318713807
0.025,3,272,0.00561727293521725,0.10599314067634047,0.07826415755577448,0.10633589703061419
0.025,3,273,0.005615474821863808,0.10597617488722462,0.07824491531999321,0.1063206563618317
0.025,3,274,0.005613705112751891,0.10595947444897875,0.07822648040419782,0.1063051579664616
0.025,3,275,0.005611981200130958,0.10594320365300416,0.07820781474567516,0.10629094540175152
0.025,3,276,0.005610305614065976,0.10592738658218635,0.07818912063431606,0.10627681856868348
0.025,3,277,0.005608639079655006,0.1059116526134401,0.07817143492062145,0.10626254116299627
0.025,3,278,0.005606981333244319,0.10589599929406511,0.0781544914225489,0.1062478998748491
0.025,3,279,0.005605343691285814,0.10588053353932264,0.07813675268304124,0.10623394596736993
0.025,3,280,0.0056037066004935455,0.10586507073150753,0.07811965070020856,0.10622027951121597
0.025,3,281,0.005602084292558147,0.10584974532381405,0.07810215002025882,0.10620681759918435
0.025,3,282,0.005600478281158084,0.10583457167823833,0.07808470797716033,0.10619330714618784
0.025,3,283,0.005598908748103202,0.10581974057899785,0.0780674420599188,0.10618012145884569
0.025,3,284,0.005597370033593263,0.10580519867750604,0.07805035088186106,0.10616718808770816
0.025,3,285,0.00559584451499162,0.10579077951307117,0.07803345480606835,0.10615465215074606
0.025,3,286,0.005594330728008561,0.10577646929264146,0.07801681514467122,0.10614134686858409
0.025,3,287,0.005592836616267783,0.10576234316870804,0.07800029140559749,0.10612885273140847
0.025,3,288,0.005591325810825375,0.10574805729492505,0.07798377177887784,0.1061162491253889
0.025,3,289,0.005589832017174301,0.10573393038352732,0.0779673679571803,0.10610373958196995
0.025,3,290,0.005588403272877717,0.10572041688224387,0.07795100582430357,0.10609181501154234
0.025,3,291,0.0055869959801741025,0.10570710458785731,0.07793494799401261,0.10608015157377944
0.025,3,292,0.005585608070964506,0.10569397400953856,0.0779197635086539,0.10606817605363444
0.025,3,293,0.005584221049223691,0.10568085019740986,0.07790445888912653,0.10605633010573488
0.025,3,294,0.00558283598752865,0.10566774330446023,0.0778875719608705,0.10604530983849528
0.025,3,295,0.00558148540529508,0.10565496112625361,0.07787250991073896,0.10603378826677291
0.025,3,296,0.0055801543817546985,0.10564236254225573,0.0778581929002006,0.10602265301029712
0.025,3,297,0.005578812157221469,0.10562965641543542,0.07784485785328288,0.10601124438566265
0.025,3,298,0.005577505824299265,0.10561728858761017,0.07783102832243517,0.10600003399596165
0.025,3,299,0.005576201387146014,0.10560493726285732,0.0778165874175497,0.10598914888590935
0.025,3,300,0.005574893518148141,0.10559255199253535,0.07780314468444019,0.10597803062177534
0.025,4,1,0.0764362306941636,0.39098908090677825,0.32197850313208615,0.3887573815898042
0.025,4,2,0.06781219791267415,0.3682721762845359,0.30388584705219435,0.3667366610601949
0.025,4,3,0.05966732510515075,0.3454484769257226,0.28603477001000915,0.34446411888792544
0.025,4,4,0.05224997896236005,0.32326453242618514,0.2689118470046428,0.3226738884802132
0.025,4,5,0.04570085789486754,0.30232716680731003,0.2529128321106567,0.3020076401636613
0.025,4,6,0.04002957103425866,0.28294724255330234,0.2380656750063853,0.28282214032276887
0.025,4,7,0.03523880404748886,0.2654761912017304,0.2246819483615507,0.26550673343088504
0.025,4,8,0.03126755851135161,0.25007022418253483,0.21283129169700782,0.25023441995879453
0.025,4,9,0.02800376701924682,0.2366591093503346,0.20233246147642,0.23694651865833802
0.025,4,10,0.02531427188100409,0.22500787488887622,0.19309861953474197,0.22540850011043342
0.025,4,11,0.023106356514683624,0.21497142375061679,0.1849994973458008,0.21547507639616925
0.025,4,12,0.021273626518944256,0.20626985489374958,0.17783701211395767,0.20686503645341464
0.025,4,13,0.019751941361496203,0.19875583695326385,0.17151791609990336,0.19942956640289056
0.025,4,14,0.018461117627545313,0.19215159446408617,0.16588065135239044,0.19289111375278292
0.025,4,15,0.017367836594196072,0.18637508735985114,0.1608824289020456,0.18716778749472116
0.025,4,16,0.016428552549760996,0.18126528928485452,0.15639177085747094,0.18209794644565785
0.025,4,17,0.015614469020419202,0.17671711303899915,0.15232428437116804,0.17757878873640107
0.025,4,18,0.01490331155392531,0.17264594726737903,0.1486410591903277,0.17352691132641848
0.025,4,19,0.014281911245785608,0.16900835036048134,0.14531313923017672,0.1698991368234123
0.025,4,20,0.01372839574882609,0.16570090976712282,0.14225746036415768,0.16659306835452156
0.025,4,21,0.013238386065786452,0.1627168464897624,0.13948191426288428,0.16360238442896963
0.025,4,22,0.012799011357963332,0.1599938208679531,0.13697535929485052,0.16086686791828336
0.025,4,23,0.01240310444750431,0.1574998695079098,0.13466626360069392,0.15835356248559368
0.025,4,24,0.012045911031570477,0.15521540536667408,0.13252367743467314,0.15604654768040893
0.025,4,25,0.011721329322573781,0.15310995606147748,0.13052194550471863,0.1539146167892312
0.025,4,26,0.011426450904879948,0.1511717626071744,0.12866024099288656,0.15194577257934114
0.025,4,27,0.011155458498356042,0.14936839356675188,0.1269073323379014,0.15010955347430482
0.025,4,28,0.010905778812237222,0.14768736447128591,0.12525936036661525,0.14839293392944353
0.025,4,29,0.010675267624523258,0.14611822353507628,0.12371495060027544,0.1467865706421231
0.025,4,30,0.010462614995056796,0.14465555637483682,0.1222605845747926,0.14528446922472654
0.025,4,31,0.01026587633544254,0.14328905286477778,0.12088877339510272,0.1438772863436674
0.025,4,32,0.010082719456511091,0.14200506650476308,0.11958481507042218,0.14255229118634363
0.025,4,33,0.009912131995639749,0.14079866473542815,0.11834179192820547,0.14130477818584664
0.025,4,34,0.009752267552333093,0.13965863777320106,0.11716086143864675,0.14012249531941517
0.025,4,35,0.009602391036853284,0.13858131935331894,0.11603917532553104,0.13900248973674112
0.025,4,36,0.009462662730285454,0.1375693478234556,0.11497756028895391,0.13794746189283724
0.025,4,37,0.009331116646460474,0.1366097847627356,0.11396202909002279,0.1369451597658926
0.025,4,38,0.009208095217411696,0.13570626527475949,0.11300452778043203,0.1359998452301361
0.025,4,39,0.009091652704725688,0.13484548716754066,0.11209193116837227,0.1350972921967197
0.025,4,40,0.008980945994686046,0.1340219832317523,0.11122071355581944,0.13423170656216485
0.025,4,41,0.008876571551584419,0.13324092127859533,0.1103887481314132,0.13340971715297795
0.025,4,42,0.008776805034997795,0.1324900376254592,0.10958973505229927,0.13261679750033767
0.025,4,43,0.00868315797463894,0.13178131866572695,0.10883251441821717,0.13186773052851475
0.025,4,44,0.00859360842787748,0.1311000261470415,0.10811092387799719,0.13114654768997822
0.025,4,45,0.00850879299094545,0.13045146983415287,0.10742027008340183,0.13045930655572244
0.025,4,46,0.008427957680950407,0.1298303329807823,0.10675733721882952,0.12979947545358828
0.025,4,47,0.00835073428526166,0.12923416177823618,0.1061213432365251,0.12916602367642083
0.025,4,48,0.008276886025470385,0.12866146295974087,0.1055090919880297,0.12855633158049326
0.025,4,49,0.008206234370972008,0.12811115775741008,0.10491434525887158,0.12796981107478256
0.025,4,50,0.0081384675834403,0.12758109251327407,0.1043434085990767,0.12740376230280642
0.025,4,51,0.00807327792290455,0.12706909870542524,0.10378984492448623,0.12685655062022205
0.025,4,52,0.008011180588304323,0.1265794658568626,0.10325790249933381,0.12633397155790935
0.025,4,53,0.007951690900470425,0.1261086111292201,0.10275230906677718,0.12583003196906556
0.025,4,54,0.007894509739136578,0.12565436513815648,0.10226958428643192,0.12534309535489344
0.025,4,55,0.007839455901703736,0.12521546151896526,0.10179806117530234,0.12487353809945763
0.025,4,56,0.007786290755534007,0.12479014989600748,0.10134126592446875,0.12441790449505977
0.025,4,57,0.007735041455414968,0.12437878802605344,0.10089830665557929,0.12397620091912684
0.025,4,58,0.007685563298358983,0.12398034762299211,0.10046904156703768,0.123548375149431
0.025,4,59,0.007638297595953956,0.12359852423029942,0.10005572274082604,0.12313850893438948
0.025,4,60,0.007592636692882747,0.12322854127906202,0.09965295431882934,0.12274151233054938
0.025,4,61,0.007548246089521041,0.12286778332436084,0.09926172740748662,0.1223535357471936
0.025,4,62,0.007505401956732906,0.12251858599194577,0.09888391511479971,0.12197762275366571
0.025,4,63,0.007464140771181821,0.12218134694937538,0.09851373874099965,0.12161536438032221
0.025,4,64,0.0074242755430847,0.12185463095906285,0.09815495016607959,0.12126386706009742
0.025,4,65,0.007385382788543862,0.12153503847486832,0.09780248884180337,0.12092027164649867
0.025,4,66,0.007347793300794588,0.12122535461523376,0.09746334678922644,0.12058668146127423
0.025,4,67,0.0073115843377881485,0.12092629439280894,0.09713334301588188,0.12026535490081407
0.025,4,68,0.007276220473202009,0.12063349844219895,0.09681145208356239,0.11995003112323369
0.025,4,69,0.0072419001747330665,0.12034866160230505,0.09650223167991011,0.11964379624946127
0.025,4,70,0.007208798341522001,0.12007329712739633,0.09620179933247672,0.11934816835677256
0.025,4,71,0.007176188582014436,0.11980140718718153,0.09591007094626693,0.11905465343065445
0.025,4,72,0.00714483808291245,0.11953943351808599,0.09562625986177639,0.11877285892746013
0.025,4,73,0.0071145465724546065,0.11928576254067043,0.09535244475480992,0.11850030020929751
0.025,4,74,0.0070851062998548864,0.11903870210864101,0.09508261850570733,0.1182353486911543
0.025,4,75,0.007056323730148367,0.11879666434835927,0.09481835934130606,0.11797527863435092
0.025,4,76,0.007028135739201593,0.11855914759478994,0.09455652426333204,0.11772030013784297
0.025,4,77,0.007000879513487591,0.11832902867418113,0.09430264930824286,0.11747363197073495
0.025,4,78,0.006974019434393937,0.11810181568793883,0.09405189713368016,0.11722899281564923
0.025,4,79,0.006948415129937631,0.11788481776664568,0.09381129033987233,0.11699659518714338
0.025,4,80,0.006923287601517218,0.11767147149175299,0.09357306207335808,0.11676799566832968
0.025,4,81,0.00689871903411276,0.11746249643279986,0.09333947621835326,0.11654515206298365
0.025,4,82,0.006874545932107863,0.11725652162765074,0.09310948860931227,0.11632506540693267
0.025,4,83,0.0068511803120928005,0.11705708275959043,0.09288596638362118,0.11611158774616143
0.025,4,84,0.006828239820915677,0.11686094147246699,0.0926643149773623,0.1159021909734662
0.025,4,85,0.006806006398085452,0.11667053096721083,0.09245135195513655,0.11569894179513658
0.025,4,86,0.0067841554370067555,0.11648309265302631,0.09224261484349522,0.11549799932131975
0.025,4,87,0.00676285895436625,0.11630011998589039,0.0920376424533009,0.11530261174871562
0.025,4,88,0.00674205999013035,0.11612114355387954,0.09184010775777703,0.11511140444639996
0.025,4,89,0.0067217499884012636,0.1159461080709591,0.09164415788600609,0.11492493471143812
0.025,4,90,0.006701994520019345,0.11577559777448221,0.09145315792312497,0.11474357947330964
0.025,4,91,0.006682499719276954,0.11560709077973508,0.0912668779213997,0.11456342394800816
0.025,4,92,0.006663453416076787,0.11544222291758581,0.09108196406590041,0.1143877637755738
0.025,4,93,0.006644905679372893,0.11528144412153148,0.0909004911454335,0.11421711572588196
0.025,4,94,0.006626773677629062,0.11512405202761986,0.09072329767160077,0.1140493195614702
0.025,4,95,0.00660912112294328,0.11497061470604808,0.0905502983941911,0.11388655021650058
0.025,4,96,0.006591692645571212,0.11481892392433585,0.09037770477292167,0.11372548290924167
0.025,4,97,0.006574764817462634,0.11467139850427076,0.09021255820203869,0.11356884476003712
0.025,4,98,0.006558141590796285,0.11452634274084093,0.09004875248730868,0.11341490296700973
0.025,4,99,0.00654180387409758,0.11438359912240548,0.0898889856209532,0.11326342875429121
0.025,4,100,0.006525912392370945,0.1142445831746166,0.0897315701233782,0.11311586863375112
0.025,4,101,0.006510326772307447,0.11410807834949677,0.0895755501174955,0.11297163183511534
0.025,4,102,0.0064951360491981875,0.11397487485580485,0.08942499227984992,0.11283100570336267
0.025,4,103,0.006480115090114113,0.11384300672517494,0.08927498607488464,0.11269208681668129
0.025,4,104,0.006465460361979723,0.11371420634186147,0.08912815708792912,0.11255624505158274
0.025,4,105,0.00645101956694256,0.11358714334767435,0.08898582039474758,0.11242193139811821
0.025,4,106,0.006436946604788292,0.11346317997296121,0.08884637002505844,0.11229160806491179
0.025,4,107,0.006423069452355965,0.11334080864680617,0.08870713083198609,0.1121622999685679
0.025,4,108,0.006409469377657711,0.11322075231738844,0.08857010873946512,0.11203622449037325
0.025,4,109,0.006396063631260349,0.11310228672542699,0.08843616504461264,0.11191206647302877
0.025,4,110,0.006383024054824346,0.11298693778330614,0.08830507123568321,0.11179082066370565
0.025,4,111,0.006370329389976213,0.11287452670976045,0.08817652113784719,0.111672728015401
0.025,4,112,0.006357763250478571,0.11276314336234665,0.08805049139636316,0.11155584176374528
0.025,4,113,0.006345366176220234,0.11265315065474409,0.08792598558400166,0.11144057848003908
0.025,4,114,0.00633314265599718,0.1125445925488842,0.08780270118396294,0.11132676050360067
0.025,4,115,0.006321289928496184,0.11243922739414554,0.08768198641935553,0.11121665227509826
0.025,4,116,0.006309632987936531,0.11233550630087115,0.08756242897547512,0.11110768383380433
0.025,4,117,0.006298298282811232,0.11223456047769985,0.08744642338520055,0.11100261878102595
0.025,4,118,0.006287004354327421,0.11213388742327113,0.0873297581228069,0.11089762143682491
0.025,4,119,0.006275947987511583,0.11203524434312252,0.08721370509659648,0.1107951914927064
0.025,4,120,0.006265087015000894,0.1119382599025096,0.08710303713440334,0.11069397033043618
0.025,4,121,0.006254469918707792,0.11184337189755852,0.08699204876988219,0.11059530164987048
0.025,4,122,0.006243868605223966,0.11174854455628463,0.08688444802995092,0.11049599185351293
0.025,4,123,0.006233619703290109,0.11165679292627124,0.08677817825809316,0.11040018238472296
0.025,4,124,0.006223548248534161,0.11156655635569435,0.08667291392206761,0.11030644324479563
0.025,4,125,0.0062136062488895175,0.11147740801516258,0.08656763460590663,0.11021406806874998
0.025,4,126,0.006203996227135562,0.11139116865475074,0.08646689470553898,0.1101252664646233
0.025,4,127,0.006194386605892867,0.11130486607415568,0.08636493232491321,0.11003614404456313
0.025,4,128,0.006184973063526866,0.11122025951711195,0.08626517629161344,0.10994815230315091
0.025,4,129,0.0061756771473205655,0.11113664694708551,0.0861681879674019,0.10986153950405796
0.025,4,130,0.006166621731677142,0.11105513704171584,0.0860711532713794,0.10977751508481717
0.025,4,131,0.00615763715524045,0.11097420560869495,0.0859745199878892,0.10969373528668143
0.025,4,132,0.006148867429494241,0.11089515254955233,0.08588030820891762,0.10961253877843596
0.025,4,133,0.006140239733452855,0.11081732475974013,0.08578882329484938,0.10953223854419496
0.025,4,134,0.0061317419510287345,0.11074061541303384,0.08569642741685006,0.10945286240426677
0.025,4,135,0.006123348511596955,0.1106647957717083,0.08560437008015219,0.10937447331842934
0.025,4,136,0.006115103513646593,0.1105902664220192,0.08551224853703836,0.10929731999686429
0.025,4,137,0.006106955988586383,0.11051656879026224,0.08542311813704825,0.10922184942495718
0.025,4,138,0.006099040384009853,0.11044492187520305,0.08533489335276515,0.1091483770337249
0.025,4,139,0.006091085318589467,0.11037287092931367,0.08524816599751701,0.10907405748775342
0.025,4,140,0.006083260264743298,0.11030195161232005,0.08516331769246097,0.10900145926165558
0.025,4,141,0.00607567657772914,0.11023317629215934,0.0850793325529824,0.10893123822263871
0.025,4,142,0.0060681559580237346,0.11016493051805311,0.0849971197763588,0.10886138123899756
0.025,4,143,0.00606081228803187,0.11009824965031796,0.084914712365206,0.10879344370674657
0.025,4,144,0.006053545116684441,0.11003222361367093,0.0848335831574984,0.10872594400673237
0.025,4,145,0.0060463875782396865,0.10996715489853946,0.08475243293406381,0.10865900128819342
0.025,4,146,0.006039320307884859,0.10990286900608973,0.08467361035945152,0.10859280819851405
0.025,4,147,0.0060324015392921445,0.10983989748076192,0.08459483146382162,0.10852890443717964
0.025,4,148,0.006025583347232022,0.10977780601954133,0.08451927985106583,0.10846546629960288
0.025,4,149,0.006018876326166717,0.10971669267861402,0.08444436351275399,0.10840346304599653
0.025,4,150,0.006012234066445522,0.10965613586521752,0.08437198297216976,0.10834187379275374
0.025,4,151,0.006005733196824886,0.1095968356917743,0.08429958167184792,0.10828190062193176
0.025,4,152,0.005999354890787044,0.10953862232826414,0.08422744110177982,0.10822226374064732
0.025,4,153,0.005993011518426766,0.10948069709703867,0.08415682158021935,0.10816323287955537
0.025,4,154,0.005986805304344158,0.10942399466610747,0.08408745743474247,0.1081054105887222
0.025,4,155,0.005980643450945428,0.1093676684486364,0.08401985245907372,0.1080484338471411
0.025,4,156,0.0059745172954338895,0.10931163977759999,0.08395128022404164,0.10799170140521511
0.025,4,157,0.005968609623820784,0.10925758210596447,0.08388331676400038,0.10793653603906278
0.025,4,158,0.005962765895390026,0.10920408321477751,0.08381630880620755,0.1078822335328364
0.025,4,159,0.005957007467624168,0.10915133959438307,0.0837508214137256,0.10782885094848717
0.025,4,160,0.0059512645046614285,0.10909871222577679,0.08368543809271528,0.10777490805476458
0.025,4,161,0.005945686946866699,0.10904757628546083,0.08362107841179407,0.10772316083845936
0.025,4,162,0.005940138619450333,0.10899668453168962,0.08355841600969507,0.10767152524087498
0.025,4,163,0.005934702309243754,0.10894679719242557,0.0834965398579359,0.10762098756996402
0.025,4,164,0.0059293667896491474,0.10889781255515785,0.08343565632777117,0.10757172042423754
0.025,4,165,0.005924093237898616,0.10884937517412413,0.08337579842030302,0.10752249697007887
0.025,4,166,0.005918878720046569,0.10880145881417738,0.08331585355019712,0.10747370579003997
0.025,4,167,0.005913775472214583,0.10875454447713515,0.08325673178255026,0.10742650796836942
0.025,4,168,0.0059086330754222335,0.10870724976212243,0.0831984424494992,0.10737883019955921
0.025,4,169,0.005903637666654923,0.10866128718780137,0.08314044201355436,0.10733253669014309
0.025,4,170,0.005898700602717891,0.10861584233175095,0.08308421624029454,0.10728691068811597
0.025,4,171,0.0058938145867535865,0.1085708486358432,0.08302836829220223,0.10724152928136246
0.025,4,172,0.005889050301330295,0.10852695795359137,0.08297217532322643,0.10719727694726448
0.025,4,173,0.005884253908464084,0.10848275354602763,0.0829161165488531,0.10715302804158942
0.025,4,174,0.005879634632969421,0.10844016444998063,0.08286312450065393,0.10711003503933235
0.025,4,175,0.00587504438461324,0.10839782640452934,0.0828089876566279,0.10706743384885857
0.025,4,176,0.0058704960466569355,0.10835585860171046,0.08275632231794751,0.10702544975035669
0.025,4,177,0.005866032772317227,0.1083146598786815,0.08270448265589649,0.10698412989050977
0.025,4,178,0.005861616026819108,0.1082738752129904,0.08265222934414855,0.10694327989786875
0.025,4,179,0.005857298229981104,0.10823398939317634,0.08259937951511857,0.10690301075612967
0.025,4,180,0.005852998390647026,0.10819425484421089,0.08254865655213188,0.10686329389359353
0.025,4,181,0.0058487323489416375,0.10815481819079201,0.0824975132731293,0.10682307448964924
0.025,4,182,0.005844579231197879,0.10811641162374822,0.08244750001074123,0.1067845022669315
0.025,4,183,0.0058404536747480055,0.10807824642126652,0.08239763177158459,0.10674627656035593
0.025,4,184,0.005836376299151557,0.10804051368955589,0.08234717596630292,0.10670885596207352
0.025,4,185,0.005832360510973151,0.10800333801298134,0.08229840257353305,0.10667188941195345
0.025,4,186,0.005828411557306878,0.10796676856613685,0.0822496341639308,0.10663526831540349
0.025,4,187,0.005824459582910378,0.10793015874082997,0.08220283272721862,0.10659830899711852
0.025,4,188,0.0058205835589481385,0.1078942404296739,0.08215560607791812,0.10656231960607354
0.025,4,189,0.005816772713817006,0.10785891445603378,0.08210755735533838,0.10652665256436708
0.025,4,190,0.005813032362235558,0.10782423069269317,0.08206182112419226,0.10649155396305315
0.025,4,191,0.005809323982518507,0.10778983238245161,0.08201549543918533,0.10645718328743892
0.025,4,192,0.005805679570671756,0.10775601672919945,0.08197078114357509,0.10642303460407987
0.025,4,193,0.005802128133456025,0.10772305355360129,0.08192651685808978,0.1063906939712303
0.025,4,194,0.005798592474085041,0.10769022679969656,0.08188275223530837,0.10635802968093797
0.025,4,195,0.005795109943966323,0.10765788353823721,0.08184048238090187,0.10632575171499394
0.025,4,196,0.005791672794478814,0.10762595220929581,0.08179725628032801,0.10629389836227027
0.025,4,197,0.005788232422834729,0.10759398145653622,0.08175458369521199,0.10626177326339906
0.025,4,198,0.005784856624053809,0.10756260153095785,0.08171231819853197,0.1062304228974329
0.025,4,199,0.0057815254988805975,0.10753162789505791,0.08167098011524523,0.1061991566336413
0.025,4,200,0.005778238114990931,0.10750105222732409,0.08163072935904096,0.10616916495935735
0.025,4,201,0.005775021287693585,0.10747112437946842,0.0815916762803638,0.1061393970168893
0.025,4,202,0.005771829475749137,0.107441421023264,0.08155422462060107,0.10610962290662623
0.025,4,203,0.005768698515649546,0.10741227598044412,0.08151460394037467,0.10608072496747552
0.025,4,204,0.005765567419907578,0.10738312176415415,0.0814749947385643,0.10605131727790869
0.025,4,205,0.00576250681602242,0.10735461625866323,0.08143728083687485,0.10602200670292994
0.025,4,206,0.0057595234500845355,0.10732682283646093,0.08140022474497545,0.10599480507757818
0.025,4,207,0.005756494587216014,0.10729859819416109,0.08136271632020455,0.10596716871316837
0.025,4,208,0.005753517863279087,0.10727085217596705,0.08132537497187166,0.10593928355925293
0.025,4,209,0.005750579370038383,0.10724345546501551,0.0812887526178445,0.10591164746480969
0.025,4,210,0.005747717575671435,0.10721676711850096,0.08125283618531352,0.10588535381008232
0.025,4,211,0.005744853216637045,0.1071900482007266,0.0812175526906234,0.10585864494301495
0.025,4,212,0.005742030290092738,0.10716370924984575,0.0811824418480963,0.1058326746828089
0.025,4,213,0.0057392353333265795,0.10713762488805302,0.08114741332138498,0.10580674396118575
0.025,4,214,0.005736481134296906,0.10711191469016793,0.08111304660555774,0.10578135533939112
0.025,4,215,0.005733771932292775,0.10708661851317161,0.08107889750780656,0.10575599652631125
0.025,4,216,0.005731087467523709,0.10706154741571512,0.08104590189781699,0.10573104112619189
0.025,4,217,0.005728475818763342,0.10703715073527828,0.08101181459730916,0.10570658616773403
0.025,4,218,0.00572585329047694,0.1070126468271572,0.08097862610024123,0.10568188683566508
0.025,4,219,0.005723331116409771,0.10698907529659064,0.08094704363870098,0.10565868704436253
0.025,4,220,0.005720796927411045,0.1069653862463091,0.08091611709586566,0.10563515688285167
0.025,4,221,0.005718303843457897,0.10694207631664814,0.08088344455524106,0.10561237706260732
0.025,4,222,0.005715795756541803,0.10691862098382866,0.08085071977451273,0.10558955469958767
0.025,4,223,0.005713340047349276,0.10689565049476313,0.08081966296379225,0.10556698270006258
0.025,4,224,0.005710932793075457,0.10687312845683387,0.08078853613365318,0.10554476846154148
0.025,4,225,0.005708548325213094,0.10685081492635509,0.08075819532846684,0.1055230024971212
0.025,4,226,0.005706205575721519,0.10682888725173093,0.08072808879780476,0.10550154851565527
0.025,4,227,0.0057038646183586,0.10680697185444965,0.08069700601576585,0.1054797566945135
0.025,4,228,0.005701577446144188,0.10678555563505944,0.08066711686041307,0.10545782718120275
0.025,4,229,0.005699292612171639,0.10676415702071214,0.08063791499300453,0.10543693453799609
0.025,4,230,0.005697060789859685,0.10674325074551257,0.0806090347859194,0.105415934887943
0.025,4,231,0.005694822988334211,0.10672228434899818,0.0805803570933154,0.10539535660354428
0.025,4,232,0.005692645626198624,0.10670188026645663,0.08055353980852133,0.1053746986292384
0.025,4,233,0.00569046620597178,0.1066814529894656,0.08052589860540836,0.10535407646181427
0.025,4,234,0.00568831150785778,0.10666125358214931,0.080497228100634,0.10533422269591192
0.025,4,235,0.0056861685205621074,0.10664116016400148,0.08046948654964536,0.10531441372524361
0.025,4,236,0.005684063812467096,0.10662142197951682,0.08044175067252782,0.10529506628770274
0.025,4,237,0.0056819819886854625,0.10660189481135372,0.08041515745983768,0.10527638766539489
0.025,4,238,0.005679957813361202,0.10658290494597342,0.08038816501359708,0.10525751356818908
0.025,4,239,0.0056779613774741115,0.1065641720042352,0.08036239892706157,0.105238906559761
0.025,4,240,0.005676001158839748,0.10654577569138766,0.08033666871419377,0.10522058920884197
0.025,4,241,0.005674048398982666,0.1065274462191098,0.08031099632815963,0.10520262010163194
0.025,4,242,0.005672084735367277,0.10650901121846242,0.08028528966479467,0.10518421765025096
0.025,4,243,0.005670194389345076,0.1064912615132817,0.08026013744255585,0.1051667583869189
0.025,4,244,0.0056683485437748204,0.1064739267968907,0.0802355652017231,0.10515021716045088
0.025,4,245,0.00566651608626416,0.10645671501849152,0.08021108930913497,0.10513322004151672
0.025,4,246,0.005664636010439385,0.10643905308146429,0.08018769598453103,0.10511619841377562
0.025,4,247,0.005662813569190095,0.10642192978131994,0.08016210971680875,0.10509960179229332
0.025,4,248,0.005661003571571977,0.10640492067166797,0.08013757473494686,0.10508266161164141
0.025,4,249,0.005659175498689932,0.10638773894288694,0.08011297745623269,0.10506567168387307
0.025,4,250,0.005657436449255206,0.10637139135364551,0.08008832291571523,0.10504959459109578
0.025,4,251,0.005655677257608324,0.1063548518649556,0.08006383363155468,0.10503319772059064
0.025,4,252,0.005653919929715359,0.1063383273304161,0.08004186046555281,0.10501733943551214
0.025,4,253,0.005652219899912025,0.1063223391382265,0.08001820554707363,0.10500122382230634
0.025,4,254,0.005650550203728468,0.10630663388263659,0.07999610289582511,0.10498574636591802
0.025,4,255,0.005648862169461258,0.10629075377906827,0.07997283364148039,0.10497025658842087
0.025,4,256,0.00564724238481011,0.1062755134996779,0.07994916211104533,0.10495508986110194
0.025,4,257,0.0056456213521391485,0.10626025928953071,0.07992809124571092,0.10494017863861728
0.025,4,258,0.005644009571093514,0.10624508996742875,0.07990606179655249,0.1049252779063529
0.025,4,259,0.0056424232938847825,0.10623015856040866,0.0798838583918492,0.10491059685839223
0.025,4,260,0.005640846026954473,0.1062153098847287,0.07986094569262936,0.10489595111037699
0.025,4,261,0.005639272014883249,0.10620048978119874,0.07983930293268372,0.10488155807157977
0.025,4,262,0.0056377089957700835,0.10618577113502622,0.07981832758726326,0.10486774741678818
0.025,4,263,0.005636165525667782,0.10617123457573414,0.07979706981666247,0.10485332516992878
0.025,4,264,0.0056346683447189155,0.10615713207052002,0.07977569597310584,0.10483965964885514
0.025,4,265,0.005633184993642934,0.10614315798621156,0.07975424594922026,0.10482624588310017
0.025,4,266,0.005631713124771371,0.10612929025270423,0.07973321982790393,0.10481253687747964
0.025,4,267,0.005630267633960556,0.1061156692855542,0.07971193238149062,0.10479854859664761
0.025,4,268,0.005628824619883871,0.10610206991273895,0.07969284181079994,0.10478510293693914
0.025,4,269,0.005627429427299957,0.10608891956561682,0.07967292937058588,0.1047726283496051
0.025,4,270,0.005626018757621113,0.10607562168209163,0.07965219973289739,0.10475907280391938
0.025,4,271,0.00562464010671354,0.10606262401726199,0.07963279882261315,0.10474682814398607
0.025,4,272,0.005623268404887384,0.10604969028608602,0.07961309143123872,0.1047345367918479
0.025,4,273,0.005621900651044099,0.10603679220953545,0.07959397917462468,0.10472161767945051
0.025,4,274,0.005620582496111886,0.10602436037167955,0.07957482485230717,0.10470932869989144
0.025,4,275,0.00561923520929828,0.1060116522774575,0.07955571969996753,0.10469664973089264
0.025,4,276,0.00561793257577134,0.10599936392046266,0.07953680372732648,0.10468425391256479
0.025,4,277,0.005616663184039323,0.10598738777835147,0.07951698681368016,0.1046727791322538
0.025,4,278,0.00561537975277951,0.10597527780364163,0.07949728432116918,0.10466136186819522
0.025,4,279,0.005614110791223837,0.10596330299895183,0.07947773871508476,0.10464956061600852
0.025,4,280,0.005612868972217854,0.10595158301996109,0.07945906213420897,0.10463799074271672
0.025,4,281,0.005611598748770804,0.10593959362552609,0.0794399099161708,0.1046265231086621
0.025,4,282,0.0056103637038917836,0.10592793497365824,0.07942149426422217,0.10461499890890275
0.025,4,283,0.005609147432001959,0.10591645228199402,0.07940440575593394,0.1046032792755134
0.025,4,284,0.005607950716773392,0.10590515300752265,0.07938512199983762,0.10459222535085873
0.025,4,285,0.005606767911766477,0.10589398388734345,0.0793665564356198,0.10458181855976183
0.025,4,286,0.005605617239309134,0.10588311706130618,0.07934751414859446,0.10457162206026728
0.025,4,287,0.00560447095733672,0.1058722905895279,0.07932878345280867,0.10456101891259649
0.025,4,288,0.005603353812587354,0.10586173824935385,0.0793107378916572,0.10455042376166253
0.025,4,289,0.00560222680719709,0.10585109170147552,0.07929350045829868,0.10454028949909176
0.025,4,290,0.0056011174045861355,0.10584061039682392,0.07927475137808004,0.10452965623886426
0.025,4,291,0.005600007263443839,0.10583012107565444,0.07925690947693641,0.10451984033858797
0.025,4,292,0.00559889871882923,0.10581964580198924,0.07923902319784418,0.10450918671910264
0.025,4,293,0.0055977988575877675,0.10580925155758136,0.07922224618808076,0.10449899525293185
0.025,4,294,0.005596719724106506,0.10579905220848158,0.07920557134921187,0.10448888171482933
0.025,4,295,0.005595647024696739,0.10578891269596015,0.07918941235852099,0.10447856434832081
0.025,4,296,0.005594593309142766,0.10577895167889277,0.07917318473339902,0.10446879579238785
0.025,4,297,0.005593539442740101,0.1057689882975166,0.07915704572360575,0.10445911846964961
0.025,4,298,0.005592502227274287,0.10575918141962226,0.07914164390237614,0.10444953354087619
0.025,4,299,0.005591480184257162,0.10574951710771224,0.07912659924900521,0.10444027697820121
0.025,4,300,0.0055904747273220505,0.10574000876983178,0.07911084884332563,0.10443108658358044
0.025,5,1,0.045295502093310715,0.300983395200834,0.25874115758809074,0.30532254202253695
0.025,5,2,0.04010516612733171,0.28321428681241245,0.24387236291867476,0.28774536821967117
0.025,5,3,0.035835618333065596,0.267714842072925,0.2308004366456682,0.27230478973355704
0.025,5,4,0.03224982195980066,0.253967800950438,0.21913404285718793,0.2585226893040615
0.025,5,5,0.029245850269706417,0.24185057481720576,0.20875342028098118,0.24630215177201248
0.025,5,6,0.02671076735766621,0.2311309903827966,0.19955941398625485,0.23543759943299492
0.025,5,7,0.02455663344971842,0.22161513237916955,0.19137294564280274,0.22574671024139978
0.025,5,8,0.02271677170130624,0.21315145648719475,0.1840388496996228,0.21709186827368268
0.025,5,9,0.021130573945345604,0.20557516360370776,0.17741739631295128,0.20931571034886695
0.025,5,10,0.019762593872755294,0.19880942569584217,0.17145811556797033,0.20234658962075075
0.025,5,11,0.01857050177527207,0.19272001336276454,0.16608074644867704,0.1960549056773725
0.025,5,12,0.017534578070953277,0.18726760569278006,0.16124044585235747,0.19040489091654123
0.025,5,13,0.01662361956344994,0.18233825469961007,0.15684301642167645,0.18528274931931862
0.025,5,14,0.015821574047135467,0.17788521044277664,0.152836452936881,0.18064483000665274
0.025,5,15,0.015110169671695406,0.1738399820046896,0.14917620562387768,0.1764216761155244
0.025,5,16,0.01447602530900858,0.17015302118392478,0.14582305478290095,0.1725651406498799
0.025,5,17,0.013909718283464517,0.16679159621194659,0.14274972769460614,0.169042507129228
0.025,5,18,0.01340328733830444,0.16372713482074033,0.1399207201965223,0.16582580599904959
0.025,5,19,0.012949101313287519,0.16092918512990437,0.13731918819421568,0.16288450008077707
0.025,5,20,0.012538275083643784,0.15835577086828118,0.1349109633836851,0.1601755908672791
0.025,5,21,0.012163255388919717,0.1559695828610163,0.13267496862844352,0.15766093878851464
0.025,5,22,0.011823403021104089,0.15377518018915853,0.1306042338919274,0.1553460911629125
0.025,5,23,0.01151416295329925,0.15175086789405356,0.12866917528498245,0.15320875010089485
0.025,5,24,0.011230299200802877,0.1498686037888048,0.1268437027383496,0.15122042829765875
0.025,5,25,0.01097112075148592,0.14812913792691781,0.12513755928705392,0.14938175251058528
0.025,5,26,0.010732079298288419,0.1465065138366784,0.12353258509160435,0.14766516826324347
0.025,5,27,0.01051156071457867,0.14499352202480406,0.1220353313807506,0.1460649881067106
0.025,5,28,0.01030734516417706,0.1435781680073754,0.1206385114866783,0.14456755339502464
0.025,5,29,0.010118743604613992,0.14225852244849158,0.11932710203707138,0.14317229908444615
0.025,5,30,0.009944099828459165,0.14102552838730417,0.11809422205854773,0.14186859118934694
0.025,5,31,0.009779988663075308,0.13985698883556236,0.11691510089617418,0.14063274847858587
0.025,5,32,0.009627406632343538,0.13876171397286458,0.11580031072388146,0.13947504004465502
0.025,5,33,0.009484703447054882,0.137729469955089,0.11473720326186765,0.13838387529503088
0.025,5,34,0.009350574062459005,0.13675214120779977,0.11372560676720124,0.1373512934490953
0.025,5,35,0.00922525108402193,0.1358326255655977,0.11276889679437216,0.13638090265524663
0.025,5,36,0.009106958792080034,0.13495894777361028,0.11185659151850492,0.1354595820347834
0.025,5,37,0.008996395564277098,0.1341372100818941,0.11099301734252205,0.13459387656608246
0.025,5,38,0.008891447768740983,0.1333525235512323,0.11017258892065254,0.13376698638613144
0.025,5,39,0.008792470194063724,0.13260822141981787,0.10938621084628707,0.1329825891817037
0.025,5,40,0.008698569415649908,0.13189821390488887,0.10863886807581975,0.13223560399189865
0.025,5,41,0.008609762745450536,0.13122318960801507,0.10792546647237006,0.13152540386269843
0.025,5,42,0.008525593206940886,0.13058019150652894,0.10724313558933105,0.13084943931281628
0.025,5,43,0.008446004898127787,0.12996926481386117,0.10659601337533599,0.1302079258269717
0.025,5,44,0.008370069849624866,0.1293836917824257,0.10597056129897876,0.12959322534179146
0.025,5,45,0.00829739371220457,0.1288207569625685,0.10536473413057895,0.1290041096716221
0.025,5,46,0.008228228206126884,0.1282827206300746,0.10478348211047556,0.1284415243146798
0.025,5,47,0.008161833610900485,0.12776410772122573,0.10421988815655164,0.1278993384477213
0.025,5,48,0.008098343293960239,0.12726620363600258,0.1036750514440929,0.12737772368118988
0.025,5,49,0.008037819309488745,0.12678974177344748,0.1031613939365532,0.126879106340913
0.025,5,50,0.007979612758518554,0.126329828294972,0.10266071302632537,0.12639802606871514
0.025,5,51,0.00792387483844636,0.1258878456281333,0.1021800030106431,0.1259368591861384
0.025,5,52,0.007870350716818337,0.12546195213544492,0.10171599138508121,0.12549347894509824
0.025,5,53,0.007818700055577317,0.12504959060770504,0.10126584066392627,0.12506398403220967
0.025,5,54,0.007769229990459724,0.12465335928453532,0.10083187557339372,0.12465131218572548
0.025,5,55,0.007721601971823674,0.12427068819173469,0.10040773326271717,0.12425301985205793
0.025,5,56,0.007675626203555585,0.12390017113430946,0.09999749808251289,0.12386737521369598
0.025,5,57,0.0076314234562651975,0.12354289503055364,0.0995971990887049,0.123495929703585
0.025,5,58,0.00758857707664497,0.12319559307576687,0.09921121916528972,0.12313605840462385
0.025,5,59,0.007547301059355078,0.122860091643748,0.09883159847775935,0.12278671449959776
0.025,5,60,0.00750730953181383,0.12253415468198106,0.09846618779936221,0.12244719152170587
0.025,5,61,0.007468666914418973,0.12221838580523778,0.09811264407648042,0.12211977605955518
0.025,5,62,0.007431124633242314,0.12191082505866585,0.0977660166435871,0.12180087063295163
0.025,5,63,0.007394869050816874,0.12161306715001373,0.09743163674864687,0.12149184513498949
0.025,5,64,0.0073597524201186445,0.12132396647092152,0.0971078095900079,0.12119192738798404
0.025,5,65,0.007325578628243115,0.12104196485717765,0.09679437368847238,0.12089948009897405
0.025,5,66,0.007292354304813447,0.12076716693549988,0.09648755911242826,0.12061411887501884
0.025,5,67,0.007260073723564524,0.12049957446866379,0.0961881063783954,0.1203366567712526
0.025,5,68,0.007228627326380376,0.12023832439268585,0.0958935449672596,0.12006644087126465
0.025,5,69,0.007198369255327809,0.11998640969149639,0.09561409179498746,0.11980665939447455
0.025,5,70,0.007168611258561753,0.11973814144675667,0.09533584108870664,0.11954797192114851
0.025,5,71,0.007139997164722335,0.11949893024393428,0.0950697628019231,0.11929994897079974
0.025,5,72,0.007111917463365856,0.11926372007753117,0.09480673891249802,0.11905607278761153
0.025,5,73,0.00708470249475968,0.1190353098434215,0.09454953915842249,0.1188193306528755
0.025,5,74,0.007058064088806941,0.11881131334016085,0.0942994377316747,0.11858924224554362
0.025,5,75,0.0070321597100182105,0.11859308335664615,0.09405261516215503,0.11836317201608992
0.025,5,76,0.007006925621236784,0.11838011337413716,0.09381057982705819,0.1181416843752836
0.025,5,77,0.006982358928409858,0.11817240734122207,0.09357769174742539,0.11792667894896197
0.025,5,78,0.0069582830565273895,0.1179684962736017,0.0933473816281274,0.1177155847988527
0.025,5,79,0.006934874438439519,0.11776989800827306,0.09312074880989796,0.11750998346905309
0.025,5,80,0.006911991693185525,0.11757543700267947,0.09289865976769054,0.11730881911558834
0.025,5,81,0.0068894919168017025,0.1173839164178952,0.09268109036956217,0.11711098756731106
0.025,5,82,0.006867570346222695,0.11719701656802271,0.09246498907460993,0.11691719521319566
0.025,5,83,0.00684614556811867,0.11701406383951178,0.09225228727568077,0.11672749529449324
0.025,5,84,0.006825249058129065,0.11683534617682326,0.092044382441843,0.11654288568095705
0.025,5,85,0.006804716401826981,0.11665947369868408,0.09183877021069087,0.11635975187076997
0.025,5,86,0.006784575621487591,0.11648669985442622,0.09163492468181415,0.11618000083236833
0.025,5,87,0.006764910521068739,0.11631775892845202,0.09143954800276731,0.11600525207160295
0.025,5,88,0.006745564335656762,0.1161513179921499,0.09124690699485866,0.11583364048336106
0.025,5,89,0.006726811688745141,0.11598975548508705,0.09105677892156651,0.11566522455500879
0.025,5,90,0.006708329506498641,0.11583030265434552,0.09086925241562382,0.1155000682942704
0.025,5,91,0.006690314248964665,0.11567466662121542,0.09068793119332427,0.11533857413449976
0.025,5,92,0.006672736904633654,0.11552261167956387,0.09050960083164725,0.11518056665036414
0.025,5,93,0.0066552919695633175,0.11537150401692194,0.09033252823661099,0.11502373673463798
0.025,5,94,0.006638271049061307,0.11522387815953174,0.09015810015023495,0.11487013920699772
0.025,5,95,0.006621549691133412,0.11507866606051194,0.08998703102245384,0.11471921058287794
0.025,5,96,0.006605196658412277,0.11493647513659254,0.08981906312747132,0.11457156924330485
0.025,5,97,0.006589165794378724,0.11479691454371693,0.08965579513574734,0.11442545565483853
0.025,5,98,0.006573401589484385,0.11465950976246485,0.08949536139668743,0.11428276781249967
0.025,5,99,0.006557835710428946,0.11452367187991264,0.08933597729588595,0.1141410839375693
0.025,5,100,0.006542661668065176,0.11439109815073178,0.0891816451610794,0.11400373376352349
0.025,5,101,0.006527823269193272,0.1142613081422865,0.0890294019975421,0.11386915913022078
0.025,5,102,0.006513215409887078,0.11413339046823308,0.08887808139362924,0.11373629436804934
0.025,5,103,0.006498849486624006,0.1140074513935296,0.08872895330645345,0.11360533744238192
0.025,5,104,0.006484754802365933,0.1138837547885205,0.0885828921827151,0.11347649588270364
0.025,5,105,0.006470946570571337,0.11376244169822777,0.08844203689593802,0.11335021192386624
0.025,5,106,0.006457455339088726,0.11364378855959287,0.08830240671235554,0.11322559367464832
0.025,5,107,0.006444026029677323,0.11352555685551446,0.08816498375160413,0.11310166307425681
0.025,5,108,0.00643093202727926,0.11341015851571022,0.08803095815267675,0.11298147980789373
0.025,5,109,0.006418055139535347,0.1132965589904243,0.08790071835564545,0.11286288037946919
0.025,5,110,0.006405466228975211,0.11318538977248972,0.08777242847078803,0.1127461660968824
0.025,5,111,0.006393016540060971,0.11307534249394048,0.08764684109595931,0.11263149078078355
0.025,5,112,0.006380800944994921,0.11296726025707556,0.08752125488864093,0.11251847622752596
0.025,5,113,0.0063687499322357295,0.11286053280253225,0.087398205641452,0.1124071711831247
0.025,5,114,0.006356994122563626,0.11275632241753565,0.08727466920468821,0.11229716733369359
0.025,5,115,0.006345316785382302,0.11265271222107617,0.08715326428124531,0.11218838054472563
0.025,5,116,0.006334048085374753,0.11255263733360274,0.08703324656034032,0.11208289341473612
0.025,5,117,0.006322702512852511,0.11245178978435613,0.08691586394672032,0.11197746221726501
0.025,5,118,0.006311542789259955,0.1123525058844702,0.08679850620106673,0.11187352494953953
0.025,5,119,0.00630061996275172,0.11225524453451358,0.08668411071588002,0.11177228143317518
0.025,5,120,0.006289852930930917,0.11215928789833605,0.08657128610554024,0.11167245895731043
0.025,5,121,0.006279326914345103,0.11206539978374327,0.08645859384306474,0.11157394522024752
0.025,5,122,0.006268973828627163,0.11197297735281636,0.08634873919214746,0.11147730200780827
0.025,5,123,0.0062587756941025925,0.11188186353562933,0.0862395076141607,0.11138186662509583
0.025,5,124,0.0062487576100947444,0.11179228604957271,0.08613272978051609,0.11128828685534362
0.025,5,125,0.006238889969586767,0.11170398354209904,0.08602501967712302,0.11119542326996103
0.025,5,126,0.006229197353830889,0.11161717926762788,0.08592127583495175,0.11110419073438955
0.025,5,127,0.006219605003827705,0.1115312064296599,0.0858198382122701,0.11101489610683543
0.025,5,128,0.006210262546369348,0.1114474095380359,0.08571805271427499,0.11092681926985051
0.025,5,129,0.006200963793631394,0.11136394204257853,0.08561753599157079,0.110839039455152
0.025,5,130,0.006191883984983243,0.11128237942264932,0.08551669349959014,0.11075269139536431
0.025,5,131,0.006182967827714981,0.11120222864416865,0.08541953773162976,0.11066797774107573
0.025,5,132,0.006174161843255931,0.11112301150757148,0.08532168622826437,0.11058347810404151
0.025,5,133,0.006165433729064845,0.11104443911394073,0.08522641765803883,0.11050046753120328
0.025,5,134,0.006156824420914918,0.11096688173428068,0.08513227504268371,0.11041829663078681
0.025,5,135,0.006148397880209228,0.1108909182954964,0.08503848806721483,0.11033824618326747
0.025,5,136,0.0061400533774251635,0.11081564309631708,0.08494523101738906,0.11025860583236022
0.025,5,137,0.0061318244731981214,0.11074136059483937,0.08485343242860344,0.11017999357155113
0.025,5,138,0.006123633850437366,0.11066737414827701,0.08476476527637078,0.11010211451476401
0.025,5,139,0.0061156891406718115,0.11059556176150842,0.08467493283563512,0.11002542132289528
0.025,5,140,0.0061078700554016395,0.11052483933850923,0.08459096896037291,0.10995089519294
0.025,5,141,0.006100184427585478,0.11045527988815634,0.08450618468675558,0.1098770367270139
0.025,5,142,0.006092637836595568,0.11038693615274923,0.08442226722982549,0.1098043798555936
0.025,5,143,0.006085219016899837,0.11031970827463093,0.08433795995233703,0.10973194019621677
0.025,5,144,0.006077855809308683,0.11025294380930319,0.08425578483534522,0.109659479127615
0.025,5,145,0.006070537527492237,0.11018654661520377,0.08417531027499948,0.1095889849021218
0.025,5,146,0.0060633900637534115,0.11012166057368925,0.08409717415271514,0.10952014736817799
0.025,5,147,0.006056304114467768,0.11005729520997477,0.08402129597396576,0.10945309501556427
0.025,5,148,0.00604933932402736,0.1099939936908135,0.08394443903455251,0.10938580299830412
0.025,5,149,0.006042532679099937,0.10993209430462003,0.08386976668946244,0.10932071013212673
0.025,5,150,0.006035836339668492,0.10987116400283099,0.083795262560706,0.10925606240748735
0.025,5,151,0.006029133933424955,0.10981014464451776,0.08372129229424413,0.10919213967769834
0.025,5,152,0.0060225734901861346,0.1097503848757364,0.08364913432036973,0.10912970922953869
0.025,5,153,0.006016102102303432,0.10969140442444368,0.08357600317374715,0.10906625754355319
0.025,5,154,0.006009682231536072,0.10963286214941277,0.08350180090826226,0.10900372777193078
0.025,5,155,0.006003394026102072,0.10957549019832923,0.08343084111240455,0.1089421769752545
0.025,5,156,0.005997168618885871,0.10951866159596611,0.08335888509334403,0.1088815860826272
0.025,5,157,0.005991030059525688,0.10946259689524718,0.08328929491871354,0.10882206186961306
0.025,5,158,0.005985006027667881,0.10940755026658701,0.08322033802749453,0.10876333431444564
0.025,5,159,0.005979102427084451,0.10935357723535569,0.08315202073468415,0.10870535333823972
0.025,5,160,0.005973188036167254,0.10929947882919894,0.08308401900714786,0.1086474984778256
0.025,5,161,0.005967381393208494,0.10924633992229209,0.0830174980001518,0.10859080018576381
0.025,5,162,0.005961652706739837,0.10919388908487358,0.08295088335155956,0.10853499728484403
0.025,5,163,0.00595599736994885,0.10914208509964293,0.08288340786645264,0.10847898543239753
0.025,5,164,0.005950478256066417,0.10909150522443456,0.08281642369702931,0.10842389806926274
0.025,5,165,0.0059449989455845655,0.10904126691839715,0.08275151219500718,0.10836953653578706
0.025,5,166,0.005939564318925769,0.1089914154319116,0.08268658160556713,0.10831554122676737
0.025,5,167,0.005934197048216532,0.10894215940779338,0.08262418090775199,0.10826282993872356
0.025,5,168,0.0059289286105392094,0.10889378871670513,0.08256154268974003,0.10821098743352241
0.025,5,169,0.005923715616008122,0.10884590590378787,0.08250152462227954,0.1081601780200342
0.025,5,170,0.005918582458871568,0.10879873582787226,0.08244124427012596,0.10810975077159504
0.025,5,171,0.005913488666436931,0.10875190726085618,0.08238235390475293,0.10806001362626227
0.025,5,172,0.0059084765951640415,0.10870581028780422,0.08232713036481483,0.10801205061172608
0.025,5,173,0.0059035905746818666,0.1086608538037675,0.08226992344325086,0.10796474283404187
0.025,5,174,0.005898693479790026,0.10861577675264332,0.08221174988505978,0.10791587520322223
0.025,5,175,0.005893940805999509,0.108572011181515,0.08215491181803851,0.10786972332657407
0.025,5,176,0.005889228124826151,0.1085285964603445,0.0820977482721153,0.10782268301970328
0.025,5,177,0.005884542975835974,0.10848541815226574,0.08204116652412421,0.10777588418941582
0.025,5,178,0.005879966328756807,0.10844322319773428,0.08198703713698095,0.10773078789848832
0.025,5,179,0.005875395584664326,0.10840106627394701,0.0819314152198316,0.10768427563878498
0.025,5,180,0.0058708913703691525,0.10835950692365809,0.08187562968565715,0.10763871857849729
0.025,5,181,0.00586646683939081,0.10831866726830432,0.08182209582805228,0.10759485425453144
0.025,5,182,0.005862134407451223,0.10827866278682262,0.08176784663905853,0.10755140064224684
0.025,5,183,0.005857822896932178,0.10823883680945742,0.08171603214852183,0.10750861167923892
0.025,5,184,0.005853537606311851,0.10819923850297516,0.08166455053031715,0.10746582592960717
0.025,5,185,0.005849394417909352,0.10816093951061402,0.08161423753183304,0.1074243281955471
0.025,5,186,0.0058452705259249066,0.1081228054198087,0.08156361081787644,0.10738373194576037
0.025,5,187,0.005841146188491739,0.10808465375335889,0.08151630713769288,0.10734279632830224
0.025,5,188,0.005837121250342709,0.10804740857922238,0.08146698506128149,0.10730302523932361
0.025,5,189,0.00583314597445947,0.10801061035342287,0.0814182499489712,0.10726254467430715
0.025,5,190,0.005829149162432989,0.10797360012922594,0.08137163918057998,0.1072233709417559
0.025,5,191,0.00582524810538179,0.10793746435211261,0.0813241463630582,0.10718406436266403
0.025,5,192,0.005821452735126242,0.10790229594523225,0.08127929142163785,0.10714775445927319
0.025,5,193,0.005817701644128958,0.10786752656966747,0.08123060713547714,0.10711004355726692
0.025,5,194,0.005813984988915814,0.1078330653270676,0.08118589141903139,0.10707449178667061
0.025,5,195,0.005810273418512668,0.10779864023736725,0.08113825239558678,0.10703715968505323
0.025,5,196,0.0058066196531718775,0.10776474055248199,0.08109235946923048,0.10700054435079116
0.025,5,197,0.005803064419843505,0.10773174480944328,0.08104620799634264,0.10696525448810891
0.025,5,198,0.005799492747306393,0.10769858631668656,0.08100103992323973,0.10692904497487933
0.025,5,199,0.005796062352436563,0.10766672979557393,0.080957349929328,0.1068947537876624
0.025,5,200,0.0057925786732718944,0.10763436879799959,0.08091403963903036,0.10685994546995128
0.025,5,201,0.00578916782570465,0.10760267492683116,0.08086853742276584,0.10682477955442161
0.025,5,202,0.005785792678106169,0.10757130359074552,0.08082519017385664,0.10679036578379442
0.025,5,203,0.005782512762609252,0.10754080865056996,0.08078434966706612,0.10675771558572471
0.025,5,204,0.005779233761430564,0.10751031356507676,0.08074264253001168,0.10672440213594084
0.025,5,205,0.0057760155541206285,0.10748037545636532,0.08070164030536131,0.10669191120278734
0.025,5,206,0.005772840587986695,0.1074508314345375,0.0806611533125453,0.106659899911079
0.025,5,207,0.0057697077873308964,0.1074216718109609,0.08062163871845164,0.10662908488823956
0.025,5,208,0.005766594016805559,0.1073926814713699,0.08058161427711326,0.10659805730846952
0.025,5,209,0.005763448992822997,0.10736339220444738,0.0805407518233596,0.1065659717179506
0.025,5,210,0.005760394878960193,0.10733494192442826,0.0805014246296633,0.10653484869004397
0.025,5,211,0.005757404246431673,0.10730707568871377,0.08046074169141806,0.10650403432201903
0.025,5,212,0.005754442090881233,0.10727946766162884,0.08042220410184395,0.10647473085514722
0.025,5,213,0.0057515081473943665,0.10725211557255518,0.08038465069378971,0.10644557367719616
0.025,5,214,0.005748657362582977,0.10722553205820876,0.08034693953698803,0.10641700559556265
0.025,5,215,0.005745831481935639,0.10719917426860749,0.08030937958188492,0.1063881194423814
0.025,5,216,0.005743048444784346,0.10717320975677033,0.08027273924481855,0.10636022202714325
0.025,5,217,0.005740227622824869,0.10714688630870119,0.0802350287366555,0.10633143428095933
0.025,5,218,0.005737490172275126,0.10712133468432071,0.0801987684707909,0.10630335939399391
0.025,5,219,0.005734762765494427,0.10709587074667658,0.08016129724642845,0.10627506035097523
0.025,5,220,0.005732059095897467,0.10707062244983417,0.08012809309972457,0.1062484697029499
0.025,5,221,0.0057293867874934346,0.10704566116843256,0.08009421221327563,0.10622174377954488
0.025,5,222,0.005726733954303378,0.10702087604111057,0.08006137882876838,0.1061950939905356
0.025,5,223,0.005724161336365933,0.10699683487249455,0.0800267132565814,0.10616863981006985
0.025,5,224,0.00572155860215712,0.10697250676839465,0.07999377633776229,0.10614303967565526
0.025,5,225,0.005719012203390945,0.10694869988355113,0.07995995493826845,0.10611680417612304
0.025,5,226,0.0057165039009277096,0.10692524398782272,0.07992790592110903,0.10609240230581861
0.025,5,227,0.0057140725720916845,0.10690250298371581,0.07989483466376782,0.10606713107058258
0.025,5,228,0.005711596793926533,0.10687934125851013,0.07986272623376946,0.10604142502312118
0.025,5,229,0.005709157442931304,0.10685651541138054,0.07983274388352374,0.10601780193330115
0.025,5,230,0.005706781709098596,0.10683428016417386,0.079800379657195,0.10599248068847567
0.025,5,231,0.0057044365174493536,0.10681232623109894,0.07976790615793412,0.10596762146205208
0.025,5,232,0.005702067844995276,0.10679014790696074,0.07973776150010235,0.1059439360351744
0.025,5,233,0.005699736434108349,0.1067683139710312,0.07970575274303608,0.10591931738753879
0.025,5,234,0.005697464229437033,0.10674703021102773,0.07967437666242591,0.10589542713498314
0.025,5,235,0.005695190655036277,0.10672572937240839,0.07964357329303091,0.10587111862336593
0.025,5,236,0.0056929786422548565,0.10670500121601477,0.07961422189772097,0.10584859787593293
0.025,5,237,0.005690748990633909,0.106684103695292,0.0795843576431531,0.1058258031981416
0.025,5,238,0.005688537562731922,0.10666337293309192,0.07955603587592613,0.10580415419508159
0.025,5,239,0.005686381268907674,0.1066431551381304,0.07952729280167668,0.10578247676236399
0.025,5,240,0.00568424801550095,0.10662314960177222,0.07949809525461293,0.1057608910653883
0.025,5,241,0.005682160371121628,0.106603568149679,0.07946941366006953,0.10574071786452877
0.025,5,242,0.0056800696740183345,0.1065839544586176,0.07944139476111335,0.10571948922043996
0.025,5,243,0.005678015893820495,0.1065646835853276,0.07941302608365627,0.10569873481982789
0.025,5,244,0.0056760057092023536,0.10654581839943184,0.07938447104036811,0.10567821335726248
0.025,5,245,0.005674038324145824,0.10652735164403389,0.07935765012149887,0.10565790015012803
0.025,5,246,0.005672073358013656,0.10650890439783572,0.0793286752024616,0.10563744035243391
0.025,5,247,0.005670101079591889,0.10649038528986444,0.07930053781693294,0.10561713962062547
0.025,5,248,0.005668191419621521,0.1064724510812212,0.07927382094193666,0.10559808913643816
0.025,5,249,0.005666287257764738,0.10645456549875856,0.07924634471774608,0.10557834146948525
0.025,5,250,0.005664399235514334,0.1064368285464607,0.07922010038089423,0.1055601001781072
0.025,5,251,0.005662555042726434,0.1064195004942838,0.079193813882393,0.10554124010597736
0.025,5,252,0.0056607138205364855,0.10640219753873964,0.0791669450462221,0.10552232517271996
0.025,5,253,0.005658879231534596,0.10638495411978703,0.07914091870093622,0.1055039923963504
0.025,5,254,0.005657060586725549,0.10636785780230369,0.07911606205474503,0.10548594210430631
0.025,5,255,0.005655332857235935,0.1063516135959952,0.07909025643240514,0.10546829667248664
0.025,5,256,0.0056535591176490796,0.10633493421871365,0.07906397602753146,0.1054496978317758
0.025,5,257,0.005651811765789151,0.10631850042009765,0.07903769340969309,0.10543114348711916
0.025,5,258,0.005650096670421205,0.10630236752228245,0.07901344351661661,0.10541377200459696
0.025,5,259,0.005648371250196127,0.10628613503365457,0.07898883200780878,0.10539641283414172
0.025,5,260,0.005646681448591947,0.1062702352363252,0.07896626024728202,0.10538005231509891
0.025,5,261,0.005645012881843355,0.10625453290889152,0.07894211481072404,0.10536295411178037
0.025,5,262,0.005643382968121416,0.10623919209144445,0.07891998442423126,0.10534852019652681
0.025,5,263,0.005641771426988843,0.10622402201939864,0.07889627755466312,0.1053322374444466
0.025,5,264,0.005640186066808912,0.10620909628472423,0.0788718975162578,0.10531557535772075
0.025,5,265,0.005638585184507374,0.10619402228475361,0.07884786911829518,0.10529911759136856
0.025,5,266,0.005637001734888816,0.10617911032673814,0.07882369306910286,0.10528191623190063
0.025,5,267,0.005635444670561915,0.1061644448067423,0.0788010137111699,0.10526699974961098
0.025,5,268,0.005633898762690443,0.10614988236159702,0.07877808074957406,0.10525073482004119
0.025,5,269,0.005632391156369686,0.10613567879247474,0.07875522522772736,0.1052352396279177
0.025,5,270,0.005630900157244261,0.10612162981451294,0.07873249974369162,0.1052204425201667
0.025,5,271,0.005629402820139728,0.10610751924477103,0.07871005423475377,0.10520589415162551
0.025,5,272,0.005627947069385156,0.10609379877622589,0.07868674181039523,0.10519035619106235
0.025,5,273,0.005626505670437843,0.10608021182518296,0.07866351350904636,0.10517501695409692
0.025,5,274,0.0056250880321183925,0.10606684714950655,0.07864077477535368,0.10516011125888201
0.025,5,275,0.00562366915868355,0.10605346914348017,0.0786192346800934,0.10514612978554073
0.025,5,276,0.005622262621586437,0.10604020578616807,0.07859841488034894,0.10513182942687888
0.025,5,277,0.005620918360995133,0.10602752813298189,0.07857740920619048,0.10511765547309686
0.025,5,278,0.005619523900003478,0.1060143754403475,0.07855478754210146,0.10510294800280194
0.025,5,279,0.005618171187641397,0.1060016149654466,0.07853338114865674,0.1050889947062183
0.025,5,280,0.005616831211220039,0.10598897311720723,0.07851061754074334,0.10507417877641571
0.025,5,281,0.005615499457736771,0.10597640735311582,0.07848842195075127,0.10505963299105203
0.025,5,282,0.0056142336807304075,0.10596446272907165,0.07846706143589803,0.1050465255206165
0.025,5,283,0.005612919552924881,0.10595206041342359,0.07844712725301484,0.10503299068660804
0.025,5,284,0.005611633004083084,0.10593991697262259,0.07842653593784273,0.10501943960742133
0.025,5,285,0.005610352336561155,0.10592782766167873,0.07840633939655499,0.10500570499388134
0.025,5,286,0.005609112737229897,0.10591612471413309,0.07838656767337265,0.10499213637011139
0.025,5,287,0.005607833997763322,0.10590405089290326,0.078367513880543,0.10497938676333995
0.025,5,288,0.005606606058462778,0.10589245542967429,0.07834733677425085,0.10496652061150795
0.025,5,289,0.005605406297257998,0.10588112482645808,0.07832935671673011,0.10495424502306612
0.025,5,290,0.005604206982004577,0.10586979722285839,0.07830994659506559,0.10494113886908125
0.025,5,291,0.005603043817140919,0.10585880990395574,0.07829215689357756,0.10492964437574648
0.025,5,292,0.005601884392927373,0.10584785678441838,0.07827368889708985,0.10491811061310442
0.025,5,293,0.005600714289664233,0.1058368016302858,0.07825704521939994,0.10490697902151515
0.025,5,294,0.005599590659797204,0.10582618447054777,0.07823836089384105,0.10489464512561081
0.025,5,295,0.005598465062197976,0.10581554764965286,0.07822096139315732,0.10488398962538913
0.025,5,296,0.005597334048174478,0.10580485856683972,0.07820376489531046,0.10487221536031198
0.025,5,297,0.005596214174866132,0.10579427370955512,0.07818582754286635,0.10486044012906039
0.025,5,298,0.0055951095725791985,0.10578383215387122,0.07816935198690352,0.10484948100601378
0.025,5,299,0.0055940219762491495,0.10577355034458424,0.07815207105215187,0.10483826325430445
0.025,5,300,0.005592934715978506,0.10576327071321599,0.07813435341815488,0.10482692280746313
0.05,1,1,0.05850794458551075,0.3420758529493444,0.28501126853511705,0.34071059015818933
0.05,1,2,0.04546904851337565,0.3015594419459475,0.25323635105720305,0.30046710262901277
0.05,1,3,0.03622887843727801,0.2691797854121962,0.22745886039800348,0.26858149054449876
0.05,1,4,0.029913311316612637,0.24459481317727338,0.20757464816825924,0.2444582890054843
0.05,1,5,0.02555069966886822,0.22605618624080262,0.1922540797917331,0.22621278886009197
0.05,1,6,0.022379545956223157,0.21156344654133027,0.17995181129999083,0.21186733128825097
0.05,1,7,0.020004229721882958,0.2000211474913738,0.17009099818960688,0.20037652077400642
0.05,1,8,0.01816743373360319,0.19061707024085323,0.16196691640622174,0.19097134619615425
0.05,1,9,0.016720151973817984,0.1828669022749496,0.1551811669751786,0.1831995413421124
0.05,1,10,0.015546495752935627,0.17633204900377938,0.1493572766436717,0.17663788352177534
0.05,1,11,0.014576416034668834,0.17074200440822307,0.14426473344513635,0.17102293017600775
0.05,1,12,0.013763982262216411,0.16591553430716735,0.13984318049183045,0.16618092381979746
0.05,1,13,0.013072363039725575,0.16169330870339424,0.13592355584400695,0.1619503228879828
0.05,1,14,0.012477026365786683,0.15796851816603638,0.13242953765459792,0.15822607734828092
0.05,1,15,0.011956634975958051,0.15463916047339402,0.12928233509756362,0.15490663797270787
0.05,1,16,0.011505678578607906,0.15169494769838518,0.12647988395917287,0.15197969755067722
0.05,1,17,0.011104520255675997,0.14902697913918805,0.12391519374972271,0.14933431925315646
0.05,1,18,0.010747006747830738,0.1466083677545776,0.12159917486969088,0.146944094485654
0.05,1,19,0.010426615467649876,0.14440647816251095,0.11948944286172988,0.14477261149857895
0.05,1,20,0.010138390052802499,0.14239655931800108,0.11754544518017752,0.1427944591093902
0.05,1,21,0.009876099982399153,0.14054252013109167,0.11575354269734421,0.14097641866863442
0.05,1,22,0.009638338382360556,0.13884047235846295,0.11410139680876692,0.1393107319995769
0.05,1,23,0.00942006445232117,0.13725934906097415,0.11256310073808827,0.1377691456246353
0.05,1,24,0.009220427905447534,0.13579711267510466,0.11113447205720244,0.13634831746492435
0.05,1,25,0.009036005367520271,0.1344321789418015,0.10980631944066233,0.13502594492655404
0.05,1,26,0.008866170662824368,0.1331628376299061,0.10858554196716165,0.13379895277475967
0.05,1,27,0.008708556350830192,0.13197390917018553,0.10743427455258782,0.13264989020959533
0.05,1,28,0.008561906116369904,0.13085798497890685,0.10634809469082943,0.13157646184539173
0.05,1,29,0.008424903654151746,0.12980680763466718,0.10531745254522931,0.13056536207172065
0.05,1,30,0.008297657840474629,0.12882280730115012,0.10434590837357312,0.12962167705955832
0.05,1,31,0.008178398563231735,0.1278936946313753,0.10342772740819203,0.12873240501997235
0.05,1,32,0.00806652166944852,0.12701591765954784,0.10255905079098196,0.12789495035201318
0.05,1,33,0.007961024590755471,0.12618260253105792,0.10173107750336875,0.12709938304196125
0.05,1,34,0.007861999115188357,0.1253953676591632,0.10094353528782378,0.1263511381259605
0.05,1,35,0.007768234815848129,0.1246453754926201,0.10019725969758334,0.12563920741923132
0.05,1,36,0.007680333611442967,0.12393815886516119,0.09948605567681353,0.12496830852379798
0.05,1,37,0.007597324636759441,0.12326657808797518,0.09880819782121769,0.12433267059784012
0.05,1,38,0.00751861023595682,0.12262634493416837,0.09816429200762133,0.12372634415325494
0.05,1,39,0.007443786875459296,0.12201464564108111,0.09754931678676602,0.12314912262660248
0.05,1,40,0.007373077804312444,0.12143374987467401,0.09697128025743718,0.12260009382265102
0.05,1,41,0.007305689951436968,0.12087754093657736,0.09642533544852602,0.12207526177733172
0.05,1,42,0.007241261939993313,0.12034335827118431,0.09591085762842172,0.1215728229237168
0.05,1,43,0.007179502739872182,0.11982906775797082,0.09541781711856806,0.12109072287350064
0.05,1,44,0.0071215011488902896,0.11934405011470232,0.09494807245673116,0.12063351240842309
0.05,1,45,0.0070658985803784624,0.11887723567090937,0.09449796387175725,0.12019597836972154
0.05,1,46,0.00701287114735542,0.11843032675252922,0.09406856262913611,0.11977649619658608
0.05,1,47,0.0069621287984183,0.11800109150697125,0.09365293511711222,0.11937342885474189
0.05,1,48,0.006913298032790048,0.11758654712840282,0.09324790614905325,0.11898555824611784
0.05,1,49,0.006866923726349509,0.11719149906328111,0.0928651443504859,0.11861453806948907
0.05,1,50,0.006822016305903926,0.11680767359984467,0.09249683033039229,0.11825706543146543
0.05,1,51,0.006779085462262602,0.11643955910482144,0.09214078336789103,0.11791513785145637
0.05,1,52,0.00673771872346207,0.11608375186443683,0.09179254890239176,0.11758338139179324
0.05,1,53,0.006698113821335205,0.11574207377902994,0.09146182163161122,0.11726331441067955
0.05,1,54,0.006660296428103746,0.11541487276866656,0.09113797384436545,0.11695805744629041
0.05,1,55,0.00662410378038985,0.11510085821043951,0.09082268640784474,0.11666514532955834
0.05,1,56,0.006589006113705942,0.1147955235512774,0.09051944415633033,0.11638036333529828
0.05,1,57,0.00655524674410651,0.11450106326236896,0.09022967202021936,0.11610578675366989
0.05,1,58,0.006522396601515578,0.11421380478309598,0.08994274894508307,0.1158394622434173
0.05,1,59,0.006491112826752075,0.11393957018307621,0.08966070319567664,0.11558275069201027
0.05,1,60,0.006460866858617006,0.11367380400617379,0.08938924813083049,0.11533720074180252
0.05,1,61,0.006431824389854072,0.11341802669641252,0.08912353120244149,0.11509995236485132
0.05,1,62,0.006403627165469096,0.11316914036493425,0.08886594679703498,0.11486808770305157
0.05,1,63,0.006376355123423088,0.11292789844341466,0.08861229803182728,0.1146432442099753
0.05,1,64,0.006350240375049335,0.11269640965930845,0.08836999825917019,0.1144272632280071
0.05,1,65,0.006324752679218531,0.11247001982055957,0.08813185688210537,0.11421724568926311
0.05,1,66,0.006300245574201363,0.11225190933076695,0.08790119889139444,0.11401404100484704
0.05,1,67,0.006276623839750763,0.11204127667739924,0.08767458891907264,0.11381816908625375
0.05,1,68,0.006253733270683683,0.11183678527822304,0.08745362682581875,0.11362793295918548
0.05,1,69,0.006231654058548711,0.11163918719292712,0.08723982594034889,0.11344468185954829
0.05,1,70,0.006210195691834989,0.11144680966124593,0.08703190248615611,0.11326525771522555
0.05,1,71,0.00618971380924961,0.11126287619192315,0.08682899472728224,0.113092968412816
0.05,1,72,0.006169687140331075,0.11108273619542394,0.08662544428249745,0.11292437423226158
0.05,1,73,0.006150371855806406,0.11090871792430392,0.08643447987482787,0.11276300643523157
0.05,1,74,0.006131568545141567,0.1107390495276311,0.08624473278516612,0.11260469470477381
0.05,1,75,0.006113259477120221,0.11057359067263955,0.08605803800101168,0.11245145224347908
0.05,1,76,0.006095749644303644,0.11041512255396581,0.08587740565975317,0.11230431235201091
0.05,1,77,0.006078550519497287,0.11025924468721239,0.08570271265832957,0.11215916747996293
0.05,1,78,0.006062063454296367,0.11010961315249788,0.08553645517231459,0.11202072395200147
0.05,1,79,0.006045845853369851,0.10996222854571337,0.08537180598629641,0.11188521719949789
0.05,1,80,0.0060301644539716304,0.10981952880951211,0.08521300906297777,0.11175401632933007
0.05,1,81,0.006014933786721552,0.10968075297627704,0.0850535025870348,0.11162468332755911
0.05,1,82,0.006000195426167903,0.10954629547518166,0.08490155597453601,0.11150092764619311
0.05,1,83,0.00598585857907355,0.10941534242576358,0.084755057124561,0.11137986798095756
0.05,1,84,0.00597207130177318,0.1092892611538131,0.08461137856441349,0.11126269263318557
0.05,1,85,0.005958494167482575,0.10916495928165387,0.08446641847590296,0.11114644800597051
0.05,1,86,0.005945273995472362,0.10904378932770414,0.08432427610565946,0.11103404539385074
0.05,1,87,0.005932375598853403,0.10892543870789231,0.08418841927630308,0.11092413414266541
0.05,1,88,0.005919943798891746,0.10881124757020062,0.08405716007658823,0.11081920349405264
0.05,1,89,0.005908108400619394,0.10870242316176207,0.0839319878170295,0.11071993581856775
0.05,1,90,0.005896393158562121,0.10859459616907391,0.08380287649858842,0.11062049727138831
0.05,1,91,0.005885035381526033,0.1084899569686156,0.08367952946471778,0.11052554016920793
0.05,1,92,0.005873944378968376,0.10838767807244858,0.08355927873896478,0.11043156311198396
0.05,1,93,0.005863230237469266,0.10828878277521883,0.0834409597006448,0.11033962853171016
0.05,1,94,0.005852753465957502,0.1081919910710354,0.0833269890255306,0.11024983472208232
0.05,1,95,0.005842598992068396,0.10809809426690552,0.0832134723587063,0.1101626944319273
0.05,1,96,0.005832743661434069,0.1080068855345257,0.08310767740919185,0.1100788214737594
0.05,1,97,0.005823011492265579,0.10791674098364516,0.08300057214701873,0.10999504443670259
0.05,1,98,0.005813679717107064,0.10783023432328305,0.08289567831398478,0.10991563248573678
0.05,1,99,0.0058045326910715865,0.10774537290363412,0.08278999357111944,0.1098380725169523
0.05,1,100,0.005795540832130749,0.10766188584759928,0.08268819364703063,0.10976074657393832
0.05,1,101,0.0057868424766843955,0.10758106224316988,0.0825893387598623,0.1096862111624736
0.05,1,102,0.005778284925684143,0.10750148767048893,0.08249144696774749,0.10961337372373585
0.05,1,103,0.005770117086708931,0.107425481955716,0.08239806379879314,0.10954289780186352
0.05,1,104,0.005762055029898243,0.10735040782314935,0.08231134804436474,0.10947590226758964
0.05,1,105,0.005754254074197161,0.10727771505953285,0.08222258934471073,0.1094103885443625
0.05,1,106,0.005746687808129908,0.10720716215001597,0.08213476308005767,0.10934512824117397
0.05,1,107,0.0057393091004069785,0.10713831341221476,0.08204959822097639,0.10928196247214861
0.05,1,108,0.005731984511425587,0.10706992585619536,0.08196395609939053,0.10921962523712224
0.05,1,109,0.005724849852644128,0.10700326960092507,0.08188139918525449,0.10915760606622647
0.05,1,110,0.005717923614249978,0.10693852078881565,0.0818021223097385,0.10909846630702803
0.05,1,111,0.005711208344559742,0.10687570673038603,0.0817264351885643,0.10904178864213394
0.05,1,112,0.005704568250846139,0.10681355954040797,0.0816537865401994,0.10898553193417772
0.05,1,113,0.005698007878398355,0.10675212296154446,0.08157912426678852,0.10892910346747975
0.05,1,114,0.005691825183045644,0.10669419087322086,0.08150468714897316,0.10887527701595624
0.05,1,115,0.0056857431612073175,0.1066371713916617,0.08143479089297512,0.10882302353769026
0.05,1,116,0.005679746095553465,0.10658091851315098,0.08136420003088711,0.10877201095250959
0.05,1,117,0.0056740094039189,0.10652708016198416,0.08129592430357621,0.1087226341650488
0.05,1,118,0.005668421673118066,0.106474613623324,0.0812303605136392,0.10867504036767714
0.05,1,119,0.005662819254285806,0.10642198320164689,0.0811652166984087,0.1086273804081106
0.05,1,120,0.00565746791536711,0.1063716871669065,0.0811001418865424,0.1085814515656835
0.05,1,121,0.005652291625494102,0.1063230137410909,0.08103390007220858,0.10853627991939221
0.05,1,122,0.005647202383989816,0.10627513711108366,0.08096896818850491,0.10849308283193142
0.05,1,123,0.00564225527505546,0.10622857689958441,0.08090928304388376,0.10845144301567926
0.05,1,124,0.005637415391161728,0.10618300609006817,0.08085173418396603,0.10841006898626802
0.05,1,125,0.005632663208884217,0.10613824201374561,0.08079089711527095,0.10836842099056504
0.05,1,126,0.005627953606963471,0.10609386039694729,0.08073523377400992,0.10832951021290928
0.05,1,127,0.0056234576392522875,0.10605147466445045,0.08067512771795549,0.10828978801394702
0.05,1,128,0.005619009231593046,0.10600952062520655,0.08061899739341433,0.10825222037810059
0.05,1,129,0.005614662946175166,0.10596851368378407,0.08056178516406258,0.10821525470244972
0.05,1,130,0.005610420302400365,0.10592846928376115,0.08050681467296819,0.10817905022985953
0.05,1,131,0.005606329142585911,0.10588984033027825,0.08045578182559573,0.10814414145808897
0.05,1,132,0.005602291469899249,0.10585170258337132,0.0804030041336346,0.10810929680049138
0.05,1,133,0.005598325584069423,0.10581422951635024,0.08035025758247788,0.10807545607149271
0.05,1,134,0.005594421854856457,0.10577733079310006,0.08029970863014242,0.1080411093810364
0.05,1,135,0.005590656364352648,0.10574172652602801,0.08025020183009059,0.10800870687975565
0.05,1,136,0.005586991737698976,0.10570706445360192,0.0802055221465309,0.10797833663844937
0.05,1,137,0.005583370509037279,0.1056728016950178,0.0801603199041019,0.10794745484868598
0.05,1,138,0.005579810419268752,0.10563910657771346,0.08011736330088601,0.1079173949196576
0.05,1,139,0.005576350612547796,0.10560635030667234,0.08007353630909142,0.10788927951579362
0.05,1,140,0.005572985881205022,0.10557448442881473,0.0800320717742188,0.10786175663891025
0.05,1,141,0.005569650958159819,0.10554289135853555,0.07999272131249978,0.10783266735975358
0.05,1,142,0.005566367507363877,0.10551177666368694,0.07994883227584611,0.10780406946573903
0.05,1,143,0.005563185857040748,0.1054816178965866,0.07990714692563712,0.1077769957023479
0.05,1,144,0.005560135776417985,0.1054526981771257,0.07986656574872716,0.10775091283020562
0.05,1,145,0.005557135002564183,0.10542423822408377,0.0798284948440445,0.10772583246391461
0.05,1,146,0.005554141278347935,0.10539583747328862,0.0797944893000453,0.10770178959635297
0.05,1,147,0.00555133124970437,0.10536917243391797,0.07975563435529726,0.1076782263727031
0.05,1,148,0.005548511476214135,0.10534240813854727,0.07972014339503809,0.10765431922610245
0.05,1,149,0.005545686535896555,0.10531558798104443,0.07968167108832101,0.1076301572367957
0.05,1,150,0.005542979752690967,0.10528988320528204,0.07964383116203601,0.10760745090616064
0.05,1,151,0.005540323709345111,0.10526465417551241,0.07960917901089752,0.10758538843961893
0.05,1,152,0.005537767220205662,0.10524036507163648,0.0795726024079917,0.10756360074291225
0.05,1,153,0.005535240558064647,0.10521635384354133,0.07953757875553279,0.10754097269612414
0.05,1,154,0.005532806995876951,0.10519322217592682,0.07950337996146796,0.10752004019516871
0.05,1,155,0.005530420012975411,0.10517052831449894,0.07946918343281446,0.10749845185325739
0.05,1,156,0.005528009351803241,0.10514760436456211,0.0794351436175669,0.10747809575978229
0.05,1,157,0.005525684537672816,0.10512549203378614,0.07940216496516533,0.10745716822914651
0.05,1,158,0.00552343300606751,0.10510407229092039,0.07937099955062457,0.10743791105313862
0.05,1,159,0.0055212272872307705,0.1050830841499313,0.07933945413412946,0.10741962656581863
0.05,1,160,0.005519067760234632,0.10506253147754085,0.07930753419177426,0.10740147847580847
0.05,1,161,0.005516945733108995,0.10504233178208675,0.0792754605623527,0.10738338101708732
0.05,1,162,0.005514886329204652,0.10502272448574787,0.07924358291704862,0.1073659410514291
0.05,1,163,0.0055128612876757,0.10500344077863068,0.07921152622783474,0.10734789475781778
0.05,1,164,0.005510889846819087,0.10498466408784748,0.0791813752109095,0.10733033760300886
0.05,1,165,0.005508957733019044,0.10496625870268068,0.07915158703529004,0.10731428735423071
0.05,1,166,0.005507020763333729,0.10494780382012507,0.07912282222580608,0.10729766544568829
0.05,1,167,0.005505166998482033,0.10493013864931308,0.07909317296448358,0.10728227266354282
0.05,1,168,0.005503352504199566,0.10491284482082798,0.07906424789495178,0.10726580661829148
0.05,1,169,0.005501586652600435,0.10489601186508889,0.07903678377032812,0.10725145846547045
0.05,1,170,0.005499846801595377,0.104879424117368,0.07900808665429092,0.1072364498288806
0.05,1,171,0.005498108961768921,0.1048628529248458,0.07898432226461939,0.10722246476621446
0.05,1,172,0.00549646551325929,0.1048471793922878,0.07895892999452717,0.10720807147940968
0.05,1,173,0.005494814171896534,0.10483142822547573,0.07893859002414731,0.1071952190469542
0.05,1,174,0.005493209234355764,0.104816117409068,0.07891347724007998,0.10718309562130565
0.05,1,175,0.0054916079809767945,0.10480083950977487,0.07888806408465497,0.10717006931496444
0.05,1,176,0.005490122398056602,0.104786663254983,0.07886787768970158,0.10715928253748684
0.05,1,177,0.0054886420043823185,0.10477253461076828,0.07884197493567055,0.10714599027927343
0.05,1,178,0.005487136509704699,0.10475816445227264,0.07882016525390494,0.10713457345891435
0.05,1,179,0.0054856695596770255,0.10474416031146581,0.07879987849736583,0.10712297389644813
0.05,1,180,0.005484263215374892,0.10473073298105855,0.07877736937182674,0.10711193848576595
0.05,1,181,0.0054828983804252615,0.10471770032258407,0.07875433698909179,0.10710076351137202
0.05,1,182,0.005481555682354502,0.10470487746379824,0.07873598648228321,0.1070897823828247
0.05,1,183,0.005480222622683953,0.10469214509870312,0.07871658813489432,0.10707834017862346
0.05,1,184,0.00547891528578526,0.10467965691370278,0.07869715849685835,0.10706797482815328
0.05,1,185,0.00547761902120545,0.10466727302462266,0.07867665637364295,0.1070570662133463
0.05,1,186,0.005476401397637486,0.10465563909926198,0.07865482003181096,0.107047334394042
0.05,1,187,0.005475152564505884,0.10464370563493902,0.07863416193908587,0.10703757012113498
0.05,1,188,0.005473924306211611,0.10463196744983448,0.07861631747958851,0.10702698197215145
0.05,1,189,0.005472718965321006,0.10462044700077519,0.07859951994430203,0.10701767506619866
0.05,1,190,0.005471557427361831,0.10460934401249088,0.0785832435529865,0.10700908822693538
0.05,1,191,0.005470441565432043,0.10459867652539435,0.07856704083488976,0.10700073031143914
0.05,1,192,0.0054693059753422564,0.10458781932273238,0.07855055641994221,0.10699221888325769
0.05,1,193,0.005468203570218786,0.10457727831817756,0.07853360503482933,0.1069831880705607
0.05,1,194,0.005467121041269757,0.10456692633208416,0.0785163724422352,0.10697460004368274
0.05,1,195,0.0054661257885106765,0.10455740804467828,0.07849851508015697,0.10696670832326899
0.05,1,196,0.0054650939791391255,0.10454753922631681,0.07847904058868804,0.1069576111532383
0.05,1,197,0.0054640617705955545,0.10453766565784367,0.07846382365555034,0.10694933836674557
0.05,1,198,0.00546308455497622,0.10452831726356471,0.07844870449810531,0.1069415426253314
0.05,1,199,0.005462133197862562,0.10451921543776113,0.07843325749356986,0.10693394618529012
0.05,1,200,0.005461220180810523,0.10451047967367218,0.07841891471797899,0.10692712541213384
0.05,1,201,0.005460306958118111,0.10450174121150432,0.07840303660089364,0.10692018597235607
0.05,1,202,0.005459366462914498,0.10449274101979043,0.07838341414878554,0.10691201979035167
0.05,1,203,0.005458499834097282,0.10448444701578587,0.07836634124046121,0.10690480572761409
0.05,1,204,0.005457611701732502,0.10447594653060102,0.07835042953530405,0.10689759545244132
0.05,1,205,0.005456732445526557,0.10446753031948786,0.07833389953698207,0.10688959059490583
0.05,1,206,0.00545590551135547,0.10445961431438917,0.07831955994330363,0.10688292041545272
0.05,1,207,0.005455048219719674,0.1044514070725682,0.07830407535678521,0.10687533187170994
0.05,1,208,0.005454218637165426,0.10444346448835777,0.07828843499292186,0.1068681878298713
0.05,1,209,0.005453399622914609,0.10443562249457422,0.07827561080125976,0.10686114984429079
0.05,1,210,0.00545264665370265,0.104428412357008,0.07826333980786238,0.1068551648160685
0.05,1,211,0.005451906859629512,0.10442132789453994,0.07824941519539315,0.10684988994677766
0.05,1,212,0.005451149563230357,0.10441407532732698,0.07823524305358755,0.10684359552222786
0.05,1,213,0.0054503870789527065,0.10440677256723059,0.07822174154018938,0.10683781108449877
0.05,1,214,0.0054496845189228186,0.10440004328469235,0.07820807727015837,0.10683222858380359
0.05,1,215,0.005448980453469368,0.10439329914768829,0.07819415935206893,0.10682652249332106
0.05,1,216,0.005448300206325249,0.10438678274882553,0.078183518893305,0.10682235837172815
0.05,1,217,0.005447644851087351,0.10438050441617296,0.07816926760165742,0.10681663193495182
0.05,1,218,0.0054469878332188805,0.10437420977635117,0.07815487930111965,0.10681091651706828
0.05,1,219,0.005446333231146937,0.1043679379038116,0.07814142566957374,0.10680584342987635
0.05,1,220,0.005445691285385782,0.1043617869278385,0.07812649921910533,0.10680010347063756
0.05,1,221,0.005445074650018627,0.10435587812882058,0.07811532166801802,0.10679598266077288
0.05,1,222,0.005444471428996553,0.10435009754663915,0.07810184631241472,0.10679154731502981
0.05,1,223,0.0054438772143243245,0.10434440295793852,0.07808806380599892,0.10678734951958295
0.05,1,224,0.005443263301922046,0.104338519271859,0.07807695926792357,0.10678250622555892
0.05,1,225,0.005442667682377554,0.10433281058590872,0.0780613628313588,0.10677705633356999
0.05,1,226,0.005442107120452816,0.104327437622639,0.07804969039355387,0.10677270494584404
0.05,1,227,0.0054415540753976884,0.1043221364370735,0.07803955781900354,0.10676807881027975
0.05,1,228,0.005441002557365787,0.1043168496204308,0.07802700625669172,0.10676321721955545
0.05,1,229,0.005440483965951849,0.10431187819181331,0.07801672512784137,0.10676026849611948
0.05,1,230,0.005439957833513377,0.10430683422972223,0.07800591204495615,0.10675725201170012
0.05,1,231,0.005439440671344316,0.10430187602669778,0.07799592988813381,0.10675349283054464
0.05,1,232,0.005438928394254134,0.10429696442614361,0.07798431131411271,0.10674919913737344
0.05,1,233,0.00543842987537399,0.10429218451421937,0.07797283136728739,0.10674562217367448
0.05,1,234,0.005437957830739054,0.10428765824141469,0.07796238649607574,0.10674320486196714
0.05,1,235,0.005437481430262306,0.10428309000276417,0.07795166814048095,0.10673928276342017
0.05,1,236,0.005437013223733973,0.10427860014148611,0.07793830423453306,0.10673367875544675
0.05,1,237,0.0054365309644618795,0.10427397531946195,0.07792965883197148,0.10673020796654904
0.05,1,238,0.005436091463120206,0.10426976036339784,0.07792053395476858,0.1067267510924006
0.05,1,239,0.005435655999584896,0.10426558396311696,0.07791289427136378,0.1067238554634659
0.05,1,240,0.0054352412084362955,0.10426160566993294,0.07789976917030034,0.10672066226573095
0.05,1,241,0.00543481705310031,0.10425753740713724,0.07788869079318322,0.10671757847605194
0.05,1,242,0.005434392519451309,0.10425346535680537,0.0778801254229684,0.10671508767850775
0.05,1,243,0.005433979535351945,0.10424950393504945,0.07787045128122548,0.10671170716079055
0.05,1,244,0.005433581794194203,0.10424568858417314,0.0778614547559091,0.10670789219829828
0.05,1,245,0.005433199033000943,0.10424201679745977,0.07785119699509697,0.10670579756257291
0.05,1,246,0.005432801904034667,0.10423820704554225,0.07784712817161595,0.10670423319279752
0.05,1,247,0.005432411709881601,0.10423446368530517,0.07783680617646835,0.10670202079366453
0.05,1,248,0.0054320338441336755,0.10423083847051866,0.07782619383878983,0.10669847059700857
0.05,1,249,0.005431684290553678,0.10422748476820956,0.07781543923562564,0.10669478453283919
0.05,1,250,0.005431329516866819,0.1042240808725778,0.07780577403778476,0.10669104125481216
0.05,1,251,0.005430999256077149,0.10422091206736918,0.07779786997596574,0.10668970968302217
0.05,1,252,0.005430667145954287,0.10421772542091184,0.0777907194019828,0.10668778185828634
0.05,1,253,0.005430338150296937,0.1042145685621443,0.07778352651625434,0.10668562854826392
0.05,1,254,0.005430000768002006,0.10421133113056377,0.07777878405884128,0.10668345594853947
0.05,1,255,0.005429693256804101,0.10420838024654352,0.07777212982451523,0.10668330043067013
0.05,1,256,0.005429381591292031,0.10420538941237185,0.07776453133807566,0.1066806234976132
0.05,1,257,0.005429073365406709,0.10420243150144538,0.07775552765153015,0.10667859534557539
0.05,1,258,0.005428778018931107,0.10419959710988433,0.07774944387624991,0.1066765852289745
0.05,1,259,0.00542847008481675,0.10419664183472277,0.07774200099628319,0.10667400388048227
0.05,1,260,0.00542816289788535,0.10419369364683594,0.07773271212490701,0.10667139341740149
0.05,1,261,0.005427879963367846,0.10419097814463443,0.0777278957558524,0.10666984826151421
0.05,1,262,0.005427617924770025,0.10418846313071352,0.07772149968838832,0.10666759307438406
0.05,1,263,0.0054273498518572485,0.10418589013736215,0.07771413815097446,0.10666483619008486
0.05,1,264,0.005427089340528013,0.10418338966004143,0.07770587895697038,0.10666291047530439
0.05,1,265,0.0054268057579408115,0.10418066766863046,0.07769595108987369,0.10666018431720066
0.05,1,266,0.005426543901213785,0.10417815415156659,0.07769099155019774,0.10665842825656703
0.05,1,267,0.0054262783082433715,0.10417560470900442,0.07768222004128457,0.10665631196682544
0.05,1,268,0.005426021111873274,0.10417313580643787,0.07767484845676989,0.10665457732737951
0.05,1,269,0.005425761565549499,0.10417064428666552,0.07766871364308076,0.10665339843749697
0.05,1,270,0.005425518700993502,0.10416831284986335,0.07766213404416926,0.1066521260446624
0.05,1,271,0.005425292180806846,0.10416613826773886,0.07765434509863774,0.1066505464362578
0.05,1,272,0.00542504589512317,0.10416377388634851,0.07764740284847282,0.10664899942780305
0.05,1,273,0.005424803419436004,0.1041614460290947,0.07764111949566091,0.10664677893956816
0.05,1,274,0.005424577101521597,0.10415927324555982,0.07763483613462133,0.10664573105023203
0.05,1,275,0.005424346063958929,0.10415705510390479,0.0776300290267153,0.10664449063533747
0.05,1,276,0.005424131017889075,0.10415499045066516,0.07762444823511837,0.1066446330563431
0.05,1,277,0.005423912650187831,0.10415289386462415,0.07761742801137832,0.10664271724375837
0.05,1,278,0.005423703803547743,0.10415088865245216,0.07761065071392236,0.10664097327218582
0.05,1,279,0.005423497986472319,0.10414891249045588,0.07760397986320143,0.10663990022463386
0.05,1,280,0.005423285012753826,0.10414686757415055,0.07759897025045058,0.10663917387333542
0.05,1,281,0.0054230895102068705,0.10414499037598372,0.07759122602682376,0.10663725780146924
0.05,1,282,0.005422900431980168,0.10414317483138459,0.07758626002464877,0.10663728385738551
0.05,1,283,0.00542271965127849,0.10414143893070126,0.07757902381037281,0.10663593568981053
0.05,1,284,0.005422534982644021,0.10413966566725688,0.07757362674777751,0.10663571447395108
0.05,1,285,0.0054223443101969766,0.10413783472107509,0.07756835353892454,0.10663471588431409
0.05,1,286,0.0054221561573943675,0.10413602793840725,0.07756292872437796,0.10663290681245427
0.05,1,287,0.005421971947278773,0.10413425898597227,0.07755754805948452,0.10663065598270745
0.05,1,288,0.005421814010509954,0.10413274231009144,0.07755223286401945,0.10662941644559576
0.05,1,289,0.005421635489179314,0.1041310279328819,0.07754640246587988,0.10662766951522239
0.05,1,290,0.00542147137185833,0.10412945185545087,0.0775414154735322,0.10662720973007912
0.05,1,291,0.005421284894180474,0.10412766101454958,0.07753547733263567,0.10662488740579741
0.05,1,292,0.005421124254842343,0.10412611828779889,0.07752957131957482,0.10662436430399863
0.05,1,293,0.005420962755220575,0.10412456727612918,0.07752298605318972,0.10662241678892424
0.05,1,294,0.005420795257372762,0.10412295863422977,0.07751626490979723,0.10662016489485236
0.05,1,295,0.00542064164583278,0.10412148333396697,0.0775090901983993,0.10661852914039223
0.05,1,296,0.005420498277456677,0.10412010639119301,0.07750483767328013,0.10661723767288377
0.05,1,297,0.005420348872348918,0.1041186714508874,0.07750057724571592,0.10661644250402835
0.05,1,298,0.0054202032854493605,0.10411727316299982,0.07749588608464057,0.10661562040301999
0.05,1,299,0.00542006380493692,0.10411593350623065,0.07749163263308675,0.10661466191939016
0.05,1,300,0.005419918463340435,0.10411453753766027,0.07748725354347309,0.1066137429968839
0.05,2,1,0.05884083610858801,0.3430476238325752,0.28505118869218277,0.33965000826224817
0.05,2,2,0.04839043416964229,0.3110962364595313,0.25857698228537185,0.30831907209999404
0.05,2,3,0.040562844923279766,0.28482571837276127,0.23693750540243064,0.2826961471121848
0.05,2,4,0.03488028535604233,0.2641222647034601,0.2199741474544506,0.2625897125347937
0.05,2,5,0.030627376538428265,0.24749697589436628,0.20624806002778512,0.24648986607577342
0.05,2,6,0.027372235836144027,0.2339753655244245,0.19498084764562673,0.23342851632866446
0.05,2,7,0.024821435356792484,0.22280680131805888,0.18564607005992628,0.22266999565597853
0.05,2,8,0.02275465194798629,0.21332909763080277,0.17772314349844753,0.21356169292699392
0.05,2,9,0.02107523889619225,0.2053058152912004,0.17099177709678084,0.20586454624014663
0.05,2,10,0.019679920022361706,0.19839314515558096,0.16513623766525118,0.19923224566523276
0.05,2,11,0.018497352816437187,0.19234007807234138,0.1599445782713411,0.19342124438182917
0.05,2,12,0.017486729418881103,0.18701192164608707,0.15534741041887268,0.18829861437694811
0.05,2,13,0.016607916728954,0.18225211509858535,0.15121096630261643,0.18371054752761604
0.05,2,14,0.015836334579416446,0.17796816894836248,0.147493510845982,0.17956592813023003
0.05,2,15,0.015158723999734973,0.1741190627113239,0.1441435156600295,0.17583171779119522
0.05,2,16,0.014552296561789402,0.1706006832447596,0.14108636597772992,0.17240603807836669
0.05,2,17,0.014007955074841927,0.16737953922055065,0.13827536167986412,0.169257229424595
0.05,2,18,0.01351685319088241,0.16441930051476566,0.13569281845563888,0.166352060402793
0.05,2,19,0.013068409859235753,0.16166885822096816,0.13329491224988027,0.1636429674198214
0.05,2,20,0.012659524545107464,0.15911960624076132,0.13105404847310453,0.16112345807393574
0.05,2,21,0.012285444592065854,0.1567510420511829,0.12896509976816972,0.15877441271942663
0.05,2,22,0.01194072833894219,0.1545362633102159,0.1270179762610052,0.15656978905369756
0.05,2,23,0.011622093026735137,0.15246044094607059,0.12518497769828205,0.1544959082921852
0.05,2,24,0.011328102903800751,0.15051978543567454,0.12345331983716944,0.15255253639894895
0.05,2,25,0.011053839936273725,0.14868651543616002,0.12183834908560162,0.1507103063987829
0.05,2,26,0.010799195780060849,0.14696391244153,0.12031319460965688,0.14897407217959885
0.05,2,27,0.010561356916413741,0.1453365536705322,0.1188680008003676,0.14732955084139318
0.05,2,28,0.010339443418633814,0.14380155366778075,0.1174959996222802,0.14577444927456093
0.05,2,29,0.010130810598686181,0.14234332157629442,0.1162012477596394,0.14429383782728236
0.05,2,30,0.009935773214493253,0.14096647271243792,0.11497201044510254,0.14289114089368357
0.05,2,31,0.00975275812465711,0.1396621503819636,0.11380503254765685,0.14156200068633934
0.05,2,32,0.009580430686499853,0.1384227632038882,0.1127042155076993,0.14029470747868938
0.05,2,33,0.009417185933793164,0.13723837607457445,0.11164828147942953,0.13908310563820583
0.05,2,34,0.009262812914704896,0.13610887491052812,0.11063224129971694,0.13792335024655233
0.05,2,35,0.009116705477308917,0.13503114809042333,0.10965458407099796,0.1368155192809848
0.05,2,36,0.008977802731572584,0.1339985278394698,0.1087141668268032,0.1357517496890551
0.05,2,37,0.008846710281446266,0.1330166176193506,0.10781711018501781,0.1347379455847064
0.05,2,38,0.008723278883534467,0.13208541844983848,0.10696947330496148,0.13377568604630197
0.05,2,39,0.008606109280537677,0.13119534504347077,0.10615185421300385,0.1328554675165048
0.05,2,40,0.008494717051335476,0.13034352343968209,0.10536189324499645,0.13197183946915067
0.05,2,41,0.008388209263829452,0.12952381451941147,0.10460250930787687,0.1311228459585243
0.05,2,42,0.008286855896547015,0.12873892881756485,0.10387596872467121,0.1303066844662673
0.05,2,43,0.008190028511935952,0.12798459682271107,0.10317459645706642,0.12952189841723477
0.05,2,44,0.00809794554052363,0.12726307823185506,0.1024989996922156,0.1287697317020319
0.05,2,45,0.008010105297007535,0.12657097058178493,0.10185064524117045,0.12804874426949964
0.05,2,46,0.007926457165904779,0.12590835687836435,0.10121964639545909,0.1273578608500949
0.05,2,47,0.00784626782295613,0.12526985130474236,0.10061655435556537,0.12669119459526257
0.05,2,48,0.007769281989827217,0.12465377643559153,0.10002712182301123,0.12604861415494203
0.05,2,49,0.007695905853538563,0.12406374050090996,0.09946167729777942,0.1254305858117135
0.05,2,50,0.007625430793351523,0.12349437876560636,0.09891344299167994,0.12483562114901235
0.05,2,51,0.007557830823384391,0.12294576709577594,0.09837904504175536,0.12426029121585438
0.05,2,52,0.00749292513258555,0.12241670745928065,0.09786390496446681,0.12370564100189978
0.05,2,53,0.007430694747960373,0.12190729878034681,0.09737175467750767,0.12317086125015267
0.05,2,54,0.007370943451406398,0.12141617232812438,0.09689411529003729,0.12265693787882484
0.05,2,55,0.007313623412342295,0.12094315534450302,0.09643235425774717,0.12216019336875736
0.05,2,56,0.0072584168490363865,0.12048582363943391,0.09598542185031896,0.12167971338269015
0.05,2,57,0.007205474239198034,0.12004560999218616,0.09555592450993254,0.12121690703630504
0.05,2,58,0.007154752865755792,0.11962234628827334,0.09513655156245333,0.12077266524822727
0.05,2,59,0.007105641313358252,0.11921108432824737,0.09472984769508365,0.12033961130299604
0.05,2,60,0.00705820943381369,0.11881253666018321,0.0943304979195,0.11991761289408452
0.05,2,61,0.0070126988057095056,0.11842887152809914,0.09394490775624746,0.11951408213465416
0.05,2,62,0.006968724968886959,0.1180569775056685,0.0935656955250055,0.1191216455719038
0.05,2,63,0.006926252147485472,0.11769666220828415,0.09319485184898126,0.11874210567181243
0.05,2,64,0.006885304200682207,0.11734823561248978,0.09283402419323027,0.118373953257531
0.05,2,65,0.0068459099324417304,0.11701205008409801,0.09247805959039983,0.11801833672087843
0.05,2,66,0.006807760989199756,0.11668556885236285,0.09214126250379948,0.11767129807779989
0.05,2,67,0.006770792584537636,0.1163683168610566,0.09181333948635069,0.1173361263609191
0.05,2,68,0.006735476648872541,0.11606443597306232,0.0915004823988355,0.11701282451968846
0.05,2,69,0.006701127825673803,0.11576811154781616,0.09119439097625412,0.11669784763485423
0.05,2,70,0.006667922663854706,0.11548093058037509,0.09089463731543565,0.11639347218727676
0.05,2,71,0.006635742925967377,0.11520193510499185,0.09060158209099325,0.1160973215174979
0.05,2,72,0.006604594850279005,0.11493123901080163,0.09031731477642647,0.11581002397572628
0.05,2,73,0.00657460485196374,0.11467000350539579,0.09004104830053525,0.11553288341700417
0.05,2,74,0.006545403836569875,0.11441506750922166,0.08977326255600572,0.11526206164170563
0.05,2,75,0.0065171721708692535,0.1141680530697555,0.08951115274192771,0.11499972027029379
0.05,2,76,0.006489783872595355,0.11392790591067102,0.08926587015178936,0.11474342479798318
0.05,2,77,0.006463373409978926,0.11369585225485516,0.08902422129142695,0.1144968817334373
0.05,2,78,0.00643780173644129,0.1134707163671869,0.08878889111532559,0.11425581704170895
0.05,2,79,0.006412988419490606,0.11325182929640126,0.08855791991603361,0.11402376807768422
0.05,2,80,0.006388779437467093,0.1130378647840368,0.08832986023936383,0.11379652910466652
0.05,2,81,0.006365425978646838,0.11283107709001841,0.08810921214405083,0.1135756916850923
0.05,2,82,0.006342845796253966,0.11263077551232581,0.08789286461279723,0.11336146511926799
0.05,2,83,0.006320827118618718,0.11243511122971078,0.087681644548648,0.11315162065643626
0.05,2,84,0.006299392507775122,0.11224430950186404,0.08747501668776671,0.11294743775541137
0.05,2,85,0.006278666501677636,0.11205950652825164,0.08727639643860521,0.11274989222702474
0.05,2,86,0.006258585749363704,0.11188016579683553,0.08708504761345938,0.11255903688335968
0.05,2,87,0.006239311011982282,0.11170775274780423,0.08690201345482214,0.11237496921874213
0.05,2,88,0.006220401390330285,0.11153834668247764,0.08671970576158883,0.11219338154157135
0.05,2,89,0.0062020399385095525,0.11137360493859892,0.08654233417116011,0.11201722704861658
0.05,2,90,0.006184056153601443,0.11121201512068238,0.08637132133272361,0.11184508586719363
0.05,2,91,0.006166798911230176,0.11105673244995258,0.08619861016079448,0.11167982537716657
0.05,2,92,0.006150008004316237,0.11090543723655966,0.08603079656395055,0.11151699034786307
0.05,2,93,0.006133759817862603,0.11075883547476113,0.08586575376634326,0.11135972085977099
0.05,2,94,0.006117970012085382,0.11061618337373046,0.08570136995196798,0.11120721101225285
0.05,2,95,0.006102524238752413,0.11047646119198798,0.08554172035596319,0.11105741297327751
0.05,2,96,0.006087512087806351,0.11034049200367335,0.08538808100414563,0.11091187814826395
0.05,2,97,0.006072914946417235,0.11020812081164649,0.08523534112544766,0.11076978761019586
0.05,2,98,0.006058654925931225,0.1100786530252912,0.08508618214028686,0.11063108666310452
0.05,2,99,0.006044873825804011,0.10995338854081771,0.0849382900889189,0.11049501013325731
0.05,2,100,0.006031379224516455,0.10983058976912083,0.08479719020857192,0.11036265272639535
0.05,2,101,0.006018310695746445,0.10971153718498747,0.08465777715863937,0.1102336428598956
0.05,2,102,0.006005566252549175,0.10959531242301539,0.084518813053562,0.1101079320102494
0.05,2,103,0.005993211451181974,0.10948252327364376,0.08437942740527438,0.10998713391446512
0.05,2,104,0.005981004260849629,0.10937096745343006,0.08424716004136064,0.1098669731640499
0.05,2,105,0.005969375595562695,0.10926459257749233,0.0841171452648947,0.10975077377889486
0.05,2,106,0.005957988794726059,0.1091603297423204,0.08399006719430915,0.1096375366339442
0.05,2,107,0.005946850417178368,0.10905824514614536,0.0838625354253517,0.1095265936755709
0.05,2,108,0.0059359706974310795,0.10895843884189127,0.08373669072039384,0.10941987238431773
0.05,2,109,0.005925421996769811,0.10886158180708023,0.08361444652283315,0.10931591187659218
0.05,2,110,0.005915112423554771,0.10876683707412634,0.0834950629318155,0.10921205487790964
0.05,2,111,0.005905144711563118,0.10867515550081461,0.08337598960226912,0.10911199262558405
0.05,2,112,0.005895398518175126,0.10858543657576854,0.08326478431599883,0.10901495963529763
0.05,2,113,0.0058858186747681425,0.10849717668924055,0.08315199938132863,0.10892011135161248
0.05,2,114,0.005876606354620484,0.10841223505324926,0.08304091556649035,0.10882749145339053
0.05,2,115,0.005867600518854424,0.10832913291312199,0.08293358361223392,0.1087366094989922
0.05,2,116,0.005858746213333664,0.108247366834798,0.08283025771059196,0.1086472277406929
0.05,2,117,0.0058500704384762585,0.10816718946590281,0.08272602657955895,0.10855976065162874
0.05,2,118,0.0058416747824635955,0.10808954419798054,0.08262383223782462,0.10847427863789161
0.05,2,119,0.005833562367012316,0.10801446539248635,0.0825234663019415,0.10839484056341334
0.05,2,120,0.005825653154225358,0.10794121691203373,0.08242543299682242,0.1083140118570292
0.05,2,121,0.005817860719508628,0.10786900128868004,0.0823261313814967,0.10823481822076152
0.05,2,122,0.005810312882405002,0.10779900632570787,0.08223042138179068,0.10815869957719502
0.05,2,123,0.005802948569640287,0.10773066944598726,0.08213969256161349,0.1080841575404056
0.05,2,124,0.005795778094834202,0.10766408960126121,0.082047697253488,0.1080115613664228
0.05,2,125,0.005788776168855298,0.10759903502220917,0.08195801859731217,0.10793891604701249
0.05,2,126,0.0057819464127667995,0.10753554215018214,0.08186905625489337,0.10786967415581422
0.05,2,127,0.005775226265102673,0.10747303164145573,0.08178123049133044,0.10780226773212694
0.05,2,128,0.005768722372783726,0.10741249808829256,0.08169717942274679,0.10773474655123907
0.05,2,129,0.005762338913970002,0.10735305225255592,0.08161056072666305,0.1076685952390475
0.05,2,130,0.005756046976759815,0.10729442647928937,0.08153568554324149,0.10760412647014288
0.05,2,131,0.005749954493995971,0.10723762860112089,0.08145553237478373,0.1075420976122075
0.05,2,132,0.005744063029120574,0.107182676110653,0.0813770284593704,0.1074818254060162
0.05,2,133,0.005738231260167903,0.10712825267097287,0.08129966491460118,0.10742197841957532
0.05,2,134,0.005732541755943419,0.10707513022119954,0.08122613302040439,0.10736382350538082
0.05,2,135,0.005727009301929373,0.10702344885051475,0.08115235713538839,0.10730630303866817
0.05,2,136,0.005721563416410623,0.10697255177297232,0.08108138875219705,0.10725087957114614
0.05,2,137,0.00571630405839791,0.10692337497851356,0.0810099796445222,0.10719598911812586
0.05,2,138,0.005711153770361095,0.10687519609676602,0.08094039371452572,0.10714300712999424
0.05,2,139,0.005706111757918005,0.10682800904180519,0.0808714169306805,0.10709225036289081
0.05,2,140,0.005701296253619262,0.10678292235764351,0.08080618739615515,0.10704182095290446
0.05,2,141,0.005696520801616804,0.1067381918679233,0.08074199002568379,0.1069924850735825
0.05,2,142,0.005691782098200023,0.1066937870562295,0.08067884179238098,0.10694323240075719
0.05,2,143,0.005687208545879804,0.10665091228751683,0.08061562629743638,0.1068946920304542
0.05,2,144,0.005682740542642676,0.10660901033817616,0.08055264727642109,0.10684871458428634
0.05,2,145,0.005678336128699398,0.10656768861807409,0.08049189373607554,0.10680456014956163
0.05,2,146,0.005674032164918869,0.1065272938257503,0.08043188367287059,0.10675989512431312
0.05,2,147,0.005669842098395983,0.10648795329421994,0.08037228138918254,0.10671548979286638
0.05,2,148,0.005665718703849536,0.10644922455189175,0.08031630638804643,0.1066720210518275
0.05,2,149,0.005661728932710712,0.10641173744198251,0.08025819237752098,0.10662985107853694
0.05,2,150,0.005657841756993797,0.10637520159317017,0.08020271491515278,0.10658783151091232
0.05,2,151,0.0056540298629909865,0.10633936113209433,0.08015044722053438,0.1065480881693428
0.05,2,152,0.005650268788399854,0.10630398664584366,0.08009601826927011,0.10650735069584827
0.05,2,153,0.005646577068099329,0.10626925301421224,0.08004255546723009,0.10646785692494967
0.05,2,154,0.005642947528527267,0.10623509334045193,0.07999023607617896,0.10643017407248127
0.05,2,155,0.005639492097316739,0.10620256209072114,0.0799424161493724,0.10639434194760211
0.05,2,156,0.005636065863126996,0.10617029587532471,0.0798949134378284,0.10635852452878079
0.05,2,157,0.005632690362241138,0.1061384978435359,0.07984661644647209,0.10632086113886452
0.05,2,158,0.005629441643652858,0.10610788513256551,0.07980117791683719,0.10628638552515027
0.05,2,159,0.005626224357000239,0.10607755989840867,0.07975600112363372,0.10625256430509326
0.05,2,160,0.0056230604207282145,0.10604772907260404,0.07971057185485361,0.10621858248664391
0.05,2,161,0.005619933678482445,0.10601824068038901,0.07966918981546972,0.10618454293764207
0.05,2,162,0.005616933579199227,0.10598993894893258,0.07962812236936141,0.10615104461165192
0.05,2,163,0.005614029777133984,0.10596253844764181,0.07958651160041164,0.10611859958247985
0.05,2,164,0.005611170137701099,0.10593554774202188,0.07954213727254222,0.10608658995954026
0.05,2,165,0.005608366852826389,0.10590908226234792,0.07950030935025804,0.10605666192494378
0.05,2,166,0.005605634323313862,0.1058832784089524,0.07945872174877737,0.10602675294192465
0.05,2,167,0.0056030373030084004,0.10585874836789258,0.07941781093307757,0.10599885149627276
0.05,2,168,0.005600393864160463,0.1058337740436432,0.07937701568657912,0.10597034276434973
0.05,2,169,0.005597877840604702,0.10580999802102543,0.07933924554005661,0.10594267427256172
0.05,2,170,0.005595357657678772,0.10578617733597119,0.07930247732250531,0.10591538445478092
0.05,2,171,0.005592909630057806,0.10576303352360697,0.07926523649183384,0.1058888175912716
0.05,2,172,0.005590501930747411,0.10574026603661833,0.07922798957662042,0.10586255144142452
0.05,2,173,0.005588139871281912,0.10571792536066825,0.07918749071553764,0.10583614555682441
0.05,2,174,0.005585892514882979,0.10569666517807437,0.07914880135896993,0.1058114783997914
0.05,2,175,0.0055836493205847475,0.10567544010397825,0.07911288058061323,0.10578607106150233
0.05,2,176,0.0055814654531600215,0.10565477228369782,0.0790763868714026,0.10576312761010673
0.05,2,177,0.005579313568215572,0.10563440318585202,0.07904170114371208,0.10573899538546638
0.05,2,178,0.0055771750439281755,0.10561415666403984,0.07900622175651104,0.10571535475000446
0.05,2,179,0.005575142474637936,0.10559490967502114,0.07897119774749349,0.10569346689428283
0.05,2,180,0.005573112662374144,0.10557568529139788,0.0789420628785891,0.10567268789403539
0.05,2,181,0.005571093652239887,0.1055565597415896,0.078909176396082,0.10564960465674386
0.05,2,182,0.005569174376635194,0.10553837573731362,0.07887878176047008,0.1056290791810765
0.05,2,183,0.005567232301414106,0.10551997253045611,0.07884909317307048,0.10560732065839641
0.05,2,184,0.005565388808071847,0.10550250052081085,0.07881909485683433,0.10558613211212971
0.05,2,185,0.005563547515602417,0.10548504648150293,0.07879046190456715,0.10556671836359827
0.05,2,186,0.005561783627875698,0.10546832347084785,0.07876223131055489,0.10554766805056119
0.05,2,187,0.005560069384931116,0.1054520685897732,0.07873056873906092,0.10552832789838981
0.05,2,188,0.005558381077195684,0.10543605718344824,0.07870205293390135,0.10550929497373089
0.05,2,189,0.005556705082433844,0.10542016014438456,0.07867316058599604,0.10549065001432867
0.05,2,190,0.005555050972461947,0.1054044683347148,0.07864389864768041,0.1054730172845125
0.05,2,191,0.0055534331628163775,0.10538911863011644,0.07861740902650881,0.10545477342602198
0.05,2,192,0.005551828855283483,0.10537389482488993,0.0785886965975561,0.10543798250143303
0.05,2,193,0.005550300213438067,0.10535938698984601,0.07856086811900305,0.10542207257437503
0.05,2,194,0.005548745958895153,0.10534463402466357,0.07853361878061776,0.10540490979659423
0.05,2,195,0.0055472712047033345,0.10533063376533282,0.07850891768417069,0.10538810122634938
0.05,2,196,0.005545781359237037,0.10531648835046711,0.07848429753880272,0.10537212075686754
0.05,2,197,0.005544325694918908,0.10530266563500573,0.07845886564802265,0.10535593256252428
0.05,2,198,0.005542905823382584,0.10528918105278039,0.07843678949199656,0.105340424100791
0.05,2,199,0.005541553175138347,0.1052763332866257,0.0784132451213251,0.10532441852641754
0.05,2,200,0.005540231610187847,0.10526377924231912,0.07839017154893506,0.10530923825637756
0.05,2,201,0.00553896238814082,0.1052517210133955,0.0783670325482952,0.10529401899028015
0.05,2,202,0.005537653625047543,0.10523928567837719,0.07834290479130242,0.10527948328078669
0.05,2,203,0.0055364018980369745,0.10522739090215033,0.07832161899467728,0.10526399565660936
0.05,2,204,0.005535182648103702,0.1052158034527485,0.0783005368872085,0.10524779433706778
0.05,2,205,0.00553395869888022,0.10520417005879776,0.07827882609803048,0.10523323605740938
0.05,2,206,0.0055328048436405755,0.10519320171608597,0.07825963729130149,0.10522078425999598
0.05,2,207,0.005531655381440349,0.10518227399557731,0.0782388675910639,0.10520780828215966
0.05,2,208,0.005530482468972225,0.10517112216737279,0.07821846498402646,0.10519370934004128
0.05,2,209,0.005529424059988958,0.1051610580014195,0.07819782707102162,0.10518211844622792
0.05,2,210,0.005528322585764183,0.10515058331520737,0.0781759333047456,0.10516966622756456
0.05,2,211,0.005527205327429039,0.10513995746079641,0.0781574429553806,0.10515704622087681
0.05,2,212,0.005526167053398954,0.10513008183578051,0.07813907638543448,0.10514472190747462
0.05,2,213,0.005525132386509628,0.10512023959742128,0.07811955552540259,0.10513169426515617
0.05,2,214,0.005524139775500058,0.10511079654821438,0.07810059859718037,0.10512049500572974
0.05,2,215,0.005523119180986152,0.10510108639767861,0.07808249975901932,0.10510817746574092
0.05,2,216,0.005522140293933129,0.10509177221774432,0.07806472441758018,0.10509547609286841
0.05,2,217,0.0055211913764994115,0.10508274241281879,0.07804701221769392,0.10508417017339078
0.05,2,218,0.005520210305996666,0.1050734058265617,0.07803306834906219,0.10507346835558401
0.05,2,219,0.005519278241385908,0.10506453484773925,0.0780183297815916,0.1050638823697336
0.05,2,220,0.005518382101130391,0.10505600507472565,0.07800111189008067,0.10505285574959504
0.05,2,221,0.0055175179145283,0.10504777879163651,0.07798233526170238,0.10504433666885718
0.05,2,222,0.005516637111053324,0.10503939366783611,0.07796569213042126,0.10503360315775578
0.05,2,223,0.005515777718371853,0.10503121172653254,0.07794989450020569,0.10502275729371432
0.05,2,224,0.005514944845928517,0.10502328166581462,0.07793567652215785,0.10501332651855443
0.05,2,225,0.0055141482647103075,0.10501569658589431,0.07792004062437655,0.10500350973495873
0.05,2,226,0.005513362557000803,0.10500821450725466,0.07790433546591581,0.10499501881530088
0.05,2,227,0.005512608231156954,0.10500103076786393,0.07788873545065352,0.10498726446511221
0.05,2,228,0.005511827896387788,0.10499359881809736,0.07787421695659709,0.10497707225143708
0.05,2,229,0.005511081645739351,0.104986490995169,0.07785833617175837,0.10496855642679936
0.05,2,230,0.005510338678375057,0.10497941396650161,0.07784373929736155,0.10495910137092695
0.05,2,231,0.0055096227186852975,0.10497259374413206,0.07783400512002026,0.10495108574201861
0.05,2,232,0.005508902044384609,0.10496572816290667,0.07782049220699112,0.1049424427597593
0.05,2,233,0.005508222320705526,0.10495925229064397,0.07780515981028287,0.10493480436079412
0.05,2,234,0.0055075224561647665,0.10495258411458736,0.07779276254850619,0.10492649800769123
0.05,2,235,0.005506830943235596,0.10494599509495917,0.07777928211773875,0.10491845529732416
0.05,2,236,0.0055061702454425295,0.10493969930815057,0.07776609202901823,0.1049111129260824
0.05,2,237,0.005505528006417945,0.10493357905282699,0.07775405243987495,0.10490235111437117
0.05,2,238,0.005504930246612811,0.10492788234413969,0.07774228442932778,0.1048952657573794
0.05,2,239,0.005504313683211872,0.1049220061113194,0.07772909583653821,0.10488847197099994
0.05,2,240,0.0055037032757274595,0.10491618822400535,0.07771922891258662,0.10487945185057902
0.05,2,241,0.005503103287184271,0.1049104693267957,0.07770650665306486,0.10487317081739833
0.05,2,242,0.005502524564446313,0.10490495283299367,0.07769398025458919,0.1048661508384185
0.05,2,243,0.005501947691132863,0.10489945367953889,0.07768175763701739,0.10485905731827044
0.05,2,244,0.005501362730070884,0.10489387713370961,0.07767068041473793,0.10485075379962155
0.05,2,245,0.005500821086870293,0.10488871328098456,0.0776601473917105,0.10484317401277345
0.05,2,246,0.00550027936729683,0.10488354844585332,0.07764818946380826,0.10483686816249707
0.05,2,247,0.005499743105199489,0.10487843539259621,0.07763532084759518,0.10483002383789247
0.05,2,248,0.00549920326672095,0.10487328798813308,0.0776233462147409,0.10482195501941105
0.05,2,249,0.00549867923536162,0.10486829106418794,0.07761338498282444,0.10481584391977602
0.05,2,250,0.005498192544730526,0.10486364999112444,0.07760137370177349,0.1048089560535517
0.05,2,251,0.00549770138809108,0.10485896612203537,0.07759003009778112,0.10480290009253958
0.05,2,252,0.00549721033642219,0.1048542830448255,0.07758000397248832,0.10479722836149472
0.05,2,253,0.005496748098426896,0.10484987456765885,0.07757105917222913,0.1047908044901488
0.05,2,254,0.005496272790856207,0.10484534124944424,0.07756192667378263,0.10478518155095777
0.05,2,255,0.005495804217073338,0.10484087196387998,0.07755212856599533,0.10477941627536447
0.05,2,256,0.005495347990771449,0.10483652026628362,0.07754362566011587,0.10477175239927299
0.05,2,257,0.005494929932480099,0.10483253247422862,0.07753487873200017,0.10476581923502085
0.05,2,258,0.005494491875998393,0.10482835375983345,0.07752516788653903,0.10476116010862513
0.05,2,259,0.005494058405783006,0.10482421863083936,0.07751438154458795,0.10475611600449884
0.05,2,260,0.00549363431644099,0.1048201728336773,0.07750625444247215,0.10475119802814424
0.05,2,261,0.0054932206003786965,0.10481622584675233,0.0774968625187976,0.1047458179998222
0.05,2,262,0.005492817132008447,0.10481237648301318,0.07748939370945314,0.10474059138148649
0.05,2,263,0.005492434702387556,0.10480872771279648,0.07748152932419827,0.10473717960874858
0.05,2,264,0.005492040527498941,0.10480496674775429,0.07747355982664955,0.10473270917104975
0.05,2,265,0.0054916736353372965,0.10480146597578964,0.07746609493568683,0.10472960184353762
0.05,2,266,0.005491308311737255,0.10479798005436226,0.077456742785437,0.1047247833095737
0.05,2,267,0.005490950579243665,0.10479456645498053,0.07744775556156241,0.10471956921204596
0.05,2,268,0.005490613767994534,0.10479135239125921,0.07744051124130652,0.10471484066825665
0.05,2,269,0.005490257635744018,0.10478795384722443,0.07743226643655822,0.10471075120677367
0.05,2,270,0.005489908601166317,0.10478462292880876,0.0774254361706582,0.10470624313105605
0.05,2,271,0.005489567991683328,0.10478137231095351,0.07741737672995663,0.1047006230742259
0.05,2,272,0.005489225392666126,0.10477810260418086,0.07740795685837666,0.10469602159480092
0.05,2,273,0.005488893866331081,0.10477493847606002,0.07740113426116382,0.10469310818657035
0.05,2,274,0.005488576486754329,0.10477190927681264,0.0773953809357238,0.10468911257750153
0.05,2,275,0.005488265972369856,0.10476894551697899,0.07738981273714868,0.10468548918691022
0.05,2,276,0.005487962778213039,0.10476605154546045,0.07738323771702756,0.10468177042560202
0.05,2,277,0.00548766285879217,0.10476318875246372,0.07737337483997708,0.1046768411940902
0.05,2,278,0.005487364255162001,0.10476033844124408,0.07736673764974271,0.10467085700282826
0.05,2,279,0.005487067742905602,0.1047575080164243,0.07735890092119203,0.1046668644860683
0.05,2,280,0.0054867747417911205,0.10475471103288024,0.07735122874851184,0.10466236170110936
0.05,2,281,0.005486500351785983,0.10475209164294509,0.07734413050682927,0.10465732994710172
0.05,2,282,0.005486233103266915,0.10474954036430818,0.07733581764970218,0.10465346979168143
0.05,2,283,0.005485958770276279,0.10474692138937812,0.07732750502538313,0.10465076950108873
0.05,2,284,0.005485697032470095,0.10474442259586039,0.07731940083245531,0.10464690724336663
0.05,2,285,0.005485430311586939,0.1047418761679104,0.07731059173396329,0.10464429212891208
0.05,2,286,0.005485180962081841,0.10473949553135953,0.07730171394411244,0.1046407530953013
0.05,2,287,0.005484933954351457,0.10473713719929008,0.0772955536799203,0.10463750521729323
0.05,2,288,0.005484685282701427,0.10473476292713348,0.07729030822692576,0.1046346565625644
0.05,2,289,0.005484437013380731,0.104732392442651,0.07728273106958049,0.104631516180138
0.05,2,290,0.005484194355330901,0.10473007548293758,0.07727496321124022,0.10462763471908318
0.05,2,291,0.005483965077910593,0.10472788623772174,0.07726677403333065,0.10462468707324953
0.05,2,292,0.0054837380669459975,0.10472571858856827,0.07725851316270786,0.10462123308740731
0.05,2,293,0.005483517132736826,0.1047236089211676,0.07724907511701201,0.10461925279717255
0.05,2,294,0.005483307063460307,0.10472160296195153,0.077243302770307,0.10461657566210543
0.05,2,295,0.005483103230855734,0.10471965652021338,0.07723572351250553,0.1046152711342992
0.05,2,296,0.005482879326176358,0.10471751836418162,0.07723121756238777,0.10461142017651705
0.05,2,297,0.005482685415398028,0.10471566659672303,0.0772266597664232,0.10460934015347761
0.05,2,298,0.005482481227442723,0.10471371665109326,0.07722206535931958,0.10460796281967503
0.05,2,299,0.0054822794939585785,0.1047117901094101,0.07721660111037706,0.1046034582848404
0.05,2,300,0.005482061293316513,0.10470970626753294,0.07721235621760644,0.1045991306808173
0.05,3,1,0.047858972072706944,0.30938316719791636,0.26432338252351634,0.3076436456381759
0.05,3,2,0.03820939521814736,0.27643948783828753,0.2363815284385521,0.2744545943817244
0.05,3,3,0.03154690961113799,0.2511848307965192,0.21485013010758688,0.24898149707137418
0.05,3,4,0.0268193333287746,0.23160023026229745,0.1980080085502503,0.229172856652714
0.05,3,5,0.023394787926118158,0.21630898236605042,0.184583513122949,0.2137173089800604
0.05,3,6,0.020820783668407086,0.2040626554193936,0.17362108088823508,0.20139184655820366
0.05,3,7,0.018856897234395955,0.19420039770503023,0.164682225482707,0.191523625868469
0.05,3,8,0.017312691142815355,0.186078967875552,0.15724033073867583,0.18344472581492438
0.05,3,9,0.016066717856229283,0.17925801436047026,0.1509536994134037,0.17669522138177135
0.05,3,10,0.015046822419146103,0.17347519949056756,0.14555942187845136,0.17099827980558427
0.05,3,11,0.014194163603543081,0.1684883592628469,0.14086084329516677,0.16610495817943918
0.05,3,12,0.013468215995166115,0.1641232219715791,0.1367005821970348,0.16183661391180126
0.05,3,13,0.012843531147333286,0.1602718387448855,0.13302202352955117,0.15808210215785573
0.05,3,14,0.01230257893888244,0.1568603132655449,0.1297395960985462,0.1547645535626153
0.05,3,15,0.011826419866368232,0.1537947974826732,0.12675749598238362,0.15179005996218461
0.05,3,16,0.011407153520270323,0.15104405662104234,0.1240770734428626,0.14912830239591934
0.05,3,17,0.011032103696818578,0.14854025512849087,0.12162731286282015,0.1467085331602746
0.05,3,18,0.01069596515409966,0.1462598041438567,0.11937009915213996,0.14450875640868605
0.05,3,19,0.010393912542159638,0.14417983591445538,0.11730323003855372,0.14250614068061748
0.05,3,20,0.010118480912604933,0.1422566758546321,0.11538679890117962,0.1406571519153155
0.05,3,21,0.009868793458830434,0.14049052251899724,0.1136142689316938,0.13896067980572585
0.05,3,22,0.009638589241652052,0.13884227916345981,0.11196865414777842,0.13737940528728224
0.05,3,23,0.009428859021382432,0.13732340675487506,0.11046895597501175,0.13592513317283272
0.05,3,24,0.009234688345515364,0.13590208493996966,0.10907257160709179,0.13456516027270823
0.05,3,25,0.009055179082543845,0.1345747307821483,0.10777464379117083,0.13329519548213298
0.05,3,26,0.008889188228064634,0.1333355783582509,0.10654449909047571,0.13211236675914384
0.05,3,27,0.008734620209787053,0.13217125413483108,0.10538423922641504,0.13100123399649952
0.05,3,28,0.008589556342508976,0.1310691141536325,0.10427992544124406,0.12995049616254634
0.05,3,29,0.008455022564779186,0.13003862937434543,0.10325088068793785,0.1289679088142215
0.05,3,30,0.008328851249551662,0.12906472213236012,0.10228112545957373,0.12804010035268273
0.05,3,31,0.008210609436973399,0.12814530375299282,0.10135335697335579,0.12716430137026993
0.05,3,32,0.008098643457401338,0.12726856216207785,0.10046346231586378,0.12632990882222342
0.05,3,33,0.007993951844117669,0.12644328249549416,0.09962417161615796,0.12554641123465912
0.05,3,34,0.007895442814451913,0.1256617906481673,0.09884112079021942,0.12480355810516658
0.05,3,35,0.007801830571094751,0.12491461540664288,0.09808814050041081,0.12409228461969228
0.05,3,36,0.007713857143215435,0.1242083503087891,0.09736056364875878,0.1234224723917893
0.05,3,37,0.007630712242610128,0.12353713808090365,0.09667049153644221,0.12278501662698821
0.05,3,38,0.00755168568979828,0.12289577445785742,0.09601276777036045,0.12217482896122243
0.05,3,39,0.0074765839421199205,0.12228314636220251,0.095367651535632,0.12159368255729816
0.05,3,40,0.007405570674263133,0.12170103265184838,0.0947531776693896,0.12104178943171286
0.05,3,41,0.007338196348333223,0.12114616253380231,0.09417064949479818,0.1205173485354986
0.05,3,42,0.007273723786145682,0.12061280020085498,0.0936143936315826,0.12001205451322187
0.05,3,43,0.007212147506956875,0.12010118656330482,0.09308113243213273,0.11952686100251508
0.05,3,44,0.007152844481450673,0.1196063918145738,0.09257005239623967,0.11905899518458851
0.05,3,45,0.007097084442798119,0.11913928355331099,0.092081486074995,0.11861647902858084
0.05,3,46,0.007043219741516388,0.11868630705786062,0.09161014330227371,0.11818779325265825
0.05,3,47,0.006992080866650235,0.11825464782959048,0.09116368872671501,0.11777926451304443
0.05,3,48,0.006942906491017465,0.11783807950758078,0.09073040638604736,0.11738580634765006
0.05,3,49,0.006896111083866303,0.11744029192629166,0.0903179057153572,0.11700991825949372
0.05,3,50,0.006850739362471788,0.11705331573664872,0.08991635508720419,0.11664318656582255
0.05,3,51,0.006807797134025123,0.1166858786145532,0.08953452661891165,0.11629633661226287
0.05,3,52,0.00676653744003369,0.1163317449369147,0.08915711420033352,0.11596282518853167
0.05,3,53,0.006726708996234111,0.11598887012325028,0.08879598353038398,0.11563863949961962
0.05,3,54,0.006688522921603819,0.11565917967549155,0.08844914374066154,0.11532712814069167
0.05,3,55,0.006651640100413165,0.11533984654414245,0.08811250259860455,0.11502664957190153
0.05,3,56,0.006616405417230614,0.11503395513699957,0.08778970127520874,0.11473921434924272
0.05,3,57,0.0065825503331621875,0.11473927255445006,0.0874830845429569,0.11446187255985305
0.05,3,58,0.006550007181831582,0.11445529417053264,0.0871899050057057,0.11419468841446251
0.05,3,59,0.006518787681654797,0.1141822024805512,0.08690795612198088,0.11393770599372824
0.05,3,60,0.006488445006953899,0.11391615343711267,0.08663140838974435,0.11368719676350256
0.05,3,61,0.006459088243221972,0.11365815626889231,0.0863594070811403,0.11344525112192647
0.05,3,62,0.006430748293990108,0.1134085384262588,0.08610139930894857,0.11321025817851035
0.05,3,63,0.0064036090144241374,0.11316897997617667,0.08585272066470948,0.11298449399672841
0.05,3,64,0.006377360745455851,0.11293680308434316,0.08560626131988373,0.11276746860810664
0.05,3,65,0.006351996646183954,0.1127119926732196,0.08537349498677756,0.11255675157854336
0.05,3,66,0.006327328013183866,0.11249291544967502,0.08514778903286736,0.11235080878412261
0.05,3,67,0.0063035616801499356,0.11228144708855453,0.08493123430186755,0.11215203563821602
0.05,3,68,0.006280529706686752,0.11207613221990445,0.0847182877955014,0.11195981594124982
0.05,3,69,0.006258434971844047,0.11187881811892765,0.08450937457149897,0.1117758672216613
0.05,3,70,0.006236955951418993,0.11168666842035349,0.08430777458075076,0.11159596780344615
0.05,3,71,0.006216175250293917,0.11150045067437096,0.08411684018549406,0.11142178943896217
0.05,3,72,0.006196144808977478,0.11132066123570662,0.08393051020331596,0.1112531764093796
0.05,3,73,0.006176728977850936,0.11114611084379818,0.08374764963884011,0.11109177850710036
0.05,3,74,0.006157858778269109,0.11097620265867011,0.08357626328269659,0.11093242812961206
0.05,3,75,0.006139404882727585,0.11080979092776581,0.0834053494929315,0.1107763957710001
0.05,3,76,0.006121567483060603,0.11064870069784465,0.08323738864103646,0.11062548205208042
0.05,3,77,0.0061044520663900625,0.11049390993525446,0.08307287623384423,0.11048131384341649
0.05,3,78,0.00608780174216148,0.110343117068184,0.08291130805265108,0.11034176352803515
0.05,3,79,0.00607153221142598,0.1101955735175055,0.08275734573220506,0.11020457927896733
0.05,3,80,0.006055857779690679,0.11005323965872771,0.08260879553123993,0.11007187733064103
0.05,3,81,0.006040623724822345,0.10991472808338602,0.08246474287602767,0.10994229715044476
0.05,3,82,0.006025788025784788,0.10977967048397247,0.08232351956489897,0.10981540553887258
0.05,3,83,0.006011387264315311,0.10964841325176859,0.08218330808381855,0.1096943553611703
0.05,3,84,0.005997574718905515,0.10952236957722852,0.08205301986298619,0.1095776326442306
0.05,3,85,0.005984054836101639,0.1093988558998826,0.08192422043556093,0.10946291391594369
0.05,3,86,0.005970861382151813,0.10927818979239923,0.08179916691985804,0.10935057075778097
0.05,3,87,0.005958185432467771,0.10916213109377969,0.08167514381337276,0.10924345798073638
0.05,3,88,0.00594586439397628,0.1090492035181943,0.08155512518648687,0.10913922166738414
0.05,3,89,0.005933754941613801,0.10893810115486502,0.0814354003888629,0.10903570571501414
0.05,3,90,0.0059222127330044,0.10883209759077879,0.0813207391707302,0.10893719988980073
0.05,3,91,0.005911011539171151,0.10872912709270825,0.08121304657519834,0.10883965535039664
0.05,3,92,0.0059000170950699185,0.10862796228476275,0.08110395994349094,0.10874683107705435
0.05,3,93,0.00588931923692859,0.10852943597871123,0.08099538229870637,0.10865624618522272
0.05,3,94,0.005878985125248818,0.10843417473517118,0.08089082615936519,0.10856925328266435
0.05,3,95,0.005868939215258549,0.10834148988507172,0.08078735239453404,0.10848385616603856
0.05,3,96,0.005859139404665478,0.10825099911470082,0.08068694385666715,0.10840084996626742
0.05,3,97,0.00584942753259707,0.10816124567142402,0.08059213668324496,0.10831690308624266
0.05,3,98,0.0058400643619044715,0.10807464422244907,0.0804968758509379,0.10823681958521462
0.05,3,99,0.0058309711526008424,0.1079904732150095,0.08040418275169449,0.10815925765097167
0.05,3,100,0.0058222599461653455,0.10790977662997311,0.08031805907498983,0.10808529680873112
0.05,3,101,0.005813651124079437,0.1078299691558839,0.08023268361147201,0.1080113801639335
0.05,3,102,0.00580519415843467,0.10775151190061948,0.08015150495405786,0.10793919654737769
0.05,3,103,0.0057970213412140235,0.10767563643846294,0.08007185166705617,0.107868500259942
0.05,3,104,0.005789033053341575,0.1076014224194232,0.07999373973866429,0.10779942734131603
0.05,3,105,0.005781192623821987,0.1075285322490918,0.07991905832492928,0.10773066431216771
0.05,3,106,0.005773697238853757,0.1074588036305426,0.07984461702360274,0.10766644076846744
0.05,3,107,0.005766237172797564,0.10738935862363239,0.07977088484616678,0.10760296941553658
0.05,3,108,0.005759010838723812,0.10732204655823344,0.07969890317928341,0.10754053052721306
0.05,3,109,0.005752023776385903,0.10725692309949883,0.07962856995738885,0.10748197143902916
0.05,3,110,0.005745156953710238,0.1071928817945505,0.07956141063696275,0.10742257477971723
0.05,3,111,0.005738602340972037,0.1071317165079701,0.07949769778488382,0.10736801716786644
0.05,3,112,0.00573204974993803,0.10707053516199525,0.07943344539809905,0.10731231480396418
0.05,3,113,0.005725719975717549,0.10701140103482011,0.07936807842833718,0.10725740069361002
0.05,3,114,0.005719583153388623,0.10695403829111479,0.07930690875971176,0.10720479439035197
0.05,3,115,0.005713613171867896,0.10689820552158859,0.07924765084449574,0.10715443796960777
0.05,3,116,0.00570775964152993,0.10684343350463733,0.07919137392673747,0.10710455544668626
0.05,3,117,0.005702086524289308,0.10679032282270999,0.07913439825011051,0.1070557025642509
0.05,3,118,0.00569648892438885,0.10673789321875198,0.07907704103417484,0.10700808284468773
0.05,3,119,0.005691053457411564,0.10668695756662633,0.07902389992865148,0.10696244169948847
0.05,3,120,0.005685910869374671,0.10663874407901353,0.07897071606859773,0.10691955397990768
0.05,3,121,0.005680814065677652,0.10659093831726646,0.07892009300527507,0.10687614328085629
0.05,3,122,0.005675757540642468,0.10654348915482793,0.07886991422907343,0.10683312276995892
0.05,3,123,0.005670898114313543,0.10649786959665947,0.07882165046928852,0.10679116357557011
0.05,3,124,0.005666078328862015,0.10645260286965288,0.07877477918730999,0.10674957698977869
0.05,3,125,0.005661430289391556,0.10640893091645603,0.07872856147274063,0.10670952400096943
0.05,3,126,0.005656841105110606,0.1063657943618211,0.07868146226532675,0.10667071836064587
0.05,3,127,0.005652383520223964,0.10632387803521808,0.07863720296970066,0.10663189580402015
0.05,3,128,0.005648086119577497,0.10628345232986645,0.07859195576213676,0.1065948761612843
0.05,3,129,0.005643770985822104,0.10624284433148524,0.07854854877296025,0.10655789379432543
0.05,3,130,0.005639720095753239,0.10620470889516377,0.07850529584582641,0.10652283858491046
0.05,3,131,0.005635719213096913,0.10616703078731093,0.07846283288782262,0.10648842949012886
0.05,3,132,0.005631760091256586,0.10612973279205584,0.07841993029853522,0.10645490838526649
0.05,3,133,0.005628045538441954,0.10609472690423359,0.07838112814380042,0.10642283665483092
0.05,3,134,0.005624339653133139,0.1060597911852851,0.07834204245200109,0.10639086506558434
0.05,3,135,0.005620640897129868,0.10602491119666047,0.07830448241357911,0.10635859095266965
0.05,3,136,0.005617040799553585,0.10599095055289942,0.07826615669310549,0.10632847526366404
0.05,3,137,0.005613563162157417,0.10595813477178066,0.07822780886373029,0.10629886419327099
0.05,3,138,0.005610191194216469,0.10592630640418337,0.07819033145449922,0.10626950172514602
0.05,3,139,0.00560679346683912,0.10589422521402307,0.07815500589779505,0.106240293161472
0.05,3,140,0.005603540097972526,0.10586349793930414,0.07812003805995868,0.10621300348097742
0.05,3,141,0.005600340976021415,0.10583327431409666,0.07808565518363367,0.10618654520003834
0.05,3,142,0.005597227613773114,0.10580385261202083,0.07805128824592432,0.1061609712193864
0.05,3,143,0.005594189603292002,0.10577513510548688,0.07801763135526905,0.1061360713560951
0.05,3,144,0.005591198799837507,0.10574685621650894,0.07798538354090416,0.10611127718864782
0.05,3,145,0.005588301293297017,0.10571945226207916,0.07795270816103127,0.10608737469676316
0.05,3,146,0.00558545320025597,0.10569250872465816,0.07792328299639545,0.10606377719789266
0.05,3,147,0.0055826660201812265,0.10566613478481388,0.0778923231287403,0.10603945331733321
0.05,3,148,0.005579961271246873,0.10564053456175686,0.07786363787518584,0.10601657704669268
0.05,3,149,0.005577348396943888,0.10561579803177068,0.07783602779366745,0.10599507070773422
0.05,3,150,0.005574778633544585,0.10559146398781091,0.07780727077626663,0.10597416367197171
0.05,3,151,0.005572312207705652,0.1055681032102562,0.077778878717882,0.10595425125938161
0.05,3,152,0.005569848010355453,0.10554475837629695,0.07775048583295058,0.10593397861685838
0.05,3,153,0.005567468449622155,0.10552221045469201,0.07772244658437232,0.10591494717295899
0.05,3,154,0.0055650757367468155,0.10549953304869947,0.07769612215400422,0.10589460863564151
0.05,3,155,0.005562787781214321,0.10547784394093691,0.0776711212564448,0.10587499709776295
0.05,3,156,0.005560549134440645,0.10545661794729286,0.07764591839643967,0.10585671886317986
0.05,3,157,0.005558397148408114,0.1054362096094896,0.07762233545664499,0.10583741550899563
0.05,3,158,0.005556279993418851,0.10541612773592901,0.07759755557655358,0.10581840299542888
0.05,3,159,0.0055542078544959525,0.10539646914860054,0.0775733148501713,0.10580189438295462
0.05,3,160,0.005552137844334008,0.10537682709527753,0.07754819118170313,0.10578449719140817
0.05,3,161,0.005550114986814506,0.10535762892941836,0.07752444632679062,0.10576701256341989
0.05,3,162,0.005548149157433377,0.1053389686434548,0.07750120182036987,0.10575086868985972
0.05,3,163,0.005546239505569941,0.10532083844681393,0.07747761889045078,0.10573565732192018
0.05,3,164,0.0055443287646904475,0.10530269478688993,0.07745460963516201,0.10571943460126089
0.05,3,165,0.0055424644569586415,0.10528498902463392,0.07743262050974077,0.10570455482020456
0.05,3,166,0.005540704575981172,0.10526827229494339,0.07741075629547664,0.10569029439402079
0.05,3,167,0.005538874133666051,0.10525088250144082,0.07738908449941875,0.10567456762592216
0.05,3,168,0.005537147519296227,0.10523447647321886,0.07736739857271874,0.1056608495761067
0.05,3,169,0.005535508872460634,0.10521890393328219,0.07734625748994209,0.10564785356026678
0.05,3,170,0.0055338852307503655,0.1052034717179083,0.07732524736431214,0.10563604987585419
0.05,3,171,0.005532297251427654,0.1051883762725488,0.07730503570306328,0.10562223781465345
0.05,3,172,0.005530716017268716,0.105173342794348,0.07728627903793059,0.10560880612227705
0.05,3,173,0.005529143099002013,0.10515838624667091,0.07726896412963126,0.10559537718514823
0.05,3,174,0.00552764242686028,0.10514411468893806,0.0772491006394957,0.10558326197584027
0.05,3,175,0.0055261399227805675,0.10512982376833481,0.077230740846122,0.10557095581941059
0.05,3,176,0.0055247049377861665,0.10511617323500858,0.07721352900110914,0.10555778360152118
0.05,3,177,0.005523267076909239,0.10510249356613037,0.07719592500761487,0.1055452923226774
0.05,3,178,0.005521889443209502,0.10508938522238583,0.07717754943058483,0.10553376027779662
0.05,3,179,0.005520523181767042,0.10507638347190144,0.07716096533898044,0.10552183041750515
0.05,3,180,0.0055191786659873005,0.10506358708884159,0.07714345506623622,0.10550908503656005
0.05,3,181,0.005517889746220698,0.10505131837555108,0.07712677160134165,0.10549864147538883
0.05,3,182,0.005516574716432179,0.10503879965452936,0.07711119231460617,0.10548846910540378
0.05,3,183,0.005515337006672332,0.10502701563571472,0.07709515053627894,0.1054781958756646
0.05,3,184,0.005514099116041285,0.10501522857225312,0.07707952371755487,0.1054686643032301
0.05,3,185,0.005512918939900729,0.105003989828013,0.07706449774304784,0.10546016936288408
0.05,3,186,0.005511754662037119,0.10499290130325116,0.07704832438784147,0.10545039028071969
0.05,3,187,0.005510609697430155,0.10498199557476658,0.07703331216746881,0.10544153249592443
0.05,3,188,0.005509525601878822,0.10497166857660997,0.07701810019360421,0.10543313650545781
0.05,3,189,0.00550844311772352,0.10496135591467481,0.07700301489179345,0.10542459159063779
0.05,3,190,0.005507375377773309,0.10495118272581123,0.07698814226830976,0.10541576070109687
0.05,3,191,0.005506291227108769,0.10494085217024654,0.07697452200858936,0.10540702822981232
0.05,3,192,0.005505273339793241,0.1049311520931057,0.07696073989763609,0.10539844870579539
0.05,3,193,0.00550426802816254,0.10492157097720697,0.07694797093902139,0.10539045081397344
0.05,3,194,0.005503218082883749,0.10491156354648185,0.07693628459438998,0.10538144818690974
0.05,3,195,0.0055022629248525235,0.10490245874003644,0.07692312277140477,0.10537439731531666
0.05,3,196,0.005501344536210675,0.10489370368340203,0.0769093627188115,0.10536793126224653
0.05,3,197,0.00550041847207544,0.10488487471580867,0.07689898930780378,0.10535945782268866
0.05,3,198,0.005499518794763885,0.1048762966047513,0.0768868857292449,0.10535058231789741
0.05,3,199,0.005498625991285401,0.10486778333964536,0.0768748830493114,0.10534276621107466
0.05,3,200,0.00549773495207482,0.10485928620846911,0.07686328923863094,0.10533589787719437
0.05,3,201,0.005496881598451451,0.10485114780918187,0.07685262019614614,0.10532835434718708
0.05,3,202,0.005496058449051692,0.10484329686777016,0.07684095312227637,0.10532112002860645
0.05,3,203,0.005495207663398956,0.10483518172253965,0.07682859343615414,0.1053140553746583
0.05,3,204,0.005494415012022287,0.10482762052076053,0.0768159717799247,0.10530898627134039
0.05,3,205,0.005493665949694534,0.10482047461917479,0.0768058560518522,0.1053024664707951
0.05,3,206,0.005492894602537712,0.10481311561572543,0.07679543313460475,0.10529575341331383
0.05,3,207,0.005492132959275063,0.10480584868484262,0.07678499434040369,0.10529013639970047
0.05,3,208,0.005491409522134362,0.10479894581659074,0.07677562394454333,0.1052835445690545
0.05,3,209,0.00549068602370143,0.10479204190873877,0.07676559468631244,0.10527868210754969
0.05,3,210,0.0054899516731950196,0.10478503398095569,0.07675485161219606,0.10527259407696782
0.05,3,211,0.005489243309660676,0.10477827360345919,0.07674590145256942,0.10526622548214318
0.05,3,212,0.005488530268884964,0.1047714681474395,0.07673594317090102,0.10526095074166247
0.05,3,213,0.005487881362153543,0.10476527442004381,0.07672711983230758,0.10525663940274378
0.05,3,214,0.005487200130179681,0.10475877175854709,0.07671890216026736,0.10525075777874904
0.05,3,215,0.005486526801516149,0.10475234414098951,0.07671020089805926,0.10524515486833969
0.05,3,216,0.005485917997626312,0.10474653213950628,0.07670215244263283,0.10523994556479278
0.05,3,217,0.005485319529756751,0.1047408184974392,0.0766935575561914,0.10523585372659602
0.05,3,218,0.005484702948455105,0.10473493159834597,0.07668510604579912,0.10523200050421744
0.05,3,219,0.005484096690060349,0.10472914293605529,0.07667804689317599,0.10522607555423139
0.05,3,220,0.005483495496860239,0.10472340232116448,0.07666846391512493,0.10522030483939455
0.05,3,221,0.0054829562213000345,0.10471825267163347,0.07665941312711361,0.10521577265764989
0.05,3,222,0.0054824052327760745,0.10471299091111928,0.07665119174376081,0.10521110819835917
0.05,3,223,0.00548185355455698,0.10470772229933167,0.07664314178486104,0.10520563965687087
0.05,3,224,0.005481307432609744,0.10470250648967049,0.07663430563165279,0.1052016358328115
0.05,3,225,0.005480782753397622,0.10469749522694058,0.07662604327962706,0.1051974872373121
0.05,3,226,0.0054802840797021106,0.1046927321231241,0.0766194159505146,0.10519289516494461
0.05,3,227,0.005479791015517759,0.10468802238573197,0.07661204725795992,0.10518928371150169
0.05,3,228,0.00547931056629759,0.10468343294234853,0.07660540702109528,0.10518572498468837
0.05,3,229,0.005478822985716919,0.10467877517163562,0.07659880213358725,0.10518153466189951
0.05,3,230,0.005478365937830995,0.10467440888613601,0.07659156475399488,0.10517890087476062
0.05,3,231,0.005477896222628451,0.1046699213970131,0.07658570047640198,0.1051754618389549
0.05,3,232,0.005477428849508284,0.1046654560923353,0.07657911298543402,0.10517204674396768
0.05,3,233,0.005476983807508608,0.1046612039631554,0.07657183496528656,0.10516860878701657
0.05,3,234,0.005476541794379282,0.10465698060214887,0.07656438844021413,0.10516540065916208
0.05,3,235,0.0054761302174859755,0.1046530479010141,0.07655766689226631,0.10516294402737737
0.05,3,236,0.0054756907012255005,0.10464884807034906,0.07655201331988448,0.10515961457261037
0.05,3,237,0.005475282916852491,0.10464495130537824,0.07654530178252182,0.1051569324546589
0.05,3,238,0.005474884154354393,0.10464114061261368,0.07654067845933282,0.10515369462293105
0.05,3,239,0.0054744923559183045,0.10463739633532845,0.07653597010512068,0.10515016394620903
0.05,3,240,0.0054741078543446165,0.10463372166127531,0.07652905784197714,0.10514696601451265
0.05,3,241,0.0054737290585655934,0.10463010139119233,0.0765233035571027,0.10514381304366846
0.05,3,242,0.005473355699844843,0.10462653296219696,0.0765171353376304,0.1051401573583866
0.05,3,243,0.005472988137188897,0.1046230198110234,0.07651186435759912,0.10513645209442646
0.05,3,244,0.005472627140807957,0.10461956930524956,0.07650620181601214,0.10513383132709596
0.05,3,245,0.005472271567537067,0.10461617052384461,0.07650040790709595,0.1051308831131076
0.05,3,246,0.0054719119503536095,0.10461273297599685,0.07649338472003278,0.10512854917188942
0.05,3,247,0.005471570092612094,0.10460946508430385,0.07648755446905046,0.1051264162240231
0.05,3,248,0.0054712246019609,0.10460616236112383,0.07648219455892526,0.10512338150524084
0.05,3,249,0.00547089292942454,0.10460299163431741,0.0764757149544125,0.10512121817456176
0.05,3,250,0.005470563311496168,0.10459984045395258,0.07647156358570428,0.10511862780991311
0.05,3,251,0.00547024186113304,0.10459676726489246,0.07646622414999794,0.10511632849569436
0.05,3,252,0.0054699255636872345,0.10459374325156581,0.07646150398120737,0.10511319578939018
0.05,3,253,0.005469628207165472,0.10459090024629746,0.07645571633308432,0.10511155534633114
0.05,3,254,0.005469341088909642,0.1045881550550505,0.07645041876774333,0.10511003936715822
0.05,3,255,0.005469068631233152,0.10458554996970808,0.0764456935224059,0.10510827204444159
0.05,3,256,0.005468775798237252,0.1045827499947984,0.0764431262276926,0.10510605192389932
0.05,3,257,0.005468485815662803,0.10457997720082754,0.07643865308907373,0.10510357440323151
0.05,3,258,0.005468213146063894,0.10457736988530447,0.07643367260338889,0.10510195045055616
0.05,3,259,0.005467941028523783,0.10457476778385676,0.07642952410694544,0.10509948824700054
0.05,3,260,0.0054676853190494335,0.1045723225241692,0.0764249708451677,0.10509840560530304
0.05,3,261,0.005467432497501643,0.10456990482449185,0.07642036532164577,0.10509660850101156
0.05,3,262,0.0054671800903789425,0.10456749103214577,0.0764153124933211,0.10509479321225178
0.05,3,263,0.005466926517098156,0.10456506603161647,0.07641155877538486,0.10509324925854949
0.05,3,264,0.005466693956985071,0.10456284193713435,0.07640786021112154,0.10509196827717722
0.05,3,265,0.00546644676765572,0.10456047788390908,0.0764040112685694,0.10508936315569668
0.05,3,266,0.005466212513963385,0.10455823749435895,0.07640110202243046,0.10508676281475944
0.05,3,267,0.005465975501708556,0.10455597067320982,0.07639749571733996,0.10508453853235053
0.05,3,268,0.0054657365008078905,0.10455368478258326,0.07639362651896274,0.10508328952256134
0.05,3,269,0.005465521180338457,0.10455162533732756,0.07639041767025094,0.10508014117499596
0.05,3,270,0.005465303638737777,0.10454954460673445,0.07638650001940102,0.10507798024255459
0.05,3,271,0.005465090632978531,0.10454750722019661,0.07638244333131781,0.1050774291889157
0.05,3,272,0.005464886778447927,0.10454555732739605,0.07637911041899759,0.10507533283698081
0.05,3,273,0.005464669753410123,0.1045434814171608,0.0763752180817764,0.10507406536475336
0.05,3,274,0.005464457247971843,0.10454144869832102,0.07637272553839156,0.10507151948081983
0.05,3,275,0.005464255684321692,0.10453952060653131,0.07636844280854091,0.10507082476613172
0.05,3,276,0.0054640772340939755,0.10453781358048364,0.07636330119361055,0.10506992324995051
0.05,3,277,0.00546389471206958,0.10453606757545053,0.07636032377710729,0.10506826329628967
0.05,3,278,0.005463713502140341,0.10453433409306571,0.0763582630081022,0.10506578110700264
0.05,3,279,0.005463534472884554,0.10453262144311272,0.07635477046514173,0.10506453537266791
0.05,3,280,0.005463349573969075,0.10453085261270066,0.07635193478417815,0.10506344693178934
0.05,3,281,0.005463164204091504,0.10452907924679623,0.0763480345913446,0.10506278653903679
0.05,3,282,0.005462983358907607,0.10452734913798979,0.0763443679211145,0.10506171615231646
0.05,3,283,0.00546281251532122,0.10452571468611176,0.07634104989724852,0.10506056200274667
0.05,3,284,0.005462648997760547,0.10452415029801053,0.07633741141259788,0.10505957962207434
0.05,3,285,0.005462490130356686,0.10452263037597825,0.07633365234995886,0.10505917014426382
0.05,3,286,0.0054623300975207385,0.10452109928163536,0.07633043074389886,0.10505715731456071
0.05,3,287,0.005462172865113617,0.10451959495820501,0.07632718598734597,0.10505630553368639
0.05,3,288,0.005462006544354973,0.10451800365826906,0.07632443599968411,0.10505525836421263
0.05,3,289,0.005461845435344648,0.10451646219945113,0.07632107511688628,0.10505442762848707
0.05,3,290,0.00546170331518274,0.10451510240326745,0.0763176248064746,0.10505361968283057
0.05,3,291,0.00546156849206947,0.10451381240840342,0.07631426514948066,0.10505306148278148
0.05,3,292,0.0054614367939385695,0.10451255229816722,0.07631206446748395,0.10505171183661229
0.05,3,293,0.005461302458652503,0.1045112669395267,0.07630951208045134,0.10505063192293565
0.05,3,294,0.005461164436456964,0.10450994628701102,0.07630461368410013,0.10505098745312129
0.05,3,295,0.005461035249342885,0.1045087101570284,0.07630242834060125,0.10504984642982201
0.05,3,296,0.00546091069769916,0.10450751836781084,0.07629970481259024,0.10504920992872288
0.05,3,297,0.005460776044790444,0.10450622990798629,0.07629835513837552,0.10504799803874053
0.05,3,298,0.005460653689484411,0.10450505910705386,0.07629617059570473,0.10504668943730908
0.05,3,299,0.005460527731923661,0.10450385382294436,0.07629311455190631,0.10504596266012309
0.05,3,300,0.005460397749514669,0.10450261001060852,0.07629162704068616,0.10504470449384458
0.05,4,1,0.0677902067554047,0.36821245702828875,0.30383728435094437,0.3666754380920176
0.05,4,2,0.05232413760237432,0.323493856517784,0.2690859807540274,0.3228973829609268
0.05,4,3,0.04005838113256209,0.28304904568841804,0.2381367851023623,0.28292648257634395
0.05,4,4,0.031287333044924065,0.2501492876061176,0.21288051938371177,0.2503130701152857
0.05,4,5,0.02533565335420288,0.22510288027567696,0.1931679119496447,0.2255024601516806
0.05,4,6,0.021283648330868966,0.20631843509909126,0.1778698527589459,0.20691377151807788
0.05,4,7,0.018458550420213535,0.19213823367676477,0.16586504643891956,0.19288086165564244
0.05,4,8,0.01642824535991241,0.1812635945793441,0.1563827400504111,0.18210101715454421
0.05,4,9,0.014908625334128194,0.17267672300647932,0.1486633525504439,0.17356334496051032
0.05,4,10,0.013733029427557187,0.16572887151946208,0.142275550133528,0.16662573690550406
0.05,4,11,0.012805986286786772,0.16003740991897344,0.1370060434982244,0.1609151495966249
0.05,4,12,0.012049171199176326,0.15523640809537126,0.13253641796413476,0.15607171291957128
0.05,4,13,0.011430796605327122,0.15120050664814005,0.12867829818733947,0.1519781290769538
0.05,4,14,0.010908237645629435,0.14770401244129716,0.12526547497347165,0.14841258546915023
0.05,4,15,0.010466610411000533,0.14468317394224203,0.12227791262972938,0.14531613794500733
0.05,4,16,0.01008504997678146,0.14202147708555535,0.11959390719343323,0.1425711153299293
0.05,4,17,0.009753891166370805,0.13967026287918846,0.11716844387949758,0.1401350193188418
0.05,4,18,0.009463703208029441,0.13757691091189278,0.11497959261921935,0.13795685317714634
0.05,4,19,0.00920853803988595,0.1357095283308136,0.11300091236409325,0.13600496400602405
0.05,4,20,0.008979660961676588,0.13401239466315484,0.11120166947940006,0.13422317583880589
0.05,4,21,0.00877625711039589,0.1324859019699522,0.10957643723118181,0.13261362162675028
0.05,4,22,0.008592641695046492,0.1310926519302016,0.10809184181759415,0.1311401830183815
0.05,4,23,0.008425685024671828,0.12981282698309768,0.1067353409316694,0.1297796506545193
0.05,4,24,0.008274773114090946,0.12864503965634233,0.1054856601625069,0.12853768050908917
0.05,4,25,0.008137125480905774,0.12757057247583217,0.10432530944435889,0.1273929107452958
0.05,4,26,0.008010171789520343,0.1265714959184756,0.10324951369323597,0.12632463840867064
0.05,4,27,0.007893402179892473,0.1256455504973612,0.10225667054584581,0.1253340368986716
0.05,4,28,0.007784675471839689,0.12477720522466985,0.10132721425405888,0.12440309530752285
0.05,4,29,0.007684002898400091,0.12396776111876903,0.10045356385820277,0.12353465190131269
0.05,4,30,0.007590424924840304,0.12321059146713244,0.09963541471478198,0.12272116109173527
0.05,4,31,0.007503438825665576,0.12250256181538063,0.09886787563481465,0.12195875968318437
0.05,4,32,0.007422000330073241,0.12183595799330542,0.09813559145235498,0.12124166854912387
0.05,4,33,0.007345982864649418,0.12121041922746921,0.09744094747420029,0.12056998803199015
0.05,4,34,0.007273920803344584,0.12061443365820348,0.09678568434611085,0.11992891475261276
0.05,4,35,0.007206302146131424,0.12005250639725457,0.09617290220058827,0.11932431247340744
0.05,4,36,0.007142830202759376,0.11952263553619771,0.09560218671769824,0.11875449469340549
0.05,4,37,0.007082788201428382,0.11901922703015998,0.09505762905843144,0.11821353435025085
0.05,4,38,0.007026458470487314,0.11854499964559714,0.09453659394763081,0.11770511196147236
0.05,4,39,0.006972921297752497,0.11809251710207973,0.09403535963546183,0.11722008419465837
0.05,4,40,0.00692169173986142,0.11765790870027752,0.09354956762538681,0.11675409879822428
0.05,4,41,0.006873285771488221,0.11724577409432052,0.093090568024761,0.11631313952414116
0.05,4,42,0.006826704359385424,0.11684780151449511,0.09264659151794365,0.1158861992045041
0.05,4,43,0.0067829295159887604,0.11647256772295149,0.09222806325928057,0.11548536415211282
0.05,4,44,0.006740829860128515,0.11611054956487386,0.09182977326441114,0.1150991604138245
0.05,4,45,0.006700924145856863,0.11576635215689283,0.09144728181005932,0.11473310604534404
0.05,4,46,0.006662863008644385,0.11543710849327772,0.09107847338797843,0.11438222876447471
0.05,4,47,0.0066262851205942976,0.11511980820514163,0.09072209286348058,0.11404586462037752
0.05,4,48,0.006591123471916247,0.1148139666758034,0.09038078371618413,0.11372115576212778
0.05,4,49,0.00655769895383082,0.11452247773979411,0.09004980622135851,0.11341209007512101
0.05,4,50,0.0065255838216168776,0.11424170710924166,0.08973313478154049,0.1131134411711076
0.05,4,51,0.006494568359416023,0.11396989391427916,0.08942426925685969,0.11282494719949672
0.05,4,52,0.006464981879011284,0.1137099984962737,0.08912693864997408,0.11255191891719639
0.05,4,53,0.006436678141378192,0.11346081386433107,0.08884697752397291,0.11228969316430754
0.05,4,54,0.006409367650997287,0.1132198538331267,0.08857900530620848,0.11203529328176255
0.05,4,55,0.0063831895434375225,0.11298840244412275,0.08831134006839829,0.1117934586056437
0.05,4,56,0.006357730638606621,0.11276285415513941,0.0880516709633793,0.11155730741483333
0.05,4,57,0.006333292590226328,0.11254592476163966,0.08780231775615001,0.11132946236381312
0.05,4,58,0.006309576311499592,0.11233500177148342,0.08755935979236634,0.11110832963355254
0.05,4,59,0.0062871389819997795,0.11213508801441037,0.08732586391090641,0.11089998417775945
0.05,4,60,0.0062654683890325455,0.11194166685405882,0.08709822236536896,0.11069898708613277
0.05,4,61,0.006244348352638672,0.11175283757147889,0.0868791794002958,0.11050168018652577
0.05,4,62,0.006223910242649514,0.11156980095572022,0.08667050806958586,0.11031083188207423
0.05,4,63,0.006204341689633949,0.1113942699570669,0.08646255505010425,0.11012942965021345
0.05,4,64,0.006185439663246125,0.11122445471429496,0.08626485646841844,0.10995310690390217
0.05,4,65,0.006166913931021044,0.11105776813011366,0.08606907162291999,0.1097808243434818
0.05,4,66,0.006149149327209225,0.110897694540592,0.0858805694208378,0.10961464939039622
0.05,4,67,0.00613210898676053,0.11074392973667252,0.08569590358085613,0.10945671740630451
0.05,4,68,0.0061154740955949635,0.11059361731668753,0.08551238516400682,0.10930096490006978
0.05,4,69,0.0060993163477230964,0.11044742050154993,0.08533406935916496,0.10915075995528213
0.05,4,70,0.0060837391308739145,0.1103062929381086,0.08516034019172601,0.10900651409408246
0.05,4,71,0.006068462286152715,0.11016771111494253,0.08499457961232947,0.10886257867417118
0.05,4,72,0.006053850955827705,0.11003500312016813,0.08482950850435653,0.10872606729672372
0.05,4,73,0.0060397822403393305,0.10990707202304437,0.08467455354170682,0.10859552868510977
0.05,4,74,0.0060260858939500455,0.1097823837776357,0.08452111878197072,0.1084691585577183
0.05,4,75,0.006012737715584065,0.10966072875541238,0.08437378058532313,0.10834525076045101
0.05,4,76,0.005999716856154183,0.10954192673268243,0.08422776834795892,0.10822397138241441
0.05,4,77,0.005987117898050607,0.10942685134874902,0.08408732346436742,0.10810754401390461
0.05,4,78,0.005974796336913169,0.10931419246294755,0.0839494160143407,0.1079910958386621
0.05,4,79,0.0059631002700834875,0.10920714509667842,0.08381901974328856,0.10788318651997614
0.05,4,80,0.005951698029350984,0.10910268584550047,0.08369089282253722,0.10777734658549105
0.05,4,81,0.005940445531249029,0.10899950028554287,0.08356156538265648,0.10767464360877108
0.05,4,82,0.0059294908203248444,0.10889895151308707,0.0834355652345437,0.1075732505491806
0.05,4,83,0.005918999910410151,0.10880257267555903,0.08331669232613763,0.10747566572154528
0.05,4,84,0.00590869314514943,0.10870780234324885,0.08319624965057787,0.10738038487575378
0.05,4,85,0.00589877711350046,0.10861654674588453,0.08308148943591351,0.1072884406850805
0.05,4,86,0.00588909605485989,0.1085273795395419,0.0829690996619288,0.10719740257729546
0.05,4,87,0.005879666330949001,0.1084404567580661,0.08285667578308226,0.10710970539423738
0.05,4,88,0.005870484672027531,0.10835575362690743,0.082750218163846,0.10702430106286362
0.05,4,89,0.005861604440549699,0.10827376820402713,0.08264372811828212,0.10694192453701071
0.05,4,90,0.005852952822392824,0.10819383367265274,0.08253958931892863,0.10686230072660553
0.05,4,91,0.005844501683312364,0.10811569435851914,0.08244086346354365,0.10678296004131287
0.05,4,92,0.005836237831942638,0.10803923205893902,0.08234124199587901,0.10670598530657092
0.05,4,93,0.00582824144545763,0.10796519296011682,0.08224280948028816,0.10663255854258369
0.05,4,94,0.005820499418084417,0.107893460581116,0.08214792461072012,0.10655946741972488
0.05,4,95,0.0058129738633891466,0.10782368815236425,0.08205581041208694,0.1064899028894758
0.05,4,96,0.0058055883399299,0.10775517008413006,0.08196330069279267,0.10642122262261257
0.05,4,97,0.005798431619792225,0.1076887331134713,0.08187711406518523,0.10635447866652482
0.05,4,98,0.00579149660711365,0.10762431516264018,0.08178945894603198,0.10628997049841997
0.05,4,99,0.005784674222061796,0.10756090574239133,0.08170438775222702,0.10622630757043736
0.05,4,100,0.0057781482632809225,0.10750021640239542,0.08162262858596167,0.10616520360411433
0.05,4,101,0.005771712934080164,0.10744033631816464,0.08154123272271997,0.10610565435092552
0.05,4,102,0.005765449480741056,0.10738202345589373,0.08146610491944624,0.10604766672441995
0.05,4,103,0.0057592937072322384,0.10732468222391565,0.08139019505805822,0.1059912584156335
0.05,4,104,0.00575337087319216,0.10726948189669007,0.08131682264381696,0.10593674700172766
0.05,4,105,0.00574756259714686,0.10721532163965056,0.08124592924130579,0.10588262075522678
0.05,4,106,0.00574191245347018,0.10716260964972979,0.08117687623305218,0.10583066929523854
0.05,4,107,0.005736373117410106,0.10711090623657431,0.08110693519306592,0.10577857146427003
0.05,4,108,0.005730975988207219,0.1070605061468254,0.0810378257066,0.10572908343904348
0.05,4,109,0.005725652476718367,0.10701077026840213,0.08097150658063657,0.10568065872380436
0.05,4,110,0.005720537252953415,0.10696295856934226,0.08090620445111808,0.10563310941726863
0.05,4,111,0.005715630391895324,0.1069170743323565,0.0808443163252903,0.10558748777938419
0.05,4,112,0.005710763237997727,0.1068715419370164,0.08078373236341156,0.10554258613814461
0.05,4,113,0.0057059739322807305,0.10682671887014719,0.08072557170492994,0.10549880981881278
0.05,4,114,0.005701273230235589,0.10678270674819579,0.08066678179185774,0.10545526512691232
0.05,4,115,0.005696783149451183,0.10674064970245574,0.08060922548588148,0.10541397333168674
0.05,4,116,0.005692401786347902,0.10669959499780589,0.0805518069966896,0.10537239645253918
0.05,4,117,0.005688168341482059,0.106659911320815,0.08049926421651678,0.10533402015928015
0.05,4,118,0.005683936653129891,0.10662022934818599,0.08044436548134798,0.10529498453424325
0.05,4,119,0.005679834411164179,0.10658174713490279,0.0803892893621499,0.10525783299651191
0.05,4,120,0.0056758202165079355,0.10654407741876538,0.08033948332708081,0.10522061190241919
0.05,4,121,0.005671933155465019,0.10650758804390435,0.08028700549339075,0.10518496336586204
0.05,4,122,0.005668001341934648,0.10647066583744696,0.08023744256449215,0.10514743931367952
0.05,4,123,0.005664305728071285,0.10643595001756959,0.08018852533180422,0.10511264848502253
0.05,4,124,0.005660690067987982,0.10640197430487822,0.08013982776504987,0.10507911081152858
0.05,4,125,0.005657111837524196,0.10636833962720482,0.08009100524461733,0.10504619870393456
0.05,4,126,0.005653722945430072,0.10633647488449174,0.0800469876962409,0.10501648862325838
0.05,4,127,0.005650335444047154,0.10630461367266385,0.08000011395943345,0.1049858798583711
0.05,4,128,0.0056470664175973986,0.1062738577223712,0.07995461449026799,0.1049549047456105
0.05,4,129,0.005643812350150614,0.10624323366831992,0.07991099762381154,0.10492457254598503
0.05,4,130,0.005640674060805232,0.10621369083884838,0.0798660447102261,0.10489575699430621
0.05,4,131,0.005637560871416907,0.10618437617104418,0.07982051173323043,0.10486657607361537
0.05,4,132,0.005634557333053443,0.10615608633567312,0.0797774172275102,0.104839750350323
0.05,4,133,0.005631611131989564,0.10612832922447771,0.07973779975894056,0.10481234973536244
0.05,4,134,0.005628772427999923,0.10610157800899968,0.0796957869962989,0.10478569380974653
0.05,4,135,0.005625960984239832,0.10607507703734965,0.07965383919005196,0.10475940558748968
0.05,4,136,0.005623211702544002,0.10604915560761435,0.07961027352378779,0.10473321583426666
0.05,4,137,0.005620487366815542,0.10602346312789016,0.07957062251426406,0.10470853106057967
0.05,4,138,0.005617891045736307,0.10599897212460418,0.07953082164847723,0.10468483283186342
0.05,4,139,0.005615252357288938,0.10597407567220332,0.07949365861920128,0.1046599050605888
0.05,4,140,0.005612679640899006,0.10594979604415486,0.07945584879027263,0.10463656228835265
0.05,4,141,0.005610224323059542,0.1059266191574105,0.07941763876011283,0.10461434598031798
0.05,4,142,0.005607774856630495,0.10590349245072606,0.07938161834981214,0.10459178206981193
0.05,4,143,0.005605423419839484,0.10588128654147988,0.07934424871410305,0.10457075775544175
0.05,4,144,0.005603135823584695,0.10585967904338928,0.07930881557520393,0.10454989990852698
0.05,4,145,0.005600890263349193,0.10583846430621707,0.07927159576985814,0.10452830762155133
0.05,4,146,0.005598687449665558,0.10581764928087901,0.07923803784279783,0.10450719441151542
0.05,4,147,0.005596531954174246,0.10579727741463148,0.07920323767894777,0.10448786326729025
0.05,4,148,0.005594431638995938,0.10577742329056743,0.07917176866333457,0.10446851515369744
0.05,4,149,0.005592364912171609,0.10575788303641113,0.07914031548558617,0.1044500428906905
0.05,4,150,0.005590335746731929,0.1057386944002235,0.07911070965160695,0.10443171296289792
0.05,4,151,0.0055883478271539725,0.1057198924247842,0.07908017741646778,0.10441398963909586
0.05,4,152,0.0055864451558131955,0.10570189360473345,0.07905019756954385,0.1043959108251616
0.05,4,153,0.005584555014756553,0.10568401028307502,0.07902130543640173,0.10437837946758757
0.05,4,154,0.005582714094854335,0.10566658975148517,0.07899303483497996,0.104361187695418
0.05,4,155,0.00558089309204804,0.10564935486833832,0.0789663573021695,0.1043448044878381
0.05,4,156,0.005579070182107861,0.10563209911866621,0.0789378137853055,0.10432859769134999
0.05,4,157,0.00557738276876471,0.1056161234733098,0.07890754727183678,0.10431249455835652
0.05,4,158,0.00557570582153883,0.10560024452186491,0.07887692535774503,0.10429711675402269
0.05,4,159,0.005574068187056709,0.10558473551661442,0.07884827538786808,0.10428212882096098
0.05,4,160,0.005572424225037681,0.10556916429561883,0.0788194620450075,0.10426569992853495
0.05,4,161,0.0055708641510077575,0.10555438551768238,0.07879151100533306,0.10425140176118883
0.05,4,162,0.005569294114294923,0.1055395102726455,0.07876505151379184,0.10423661625599903
0.05,4,163,0.00556779505386423,0.10552530553250467,0.07873920662577026,0.1042226904356661
0.05,4,164,0.0055663380525386415,0.10551149750182338,0.07871324843287572,0.10420984362066538
0.05,4,165,0.0055648834687231285,0.1054977105791697,0.0786875437308074,0.10419584387165745
0.05,4,166,0.005563456757167436,0.10548418608651665,0.07866059775400717,0.1041819402937267
0.05,4,167,0.005562095278203921,0.10547127834822068,0.07863531603840856,0.10416984820407418
0.05,4,168,0.0055606762694893315,0.10545782350768795,0.07861121326084948,0.10415684144098859
0.05,4,169,0.005559335130698145,0.1054451054406808,0.07858592181498963,0.10414445847488359
0.05,4,170,0.005558019982947808,0.10543263235780286,0.07856363595097463,0.10413260977553826
0.05,4,171,0.005556720253357213,0.1054203040534148,0.07854125792742932,0.10412043027144044
0.05,4,172,0.005555474556666038,0.10540848691320864,0.07851748151111723,0.10410888322514511
0.05,4,173,0.005554203024849066,0.10539642332497878,0.07849380239783113,0.1040978284967819
0.05,4,174,0.0055530171911076275,0.10538517154806579,0.07847341204356993,0.10408645170718754
0.05,4,175,0.005551840598015971,0.10537400626355602,0.07845152669880351,0.10407560588689707
0.05,4,176,0.005550668798702863,0.10536288529366367,0.07843059288581837,0.10406522642150026
0.05,4,177,0.00554953154321236,0.1053520910396406,0.07841072373943038,0.1040549406840131
0.05,4,178,0.00554840830223769,0.1053414287185976,0.07838947948151942,0.10404469596141262
0.05,4,179,0.005547339650239431,0.1053312835793757,0.07836712803869145,0.10403426689248033
0.05,4,180,0.005546265520265478,0.10532108545078216,0.07834845816345412,0.10402458541499772
0.05,4,181,0.0055452023435800185,0.10531099034364855,0.078328073687635,0.10401346650496097
0.05,4,182,0.005544200850077184,0.10530148004731163,0.07830892081605974,0.10400428829953763
0.05,4,183,0.005543192939181401,0.10529190794340657,0.07829012145778752,0.10399481512856436
0.05,4,184,0.005542209875341279,0.10528257097298943,0.07826962468306664,0.10398630498352653
0.05,4,185,0.005541242020779381,0.10527337764866652,0.07825188104901898,0.10397777726445455
0.05,4,186,0.005540304369501378,0.10526447044944821,0.07823279897496192,0.10396880769702195
0.05,4,187,0.005539352988506192,0.10525543205465637,0.07821602916248764,0.10395945175700438
0.05,4,188,0.005538426901620405,0.10524663321570343,0.07819830043208664,0.10395080566368374
0.05,4,189,0.005537532734399764,0.10523813695043982,0.0781782555111497,0.1039419652180442
0.05,4,190,0.005536665873376121,0.10522989949036463,0.07816042596175986,0.10393314271892394
0.05,4,191,0.005535808185026162,0.10522174856013525,0.07814177595573672,0.10392523315472203
0.05,4,192,0.005534988982221308,0.10521396278271537,0.07812509981921875,0.10391707618850066
0.05,4,193,0.005534203412943136,0.10520649612018391,0.07810973481463541,0.1039109852686026
0.05,4,194,0.005533417738337305,0.10519902792647187,0.07809289302262751,0.10390389243343666
0.05,4,195,0.005532639243602196,0.10519162745772305,0.07807855639560136,0.10389662419768149
0.05,4,196,0.005531886531527816,0.10518447158709138,0.0780623929011149,0.10388958133330133
0.05,4,197,0.0055311249918775915,0.10517723129915135,0.07804711710254301,0.10388211996738157
0.05,4,198,0.00553037886335575,0.10517013704807796,0.07803257252505859,0.10387490456318715
0.05,4,199,0.005529653577975794,0.1051632405165968,0.078017126567111,0.10386737128617671
0.05,4,200,0.005528936230909038,0.10515641902336764,0.07800341153857851,0.1038615448107892
0.05,4,201,0.0055282511081332095,0.10514990354853598,0.07799059744961542,0.10385515052461927
0.05,4,202,0.005527574309742572,0.10514346684166898,0.07797870240563533,0.10384856299958718
0.05,4,203,0.005526915112320143,0.10513719715039148,0.07796256993726011,0.10384251730789924
0.05,4,204,0.005526253661005952,0.10513090564630319,0.0779458479755956,0.1038355515901862
0.05,4,205,0.005525625999344094,0.10512493518993574,0.07793184984978065,0.10382799237239183
0.05,4,206,0.00552502641687338,0.10511923151234868,0.0779192148674476,0.10382336629158685
0.05,4,207,0.005524395930262809,0.10511323351760052,0.07790596365029812,0.10381832601914959
0.05,4,208,0.005523786962070995,0.10510743990860966,0.07789261387760385,0.10381192710146714
0.05,4,209,0.005523180311631588,0.10510166803273474,0.07787943948283818,0.10380540484864187
0.05,4,210,0.005522607916996637,0.10509622178743284,0.07786692457379668,0.10380053908233063
0.05,4,211,0.005522036304181241,0.10509078269935229,0.07785474894232952,0.10379498807173045
0.05,4,212,0.005521476226468677,0.10508545309859664,0.07784212637078765,0.10379027711172803
0.05,4,213,0.005520920500626646,0.10508016464230199,0.07782930395299445,0.10378501352969773
0.05,4,214,0.00552037971177436,0.10507501807541467,0.07781703356483739,0.10378016061567794
0.05,4,215,0.005519858111944255,0.10507005388733989,0.07780463576193725,0.10377474083611553
0.05,4,216,0.005519338492960589,0.10506510831822893,0.0777933774006515,0.10376966552890694
0.05,4,217,0.0055188428100280944,0.1050603903479146,0.0777799886708221,0.1037642553910701
0.05,4,218,0.005518339598170803,0.10505560049964784,0.07776799582329055,0.10375880261652735
0.05,4,219,0.005517889017767423,0.10505131144128971,0.07775863502612533,0.10375505792701491
0.05,4,220,0.00551742358013707,0.10504688077365334,0.07774985156933299,0.10375066782564332
0.05,4,221,0.005516966371688752,0.10504252826059311,0.07773750898220182,0.10374714128228239
0.05,4,222,0.005516493782207232,0.10503802913428291,0.0777251722634508,0.10374368342241178
0.05,4,223,0.005516045402859953,0.10503376031410046,0.07771550549297213,0.10373993203730701
0.05,4,224,0.005515617874781674,0.10502968984798226,0.07770496432241972,0.10373604939576096
0.05,4,225,0.005515192317985933,0.10502563799364356,0.07769518771083093,0.10373265735413147
0.05,4,226,0.005514775024698662,0.10502166466685492,0.07768477250317028,0.10372895890741138
0.05,4,227,0.005514353484873511,0.10501765075332346,0.0776728626884004,0.10372475612273396
0.05,4,228,0.0055139523196589876,0.10501383070490275,0.07766175428510341,0.10371944505337996
0.05,4,229,0.005513546218935829,0.10500996351714278,0.07765190019623121,0.1037160041352409
0.05,4,230,0.0055131622531196306,0.1050063069831487,0.07764224677278006,0.10371156002978812
0.05,4,231,0.005512767771890806,0.10500255017751527,0.0776328145057975,0.10370806189431701
0.05,4,232,0.005512406964424177,0.10499911394315836,0.07762608949515523,0.10370376839918963
0.05,4,233,0.005512033791692706,0.10499555982700132,0.07761779459696297,0.1036993176217816
0.05,4,234,0.005511670552457552,0.10499210020242049,0.07760735418117606,0.10369614236882714
0.05,4,235,0.005511302588027284,0.10498859545709985,0.07759836907572715,0.10369289142111492
0.05,4,236,0.005510948323302881,0.10498522108661658,0.07758903122336559,0.10368980812737828
0.05,4,237,0.0055105952965816395,0.10498185840021731,0.07758011910652997,0.10368773995007334
0.05,4,238,0.005510265826937823,0.10497872000494027,0.07757036744810819,0.10368422210752216
0.05,4,239,0.005509949290876259,0.10497570472139026,0.07756222143668054,0.10368099660597843
0.05,4,240,0.005509644360551351,0.10497279991075165,0.07755351486957916,0.10367776863078332
0.05,4,241,0.005509337553216052,0.10496987713831099,0.07754546062957876,0.10367519574874882
0.05,4,242,0.005509018258886315,0.10496683532322307,0.07753730109615262,0.1036716609730501
0.05,4,243,0.005508731473427911,0.10496410313462323,0.07752945981922715,0.10366918837388896
0.05,4,244,0.0055084603462817894,0.1049615200564644,0.07752190436164415,0.10366771623397146
0.05,4,245,0.005508194532625407,0.1049589875391851,0.07751448987451605,0.1036652025958771
0.05,4,246,0.005507895244316949,0.10495613602183484,0.07750874432320387,0.10366313523198131
0.05,4,247,0.0055076154817678006,0.10495347046923031,0.07749930729453752,0.10366105468246457
0.05,4,248,0.005507345302528453,0.10495089616128538,0.07749151347376766,0.10365799827827377
0.05,4,249,0.005507056753646776,0.10494814675492632,0.07748283443028602,0.10365521070527998
0.05,4,250,0.005506806265711669,0.10494575994971564,0.07747310856927486,0.10365290626979953
0.05,4,251,0.005506539738085352,0.1049432202487169,0.07746396599604627,0.10365024075326947
0.05,4,252,0.005506265200588685,0.1049406041586257,0.07745858814614219,0.10364798856010057
0.05,4,253,0.005506018052580628,0.10493824900941151,0.07745005730348127,0.10364490042624301
0.05,4,254,0.005505782321816632,0.10493600260936789,0.07744382704372343,0.10364269994924008
0.05,4,255,0.005505528417559586,0.1049335829709401,0.07743618541745668,0.10364035340148348
0.05,4,256,0.005505308277825377,0.10493148505406161,0.07742756913021184,0.10363795144022
0.05,4,257,0.005505084456437928,0.104929352008272,0.07742249837890322,0.1036359610201639
0.05,4,258,0.0055048548542929706,0.10492716382608433,0.07741577530964415,0.10363379166278118
0.05,4,259,0.00550463310737941,0.10492505046345615,0.07740893168392639,0.10363165843374912
0.05,4,260,0.005504410591186091,0.10492292972640528,0.0774004110491825,0.10362934684017196
0.05,4,261,0.0055041892180070625,0.10492081984055464,0.07739404497372794,0.1036276140838631
0.05,4,262,0.005503965297666032,0.10491868563479083,0.07738901114286573,0.10362665434930854
0.05,4,263,0.005503750824978604,0.10491664143479436,0.07738297685806785,0.10362445862052098
0.05,4,264,0.0055035492616547456,0.10491472024129642,0.07737695730958602,0.10362284201057864
0.05,4,265,0.005503351692184211,0.10491283708092362,0.07737030080621718,0.10362160346336945
0.05,4,266,0.005503153024037766,0.10491094341428606,0.07736370299100381,0.10361952145676145
0.05,4,267,0.005502966841786289,0.10490916872977585,0.07735693685477286,0.10361652862301277
0.05,4,268,0.005502778172193551,0.1049073703053656,0.07735387997148259,0.10361459295166792
0.05,4,269,0.0055026088738669866,0.10490575650427375,0.07734873277501629,0.1036139481107999
0.05,4,270,0.005502428873459593,0.10490404066059222,0.07734240800305588,0.10361124171595587
0.05,4,271,0.005502256675984614,0.10490239917165493,0.07733764063987168,0.1036106566688216
0.05,4,272,0.005502082690132484,0.10490074060875341,0.07733222001377597,0.10360971876609398
0.05,4,273,0.0055019052807536465,0.10489904938323938,0.07732763238616887,0.10360735700146755
0.05,4,274,0.005501750534086381,0.10489757417677857,0.07732253084720009,0.1036056734488985
0.05,4,275,0.0055015733306978155,0.10489588486397182,0.0773173965463659,0.10360339543666083
0.05,4,276,0.005501413340005332,0.10489435961962237,0.07731234915145013,0.10360111699758388
0.05,4,277,0.005501265254552494,0.1048929478521077,0.07730585247070013,0.10360028391026731
0.05,4,278,0.005501107165461269,0.10489144069428419,0.07729975894245912,0.10359973956457931
0.05,4,279,0.0055009501196730155,0.1048899434614493,0.07729350733595458,0.10359802009132012
0.05,4,280,0.005500806261162591,0.10488857193386314,0.07728789845531506,0.1035964974243775
0.05,4,281,0.005500644794564213,0.10488703251178587,0.07728185612360235,0.10359566251614466
0.05,4,282,0.005500497406636791,0.10488562729599124,0.07727642352529518,0.1035940305845037
0.05,4,283,0.005500357641669327,0.10488429474110342,0.0772731012844132,0.10359177079908544
0.05,4,284,0.0055002167804968005,0.10488295171758659,0.07726630452225218,0.10359036597326125
0.05,4,285,0.005500077848242511,0.10488162706825739,0.07726029501335535,0.10359005096911021
0.05,4,286,0.005499948993922397,0.10488039849201944,0.07725309894795444,0.10358966253221394
0.05,4,287,0.005499822750281178,0.10487919479364034,0.077246642352089,0.10358851701638441
0.05,4,288,0.005499706021436147,0.1048780818039322,0.07724146173741996,0.10358670006869283
0.05,4,289,0.005499584257328863,0.10487692079126716,0.07723717482100485,0.10358608705374554
0.05,4,290,0.005499462564571627,0.10487576044607855,0.07722992987571267,0.10358420158871744
0.05,4,291,0.005499339800949487,0.10487458987714314,0.07722434840891244,0.10358393327316127
0.05,4,292,0.005499213089555542,0.10487338165192865,0.07721839769821848,0.10358201109277938
0.05,4,293,0.005499087546425129,0.10487218455267468,0.07721427164610319,0.10358072316840061
0.05,4,294,0.00549896956859853,0.1048710595788803,0.07720970308241695,0.10357933010445605
0.05,4,295,0.005498850165749205,0.10486992100453976,0.0772057224353403,0.10357729899385498
0.05,4,296,0.00549873523386429,0.10486882505172154,0.07720155100535427,0.10357620318336426
0.05,4,297,0.005498618262741165,0.1048677096416353,0.07719726884679137,0.10357515458523903
0.05,4,298,0.005498505973070302,0.1048666388616542,0.07719386141917083,0.1035739342168376
0.05,4,299,0.005498397406060234,0.10486560357009571,0.07719084343227077,0.10357327533944007
0.05,4,300,0.005498292897069273,0.10486460696602332,0.07718609869121552,0.10357253785647028
0.05,5,1,0.040096714263122106,0.2831844425921809,0.24384600412335014,0.28771496826164095
0.05,5,2,0.0322132409876858,0.2538237222470973,0.21900600344179688,0.25837772893788474
0.05,5,3,0.026708167516299616,0.2311197417630074,0.19955252058722758,0.23542655920012534
0.05,5,4,0.022703654892489544,0.21308991009660475,0.18399077341986977,0.21703201299442976
0.05,5,5,0.019749395536287972,0.19874302773324135,0.17140425693222794,0.2022802655778398
0.05,5,6,0.017522865788283225,0.1872050522196622,0.16119005062564143,0.19034282664255892
0.05,5,7,0.015810453474465667,0.17782268401115572,0.15278212396952937,0.1805808288584889
0.05,5,8,0.014468613026038465,0.1701094531531888,0.14578586956548037,0.17251954329042707
0.05,5,9,0.013395222527095215,0.16367786977533166,0.13987610770968897,0.16577337796087563
0.05,5,10,0.012529064531477861,0.158297596516674,0.13485338282321788,0.1601131223669008
0.05,5,11,0.01181732926899793,0.15373567750524228,0.13056357252265266,0.15530262110899193
0.05,5,12,0.011226927492879306,0.14984610433961443,0.126814243880526,0.15119548238402616
0.05,5,13,0.010729142710349712,0.14648646838769588,0.12350653021026554,0.1476446144775224
0.05,5,14,0.010306022464666423,0.14356895531183908,0.1206231354237537,0.1445609726046268
0.05,5,15,0.009942612371217848,0.1410149805603493,0.11807850890125338,0.14186088050851908
0.05,5,16,0.009626512423283736,0.1387552696172923,0.11578939712506743,0.1394725159268523
0.05,5,17,0.00935031473111013,0.13675024483422418,0.11371861806430097,0.13735468689689773
0.05,5,18,0.009107643884485886,0.13496402398036217,0.1118506376356014,0.13546931540709706
0.05,5,19,0.008893660007621795,0.13336911192342696,0.11018247917424712,0.133789499279867
0.05,5,20,0.008701462622905718,0.13192014723237477,0.10865348433683404,0.13226271984019067
0.05,5,21,0.008527756008231628,0.13059675346831273,0.10725282502880702,0.13087203975750664
0.05,5,22,0.00837126046125276,0.1293928936321679,0.10596824938779849,0.12960771767536403
0.05,5,23,0.008229613991140845,0.1282935227604328,0.1047866875604214,0.12845512272264767
0.05,5,24,0.008099837311293117,0.12727794240396187,0.10368221619362127,0.1273931822446937
0.05,5,25,0.007981320951217154,0.12634334926079135,0.102669716858568,0.1264163517591797
0.05,5,26,0.007872099965105244,0.125475893821126,0.10172190654513381,0.1255081477215048
0.05,5,27,0.0077709741244351115,0.12466735037238187,0.10084056607377331,0.12466584989544441
0.05,5,28,0.007676976011684416,0.12391106497552522,0.10000375105623507,0.1238787699135133
0.05,5,29,0.007589957251580472,0.12320679568579383,0.09921596227657598,0.12314713966036309
0.05,5,30,0.007509085161373021,0.12254864472015202,0.09848079491534915,0.12246438350049971
0.05,5,31,0.007432532915261603,0.12192237625031431,0.0977730757084559,0.1218142830791108
0.05,5,32,0.007360690217029711,0.12133169591685192,0.09711224561534536,0.12120302674772981
0.05,5,33,0.007293348155307783,0.12077539613106457,0.09649416987640834,0.12062565070771683
0.05,5,34,0.0072292872686533964,0.1202438128857647,0.09590243709931344,0.12007510935540729
0.05,5,35,0.007169143163595111,0.11974258359994669,0.09534588617887926,0.11955715865547702
0.05,5,36,0.007112159392972712,0.11926574858669788,0.0948173114524081,0.11906515037308112
0.05,5,37,0.007058436237215079,0.11881444556294557,0.09431144475283118,0.1185996468711567
0.05,5,38,0.007006940404893754,0.11838023825701445,0.09382764480387727,0.11815099361057305
0.05,5,39,0.006958243639620785,0.11796816214234064,0.09335694111431996,0.1177232694420575
0.05,5,40,0.006911413062140852,0.1175705155397462,0.09290550672971695,0.11731236726744297
0.05,5,41,0.006867040430653925,0.11719249490179758,0.09247155604617402,0.11692106208219251
0.05,5,42,0.006824866257344245,0.1168320697184146,0.09205002579407504,0.11654705939553182
0.05,5,43,0.006784320701852988,0.11648451143266204,0.09164980142657764,0.11618660244754407
0.05,5,44,0.006745441561471949,0.11615026096804044,0.09126367613374313,0.11583946770472973
0.05,5,45,0.006708137985632637,0.11582864918173429,0.09088675026449533,0.1155069816265142
0.05,5,46,0.006672305379839867,0.11551887620505895,0.09052591831232361,0.11518730797300407
0.05,5,47,0.00663790249308753,0.11522067950752182,0.09017395519524321,0.1148789671928443
0.05,5,48,0.006604899810381554,0.11493389239368476,0.08983124781715097,0.11457940340338142
0.05,5,49,0.006572944003579976,0.11465551886917591,0.08950985072492855,0.11428851584264434
0.05,5,50,0.0065422587478219125,0.11438757579232031,0.08919350653449293,0.11400843939016023
0.05,5,51,0.006512788072643326,0.11412964621555019,0.08888580623480886,0.11373912175885878
0.05,5,52,0.006484359428420433,0.11388028300298901,0.08859261796264446,0.11348041126521927
0.05,5,53,0.00645684342735496,0.11363840396058861,0.08830972546482195,0.11322868089264916
0.05,5,54,0.006430390705976462,0.11340538528638279,0.08804090937201577,0.11298582855148491
0.05,5,55,0.006404855001846188,0.1131799894137315,0.08778271163141603,0.11275076394778807
0.05,5,56,0.0063799823030671185,0.1129600133061883,0.08753177288365833,0.11251987722200103
0.05,5,57,0.006356283153518974,0.11275001688265039,0.08728384402963346,0.11229967997549621
0.05,5,58,0.0063330811522082815,0.11254404606382588,0.08704604175375376,0.11208561158165922
0.05,5,59,0.006310908816249249,0.11234686302918519,0.08680734920636582,0.11187701021037848
0.05,5,60,0.006289402485104366,0.11215527170048108,0.0865726366772942,0.11167340650705086
0.05,5,61,0.0062685804184208094,0.11196946385886475,0.08634914141676948,0.11147854357163124
0.05,5,62,0.006248429937283933,0.11178935492509055,0.08613020126375012,0.11128939009054606
0.05,5,63,0.006228827164297808,0.11161386261838453,0.08591911684239181,0.11110419885554929
0.05,5,64,0.006209758901895599,0.11144289032410815,0.08571376906821854,0.11092362268690255
0.05,5,65,0.006191381740909114,0.1112778660912323,0.08551248165613182,0.11074927108155819
0.05,5,66,0.0061734917091070315,0.11111698078248015,0.08531729336723981,0.11057846802414124
0.05,5,67,0.006156184079346012,0.11096111101954605,0.08512612844296112,0.11041318218239983
0.05,5,68,0.006139346640890732,0.11080926532461743,0.08493802263049763,0.1102533240172938
0.05,5,69,0.006123157506814067,0.11066306978223645,0.08476226633007722,0.11010043223361186
0.05,5,70,0.006107270613114478,0.11051941560752553,0.08458295401413435,0.10994513820661761
0.05,5,71,0.006091989154815402,0.11038105956019267,0.08441433778033547,0.10979722317021567
0.05,5,72,0.006077135105104475,0.11024640679046618,0.0842497001369162,0.10965381315093828
0.05,5,73,0.006062803211770671,0.1101163313207507,0.08408901236118105,0.10951487482311023
0.05,5,74,0.006048871220630578,0.10998973789068303,0.08393788331046911,0.10938405377809124
0.05,5,75,0.0060353404041943925,0.10986665011908202,0.08378368176606,0.10925250669982935
0.05,5,76,0.006022113149667282,0.10974619036365027,0.08363144536168877,0.10912188855939975
0.05,5,77,0.0060092570802101715,0.10962898412564236,0.0834901303814771,0.10899677645008637
0.05,5,78,0.0059967333555825935,0.10951468719384258,0.08334849728619448,0.10887506774781662
0.05,5,79,0.005984692115044059,0.10940468102457096,0.08321113544256047,0.10875779114102699
0.05,5,80,0.005972962039282183,0.10929741112471221,0.08307549279694966,0.10864338936769974
0.05,5,81,0.005961386081432891,0.10919144729723927,0.08294304564409694,0.10853086087806074
0.05,5,82,0.005950161128759072,0.10908859820127007,0.08281057835050555,0.10842029164396481
0.05,5,83,0.005939324929141675,0.10898921900024493,0.08267996191408103,0.1083132918878849
0.05,5,84,0.005928813423528187,0.10889273091926924,0.08255642514198028,0.10821098930903963
0.05,5,85,0.005918493838529446,0.1087979212901556,0.08243505722858951,0.10810776710705208
0.05,5,86,0.005908462381110772,0.10870567953065537,0.0823127162620381,0.10800706015472882
0.05,5,87,0.005898650547586625,0.10861538148518952,0.08219774081695291,0.1079101609852619
0.05,5,88,0.005889088255345666,0.1085273076727297,0.08208480318907667,0.10781778962737146
0.05,5,89,0.005879890310692456,0.1084425222013252,0.08197099068137287,0.10772504249564534
0.05,5,90,0.005870881345220468,0.10835941440613703,0.08186165278079673,0.10763607122965443
0.05,5,91,0.0058621368790996,0.10827868561355554,0.08175837804499961,0.10754969505621438
0.05,5,92,0.0058536664670430375,0.10820042945425898,0.08165663083304298,0.10746484630064873
0.05,5,93,0.005845320390900817,0.10812326660715368,0.0815567168569461,0.10738241959208394
0.05,5,94,0.005837207878890329,0.10804821034048023,0.08145722923818162,0.1073011932528562
0.05,5,95,0.005829269898947682,0.1079747183274648,0.08136012215059149,0.10722238083566667
0.05,5,96,0.0058215949807361896,0.10790361421876646,0.08126510659782944,0.10714605990872626
0.05,5,97,0.005814039832347017,0.10783357392154835,0.08117172048543723,0.10706876661375615
0.05,5,98,0.005806703163665002,0.10776551548306167,0.08107875927070489,0.10699563594577234
0.05,5,99,0.005799485128055554,0.10769851557060156,0.08098643141640018,0.10692281848941194
0.05,5,100,0.005792535340280982,0.10763396620287652,0.0809003677441403,0.10685475398667396
0.05,5,101,0.005785795817950761,0.1075713327792378,0.08081577946772801,0.10678879453646697
0.05,5,102,0.0057791989683592115,0.10750998993916064,0.0807326936682499,0.10672343641326072
0.05,5,103,0.005772760339974383,0.10745008459721549,0.08065067947144729,0.10665915752779634
0.05,5,104,0.0057664769340734666,0.10739159123575241,0.08056947492873383,0.10659580251063414
0.05,5,105,0.005760333767044436,0.1073343725657763,0.08049231971242077,0.10653402943274674
0.05,5,106,0.005754434867842686,0.10727940033242808,0.08041434718416418,0.1064732225941702
0.05,5,107,0.005748540246769909,0.10722443981453024,0.0803368580712499,0.1064126825744336
0.05,5,108,0.005742876782899213,0.1071716080209606,0.08026205033004148,0.106356080528403
0.05,5,109,0.005737331173026576,0.10711985038289193,0.08018942294297644,0.10630012884548701
0.05,5,110,0.005731962246401668,0.10706971790755469,0.08011782770199068,0.1062443637456316
0.05,5,111,0.005726657166091063,0.10702015853184917,0.08005055992249026,0.10619183211456071
0.05,5,112,0.005721513888170334,0.1069720887724488,0.07998276181801525,0.106139713788973
0.05,5,113,0.005716450117820553,0.10692474098935711,0.07991819453335128,0.10608893701835076
0.05,5,114,0.005711599761601006,0.10687936902509301,0.07985240741750112,0.10603766653487376
0.05,5,115,0.005706733217439047,0.10683382626714301,0.07978993758216935,0.10598758916860279
0.05,5,116,0.005702185666217504,0.10679125119800315,0.07972803697685184,0.1059397564372908
0.05,5,117,0.005697508479359714,0.10674744474093714,0.0796700435765019,0.1058930799599559
0.05,5,118,0.005693008261800808,0.10670527879913728,0.07961011658017561,0.10584787635725838
0.05,5,119,0.005688629740518115,0.10666423712302184,0.07955237474841013,0.10580482609989529
0.05,5,120,0.005684313141554884,0.10662376040597034,0.07949571551954668,0.1057621559935121
0.05,5,121,0.005680153672075545,0.10658474254859882,0.0794390590621378,0.1057198652764383
0.05,5,122,0.005676076852849069,0.10654648612553179,0.07938529051649665,0.10567927735203018
0.05,5,123,0.005672093044118309,0.10650908922827487,0.07933024682352167,0.10563868549313012
0.05,5,124,0.005668211281667015,0.10647263762739247,0.07927762827225303,0.10560062679616554
0.05,5,125,0.0056644348134941,0.10643716280974516,0.07922195921977097,0.1055617611349435
0.05,5,126,0.005660773468727471,0.1064027581289834,0.07917001208881594,0.10552431680885883
0.05,5,127,0.005657133278223505,0.10636854119732493,0.07912048811955726,0.10548917706487172
0.05,5,128,0.005653660850553754,0.10633589093578662,0.07906944525769197,0.10545368234787794
0.05,5,129,0.005650173968614537,0.1063030946738103,0.07901962150397009,0.10541840672082159
0.05,5,130,0.005646832861887292,0.10627166002173197,0.07896787171875594,0.10538246020166575
0.05,5,131,0.005643596933163622,0.10624120606585395,0.07891940815834517,0.10534882788085509
0.05,5,132,0.005640395466907606,0.106211067849896,0.0788687685609486,0.10531385973622004
0.05,5,133,0.005637236197555213,0.10618131848451698,0.07882179026409783,0.10528129476388808
0.05,5,134,0.005634139500834479,0.10615215024515028,0.07877542222310015,0.10524856296442398
0.05,5,135,0.005631138795968842,0.10612387851910467,0.07872901735347997,0.10521766425882115
0.05,5,136,0.005628183861855618,0.10609603066897101,0.07868256101823927,0.10518696768419522
0.05,5,137,0.0056252922528635145,0.1060687725286148,0.07863791815750597,0.10515754197160532
0.05,5,138,0.00562238231256139,0.10604133451217398,0.07859591429122813,0.10512851026321138
0.05,5,139,0.005619628132002944,0.10601535862320086,0.07855068546961178,0.10509868548608348
0.05,5,140,0.005616939361315004,0.10598999350235855,0.07851091365003968,0.10507169184241365
0.05,5,141,0.005614337428293741,0.1059654418033893,0.07846923235233902,0.10504456372607043
0.05,5,142,0.005611798073050247,0.10594147509875673,0.07842835048874813,0.1050183096731162
0.05,5,143,0.005609334645507948,0.10591821982556116,0.07838566178660637,0.1049905845581034
0.05,5,144,0.005606898535021143,0.10589521740873044,0.07834357314074819,0.10496162301991
0.05,5,145,0.0056044690143432965,0.1058722722372888,0.07830507477599791,0.10493642680817707
0.05,5,146,0.005602134245562998,0.1058502172464752,0.07826983828078515,0.10491254960928052
0.05,5,147,0.005599828417510168,0.1058284311280307,0.07823656267639756,0.10489172293102689
0.05,5,148,0.005597579696163638,0.10580718024939176,0.07820093745715527,0.10486843825371925
0.05,5,149,0.005595406761080504,0.10578664151092522,0.07816837019637488,0.1048476638870163
0.05,5,150,0.005593299837871186,0.10576672291293879,0.07813553747502919,0.10482676664069292
0.05,5,151,0.005591184795983973,0.10574672378834224,0.07810282364482356,0.10480650934761472
0.05,5,152,0.005589145711793794,0.1057274393125436,0.07807214832394266,0.10478752090463084
0.05,5,153,0.005587137525633881,0.10570844361387487,0.07803822349977425,0.10476521669207942
0.05,5,154,0.0055851583778291115,0.10568971925243355,0.07800266796503283,0.10474375409128762
0.05,5,155,0.005583224682793202,0.10567142170703678,0.07797144040236108,0.10472271584889975
0.05,5,156,0.0055813325270827096,0.10565351415909184,0.07793948055590763,0.1047035024695776
0.05,5,157,0.005579488844677684,0.10563606244723138,0.07790937078433151,0.10468471251798839
0.05,5,158,0.005577693270670327,0.10561906334246983,0.07787862587398313,0.1046660379144206
0.05,5,159,0.005575951805687629,0.10560257388612863,0.07784828523515394,0.10464732124198721
0.05,5,160,0.005574199480782125,0.10558597900083254,0.07781841504550978,0.10462901574609795
0.05,5,161,0.005572502126868722,0.10556990221524999,0.07779049241592598,0.10461179051002784
0.05,5,162,0.005570834704090635,0.10555410654342762,0.07776206127408175,0.10459512157713148
0.05,5,163,0.005569200659033064,0.10553862476868897,0.0777314703948964,0.10457689779151001
0.05,5,164,0.005567645187884059,0.10552388533298099,0.07770086192121617,0.10455866396599985
0.05,5,165,0.005566080786843377,0.10550905920197921,0.07767242186425527,0.1045406673697036
0.05,5,166,0.005564531574071654,0.1054943749597262,0.07764396649369659,0.1045238927052314
0.05,5,167,0.005563020273082213,0.10548004809519394,0.07761693906392361,0.1045080568650095
0.05,5,168,0.005561549463718053,0.10546610321537488,0.07759000065988991,0.10449289738529467
0.05,5,169,0.0055600987002070446,0.10545234658562173,0.07756463545587267,0.10447921842233153
0.05,5,170,0.005558678127127255,0.1054388744925443,0.07753847722633221,0.10446490617041766
0.05,5,171,0.005557283321936494,0.10542564509583514,0.07751336096464158,0.10445143049132896
0.05,5,172,0.005555919365902583,0.10541270669044205,0.07749358221279189,0.10444061691327523
0.05,5,173,0.005554632336018211,0.10540049654549272,0.07746997188477613,0.10442881775822177
0.05,5,174,0.005553312807582628,0.10538797661576607,0.07744492766755445,0.10441447774337785
0.05,5,175,0.005552065247372511,0.1053761381658344,0.07742086782634189,0.10440297236396404
0.05,5,176,0.00555082474654279,0.10536436538548305,0.07739563291018314,0.10438909647729258
0.05,5,177,0.005549599814600083,0.10535273906833256,0.0773713731906112,0.10437511224967305
0.05,5,178,0.005548426176568858,0.10534159839843762,0.07735010276924392,0.1043635493409243
0.05,5,179,0.005547240911401205,0.1053303461629288,0.07732556323122866,0.10434866015367414
0.05,5,180,0.005546084785007184,0.10531936939620541,0.07730170583584994,0.10433520624405762
0.05,5,181,0.0055449602445360935,0.1053086914222762,0.07728011055065145,0.10432351922529677
0.05,5,182,0.005543892598118999,0.10529855267874291,0.07725695896942962,0.104311428185673
0.05,5,183,0.00554282409609604,0.10528840483259341,0.07723599236541624,0.10430040218606132
0.05,5,184,0.0055417496003138346,0.1052781990757235,0.07721549486639273,0.10428895710374206
0.05,5,185,0.005540761487424223,0.10526881292599649,0.07719572863361054,0.10427815972881223
0.05,5,186,0.005539759894761326,0.10525929787682727,0.07717596675471831,0.10426843054730503
0.05,5,187,0.00553874369509569,0.1052496431832022,0.07716040439218048,0.1042584038795646
0.05,5,188,0.005537782949366179,0.10524051453091798,0.07714152387662532,0.10424909571202473
0.05,5,189,0.005536837978620936,0.10523153499423009,0.07712231737468318,0.10423743136359566
0.05,5,190,0.0055358720843429465,0.10522235584079029,0.07710652442523135,0.10422914830897231
0.05,5,191,0.005534958877887752,0.10521367665743604,0.07708855715727526,0.10421913625576153
0.05,5,192,0.005534090869985269,0.1052054263808219,0.0770753823622196,0.10421374205657985
0.05,5,193,0.005533232598565039,0.10519726801172204,0.07705587533085932,0.10420426587633694
0.05,5,194,0.005532384868696903,0.1051892092250617,0.0770425988644588,0.10419913207067101
0.05,5,195,0.005531532362001963,0.10518110440570552,0.07702436776713545,0.10418987943523422
0.05,5,196,0.005530699824770762,0.1051731888341393,0.07700818686453356,0.10418123696766697
0.05,5,197,0.005529913679223573,0.10516571379706956,0.07699070496907261,0.10417331865242138
0.05,5,198,0.0055291050909668125,0.10515802480996696,0.07697382990530172,0.10416388641446798
0.05,5,199,0.005528374824362325,0.10515108011202096,0.0769584877588835,0.10415648222851018
0.05,5,200,0.005527607449998563,0.10514378203202092,0.07694408837282914,0.10414894986490106
0.05,5,201,0.005526863369302164,0.10513670500165168,0.07692570239198683,0.10413925682767922
0.05,5,202,0.005526134744257636,0.10512977450996112,0.07690939672904674,0.10413054417668889
0.05,5,203,0.005525442613384982,0.1051231907181758,0.07689640104225198,0.10412412658533174
0.05,5,204,0.00552474430505249,0.1051165477463229,0.07688124319121094,0.10411620937889453
0.05,5,205,0.005524069786086345,0.10511013068288275,0.07686690121010475,0.10410919454589199
0.05,5,206,0.005523416012437018,0.10510391060695143,0.07685315920972947,0.1041025543029388
0.05,5,207,0.005522779649703652,0.10509785582687833,0.0768408845164851,0.10409778295001781
0.05,5,208,0.005522139978877819,0.10509176921983775,0.07682720170938749,0.1040918011584099
0.05,5,209,0.005521479010143187,0.10508547958822081,0.07681131783818733,0.10408368794822676
0.05,5,210,0.005520857318655477,0.1050795633665793,0.07679741873268779,0.10407633315195053
0.05,5,211,0.005520258988977892,0.10507386914906952,0.07678084300980931,0.10406858404622861
0.05,5,212,0.005519671160436115,0.10506827456883562,0.07676816503140618,0.10406394323792584
0.05,5,213,0.005519086451840028,0.10506270938672797,0.07675695458518202,0.10405888612781766
0.05,5,214,0.005518542247049732,0.10505752944981842,0.07674445263653693,0.10405366793414991
0.05,5,215,0.005518002877864731,0.1050523952879203,0.07673199560431711,0.1040473098637788
0.05,5,216,0.005517486686747556,0.10504748151904982,0.07672119582802922,0.10404258242196973
0.05,5,217,0.005516934128065785,0.10504222130234855,0.07670905217864157,0.10403650337001082
0.05,5,218,0.005516415816417502,0.10503728686916378,0.07669766588728241,0.10403039995192798
0.05,5,219,0.005515898583719331,0.1050323624767084,0.07668384702232238,0.10402342581075687
0.05,5,220,0.005515382905376799,0.10502745265288309,0.0766760012243994,0.10401978796359866
0.05,5,221,0.0055148860360774024,0.1050227216946638,0.07666530371143025,0.10401498574942819
0.05,5,222,0.005514387252446173,0.10501797229470938,0.07665646508715734,0.10401045052817402
0.05,5,223,0.0055139193482227206,0.1050135167321114,0.07664454402523009,0.10400513524553574
0.05,5,224,0.005513429247252257,0.10500884960090037,0.07663547395613887,0.10400179524369473
0.05,5,225,0.005512959058048874,0.10500437189040154,0.07662334920115206,0.10399582307575997
0.05,5,226,0.005512502873536731,0.10500002736701292,0.07661502979389748,0.10399385707620294
0.05,5,227,0.005512082034300579,0.10499601929883418,0.07660235023661796,0.10398782116591992
0.05,5,228,0.005511633531353743,0.10499174759335843,0.07659093122356567,0.10398194928603154
0.05,5,229,0.0055111923932120895,0.1049875458634222,0.07658419965273408,0.10397999377784066
0.05,5,230,0.005510778424478497,0.10498360276232185,0.07657153176696004,0.10397298538257509
0.05,5,231,0.0055103824104578624,0.10497983054337497,0.0765582402133251,0.10396671322305953
0.05,5,232,0.0055099620545896125,0.10497582630862795,0.07654877827311149,0.10396294488747576
0.05,5,233,0.005509549587836888,0.10497189707571154,0.07653667292036184,0.10395719768282971
0.05,5,234,0.005509164434655278,0.1049682279040213,0.07652535258687192,0.10395185259912676
0.05,5,235,0.0055087757431813746,0.104964524894665,0.07651449184494574,0.10394563962090729
0.05,5,236,0.005508406572113588,0.10496100773252501,0.07650645349064777,0.10394219780504621
0.05,5,237,0.005508021594550378,0.10495733985339356,0.07649747641768964,0.1039386853752561
0.05,5,238,0.005507638818341141,0.10495369282060675,0.07649139354649755,0.10393681924906217
0.05,5,239,0.005507280094934108,0.10495027484417664,0.07648337635323135,0.10393387991051233
0.05,5,240,0.005506926224167752,0.10494690299544576,0.07647430640357801,0.10393046540249179
0.05,5,241,0.0055065906792216525,0.10494370566376673,0.0764664523990917,0.10392929437397408
0.05,5,242,0.005506249991250143,0.10494045922569753,0.07645962623236778,0.10392620451755835
0.05,5,243,0.005505922417967986,0.10493733766365512,0.07645083458631374,0.10392275842959312
0.05,5,244,0.005505612388571269,0.10493438319798967,0.07644244757762322,0.10391940355668645
0.05,5,245,0.005505317291475462,0.10493157095436494,0.07643633863972235,0.10391600854895051
0.05,5,246,0.005505009910728881,0.10492864156872404,0.07642645860687852,0.10391223412936679
0.05,5,247,0.005504700833048618,0.10492569592858193,0.07641818321703991,0.10390873108444394
0.05,5,248,0.0055044111893387225,0.10492293542728132,0.07641229539825675,0.10390714409777532
0.05,5,249,0.005504125260513079,0.10492021026011222,0.07640420208082888,0.10390378040139928
0.05,5,250,0.005503835441231376,0.10491744794104912,0.07639819951747584,0.10390296474135273
0.05,5,251,0.005503566622545967,0.1049148857173849,0.07639111926594096,0.10390008287604328
0.05,5,252,0.0055032918749798624,0.10491226691841009,0.07638301449526107,0.1038969141328799
0.05,5,253,0.00550301505090869,0.1049096282607911,0.07637641807045256,0.10389457414578175
0.05,5,254,0.005502745194197547,0.10490705595142347,0.07637097508166513,0.10389289140738436
0.05,5,255,0.005502512072396419,0.10490483375323006,0.07636332924312406,0.10389056088703721
0.05,5,256,0.005502251416122798,0.10490234903111367,0.07635425362860956,0.10388678530315744
0.05,5,257,0.005501999575228683,0.10489994828624734,0.07634544065913274,0.10388266684133936
0.05,5,258,0.0055017561364881515,0.10489762758507126,0.07634016453712297,0.10388080853806013
0.05,5,259,0.005501499999022696,0.10489518577153764,0.07633440098833989,0.10387902143317511
0.05,5,260,0.005501261718809048,0.10489291414398828,0.07633212733072375,0.10387887505828586
0.05,5,261,0.005501027780062972,0.10489068385765223,0.07632605954674457,0.10387632993389251
0.05,5,262,0.0055008065222377535,0.10488857442293469,0.07632454853193477,0.10387908105633518
0.05,5,263,0.005500586946018123,0.10488648097841897,0.07631855332928825,0.10387736375609871
0.05,5,264,0.0055003741708216074,0.10488445233514458,0.07631021853293941,0.10387405856635964
0.05,5,265,0.005500151723754427,0.10488233143627602,0.07630311413263378,0.10387152004287897
0.05,5,266,0.005499930396012583,0.10488022116693484,0.07629528933149879,0.10386733860008056
0.05,5,267,0.005499720248098126,0.10487821745336946,0.0762905535554823,0.10386710868212634
0.05,5,268,0.005499511661670531,0.10487622859037725,0.07628499370284099,0.10386436018200229
0.05,5,269,0.005499316011051683,0.10487436303550723,0.07627886575353603,0.10386218148957908
0.05,5,270,0.005499127502628996,0.10487256555104386,0.07627260582966051,0.10386116877074061
0.05,5,271,0.00549892807698286,0.10487066393403696,0.07626733026511903,0.1038607854130801
0.05,5,272,0.005498744536843136,0.10486891376230742,0.07625916087334222,0.10385719008302059
0.05,5,273,0.005498563669702208,0.10486718905074369,0.07625126972212119,0.10385437353207659
0.05,5,274,0.0054983876674486575,0.10486551070250559,0.076243739629904,0.10385190161758819
0.05,5,275,0.0054982078347590845,0.10486379579968565,0.07623874535582928,0.10385095418979139
0.05,5,276,0.005498029426213502,0.10486209444993459,0.07623549469815254,0.10384978331079371
0.05,5,277,0.0054978785306928155,0.10486065544991426,0.07623045965683733,0.10384732990702003
0.05,5,278,0.005497697111859895,0.10485892534124022,0.07622347892085095,0.10384481728026149
0.05,5,279,0.005497532759655123,0.10485735796457131,0.07621785667361573,0.10384288115299677
0.05,5,280,0.005497368642152182,0.10485579280280305,0.0762092733185673,0.10383890690599944
0.05,5,281,0.005497207052551026,0.10485425172639425,0.07620213351645376,0.1038356800394577
0.05,5,282,0.00549707164896675,0.10485296036800058,0.07619579936578381,0.10383436744444394
0.05,5,283,0.005496907682235299,0.10485139657854156,0.07619261026396124,0.10383276101158961
0.05,5,284,0.005496754482058671,0.10484993545118348,0.07618737997324652,0.10383082852632877
0.05,5,285,0.005496601279599665,0.10484847428169534,0.07618256585895741,0.10382825181746372
0.05,5,286,0.005496463726345328,0.10484716234925319,0.0761777743314736,0.10382520802088248
0.05,5,287,0.005496303169486331,0.10484563099611095,0.07617545824740046,0.10382464308612313
0.05,5,288,0.005496163532313386,0.10484429915177444,0.07616972146614182,0.10382301944358642
0.05,5,289,0.00549603301590164,0.10484305428498009,0.07616755509635588,0.10382213706765223
0.05,5,290,0.005495900200740512,0.10484178747751788,0.07616173496491593,0.10381898252750632
0.05,5,291,0.005495779257736257,0.10484063389484305,0.076159184073503,0.10381878551031376
0.05,5,292,0.005495654876196304,0.10483944750137043,0.07615550015826741,0.1038186432914352
0.05,5,293,0.005495523506112392,0.10483819443420792,0.07615531863071359,0.10381968105933094
0.05,5,294,0.005495409022096263,0.1048371024217692,0.07614928803495312,0.10381698642416888
0.05,5,295,0.0054952898717669065,0.10483596588735096,0.07614647363865701,0.10381776953715503
0.05,5,296,0.005495166404543624,0.10483478816255246,0.07614423931256775,0.10381647676669302
0.05,5,297,0.005495045013833943,0.1048336302322298,0.07613978536996999,0.10381436310637569
0.05,5,298,0.005494926009671376,0.104832495054457,0.07613870129650574,0.10381428833827365
0.05,5,299,0.00549481172532174,0.10483140488729262,0.07613520837009387,0.10381295200514921
0.05,5,300,0.005494694404698707,0.10483028574509093,0.07613083822329418,0.10381149314164706
0.1,1,1,0.045329140040414474,0.30109513460172177,0.2528643813986466,0.3000072359375584
0.1,1,2,0.029878982037378793,0.24445442126244635,0.20745266348383126,0.2443176068988558
0.1,1,3,0.022327698560371482,0.2113182366023883,0.17972918286989634,0.211624389795459
0.1,1,4,0.018133999099221643,0.19044158736589886,0.1617789684401124,0.19079601032777332
0.1,1,5,0.015531684420715291,0.1762480321632857,0.14925882247373096,0.17655429889200205
0.1,1,6,0.013748980885125928,0.1658250939099745,0.13974341334485893,0.16609098599755
0.1,1,7,0.012463537937034645,0.15788310826072968,0.13234011668811457,0.15814197855717707
0.1,1,8,0.011494808194919595,0.15162327126743833,0.12639386797007598,0.15190619068655115
0.1,1,9,0.010738680206684998,0.14655156230272673,0.12153978728158715,0.14688381749733406
0.1,1,10,0.010132782894390097,0.1423571768081265,0.11749792989657275,0.14275435720007576
0.1,1,11,0.009634696511959095,0.1388142392693134,0.11407466231135821,0.13928296220658967
0.1,1,12,0.009217960170486674,0.13577893923938775,0.11112425541411791,0.13632933829436963
0.1,1,13,0.008864711328225824,0.13315187815593008,0.10856879524258242,0.13378256638059527
0.1,1,14,0.008561691010446735,0.13085634115660374,0.10633926302254754,0.13156948079306563
0.1,1,15,0.008296160539201918,0.12881118382502288,0.10432893203148207,0.12960750953710606
0.1,1,16,0.008066019341700564,0.1270119627570613,0.10255591566664059,0.1278897712675192
0.1,1,17,0.007861342280098164,0.12539012943687525,0.10094250545440615,0.1263453732568575
0.1,1,18,0.007679613956529372,0.12393235216463352,0.09948795063818747,0.12496600008206264
0.1,1,19,0.00751703997235606,0.122613538994322,0.09816917651931162,0.12371765836908022
0.1,1,20,0.007371472340444837,0.12142052825156739,0.09697114521909077,0.12258660898538536
0.1,1,21,0.007239687893532013,0.12033027793146672,0.09590127950507472,0.1215596362567854
0.1,1,22,0.007120465975986351,0.11933537594516012,0.09494249647819546,0.1206221366675437
0.1,1,23,0.007011385321308697,0.11841778009495615,0.09405695440850886,0.11976249221780773
0.1,1,24,0.0069119645187884025,0.1175752058793724,0.09323833859133955,0.11897371972982701
0.1,1,25,0.006820316394754696,0.11679311961545248,0.09249776464889545,0.11824536095849188
0.1,1,26,0.006736438349782933,0.11607272159971896,0.09180606840131673,0.11757381108238306
0.1,1,27,0.006659038623040487,0.11540397413469336,0.09115025360440511,0.11694750372112879
0.1,1,28,0.006587416180074039,0.11478167257950234,0.0905319139130401,0.11636882378097288
0.1,1,29,0.006520802204171135,0.11419984416951832,0.08994502383788011,0.11582504994064213
0.1,1,30,0.006459691350095057,0.11366346246789297,0.08938858074347,0.11532573448543473
0.1,1,31,0.006402462144015456,0.11315884538130862,0.08886192866588057,0.11485612446524157
0.1,1,32,0.00634916569828577,0.11268687322209069,0.08836782211984781,0.11441945908068606
0.1,1,33,0.006299297911684677,0.11224346672911237,0.08789939220768367,0.1140058495528894
0.1,1,34,0.006252709659596896,0.11182763218093188,0.08745015981887916,0.11362035425199499
0.1,1,35,0.006209037198155651,0.11143641413968462,0.08702685452945579,0.1132577528527605
0.1,1,36,0.00616848203316816,0.1110718869306555,0.0866285096860527,0.11291941439283149
0.1,1,37,0.006130394359596586,0.11072844584474746,0.08624427925828274,0.11260110440745652
0.1,1,38,0.00609463663307059,0.11040504185109111,0.08587446150018584,0.1123003503507105
0.1,1,39,0.0060608630183058,0.11009871042210985,0.08553172759093793,0.11201796548408995
0.1,1,40,0.006029236227081428,0.10981107619071427,0.08520949729148536,0.11174943689482394
0.1,1,41,0.005999521665148641,0.10954014483419894,0.08490238836084599,0.11149766657520109
0.1,1,42,0.00597116733243496,0.10928098949437601,0.0846100331893298,0.11125966926201201
0.1,1,43,0.005944324965797564,0.10903508578249081,0.08432659315820816,0.11103520108380947
0.1,1,44,0.005919351360728639,0.108805802793129,0.08405174090008838,0.11081966468275994
0.1,1,45,0.005895682520260355,0.10858805201549897,0.08379511171416057,0.11061850768463014
0.1,1,46,0.005873396251588087,0.1083826208539735,0.08355438271196206,0.11042812984199238
0.1,1,47,0.005852349663097392,0.10818825872614266,0.08332457274830317,0.11024793758536092
0.1,1,48,0.005832150194671179,0.10800139068244612,0.08310136157337557,0.11007639698756855
0.1,1,49,0.00581317573799455,0.10782556040192465,0.08288497382990422,0.1099118517135895
0.1,1,50,0.00579488022320681,0.10765574971367586,0.08267920726195435,0.10975787411170737
0.1,1,51,0.005777701524563395,0.10749606062143297,0.08248555501913746,0.1096145932823231
0.1,1,52,0.005761259399357049,0.10734299603939745,0.08229450079977838,0.10947430886148468
0.1,1,53,0.005745791678273488,0.1071988029622858,0.08211909702685351,0.10934019954067063
0.1,1,54,0.005731239896791765,0.10706297115989043,0.08194674228535145,0.10921516668860622
0.1,1,55,0.005717511203262037,0.10693466419512465,0.08178510755346723,0.10909746100102034
0.1,1,56,0.005704275736366043,0.10681082095336636,0.08163668791541437,0.10898435216871376
0.1,1,57,0.005691683225957067,0.10669286036054208,0.08149949316860237,0.10887656231672835
0.1,1,58,0.005679477131056119,0.10657839491244103,0.08136110055873745,0.1087739834676706
0.1,1,59,0.0056680830500469405,0.106471433258381,0.08121944576675484,0.10867387849432786
0.1,1,60,0.005657192813997395,0.10636910090808697,0.08108890778206533,0.1085837171786465
0.1,1,61,0.005646872091195512,0.10627202916285651,0.0809631233784166,0.10849598707171006
0.1,1,62,0.005636982780212713,0.10617893181053116,0.08084603245603013,0.10841026680109118
0.1,1,63,0.0056275212645385915,0.10608978522495549,0.08072554279930949,0.10832846596251604
0.1,1,64,0.0056185443080046405,0.10600513485680436,0.08061220776062576,0.10824972078038163
0.1,1,65,0.005609836044879541,0.10592295355473752,0.08049980407087762,0.10817523968437322
0.1,1,66,0.00560166948501991,0.10584582641767137,0.08039615388378114,0.10810448801360605
0.1,1,67,0.005593898610009583,0.10577238401406656,0.0802949529905136,0.10803804137171927
0.1,1,68,0.0055864856619608745,0.10570227681522167,0.08019557063379781,0.10797439362167109
0.1,1,69,0.005579392036982501,0.10563514601667857,0.08010127580586306,0.1079137409761158
0.1,1,70,0.005572522998767657,0.10557009992197276,0.08001169662379468,0.1078535972705884
0.1,1,71,0.005566155258415977,0.10550976503069255,0.07992755134102882,0.10779673691284244
0.1,1,72,0.005559857640086541,0.10545006059824281,0.07983835906865913,0.10774079229917773
0.1,1,73,0.005554019109199806,0.1053946783210595,0.07976592384411679,0.10769151095227948
0.1,1,74,0.00554834217658946,0.10534080098982976,0.07968960317221874,0.10764179720300165
0.1,1,75,0.005542859067442818,0.10528873698019953,0.07961698058307057,0.10759611052419053
0.1,1,76,0.0055377840541147505,0.105240525028287,0.0795485644960369,0.10755321465786465
0.1,1,77,0.005532729262677713,0.10519248321698384,0.07947869471305462,0.10750930414471527
0.1,1,78,0.005528081050486575,0.105148286248389,0.0794171233203377,0.10747051849816978
0.1,1,79,0.005523509658064738,0.10510480158455882,0.0793527466403029,0.10743398778652215
0.1,1,80,0.005519148942171612,0.10506330417583118,0.07929167327060552,0.10739882220535078
0.1,1,81,0.005514917335820039,0.10502301972253549,0.07922642641305977,0.1073615960770293
0.1,1,82,0.00551089514267401,0.1049847145319166,0.07916894729788967,0.1073288945161572
0.1,1,83,0.005507030363215812,0.1049478952930054,0.0791156864315728,0.10729712177689088
0.1,1,84,0.005503454128981786,0.1049138134754598,0.07906059948494366,0.10726594479847469
0.1,1,85,0.005499869539493855,0.10487964091751893,0.07900533455856673,0.10723447333663
0.1,1,86,0.005496421559531368,0.10484676017437418,0.07895368473536378,0.10720542075475369
0.1,1,87,0.005493118871566765,0.10481525529775487,0.07890412714769782,0.10717733676899656
0.1,1,88,0.005489967439878283,0.10478518444778616,0.07885616346272173,0.1071519836570321
0.1,1,89,0.005487115070977653,0.10475795980237161,0.07881620653445845,0.10713118689799642
0.1,1,90,0.00548424217987666,0.10473053212771011,0.07876628475512949,0.10710768587586333
0.1,1,91,0.00548150648042476,0.10470440755216334,0.07872457868770538,0.10708769548341973
0.1,1,92,0.005478844212886287,0.10467897795533053,0.07868384024779979,0.10706595927027418
0.1,1,93,0.0054763452161213635,0.10465510227524852,0.07864143219378038,0.10704397890404965
0.1,1,94,0.005473932641137389,0.10463204710926179,0.07860404178797364,0.1070230230635705
0.1,1,95,0.00547161984687802,0.10460994070238278,0.07856564475271527,0.10700312582941522
0.1,1,96,0.00546941321290353,0.10458884465279775,0.07853606388418925,0.10698523533162226
0.1,1,97,0.005467227314395724,0.10456794264396449,0.0785026010605593,0.10696698366672619
0.1,1,98,0.00546519537033344,0.10454850903129552,0.07847052350537703,0.10695138069613527
0.1,1,99,0.005463188972246324,0.10452931619642715,0.0784346297761875,0.10693590276410177
0.1,1,100,0.00546125014987554,0.10451076642983287,0.07840045062776818,0.10691949138522978
0.1,1,101,0.005459431509329596,0.10449336351491031,0.07836878084951458,0.10690512149517879
0.1,1,102,0.00545761027149946,0.1044759328410085,0.07833686579848687,0.1068915405634824
0.1,1,103,0.005455964875348771,0.1044601826089613,0.07830772248504216,0.10687736378591797
0.1,1,104,0.005454340783741703,0.10444463398127932,0.07828800849617669,0.10686774597983306
0.1,1,105,0.0054528085778299575,0.10442996292089697,0.07826288518069821,0.10685778759138576
0.1,1,106,0.0054513417568771375,0.10441591599825323,0.07823580656227885,0.10684548145048951
0.1,1,107,0.0054499279688714816,0.10440237515374333,0.07820984520619073,0.10683418061595915
0.1,1,108,0.005448494289561367,0.10438864200248384,0.07818104869405017,0.10682381800735016
0.1,1,109,0.0054471202950645186,0.1043754788737711,0.07815133603856869,0.10681098443878125
0.1,1,110,0.0054458220396824296,0.10436303981470096,0.07812460428761675,0.10680143222934545
0.1,1,111,0.00544459242275634,0.10435125703848842,0.07810249639404312,0.10679343534746688
0.1,1,112,0.0054433537343158605,0.10433938598933636,0.07808369748633197,0.10678481382986531
0.1,1,113,0.005442133246540679,0.10432768804627733,0.0780601917734987,0.10677546306174311
0.1,1,114,0.005441063109932401,0.10431743008656225,0.07803195818623315,0.10676572222905938
0.1,1,115,0.005440003505345276,0.10430727208920072,0.07801188804236725,0.10675752421550024
0.1,1,116,0.0054389542500575365,0.10429721233146681,0.07798975109604113,0.10675035245664637
0.1,1,117,0.0054379965519608525,0.10428802953321971,0.07796935349160108,0.1067428453668113
0.1,1,118,0.005437093715416401,0.10427937202933667,0.0779519774188439,0.10673637157678158
0.1,1,119,0.00543615154012287,0.10427033653079738,0.07793429727806506,0.10672913150646235
0.1,1,120,0.005435294293995487,0.10426211482600463,0.07791497514703072,0.10672245166687964
0.1,1,121,0.005434469696796882,0.10425420563983864,0.07789023822581131,0.10671522108109957
0.1,1,122,0.005433683720674011,0.10424666633206081,0.0778634941060839,0.10671051169886402
0.1,1,123,0.005432926299262065,0.10423940041329924,0.07784704929530721,0.10670636822426048
0.1,1,124,0.005432193610294217,0.10423237127010224,0.07783282614021952,0.10670125985231224
0.1,1,125,0.005431478743133298,0.10422551264573658,0.07781152550411997,0.1066944172165687
0.1,1,126,0.0054307507623453655,0.10421852774190744,0.07779916502789189,0.10669127432745905
0.1,1,127,0.005430101335403452,0.10421229615936357,0.07777819835790072,0.10668487826834479
0.1,1,128,0.0054294529957245735,0.10420607463794587,0.07776350975576966,0.10668156948812077
0.1,1,129,0.005428824034458864,0.10420003871840801,0.07774470376754064,0.1066772967067167
0.1,1,130,0.0054282178107331125,0.10419422067209978,0.0777286178231366,0.10667345965010401
0.1,1,131,0.005427664788024313,0.10418891292286635,0.07771710734464217,0.10666974706924358
0.1,1,132,0.005427117697488339,0.10418366184280853,0.07769983792551662,0.10666568607733186
0.1,1,133,0.005426583166498447,0.1041785310560525,0.07768198231641466,0.10666215167209872
0.1,1,134,0.005426042980208285,0.10417334572920546,0.0776668123296866,0.10665673975031006
0.1,1,135,0.00542554795006241,0.10416859363610906,0.0776512254354935,0.10665287420452126
0.1,1,136,0.005425075418055344,0.10416405731398277,0.07764358257297148,0.10665096269732285
0.1,1,137,0.005424611333539899,0.10415960189574362,0.07763235602499155,0.10664762102073051
0.1,1,138,0.0054241552341398325,0.10415522295247447,0.07762357142766668,0.10664484010094101
0.1,1,139,0.005423720798125261,0.10415105182498409,0.07761252021418313,0.10664429902912083
0.1,1,140,0.005423312252999965,0.10414712912989935,0.07760364162026223,0.10664329345938721
0.1,1,141,0.00542290773266547,0.1041432449337495,0.07759640363155747,0.1066395402670281
0.1,1,142,0.005422486780156948,0.1041392028023736,0.07758146598582492,0.10663543424347467
0.1,1,143,0.005422106893377155,0.10413555486362143,0.07756917146463506,0.10663296310494781
0.1,1,144,0.005421766487163521,0.10413228593633697,0.07755707611650617,0.10663085345881468
0.1,1,145,0.005421431938481581,0.1041290731590518,0.07754885708880443,0.10662971830501553
0.1,1,146,0.005421093524529493,0.10412582316149527,0.0775459271535234,0.10662990554750221
0.1,1,147,0.0054208010069508395,0.10412301385333446,0.07753277042379049,0.10662833292162112
0.1,1,148,0.005420492916603695,0.10412005490397798,0.0775254320021484,0.10662617452430918
0.1,1,149,0.005420157724797806,0.10411683557233005,0.07751330307967053,0.10662355476092773
0.1,1,150,0.005419866726733434,0.10411404061636868,0.07750014775027995,0.10662207898199852
0.1,1,151,0.0054195822066922155,0.1041113078074828,0.07749316510259813,0.10662124894999207
0.1,1,152,0.005419325993909095,0.10410884682781857,0.0774806696886665,0.10661952207336188
0.1,1,153,0.005419068372543863,0.10410637225976,0.07747008668973314,0.10661584894512278
0.1,1,154,0.005418833681758046,0.10410411789893853,0.07746078326289553,0.10661419606892146
0.1,1,155,0.00541859890788244,0.1041018626911396,0.07745162022870984,0.10661033630365928
0.1,1,156,0.005418347781759231,0.10409945035166354,0.07744112874884382,0.10660895270528248
0.1,1,157,0.005418123543742035,0.10409729625443723,0.07743303572300948,0.10660547880023376
0.1,1,158,0.005417913975751241,0.10409528304155996,0.07742699639094605,0.10660432941126731
0.1,1,159,0.00541771174547911,0.10409334028149073,0.07741997909400536,0.10660393938052623
0.1,1,160,0.005417519984228674,0.10409149806039564,0.07741126688755667,0.10660296369956808
0.1,1,161,0.005417332454941145,0.10408969646358995,0.07740187019534245,0.10660140638068451
0.1,1,162,0.005417155722190707,0.10408799856074386,0.07739211026211684,0.1066001641623949
0.1,1,163,0.005416978191734209,0.10408629296630953,0.07738270149250487,0.10659775308200273
0.1,1,164,0.00541681221304581,0.10408469832829233,0.07737563785452846,0.10659539620948431
0.1,1,165,0.005416651770909211,0.1040831568593998,0.07736750402444999,0.10659536128156276
0.1,1,166,0.005416473643032689,0.10408144544569593,0.07736260063022964,0.10659391318619377
0.1,1,167,0.005416321384332386,0.10407998255507526,0.0773539863469404,0.10659351837712946
0.1,1,168,0.005416180340654954,0.10407862739924037,0.0773466704302054,0.10659064555757367
0.1,1,169,0.005416043305176373,0.10407731073751256,0.07734127987285204,0.10659129395371857
0.1,1,170,0.005415913500481861,0.10407606353510745,0.07733084944802272,0.10659007196948699
0.1,1,171,0.0054157679655352006,0.10407466517395288,0.07732895115810436,0.10659072289326263
0.1,1,172,0.005415652396779889,0.10407355472722059,0.07732422706198053,0.10658924661934481
0.1,1,173,0.005415521945375244,0.104072301265757,0.07732695359503466,0.10659014015761774
0.1,1,174,0.005415401018119567,0.1040711393049924,0.07731973665560748,0.10659223293189367
0.1,1,175,0.005415277173131538,0.10406994929499619,0.07731255956029792,0.10659232227013818
0.1,1,176,0.0054151857712404616,0.10406907101767039,0.07731277394197145,0.1065948376776811
0.1,1,177,0.0054150891042309135,0.10406814213995476,0.07730278813157039,0.10659270991796627
0.1,1,178,0.005414973207235889,0.10406702846950026,0.07730026238089643,0.1065939134102294
0.1,1,179,0.005414867206384897,0.10406600988204455,0.0773002247229652,0.10659441005892854
0.1,1,180,0.005414774597466322,0.10406511997270096,0.07729416813018443,0.10659496226273553
0.1,1,181,0.00541469172946438,0.10406432366055506,0.07728713892541966,0.10659485362619407
0.1,1,182,0.005414606695663235,0.1040635065300342,0.07728912404905314,0.10659443665934659
0.1,1,183,0.005414522751372889,0.10406269986285085,0.07728636315666035,0.10659344039164022
0.1,1,184,0.005414440992054793,0.10406191418626502,0.07728312432903964,0.10659394891642378
0.1,1,185,0.005414353000614176,0.10406106861467622,0.07727738866978913,0.10659338955332123
0.1,1,186,0.005414292851594474,0.1040604905965225,0.07726596346849644,0.10659369095802142
0.1,1,187,0.005414217624084759,0.1040597676730518,0.07725882758187969,0.106594327142582
0.1,1,188,0.005414132855948997,0.10405895305978238,0.07725683891442166,0.10659255553906798
0.1,1,189,0.0054140549745805965,0.10405820462203445,0.07725678907542186,0.10659337749108747
0.1,1,190,0.005413977112475129,0.1040574563640216,0.07725771255443421,0.10659457414321326
0.1,1,191,0.00541391845058165,0.10405689261727596,0.07725714253111013,0.10659561550714947
0.1,1,192,0.005413848089905697,0.1040562164400157,0.07725596345986654,0.1065964697074093
0.1,1,193,0.005413782642690059,0.1040555874779443,0.0772537921803484,0.10659567168091338
0.1,1,194,0.0054137206480687336,0.10405499169255393,0.07725007010209774,0.10659557846131838
0.1,1,195,0.005413677016737478,0.10405457238139493,0.0772437191351429,0.1065953716737968
0.1,1,196,0.005413614653858099,0.10405397305108632,0.0772360161924374,0.10659371643736237
0.1,1,197,0.005413554607497364,0.10405339598011555,0.07723669935065736,0.1065937816119989
0.1,1,198,0.005413509713581654,0.1040529645284713,0.07723617360641108,0.10659345647607987
0.1,1,199,0.005413468273832658,0.1040525662714059,0.07723500969443536,0.10659375979103275
0.1,1,200,0.005413436826922279,0.104052264049585,0.0772344898698624,0.1065945757154655
0.1,1,201,0.005413393725968638,0.10405184982467768,0.07723067675091325,0.10659526076626147
0.1,1,202,0.005413330331052609,0.10405124056014525,0.07721995393223137,0.10659419453031378
0.1,1,203,0.005413292400888149,0.10405087602599172,0.07721289867629688,0.10659344866754769
0.1,1,204,0.005413247225999694,0.10405044186354707,0.07720877869416846,0.10659326963732585
0.1,1,205,0.005413196637126065,0.10404995566674755,0.07720372225715356,0.10659139011130095
0.1,1,206,0.005413161021672365,0.10404961337431644,0.07720283243162626,0.10659142663822359
0.1,1,207,0.005413111791377925,0.10404914023073833,0.07720013269410857,0.10658988467214552
0.1,1,208,0.005413065501241519,0.10404869534253199,0.07719677822090915,0.10658892277113419
0.1,1,209,0.005413028771393963,0.10404834233560824,0.07719803175666505,0.10658779515685665
0.1,1,210,0.005413006555843982,0.10404812882357839,0.07719850658837528,0.10658797063024424
0.1,1,211,0.0054129768878501405,0.10404784368597113,0.07719473365030954,0.10658942190844711
0.1,1,212,0.00541294286996608,0.10404751674082452,0.0771907688171737,0.10658895134538215
0.1,1,213,0.005412905835037782,0.10404716079776306,0.0771882416167503,0.10658949771054989
0.1,1,214,0.005412878560975889,0.1040468986657064,0.07718455340257552,0.10658955080713242
0.1,1,215,0.005412849056144553,0.1040466150928953,0.07718075509455097,0.10658957029024707
0.1,1,216,0.00541282781682526,0.10404641095996786,0.0771832297666258,0.10659193404844287
0.1,1,217,0.005412803646161833,0.1040461786531522,0.07717766374435688,0.10659048674674827
0.1,1,218,0.005412778248058675,0.10404593454872396,0.077171813322932,0.10658929630349354
0.1,1,219,0.005412751471087493,0.10404567719119803,0.07716785472077925,0.10658944275946194
0.1,1,220,0.0054127266866238685,0.10404543898339676,0.07716067566207974,0.10658835646304148
0.1,1,221,0.005412706415761985,0.10404524415620336,0.07716197434087724,0.10658983478313445
0.1,1,222,0.00541268644172578,0.10404505218150241,0.07715744673136046,0.10659060765028006
0.1,1,223,0.005412669928066102,0.10404489346494716,0.0771514824006352,0.10659145098892063
0.1,1,224,0.005412642501041979,0.10404462985701837,0.07715242933291429,0.10659151294200753
0.1,1,225,0.0054126211028642296,0.104044424193363,0.07714323078520295,0.10659014372812597
0.1,1,226,0.005412603488543819,0.1040442548970756,0.07714225937126265,0.10659021607728994
0.1,1,227,0.005412581845252433,0.10404404687681494,0.07714454334248648,0.10658982074128324
0.1,1,228,0.005412565225781629,0.1040438871417406,0.07714035561519501,0.10658859195615285
0.1,1,229,0.0054125485094440725,0.10404372647540142,0.07714134175596736,0.10659068974032272
0.1,1,230,0.005412532690162873,0.1040435744307439,0.07713997782665269,0.10659258808079175
0.1,1,231,0.005412514672597643,0.10404340125733724,0.07714078310099814,0.10659300925499021
0.1,1,232,0.005412497559683717,0.10404323677859813,0.07713823165353387,0.10659214425681639
0.1,1,233,0.0054124824997370535,0.10404309203149485,0.07713566672019062,0.10659263480094212
0.1,1,234,0.005412473452329865,0.10404300507318946,0.07713452340891104,0.10659511094809344
0.1,1,235,0.005412459690369976,0.10404287280126377,0.07713327520237871,0.10659456482007251
0.1,1,236,0.005412446409703359,0.10404274515508863,0.07712648670887812,0.10659061879536318
0.1,1,237,0.005412425955305639,0.1040425485588049,0.07713002748812514,0.1065911098389008
0.1,1,238,0.00541241637566597,0.10404245648451377,0.07713068021449691,0.10659069634541027
0.1,1,239,0.005412408061445103,0.1040423765726745,0.07713429223102537,0.10659140639183225
0.1,1,240,0.0054123989102439285,0.10404228861615769,0.07712513034865395,0.10659133351816205
0.1,1,241,0.005412388885837722,0.10404219226676957,0.07712120455179608,0.10659147084172087
0.1,1,242,0.0054123755226543465,0.1040420638266499,0.07712263755090969,0.1065928939642372
0.1,1,243,0.005412365621096744,0.1040419686578137,0.07712102358005801,0.10659233745455342
0.1,1,244,0.005412355554244265,0.10404187190015628,0.07712088082110867,0.10659064860648637
0.1,1,245,0.005412349108800526,0.10404180994965943,0.0771175935030356,0.1065925083456044
0.1,1,246,0.005412336432558396,0.10404168811162567,0.07712674629362887,0.10659523548345098
0.1,1,247,0.0054123256133034835,0.10404158412196042,0.077122459774387,0.10659664136488305
0.1,1,248,0.005412316537237851,0.10404149688694267,0.07711649050954686,0.10659504742516443
0.1,1,249,0.00541232630034763,0.10404159072551351,0.07711020020683264,0.10659273058635066
0.1,1,250,0.005412322677809841,0.10404155590733773,0.07710685837299984,0.10659076891122701
0.1,1,251,0.005412310388330514,0.10404143778639849,0.07710752130281587,0.10659310991128386
0.1,1,252,0.005412303364576894,0.10404137027718247,0.07710863052745284,0.10659407504436541
0.1,1,253,0.005412296909148152,0.10404130823041541,0.07710918514580677,0.10659447200413229
0.1,1,254,0.00541228013195339,0.10404114697515969,0.07711630507565483,0.10659491404813044
0.1,1,255,0.005412280909250801,0.1040411544462171,0.07711677334453267,0.10659868868311691
0.1,1,256,0.005412272224822281,0.10404107097509407,0.07711623902812706,0.10659755629142743
0.1,1,257,0.005412269835952892,0.1040410480142611,0.07711178735271255,0.10659786131458769
0.1,1,258,0.005412264776522229,0.10404099938507155,0.07711401690886156,0.10659777552280747
0.1,1,259,0.0054122549083902155,0.1040409045365352,0.07711356190624073,0.10659672712185977
0.1,1,260,0.005412245446895037,0.1040408135963482,0.07710982703658215,0.10659565538064239
0.1,1,261,0.005412250229934871,0.10404085956906423,0.07711473937318386,0.1065964153765803
0.1,1,262,0.005412251411367712,0.10404087092453343,0.07711562712288067,0.1065956382494994
0.1,1,263,0.005412250563995068,0.10404086277991997,0.07711400354585085,0.10659384076582956
0.1,1,264,0.0054122419564343,0.10404078004738622,0.07710960065918712,0.10659327242472773
0.1,1,265,0.00541223270881865,0.10404069116282004,0.07710310065862097,0.10659201607250002
0.1,1,266,0.005412231966777413,0.10404068403059846,0.07710642635618337,0.10659214930111757
0.1,1,267,0.005412222049153753,0.10404058870607906,0.07710126200288284,0.10659190359327173
0.1,1,268,0.0054122200276254095,0.10404056927588785,0.07709906462489248,0.10659210115443936
0.1,1,269,0.005412210045934065,0.10404047333546754,0.07710045267868078,0.10659313801182166
0.1,1,270,0.005412204416984194,0.10404041923199074,0.07710045431419722,0.10659414057212466
0.1,1,271,0.005412203502942401,0.1040404104465414,0.07709824280013186,0.10659437895566841
0.1,1,272,0.005412198268671102,0.10404036013654606,0.0770968304491597,0.10659474148349037
0.1,1,273,0.005412193276282502,0.10404031215142044,0.07709648531497498,0.10659372653296292
0.1,1,274,0.005412194006068584,0.10404031916587515,0.07709605412892882,0.1065947194814106
0.1,1,275,0.005412191607410895,0.10404029611079445,0.07709862399383414,0.10659534557959163
0.1,1,276,0.005412188354559119,0.10404026484548297,0.07709922240811427,0.10659836797785838
0.1,1,277,0.005412182670540101,0.10404021021259137,0.0770974462351676,0.10659752879344124
0.1,1,278,0.005412179231758036,0.10404017716015324,0.07709511993411905,0.10659659578458472
0.1,1,279,0.005412174772638219,0.10404013430054979,0.0770931130261109,0.10659710701311384
0.1,1,280,0.005412174035371442,0.10404012721418061,0.07709526682214644,0.10659844209219352
0.1,1,281,0.00541216810501097,0.10404007021346122,0.07709120042997077,0.10659730886397932
0.1,1,282,0.005412167753992576,0.10404006683958422,0.07709179039739154,0.10659956329898473
0.1,1,283,0.005412164092555932,0.10404003164701492,0.0770879189673832,0.10659908460763175
0.1,1,284,0.005412165407947256,0.10404004429014105,0.07708864219203586,0.1066010357426839
0.1,1,285,0.00541216265949026,0.10404001787283833,0.07708934463274077,0.10660135552821697
0.1,1,286,0.0054121611928053,0.10404000377552185,0.0770895964273321,0.10660007593718246
0.1,1,287,0.005412153878704443,0.10403993347464657,0.07708902011924204,0.10659752960678291
0.1,1,288,0.0054121520716545095,0.1040399161058342,0.07708811007251941,0.10659662174095612
0.1,1,289,0.005412148059459234,0.10403987754182753,0.07708620791110271,0.10659566899541958
0.1,1,290,0.005412147249436392,0.10403986975613139,0.07708638177615935,0.10659715484805149
0.1,1,291,0.005412141730289017,0.10403981670772991,0.07708456528956809,0.10659499071271078
0.1,1,292,0.005412139599489253,0.10403979622710968,0.07708234915788095,0.10659601521641994
0.1,1,293,0.00541213961724757,0.10403979639779741,0.077078918332468,0.10659424669546073
0.1,1,294,0.0054121409081770025,0.10403980880583165,0.07707503059391489,0.10659186022761388
0.1,1,295,0.005412142133379099,0.10403982058211268,0.07707117540735457,0.10659126349310152
0.1,1,296,0.005412145395501142,0.10403985193666072,0.07707222676793873,0.10659071972387106
0.1,1,297,0.005412141461225082,0.10403981412156676,0.07707410383210181,0.10659138894061071
0.1,1,298,0.00541214385114519,0.10403983709277125,0.07707313089155325,0.10659176632863342
0.1,1,299,0.005412144220686852,0.10403984064469585,0.07707370855778053,0.10659197304265122
0.1,1,300,0.0054121402134477345,0.10403980212829833,0.07707456167060737,0.10659225748124783
0.1,2,1,0.04848343943359556,0.31139505273396867,0.2588261372028195,0.3085963561601599
0.1,2,2,0.03488183836114414,0.26412814450998645,0.21996506557082227,0.26258305070078475
0.1,2,3,0.027325414399329038,0.23377516719843894,0.19480528157424631,0.23323226674611855
0.1,2,4,0.022732777469301774,0.21322653432113825,0.1776315392508738,0.21346669515972472
0.1,2,5,0.01966118645644776,0.19829869619565207,0.1650353530504078,0.19915146393385644
0.1,2,6,0.017472796686310646,0.18693740495850822,0.15526768854103998,0.1882306481749645
0.1,2,7,0.015831596212499913,0.17794154215640548,0.1474579284725576,0.17954122192427355
0.1,2,8,0.014540731699238977,0.17053288069600522,0.1410245556910102,0.17233472614628903
0.1,2,9,0.013505658614865069,0.16435120087705515,0.13564788533836264,0.16628053637247803
0.1,2,10,0.012651900537449186,0.15907168533368335,0.1310268747020567,0.16106963293091817
0.1,2,11,0.011935516380674046,0.15450253318747914,0.1269903708482579,0.1565302242813452
0.1,2,12,0.011325167556835913,0.1505002827694082,0.12343981018652585,0.1525292400704177
0.1,2,13,0.010797648907136423,0.1469533865355707,0.12029358768321517,0.14896219371874575
0.1,2,14,0.010335850594647485,0.1437765668991125,0.1174767221238983,0.1457449613016502
0.1,2,15,0.009934738758387938,0.14095913420837924,0.11496419373630067,0.14288167372179977
0.1,2,16,0.009578762406067287,0.13841071061205695,0.11269800283284634,0.14028245775783355
0.1,2,17,0.009262278809797412,0.13610495075343448,0.11062209169585491,0.13791829414580675
0.1,2,18,0.008979319316944614,0.1340098452871625,0.10871526542167745,0.13576190218447742
0.1,2,19,0.008723120389159707,0.13208421850591923,0.1069670903875804,0.1337748565840783
0.1,2,20,0.008492907800759867,0.13032964206779568,0.10534988711971335,0.13196049772822704
0.1,2,21,0.008286164570892702,0.12873355872415476,0.10386724362979922,0.13030543757064872
0.1,2,22,0.008097485309672409,0.12725946180675454,0.10249703586757943,0.12877077329714992
0.1,2,23,0.007925268128520976,0.12589891285091365,0.10122267859233718,0.12735024166073708
0.1,2,24,0.00776875170618367,0.12464952231102748,0.10002171218064793,0.1260473161547657
0.1,2,25,0.007624561783084299,0.12348734172443991,0.09891086908678011,0.12483053472758637
0.1,2,26,0.007492263133702313,0.12241129959037535,0.09786869144830271,0.12370303566772091
0.1,2,27,0.007370499279946118,0.12141251401685181,0.09689724464810189,0.12265524377754368
0.1,2,28,0.0072583114673244326,0.1204849489963326,0.0959768708079559,0.12167938038715286
0.1,2,29,0.00715424276173177,0.11961808192519867,0.09513338866087338,0.12076887573566313
0.1,2,30,0.007057988086406597,0.11881067364851187,0.09433327940140174,0.11991739187507858
0.1,2,31,0.006968710592609322,0.11805685573154422,0.09356195655219468,0.11912398133586412
0.1,2,32,0.006885350511372661,0.11734863025508786,0.09282864052761199,0.11837656441945889
0.1,2,33,0.006807513461219852,0.11668344750837499,0.09214211374282179,0.11767657792952485
0.1,2,34,0.006734848286034826,0.11605902193310803,0.09150400056730477,0.11701338632820132
0.1,2,35,0.00666700694950513,0.11547300073614723,0.0908911504241847,0.1163926251619565
0.1,2,36,0.006603321026903127,0.1149201551243569,0.09031368858519476,0.11580548183214696
0.1,2,37,0.0065439387567994755,0.11440226183777553,0.08976749414624428,0.11525365864737591
0.1,2,38,0.006489099527450381,0.11392189892597807,0.08926607004107967,0.11474153867391441
0.1,2,39,0.006437403019547105,0.11346720248201332,0.08878740689885724,0.11425872314847677
0.1,2,40,0.006388736744030276,0.11303748709194021,0.08832534835113934,0.11379808810705466
0.1,2,41,0.006342518378044038,0.1126278684699665,0.08788409091308784,0.11336352777406164
0.1,2,42,0.006299349641385651,0.11224392759865143,0.08747066353838354,0.11295127805438661
0.1,2,43,0.006258506740558343,0.11187945960325643,0.08707957374598756,0.11256084036312028
0.1,2,44,0.006220252188899262,0.11153700900507653,0.08670629998592048,0.11219267456765647
0.1,2,45,0.006184245408639847,0.11121371685758774,0.08635579293798429,0.11184578220145146
0.1,2,46,0.006150290207788958,0.11090798174873581,0.08601353344227831,0.11151784870712489
0.1,2,47,0.006118206903100091,0.11061832491138249,0.08569296836959123,0.11120597722969211
0.1,2,48,0.006087628075460995,0.1103415431780886,0.08537644478903983,0.11091062427153915
0.1,2,49,0.006058849827681658,0.11008042357914198,0.08508480951180256,0.11062651327285541
0.1,2,50,0.0060317217076080966,0.10983370800995564,0.08479769406898598,0.11036253040108868
0.1,2,51,0.006005840815930736,0.10959781764187403,0.08451791224350831,0.11010716312953217
0.1,2,52,0.005981358446648042,0.10937420579504148,0.08424836222133135,0.10986521020374841
0.1,2,53,0.00595820927609284,0.10916234951752221,0.0839915961265865,0.10963676913029882
0.1,2,54,0.005936226905173397,0.10896079024285202,0.08374348969117164,0.10942230861096476
0.1,2,55,0.005915531040411506,0.1087706857605624,0.08350555595299333,0.1092156928226934
0.1,2,56,0.005895706608670413,0.10858827384824213,0.08328260925971581,0.10901908080728681
0.1,2,57,0.005876976363650828,0.10841564798174504,0.08306624570804494,0.10883123618657169
0.1,2,58,0.005859234454924442,0.10825187716547406,0.08284649827459517,0.10865504996213012
0.1,2,59,0.005842316698745833,0.10809548278023308,0.08263722299781107,0.10848510144498512
0.1,2,60,0.00582616881874999,0.1079459940780573,0.08243388039745742,0.10831807354480776
0.1,2,61,0.005810911565306894,0.10780455987857744,0.08224143388900028,0.10816527631798079
0.1,2,62,0.0057963436915373714,0.10766934281899719,0.08205600482597886,0.10801658017544029
0.1,2,63,0.005782509712242058,0.10754078028582513,0.08187869325246903,0.10787743928344297
0.1,2,64,0.005769102157800331,0.10741603379198406,0.0817064439951083,0.10773993432397397
0.1,2,65,0.0057565030760261685,0.10729867730802807,0.08153829305891001,0.1076099058995371
0.1,2,66,0.005744442396989913,0.10718621550357968,0.0813842713681742,0.10748319008230968
0.1,2,67,0.005732893095431131,0.10707841141360971,0.08122930465262068,0.10736605770442584
0.1,2,68,0.005722203734711447,0.10697853742420904,0.08108805851140999,0.10725125577197082
0.1,2,69,0.005711810422379174,0.10688134002134492,0.08095335756328174,0.10714288280260947
0.1,2,70,0.005701890145605065,0.10678848388852671,0.08081974751688406,0.10703992127363755
0.1,2,71,0.005692379178463871,0.10669938311409181,0.08068892943164019,0.1069405465454152
0.1,2,72,0.005683242904379407,0.10661372242239182,0.08056223273264708,0.10684565582166368
0.1,2,73,0.005674582442635496,0.10653245930358968,0.08043897333320443,0.10675499277628075
0.1,2,74,0.0056662383361193135,0.10645410594354089,0.08031816992104429,0.1066671928956424
0.1,2,75,0.0056582475464809195,0.10637901622482622,0.08019982385060631,0.10658328106526249
0.1,2,76,0.005650671348817917,0.10630777345818053,0.08009649424794887,0.10650253381840985
0.1,2,77,0.005643483670169871,0.1062401399676212,0.07999586686198742,0.10642749082697263
0.1,2,78,0.005636619001737428,0.10617550566620747,0.07989685531135217,0.10635216871054963
0.1,2,79,0.005629976126369212,0.10611292217604049,0.07980289963176401,0.1062845932508487
0.1,2,80,0.005623552341372453,0.10605236764327756,0.07971220212027266,0.10621680509084129
0.1,2,81,0.005617558980550402,0.10599583935749933,0.07962618275171962,0.10615173869073477
0.1,2,82,0.005611774711071182,0.10594125458074566,0.07954221631973407,0.10608852434971724
0.1,2,83,0.005606179469290857,0.1058884268396774,0.0794610489899925,0.10602699495036466
0.1,2,84,0.0056007593517329235,0.10583722739880258,0.0793794366206406,0.10596837886789569
0.1,2,85,0.005595618127810657,0.10578863953951442,0.07930297758467302,0.10591295858285969
0.1,2,86,0.005590722979234162,0.10574235650139599,0.07922798118381953,0.10586155123644886
0.1,2,87,0.005586196689968223,0.10569954295046145,0.0791556955234267,0.10581334251516569
0.1,2,88,0.005581712495232325,0.10565711045861821,0.07908393526062536,0.10576357221770372
0.1,2,89,0.005577407561096031,0.10561635821307257,0.07901665173882805,0.10571719133102395
0.1,2,90,0.005573190606455914,0.10557642356564191,0.07895473508097375,0.10567270450160804
0.1,2,91,0.0055692612369428055,0.10553919875518106,0.07888767319667109,0.10563182620286675
0.1,2,92,0.005565490926563869,0.1055034684412211,0.07882478816124838,0.10558916889966061
0.1,2,93,0.005561942971954945,0.10546983428407333,0.07876318813315195,0.1055501698661812
0.1,2,94,0.005558506235966807,0.10543724423529674,0.0787006584770257,0.10551259704967263
0.1,2,95,0.005555164708552488,0.10540554737348967,0.07864267927369314,0.10547573005781878
0.1,2,96,0.0055519711916703,0.10537524559089102,0.07858999927979854,0.10544116329826514
0.1,2,97,0.005548908550308779,0.10534617743714082,0.07853655896063758,0.10540768289725191
0.1,2,98,0.00554591302841108,0.10531773856678732,0.07848577495201607,0.10537504034189328
0.1,2,99,0.005543094457574565,0.10529097261944696,0.07843397013761434,0.10534055603128356
0.1,2,100,0.005540376278160439,0.10526515357097466,0.07838947794688159,0.10530982517702486
0.1,2,101,0.005537757376242398,0.10524027153368998,0.07834664596624336,0.10527872257464244
0.1,2,102,0.005535269931292447,0.1052166330129647,0.0783021083668254,0.10524987862808736
0.1,2,103,0.0055328818290625095,0.10519393356142273,0.07825639522087474,0.10522356314793839
0.1,2,104,0.005530506571610381,0.10517135134256268,0.07821713847067822,0.10519694508849213
0.1,2,105,0.005528362798484406,0.10515096574434689,0.07817701305121266,0.10516985204670966
0.1,2,106,0.005526254321339141,0.1051309119273598,0.07814063470895209,0.10514367038487124
0.1,2,107,0.005524198152868371,0.10511135193563416,0.07810145691300623,0.10511918958514468
0.1,2,108,0.005522195974632825,0.1050923020457048,0.0780631199083616,0.10509886642619119
0.1,2,109,0.005520296415565726,0.105074225341572,0.07802897133164884,0.10507850486692846
0.1,2,110,0.005518475628935329,0.1050568953371013,0.07799571194798428,0.10505564479223573
0.1,2,111,0.005516772937711983,0.10504068676195889,0.07796066102514963,0.10503447489584423
0.1,2,112,0.005515129330009052,0.10502503825287618,0.07793283171241082,0.1050155196801166
0.1,2,113,0.005513491861966006,0.10500944587955892,0.07789931569912577,0.10499773921879348
0.1,2,114,0.005511976697343523,0.10499501604689171,0.0778640233456902,0.10497880211411866
0.1,2,115,0.0055105010961994765,0.1049809610948526,0.07783478069139248,0.10496034702179705
0.1,2,116,0.005509048513980741,0.1049671235576239,0.07780907126383388,0.10494260159215085
0.1,2,117,0.0055076346101074454,0.10495365272449973,0.07778151221490634,0.10492564140469574
0.1,2,118,0.0055062965340134384,0.10494090274067056,0.07775495978023805,0.10490846035715222
0.1,2,119,0.00550503160978666,0.10492884836675431,0.07773051404572832,0.10489762853840809
0.1,2,120,0.005503821812311378,0.10491731803960086,0.07770623297204932,0.10488085951170824
0.1,2,121,0.005502629230552631,0.10490595055145949,0.07767942720080638,0.10486575720313182
0.1,2,122,0.005501511323264758,0.10489529372917317,0.07765600286613807,0.10485281385492336
0.1,2,123,0.005500422834228292,0.10488491630571378,0.07763925436221515,0.1048394758500024
0.1,2,124,0.005499391063539482,0.10487507867495958,0.07761609875109587,0.10482726815202525
0.1,2,125,0.005498383046309986,0.10486546663520824,0.07759480625856786,0.10481240295675943
0.1,2,126,0.005497420888058125,0.10485629106599303,0.07757296062875177,0.1048010769398617
0.1,2,127,0.005496479353342927,0.10484731139464595,0.07754977577152511,0.10479163835803276
0.1,2,128,0.005495589948776593,0.10483882819620403,0.07753182987176899,0.10477856852582117
0.1,2,129,0.005494723398755643,0.10483056232564665,0.07750667006931387,0.10476598639212284
0.1,2,130,0.005493870669067099,0.1048224276485438,0.07749820668781228,0.10475580041925801
0.1,2,131,0.0054930637378129855,0.10481472928756708,0.0774780622115667,0.10474624403014442
0.1,2,132,0.0054922939826175556,0.10480738507011379,0.07745963069461581,0.10473641629518138
0.1,2,133,0.005491538253249601,0.10480017417208429,0.07744169119935532,0.10472697595134504
0.1,2,134,0.005490801738403585,0.10479314613469322,0.07742931631291178,0.10471852194216939
0.1,2,135,0.0054901067299343645,0.10478651373086485,0.07741414004002223,0.10470892611905083
0.1,2,136,0.005489413323283704,0.10477989619467758,0.07740229719990953,0.10470104824782941
0.1,2,137,0.005488774696495591,0.10477380108114424,0.0773836958334317,0.10469179294489431
0.1,2,138,0.00548816172325483,0.10476795047393864,0.07736578639626784,0.10468442813961384
0.1,2,139,0.005487564388528466,0.10476224881634096,0.07734947388448883,0.10467898274741763
0.1,2,140,0.005487022956599194,0.10475708049195714,0.07733634326904734,0.10467105389035497
0.1,2,141,0.00548647499195703,0.1047518495488937,0.07732522955384173,0.10466414249011995
0.1,2,142,0.0054859184801596406,0.10474653674618212,0.07731509354540933,0.104656708445662
0.1,2,143,0.005485397209401829,0.10474156013160993,0.07730142120908691,0.10464804408989202
0.1,2,144,0.005484907059291509,0.10473688041269426,0.07728571831270076,0.10464258818026465
0.1,2,145,0.00548442411939224,0.10473226932891543,0.0772735226776772,0.10463940051169786
0.1,2,146,0.005483952263586472,0.10472776387936937,0.0772615521396124,0.10463364409604455
0.1,2,147,0.005483499630570719,0.10472344179380966,0.07724861369395832,0.10462615411381614
0.1,2,148,0.005483059334400188,0.10471923733870667,0.07724074218334212,0.10461960726821193
0.1,2,149,0.005482641640100517,0.10471524855626822,0.07722522306105578,0.10461343778837401
0.1,2,150,0.0054822429204170724,0.10471144083066637,0.0772118386789758,0.1046056008574036
0.1,2,151,0.00548186431925142,0.10470782510635411,0.0772033004527268,0.10460125661524466
0.1,2,152,0.005481486926552871,0.10470422079890448,0.07719071845740243,0.10459404319225193
0.1,2,153,0.005481108715557205,0.10470060855178641,0.07717755374809751,0.10458728855963793
0.1,2,154,0.005480738317215292,0.10469707080157775,0.07716413200969598,0.10458306949305063
0.1,2,155,0.005480423831055252,0.10469406698619796,0.07715577725958275,0.10457987067482424
0.1,2,156,0.005480101637324221,0.10469098946255329,0.07714746308316829,0.10457640911936116
0.1,2,157,0.00547977150366468,0.10468783600461593,0.07713747861406361,0.10456800896659035
0.1,2,158,0.005479473149053898,0.10468498602047858,0.07713006319412478,0.10456395802849502
0.1,2,159,0.005479187663165481,0.10468225889008587,0.07712116595100665,0.10456078213146544
0.1,2,160,0.005478893893688415,0.10467945255577539,0.07710946776224482,0.10455548103637637
0.1,2,161,0.005478602667404004,0.10467667044192802,0.07710702172304033,0.10455005958338841
0.1,2,162,0.005478345042554905,0.10467420926431596,0.0771015731164106,0.10454338495340453
0.1,2,163,0.005478106518367253,0.10467193051021131,0.07709312659472943,0.10453764451724411
0.1,2,164,0.00547786513603684,0.10466962440017485,0.07708005435496576,0.10453122815212144
0.1,2,165,0.005477628987056968,0.10466736823916964,0.07707069621813373,0.10452796475266748
0.1,2,166,0.005477406214939537,0.10466523983576914,0.07705913289514549,0.10452400841370406
0.1,2,167,0.005477221087095954,0.10466347105935245,0.07704569444122922,0.10452207169699351
0.1,2,168,0.0054770055794105665,0.10466141198560783,0.0770340713630858,0.10451905236756541
0.1,2,169,0.005476825726983396,0.10465969354993732,0.07702818192050244,0.10451510675765102
0.1,2,170,0.005476627529267224,0.1046577997978863,0.07702433881208286,0.10451219934343625
0.1,2,171,0.005476444791636604,0.10465605373447447,0.07701812964905204,0.10450899685634614
0.1,2,172,0.005476261930714689,0.10465430646384973,0.07701262083118403,0.10450557671043674
0.1,2,173,0.005476080233962742,0.10465257028819447,0.07699795846260704,0.10450139975355895
0.1,2,174,0.0054759316653738505,0.10465115064225382,0.07698488810577028,0.10449921323331575
0.1,2,175,0.005475774267714764,0.10464964660919561,0.0769780294788517,0.10449405091500247
0.1,2,176,0.0054756268721611245,0.10464823813291005,0.0769669567170606,0.1044935815313518
0.1,2,177,0.005475477728229253,0.1046468129302489,0.07696222905646787,0.10448982704255837
0.1,2,178,0.0054753270453296405,0.10464537300167304,0.0769510578837063,0.10448726814094278
0.1,2,179,0.005475201603948315,0.1046441742663997,0.07694018560765269,0.10448565218205658
0.1,2,180,0.005475060500416671,0.1046428258450303,0.07694253997156328,0.10448636621042741
0.1,2,181,0.005474920443057173,0.10464148740396587,0.07693684865243973,0.10448233035374041
0.1,2,182,0.005474801058044205,0.10464034650214234,0.07693404505515695,0.10448193317834206
0.1,2,183,0.005474663212265663,0.10463902916470186,0.07693349231098665,0.10447876315249735
0.1,2,184,0.005474551729309184,0.10463796375416701,0.0769311678218859,0.10447532533207517
0.1,2,185,0.005474435485745944,0.10463685283633051,0.07692910311171174,0.1044749369733539
0.1,2,186,0.005474336162840681,0.10463590361669059,0.076928793099356,0.10447388154157267
0.1,2,187,0.0054742424755272745,0.1046350082479786,0.0769180490365548,0.10447156100721239
0.1,2,188,0.005474148874008903,0.10463411369155762,0.07691432780481369,0.10446928307511448
0.1,2,189,0.0054740513531852195,0.10463318166991979,0.07690950109458096,0.10446709858048268
0.1,2,190,0.005473950899384542,0.10463222160868554,0.07690294305026009,0.10446720841110267
0.1,2,191,0.005473859068929602,0.10463134395514187,0.07690152535937672,0.10446479868456525
0.1,2,192,0.005473761469347829,0.10463041115610537,0.07689483925181442,0.1044653367822525
0.1,2,193,0.005473685148958325,0.1046296817252,0.07688760511899947,0.10446581044767655
0.1,2,194,0.005473591941313352,0.10462879088772221,0.0768815274149437,0.10446432885658782
0.1,2,195,0.00547351529108356,0.10462805829301774,0.07687885700525382,0.10446208323800224
0.1,2,196,0.005473428363918102,0.1046272274689347,0.07687608336640189,0.10446179859018048
0.1,2,197,0.00547334723135207,0.10462645202196307,0.07687000573230511,0.10446021348159548
0.1,2,198,0.005473265542531624,0.10462567125262924,0.07687116788125302,0.10445969260469452
0.1,2,199,0.005473200463135878,0.10462504922948307,0.07686660612410186,0.10445709679579888
0.1,2,200,0.005473139144227459,0.1046244631453606,0.07686186356536773,0.10445532653700193
0.1,2,201,0.005473091838652871,0.10462401099798145,0.07685661510194408,0.10445276808730386
0.1,2,202,0.005473023544408647,0.10462335823714174,0.07684958698459117,0.10445218215994938
0.1,2,203,0.005472964588993073,0.10462279473415985,0.07684889778919372,0.10444825926177906
0.1,2,204,0.0054729137633309334,0.10462230893390695,0.0768467958251581,0.10444248959817826
0.1,2,205,0.005472855402699131,0.1046217511103607,0.0768426750246757,0.10443997431795057
0.1,2,206,0.0054728090187243774,0.10462130776017262,0.07684100556342145,0.10444040696425046
0.1,2,207,0.005472759160821068,0.10462083120316974,0.07683710216834236,0.10443947338161233
0.1,2,208,0.005472698060162329,0.10462024718153105,0.07683462917749836,0.1044370809901786
0.1,2,209,0.005472664102138438,0.10461992259735654,0.07682856204694224,0.10443764234374293
0.1,2,210,0.0054726187644039866,0.10461948923985422,0.07682054816507716,0.10443728575863631
0.1,2,211,0.00547255705968412,0.10461889943680464,0.07681962367949179,0.1044366031505978
0.1,2,212,0.005472517175950912,0.10461851820735096,0.07681892557848281,0.10443514486980432
0.1,2,213,0.005472476630641261,0.10461813065278179,0.07681515461893142,0.10443190284576671
0.1,2,214,0.005472439585723416,0.10461777655564485,0.07681086040400228,0.10443172092262484
0.1,2,215,0.005472393290730688,0.1046173340391609,0.07680939476127642,0.10442969650063282
0.1,2,216,0.005472358884184492,0.10461700515866904,0.07680685235408113,0.1044265787579099
0.1,2,217,0.005472322139605401,0.10461665392857297,0.07680344586821611,0.10442576215272659
0.1,2,218,0.005472271635494903,0.10461617117343669,0.07680731932906674,0.10442637373583655
0.1,2,219,0.005472230174118192,0.10461577485368248,0.07680727416682641,0.10442875507580747
0.1,2,220,0.0054721978410157595,0.10461546578795852,0.07680369636777547,0.10442683589697124
0.1,2,221,0.005472166614501104,0.10461516729902126,0.07679629537978573,0.10442921660914294
0.1,2,222,0.005472131912052041,0.10461483558321966,0.07679311412719478,0.10442756286479474
0.1,2,223,0.005472099551274534,0.10461452625017746,0.07679277803160689,0.10442513807529917
0.1,2,224,0.005472071873071393,0.10461426167661265,0.07679302448204117,0.1044252923664617
0.1,2,225,0.005472046371345949,0.10461401790721882,0.0767900764863245,0.10442424962979921
0.1,2,226,0.0054720197864050815,0.10461376378283195,0.07678629015524187,0.10442542482053233
0.1,2,227,0.005472000343871661,0.1046135779320415,0.07678264950486258,0.10442690259534038
0.1,2,228,0.005471972347882484,0.10461331031835752,0.07678119829288514,0.10442414097953515
0.1,2,229,0.0054719494981123,0.1046130918968778,0.0767767755629722,0.10442412776106864
0.1,2,230,0.005471925640791084,0.10461286384370791,0.07677447063112791,0.10442259515840258
0.1,2,231,0.005471908505334339,0.10461270004482572,0.07678134452770428,0.10442300516392741
0.1,2,232,0.005471886841272326,0.10461249295636087,0.07677978990715902,0.10442247942832493
0.1,2,233,0.005471870870507973,0.10461234029031158,0.07677434298391786,0.1044228772398272
0.1,2,234,0.005471843184329268,0.10461207563497885,0.07677542206427765,0.10442225834670227
0.1,2,235,0.005471818832931028,0.10461184285663863,0.0767730279575354,0.10442205523329649
0.1,2,236,0.00547180304069231,0.1046116918961959,0.07677010432343466,0.10442268194374459
0.1,2,237,0.005471781686428288,0.10461148776715,0.07677012151695171,0.10441996411306076
0.1,2,238,0.005471771018425306,0.1046113857897438,0.07676945451463721,0.10441963653282466
0.1,2,239,0.005471756141442195,0.10461124357775502,0.07676517456712058,0.10442043694721706
0.1,2,240,0.005471742400378421,0.10461111222406941,0.07676878795905291,0.10441692315386465
0.1,2,241,0.005471725393900022,0.10461094965537807,0.07676440264704557,0.10441836938829853
0.1,2,242,0.005471712771311599,0.10461082899309802,0.07676177536748477,0.10441793758480801
0.1,2,243,0.005471692843625827,0.10461063849939764,0.0767584638889367,0.10441693345616915
0.1,2,244,0.005471672725357292,0.10461044618351736,0.0767580120257125,0.10441389756158218
0.1,2,245,0.005471661228808849,0.10461033628479405,0.07675783905633092,0.1044115889602593
0.1,2,246,0.005471645481231741,0.10461018574911088,0.07675414124138309,0.10441218060149289
0.1,2,247,0.005471631130437524,0.10461004856549416,0.07674783819502487,0.10441147624653024
0.1,2,248,0.005471612860297694,0.10460987391539762,0.07674529065920326,0.10440842204672227
0.1,2,249,0.00547159838038827,0.10460973549711584,0.07674417475680317,0.10440904967245034
0.1,2,250,0.005471589896512679,0.10460965439683546,0.07674017667227886,0.10440697015501603
0.1,2,251,0.005471579303610657,0.10460955313555886,0.07673702316961178,0.10440673544609212
0.1,2,252,0.005471568738860419,0.10460945214329744,0.07673590961952251,0.10440746439504112
0.1,2,253,0.005471561600770747,0.1046093839076662,0.07673791057738356,0.1044061429833254
0.1,2,254,0.005471548762767805,0.10460926118435027,0.0767377911644652,0.10440649938266512
0.1,2,255,0.005471536176544358,0.10460914086774978,0.07673652227951927,0.10440610634039814
0.1,2,256,0.005471534401606192,0.10460912390041503,0.07673881923474461,0.10440207539917389
0.1,2,257,0.0054715311839931315,0.10460909314197434,0.07673885281450228,0.1044011312962948
0.1,2,258,0.005471515846043797,0.1046089465203029,0.07673645423747955,0.10440265665488015
0.1,2,259,0.005471503272587792,0.10460882632538988,0.07673338525850379,0.10440339298022132
0.1,2,260,0.005471491990979503,0.10460871847967074,0.07673452331811013,0.10440433936500575
0.1,2,261,0.00547148258052512,0.10460862852102708,0.07673275902142206,0.10440396323669636
0.1,2,262,0.005471477928622411,0.1046085840514287,0.07673448719653302,0.10440376082460089
0.1,2,263,0.0054714710626612775,0.10460851841663066,0.07673482736333201,0.10440678149365601
0.1,2,264,0.005471461067064946,0.10460842286417424,0.07673485241882715,0.10440785848960546
0.1,2,265,0.0054714556968272,0.10460837152759046,0.07673495127256148,0.10441050632263892
0.1,2,266,0.005471449236783537,0.10460830977301504,0.07673254576742025,0.1044098987727431
0.1,2,267,0.005471445798756352,0.10460827690729212,0.0767303135452392,0.10440850379142146
0.1,2,268,0.005471448643511819,0.10460830410165169,0.0767312423027482,0.10440748839678834
0.1,2,269,0.005471440544080671,0.10460822667534969,0.07672967511700461,0.10440829350567006
0.1,2,270,0.00547143659553283,0.10460818892928823,0.07673084747996486,0.1044079954739563
0.1,2,271,0.0054714328189680765,0.1046081528272828,0.07673013544927722,0.10440538792652408
0.1,2,272,0.005471421694272915,0.10460804648087943,0.07672578656942712,0.10440470004728239
0.1,2,273,0.005471411037012791,0.10460794460281486,0.07672568968434106,0.10440739112561295
0.1,2,274,0.005471411378146784,0.10460794786388636,0.07672848967271208,0.10440755236939843
0.1,2,275,0.005471413550853752,0.10460796863388326,0.07673105905166748,0.10440838714684388
0.1,2,276,0.005471412279985869,0.10460795648501953,0.07673183970955837,0.10440855922057915
0.1,2,277,0.005471399807811561,0.10460783725717267,0.07672572667268364,0.1044058899312909
0.1,2,278,0.005471396853336366,0.10460780901382426,0.07672676691325682,0.10440158059440226
0.1,2,279,0.005471386420484515,0.10460770928076492,0.07672407884724472,0.10440150829199144
0.1,2,280,0.005471380381696903,0.10460765155280853,0.07672228903476909,0.10439999712232924
0.1,2,281,0.00547138106243132,0.10460765806030951,0.07672167087000235,0.10439705697541997
0.1,2,282,0.005471374363271495,0.1046075940194735,0.0767183610241842,0.10439673478334276
0.1,2,283,0.005471364039886373,0.10460749533266125,0.07671488108831834,0.1043989809745115
0.1,2,284,0.0054713591917197385,0.1046074489863866,0.07671118059902886,0.10439830743357009
0.1,2,285,0.005471353471208961,0.10460739430087111,0.07670740455800772,0.10440009525730881
0.1,2,286,0.005471352492099501,0.10460738494102127,0.07670312156484682,0.10439954080921901
0.1,2,287,0.0054713490792869645,0.10460735231604865,0.07670396729789665,0.10439969738738397
0.1,2,288,0.005471346187013841,0.10460732466719375,0.07670619549472683,0.1044004378237624
0.1,2,289,0.005471342742660541,0.10460729174068642,0.07670461417082353,0.10440030752541375
0.1,2,290,0.005471339699973908,0.1046072626539277,0.07670222476106246,0.10439909164753677
0.1,2,291,0.005471338868464674,0.10460725470506024,0.07669758572576321,0.10439974136338427
0.1,2,292,0.005471337921476079,0.10460724565225947,0.07669419777368083,0.1043988798714853
0.1,2,293,0.005471346002288196,0.10460732290129784,0.0766874663159259,0.10440101388926998
0.1,2,294,0.005471344727110722,0.1046073107111613,0.07668903245028552,0.1044012363777795
0.1,2,295,0.005471348525715724,0.1046073470241524,0.07668617216351356,0.10440411014826331
0.1,2,296,0.005471333674263468,0.10460720505073699,0.0766900435269123,0.10440205598910517
0.1,2,297,0.005471334594293443,0.10460721384582847,0.07669261511747388,0.10440368530639327
0.1,2,298,0.005471332810379762,0.10460719679237908,0.07669425134354022,0.10440601336213053
0.1,2,299,0.0054713231984764845,0.10460710490665999,0.07669498639718335,0.1044021581738309
0.1,2,300,0.005471319094769515,0.10460706567693709,0.07669776252297016,0.10439921130148075
0.1,3,1,0.038126810278978115,0.2761405811501747,0.2361171816124821,0.27414976217277687
0.1,3,2,0.026806032824629705,0.23154279442310316,0.19793685436242908,0.22911154763097977
0.1,3,3,0.020814000165884455,0.20402941045782813,0.17357383386968397,0.2013572301441659
0.1,3,4,0.017285459270076728,0.18593256449625348,0.1570863474825091,0.18329725790599324
0.1,3,5,0.015022148572987098,0.17333290843337915,0.14542047193175572,0.17085691434265798
0.1,3,6,0.013444673266587093,0.16397971378549905,0.13654734930943407,0.16169604169376756
0.1,3,7,0.012286110056907574,0.1567552873552122,0.129626362619166,0.15466295470561267
0.1,3,8,0.011397159966727162,0.1509778789540187,0.12400119674616814,0.14906390574143308
0.1,3,9,0.010687744000468053,0.14620358409059644,0.11930616137005733,0.14445507299378954
0.1,3,10,0.010113037725574333,0.14221840756789772,0.11534688059829504,0.1406187766990356
0.1,3,11,0.009635580595475327,0.13882060794763382,0.11194665557561047,0.1373565275719745
0.1,3,12,0.009230764037313502,0.1358732058745469,0.10903946288446983,0.1345347563258646
0.1,3,13,0.00888395450304752,0.13329632030215627,0.10650622874465995,0.13207192691555783
0.1,3,14,0.008584790542000726,0.13103274813572924,0.10425417145761541,0.12991120193652575
0.1,3,15,0.008324017872898359,0.12902726745070872,0.10224238976799126,0.12799970569194893
0.1,3,16,0.008095455255150322,0.1272435087157716,0.10042952401849804,0.12630488909335782
0.1,3,17,0.007891971192006953,0.12563416089588814,0.09879843489706194,0.1247736963112201
0.1,3,18,0.007710539150162529,0.1241816343117011,0.09732675763693242,0.12339281225331646
0.1,3,19,0.007549368403727399,0.12287691730937425,0.09598714163006968,0.12215410550547455
0.1,3,20,0.007403450497385308,0.12168361021423804,0.09472924794654923,0.12102349990672344
0.1,3,21,0.007271926394811959,0.12059789711941049,0.09360099477042093,0.1199936848144624
0.1,3,22,0.007151816004370684,0.11959779265831526,0.09255767301552756,0.11904603411600115
0.1,3,23,0.007042838460634351,0.11868309450494077,0.09159138556330465,0.11818352435335332
0.1,3,24,0.006942650388998209,0.11783590614917178,0.09071589660678903,0.1173835407948568
0.1,3,25,0.006851193285485717,0.11705719358916578,0.08991469749180772,0.11664529066336128
0.1,3,26,0.006767464595883303,0.11633971459379899,0.08915218620842863,0.11597077922430855
0.1,3,27,0.006689725446378446,0.11566957634899892,0.0884395765710765,0.11534014269450456
0.1,3,28,0.006617505193059506,0.11504351518498994,0.08778541549208078,0.11475100013646995
0.1,3,29,0.006550843204068909,0.11446259829366892,0.0871891290302176,0.11420288205275186
0.1,3,30,0.006488854922999034,0.11391975178167335,0.08662613999245777,0.11369108125581426
0.1,3,31,0.006431102257937854,0.11341165952350626,0.08609521080652748,0.11321205533694047
0.1,3,32,0.00637708426424537,0.11293435495229404,0.08560095086530438,0.11276337816710456
0.1,3,33,0.006327251971711383,0.11249223948087604,0.08513964367930282,0.1123517250538421
0.1,3,34,0.0062804134464556505,0.11207509488245504,0.08472013263967039,0.11196070218010179
0.1,3,35,0.006236416631131852,0.11168183944699203,0.08431421945899152,0.11158955193679385
0.1,3,36,0.00619584770826067,0.11131799233062614,0.08393248611524355,0.11125104815524235
0.1,3,37,0.0061576661449417695,0.11097446683757277,0.08357972715188207,0.11092898568933678
0.1,3,38,0.0061217979224527114,0.11065078330000842,0.08325236908617403,0.11062265469923614
0.1,3,39,0.006088132997175471,0.11034611907244832,0.08292559963314602,0.11033830089183505
0.1,3,40,0.006056439345791132,0.1100585239387766,0.08261746970395727,0.11007110832183319
0.1,3,41,0.006026866024906765,0.10978948970558852,0.08233167832814156,0.10982472260026768
0.1,3,42,0.0059986914134625155,0.10953256514354547,0.08206178307307226,0.10958587675799929
0.1,3,43,0.005971952928474393,0.10928817802923052,0.08180842169848465,0.10935782333640581
0.1,3,44,0.005946566144627724,0.10905563850280942,0.08156476633563778,0.10914292343694655
0.1,3,45,0.005923126736831146,0.10884049555961371,0.08133234386743923,0.10894272528721093
0.1,3,46,0.0059005647118596325,0.10863300338165775,0.08111376104799742,0.10875101265770794
0.1,3,47,0.005879397628707734,0.10843797885157888,0.08090192213283677,0.10857013845895333
0.1,3,48,0.005859230441215156,0.10825184008796485,0.08069550657885717,0.10839970430786969
0.1,3,49,0.005840356224043711,0.10807734474943129,0.08050616276722558,0.10823842006424605
0.1,3,50,0.005822166565513652,0.10790891126791755,0.08032742226688039,0.10808100350534301
0.1,3,51,0.005805360832769598,0.10775305872938919,0.08016340222542266,0.10793776222966733
0.1,3,52,0.005789271674764237,0.1076036400384693,0.08000140029748162,0.10780243978621706
0.1,3,53,0.005773895122747514,0.1074606451008695,0.0798516539159373,0.10766987014978038
0.1,3,54,0.005759428732860113,0.10732594032068961,0.07970453345056389,0.10754562125629646
0.1,3,55,0.005745575242354544,0.10719678392894577,0.07956119644949204,0.10742886364573144
0.1,3,56,0.005732554760288657,0.10707525167179069,0.07942856808952409,0.1073195100544418
0.1,3,57,0.005720237239886724,0.10696015370114914,0.07930764778748568,0.10721435183251826
0.1,3,58,0.0057084897588830785,0.10685026681186227,0.07919431446358596,0.10711391831866199
0.1,3,59,0.005697435414647589,0.10674676027540685,0.0790863118465886,0.10701908668332165
0.1,3,60,0.005686800702931938,0.10664708812651134,0.07898111221258859,0.10692777189701849
0.1,3,61,0.005676606803093282,0.10655145989702142,0.0788785469407428,0.10684263854631146
0.1,3,62,0.005666866420281584,0.1064600058264284,0.07878123116044142,0.106758294786954
0.1,3,63,0.005657753588768495,0.10637437274803076,0.07868994332454554,0.106678935287857
0.1,3,64,0.005648977015468724,0.10629183426273839,0.07859787853446663,0.10660685588888329
0.1,3,65,0.005640611024780349,0.10621309735414318,0.07851369694887674,0.10653575040691125
0.1,3,66,0.00563258987609464,0.1061375510938013,0.07842921089947566,0.1064664945330338
0.1,3,67,0.00562493982067857,0.10606544980038099,0.07834739038991767,0.10640022351854343
0.1,3,68,0.005617656595002226,0.10599676028070128,0.0782663910325405,0.10633920994853435
0.1,3,69,0.0056107603101637395,0.10593167902156314,0.0781887649487292,0.10628246958193431
0.1,3,70,0.005604190602495628,0.10586964250903683,0.07811753561349567,0.10622714111083785
0.1,3,71,0.005597877027572358,0.10580999033713553,0.07805264793279222,0.10617385028465288
0.1,3,72,0.00559193376220214,0.10575380619346181,0.077987071534782,0.10612206652178907
0.1,3,73,0.0055861733773950265,0.105699322395132,0.07792209929323413,0.10607676688973783
0.1,3,74,0.005580662013906201,0.10564716762797005,0.07786540062987492,0.10602844910273768
0.1,3,75,0.0055753138899812486,0.1055965329921513,0.07780808764743212,0.10598180473222368
0.1,3,76,0.005570247967746114,0.1055485477659083,0.07775261781417107,0.10593838877112713
0.1,3,77,0.0055655031282124704,0.10550358409279251,0.07769777818492365,0.10589937409149779
0.1,3,78,0.005560947783347715,0.10546039809660984,0.0776439763349665,0.10586340516326437
0.1,3,79,0.005556479316692436,0.10541801854230078,0.07759315614960337,0.10582626567791995
0.1,3,80,0.005552285973504395,0.10537823279505493,0.07754582303591985,0.10579054452538172
0.1,3,81,0.005548259085291513,0.10534001220136167,0.07749962710386996,0.10575437410804564
0.1,3,82,0.005544382343750327,0.10530320359562027,0.07745304518134624,0.10571985380238559
0.1,3,83,0.005540682284570095,0.1052680605366138,0.077404367220704,0.1056913204929991
0.1,3,84,0.005537245660978561,0.10523540906917747,0.07736379036415836,0.10566296866111027
0.1,3,85,0.005533856037444251,0.1052031942237901,0.07732162356350725,0.10563456307749265
0.1,3,86,0.0055305805975280455,0.10517205520030543,0.07728393430793062,0.10560646811217013
0.1,3,87,0.005527527615889874,0.1051430227441638,0.07724674200511387,0.10558190656336351
0.1,3,88,0.0055245971785382935,0.10511514808569024,0.07721256836670731,0.10555780687957586
0.1,3,89,0.005521707832012953,0.10508765704889374,0.07717581674725965,0.1055328927507331
0.1,3,90,0.005519084321033621,0.10506268910544429,0.07714133895188496,0.10551034285965
0.1,3,91,0.005516611334110744,0.10503914826492781,0.07711160321106936,0.10548539247809638
0.1,3,92,0.0055141301131578346,0.10501552373966275,0.07707847589099384,0.10546677600249356
0.1,3,93,0.005511745056386446,0.1049928098146387,0.07704493131432506,0.10544879407272319
0.1,3,94,0.005509505909738476,0.10497148098163116,0.07701435274348514,0.1054326927003238
0.1,3,95,0.005507374096870341,0.10495117052106033,0.07698463754489455,0.10541579498197995
0.1,3,96,0.005505327158989924,0.1049316649919358,0.076957510879176,0.10539977833276078
0.1,3,97,0.0055032460376948,0.10491183000686624,0.07693415717795613,0.10538010324749084
0.1,3,98,0.00550131066462001,0.1048933807694271,0.07690631861526603,0.10536424640957412
0.1,3,99,0.00549945369005043,0.1048756758266704,0.07687877858400315,0.10534905828533603
0.1,3,100,0.0054977508742227125,0.10485943805135246,0.07685770582753032,0.1053359127123206
0.1,3,101,0.005496046693897034,0.10484318474652546,0.07683629484419148,0.10532120241500031
0.1,3,102,0.005494374546707296,0.10482723450236867,0.07681633386242062,0.10530823040369211
0.1,3,103,0.005492801483090653,0.10481222717880441,0.07679610237569569,0.10529347746146653
0.1,3,104,0.005491279179324615,0.10479770206759893,0.07677652244656108,0.10527957127770936
0.1,3,105,0.005489794166315689,0.10478353082727923,0.07675854032623704,0.10526426843050841
0.1,3,106,0.005488434895955946,0.10477055784862412,0.07673771909037491,0.10525352104788253
0.1,3,107,0.005487046202293822,0.10475730239266208,0.07671917174484578,0.10524323972622943
0.1,3,108,0.005485740257949908,0.10474483527076557,0.07670212964050455,0.10523131655361458
0.1,3,109,0.00548449520993011,0.10473294811023043,0.07668327891229636,0.10522432530692045
0.1,3,110,0.005483299027393198,0.10472152622448927,0.0766673307715209,0.10521394713210377
0.1,3,111,0.005482202168194666,0.10471105164398518,0.07665418402551769,0.10520838874319038
0.1,3,112,0.005481078823869478,0.10470032305460646,0.07663961100262931,0.10519975290837771
0.1,3,113,0.005480014816174492,0.10469016015055561,0.07662050049780289,0.10518932992187419
0.1,3,114,0.005479016771640078,0.10468062639896723,0.07660483214502026,0.10518106743365845
0.1,3,115,0.005478067838972309,0.10467156097978389,0.07658894969321149,0.10517518099199998
0.1,3,116,0.0054771375640592975,0.10466267304114965,0.07657621789056283,0.1051678913159759
0.1,3,117,0.005476253202701733,0.10465422306530905,0.07656158310590211,0.1051599743024426
0.1,3,118,0.005475372867390238,0.10464581088022815,0.07654538902472036,0.10515297559104671
0.1,3,119,0.0054745514647361465,0.10463796122570572,0.07653331064022438,0.10514801671611508
0.1,3,120,0.005473828288587118,0.10463104977574408,0.07652022264456079,0.10514448736036631
0.1,3,121,0.005473108728780053,0.10462417243429027,0.07650935967288286,0.10513851649220173
0.1,3,122,0.005472365901324976,0.10461707223321609,0.07649881169526924,0.10513286173131645
0.1,3,123,0.005471691033732694,0.10461062119816222,0.07649020375243393,0.10512628097738412
0.1,3,124,0.005471005154997019,0.10460406450035313,0.07648282441705327,0.1051199481177089
0.1,3,125,0.005470369483838331,0.10459798739783027,0.07647279169380042,0.1051141820619995
0.1,3,126,0.005469733088464608,0.10459190301801194,0.07646164597322892,0.10510961432189705
0.1,3,127,0.005469139363183326,0.10458622627462305,0.076455313890131,0.10510257090963314
0.1,3,128,0.0054685899972488775,0.10458097338664311,0.07644538293215099,0.10509755737511656
0.1,3,129,0.005468013920570091,0.10457546481436351,0.07643675501424393,0.10509312395148171
0.1,3,130,0.0054675216957133,0.10457075782180504,0.07642629279922059,0.10508866155024368
0.1,3,131,0.00546703496707321,0.10456610317950277,0.07641807487141065,0.10508432404731476
0.1,3,132,0.005466529666854016,0.10456127071582495,0.07640809823466599,0.10508079770919539
0.1,3,133,0.0054661205211878105,0.10455735766733788,0.07640273302649832,0.10507668373206182
0.1,3,134,0.005465699075869517,0.10455332683247834,0.07639623775163931,0.1050726777321593
0.1,3,135,0.005465253492335266,0.10454906496315752,0.07639115386194277,0.10506801412001136
0.1,3,136,0.005464818950178379,0.10454490853387724,0.07638487549137447,0.10506579443348453
0.1,3,137,0.005464417775107177,0.10454107111663986,0.07637547023802792,0.10506318142604927
0.1,3,138,0.005464049685767234,0.10453755005515707,0.0763664641412727,0.10505890742906741
0.1,3,139,0.005463656511105173,0.1045337889020117,0.07636072473788143,0.10505509330123329
0.1,3,140,0.005463295131384976,0.10453033178350651,0.07635352109476305,0.10505342528575976
0.1,3,141,0.00546293941570301,0.10452692873803392,0.07634720149621362,0.10505244121142306
0.1,3,142,0.0054626039707137775,0.10452371951584748,0.0763401174469353,0.10505171003796229
0.1,3,143,0.005462279774422987,0.10452061781699329,0.07633232691301324,0.10505156986751094
0.1,3,144,0.005461965283825884,0.104517608887937,0.07632628960661081,0.105050634039163
0.1,3,145,0.005461667533091314,0.10451476003982704,0.0763196789198471,0.10504985855803063
0.1,3,146,0.005461378450959513,0.10451199405771103,0.07631752413999204,0.10504866757176844
0.1,3,147,0.005461102820763318,0.10450935671760035,0.07631278228080186,0.1050448735299867
0.1,3,148,0.005460839939913638,0.10450684130633399,0.07630922124650595,0.105042481371465
0.1,3,149,0.005460602685723394,0.10450457105527389,0.07630450663665693,0.10504210822625258
0.1,3,150,0.005460360586846838,0.10450225439526975,0.0762967287968205,0.10504239005305196
0.1,3,151,0.005460149766199013,0.104500236996851,0.0762895374282024,0.1050425964072794
0.1,3,152,0.0054599254924469895,0.10449809081937325,0.07628241079747188,0.10504176519650169
0.1,3,153,0.005459725122543732,0.10449617335140778,0.07627630329642161,0.10504208600602624
0.1,3,154,0.005459504226414813,0.1044940594140625,0.0762730023786798,0.105039754541538
0.1,3,155,0.005459311541590869,0.1044922154190528,0.07627040267795704,0.10503724479490636
0.1,3,156,0.005459126353602288,0.1044904431381386,0.07626713679713654,0.10503692116050417
0.1,3,157,0.005458959421921746,0.10448884554747216,0.0762659635119724,0.10503324052422504
0.1,3,158,0.005458799862181912,0.10448731848585179,0.07626075043017021,0.10503016634491892
0.1,3,159,0.0054586437751282975,0.10448582463787418,0.07625590110617432,0.10503129551767786
0.1,3,160,0.005458473049350116,0.10448419066394797,0.07625090906605879,0.10502965057330718
0.1,3,161,0.005458316782625831,0.10448269505162883,0.07624551844003574,0.10502805973887572
0.1,3,162,0.0054581628304767775,0.10448122157092898,0.0762424819457812,0.10502749922941487
0.1,3,163,0.005458022882936959,0.10447988211073898,0.0762375357993059,0.10502841796820778
0.1,3,164,0.00545786986313407,0.10447841751418395,0.07623474637138837,0.10502650540433557
0.1,3,165,0.005457723778780964,0.10447701927965751,0.07623309903698454,0.10502641807077731
0.1,3,166,0.005457605344006399,0.104475885677092,0.07623085420998806,0.10502670709059517
0.1,3,167,0.005457452659715001,0.10447442423593442,0.07622952645436945,0.10502461836737667
0.1,3,168,0.005457329864938489,0.10447324887202933,0.0762273588812153,0.10502494269850855
0.1,3,169,0.005457231061612838,0.1044723031392803,0.07622436965851444,0.10502561246279135
0.1,3,170,0.005457134627715663,0.10447138007814066,0.07622093626485608,0.10502839009324581
0.1,3,171,0.0054570307410275794,0.10447038567007953,0.07621874108235781,0.10502600946094268
0.1,3,172,0.005456923039182008,0.10446935473316572,0.07621802986417343,0.1050243362972994
0.1,3,173,0.0054568143653700414,0.10446831448214373,0.07621742495188487,0.1050229371005001
0.1,3,174,0.00545672542099988,0.1044674630782224,0.0762123756481336,0.10502308343104076
0.1,3,175,0.005456619341337412,0.1044664476407369,0.07621017149913907,0.10502257182485791
0.1,3,176,0.0054565315395606545,0.10446560715910912,0.07620866006859642,0.10501958392706379
0.1,3,177,0.005456438386157312,0.1044647154416965,0.07620685634628827,0.1050177657088274
0.1,3,178,0.005456362132502164,0.1044639854926296,0.07620269994600028,0.10501780203134438
0.1,3,179,0.005456277037817029,0.10446317090551127,0.07620180172481694,0.10501629796892216
0.1,3,180,0.005456196227758611,0.1044623973280205,0.07619885508048797,0.10501255843915705
0.1,3,181,0.005456122307901195,0.1044616897039407,0.07619745472793744,0.10501307077232232
0.1,3,182,0.0054560370119147,0.10446087317186947,0.07619795674267323,0.10501420867075252
0.1,3,183,0.005455969794634007,0.10446022970139408,0.07619690352133711,0.10501358353081869
0.1,3,184,0.0054558943637939535,0.10445950759786257,0.07619658948152447,0.10501414483608693
0.1,3,185,0.005455833619711315,0.10445892608782952,0.07619637365155188,0.105016343826321
0.1,3,186,0.0054557735084785775,0.10445835063295397,0.0761937666588737,0.10501582746665845
0.1,3,187,0.005455715584555148,0.1044577961145567,0.07619245873423776,0.10501705138221307
0.1,3,188,0.005455672155533344,0.10445738035709438,0.07619067998519109,0.10501750539753962
0.1,3,189,0.005455623396634922,0.10445691357334776,0.07618856955876105,0.10501800373016647
0.1,3,190,0.0054555703398989335,0.10445640564272671,0.07618678673960776,0.10501721053863987
0.1,3,191,0.005455508827561298,0.10445581676059307,0.07618577382468679,0.10501708171905459
0.1,3,192,0.005455463066386963,0.10445537866847224,0.07618375122401325,0.10501633252696953
0.1,3,193,0.00545541431727071,0.10445491196943024,0.07618374525069047,0.10501629651977108
0.1,3,194,0.005455351449964779,0.10445431010700112,0.07618540429377199,0.10501505164972663
0.1,3,195,0.0054553148315613555,0.10445395953779212,0.07618358606419075,0.10501652703234247
0.1,3,196,0.005455288574095029,0.10445370815911735,0.07618036908531416,0.10501849869099937
0.1,3,197,0.0054552477851063175,0.10445331766015206,0.07618230900944513,0.10501581245240846
0.1,3,198,0.005455203708410652,0.1044528956842332,0.0761807619295887,0.10501228826673227
0.1,3,199,0.005455166173651011,0.10445253633733373,0.07617921682201949,0.10501105566854958
0.1,3,200,0.005455118485541594,0.104452079783426,0.07617813329590313,0.10501205748382361
0.1,3,201,0.005455084278528443,0.10445175229289783,0.0761779334026087,0.10501060287657304
0.1,3,202,0.005455052477931785,0.1044514478399585,0.07617582226041263,0.10500960805367732
0.1,3,203,0.00545501006428835,0.10445104177832168,0.076172823633434,0.105009808109751
0.1,3,204,0.005454985772039156,0.10445080920738868,0.07616893991602804,0.10501267946281628
0.1,3,205,0.005454962119562138,0.10445058276105632,0.07616806551618178,0.10501167956703394
0.1,3,206,0.005454931777227473,0.10445029226601019,0.07616686070835538,0.10501038760689438
0.1,3,207,0.005454900660647519,0.10444999435756346,0.07616580439377474,0.10501117844573926
0.1,3,208,0.005454874402063752,0.10444974295864737,0.07616512703559193,0.10500940696441995
0.1,3,209,0.005454847338801323,0.104449483855128,0.07616387044185803,0.10501145329096635
0.1,3,210,0.00545481194672488,0.10444914501062112,0.07616212344114759,0.10501084447219303
0.1,3,211,0.005454785101995132,0.10444888799786364,0.07616273042501365,0.10500940046520908
0.1,3,212,0.0054547525179281,0.1044485760355602,0.07616181536682959,0.10501029445694303
0.1,3,213,0.005454739708386427,0.10444845339579162,0.07616152196189416,0.1050125017798001
0.1,3,214,0.005454707927972524,0.10444814912646871,0.07616201952912484,0.1050113465858291
0.1,3,215,0.005454675054629056,0.10444783439238035,0.07616200383892655,0.10501044370576985
0.1,3,216,0.0054546564927072366,0.10444765667746918,0.07616176742421409,0.10500938538366629
0.1,3,217,0.0054546401737951234,0.10444750043725434,0.07616105116703636,0.10501071409967044
0.1,3,218,0.005454621760074172,0.10444732414068032,0.07616106152738944,0.10501291044334081
0.1,3,219,0.005454599969995877,0.10444711551781483,0.07616259123241481,0.10501082506728901
0.1,3,220,0.00545457346726049,0.10444686177440173,0.07615919091846365,0.10500905169917615
0.1,3,221,0.00545456065821566,0.10444673913737719,0.07615690688386974,0.10500844324737307
0.1,3,222,0.005454545658649263,0.10444659552756387,0.07615635973752463,0.10500772425603035
0.1,3,223,0.005454530132247425,0.10444644687348081,0.07615550991508103,0.10500521275352544
0.1,3,224,0.005454510700402504,0.104446260827303,0.07615343329558366,0.1050060966657208
0.1,3,225,0.005454496138811562,0.1044461214101468,0.07615199868412487,0.1050063175047733
0.1,3,226,0.005454486653544652,0.10444603059518014,0.07615278146127635,0.10500533842006976
0.1,3,227,0.005454471709952214,0.10444588752030608,0.07615218790737961,0.10500625342087314
0.1,3,228,0.005454461987689797,0.10444579443605949,0.07615254686894173,0.10500700283016715
0.1,3,229,0.005454447513827112,0.10444565585822238,0.07615346644408476,0.10500650716771717
0.1,3,230,0.005454437575842161,0.1044455607083629,0.07615248185919408,0.10500904453832761
0.1,3,231,0.005454425447392299,0.1044454445860833,0.07615437628088055,0.10500935325988847
0.1,3,232,0.00545441185103386,0.10444531440934877,0.07615468971620025,0.10501007467015938
0.1,3,233,0.005454400482750504,0.1044452055649325,0.07615277160844296,0.1050104157436151
0.1,3,234,0.00545439006641808,0.1044451058347693,0.07615064408259868,0.10501115737829772
0.1,3,235,0.005454387106598605,0.1044450774962478,0.07614963464335751,0.10501251017276678
0.1,3,236,0.005454371632919874,0.10444492934479753,0.0761512302387785,0.10501227417859446
0.1,3,237,0.005454366476073642,0.10444487997095542,0.07615016633515417,0.10501322820241892
0.1,3,238,0.005454357986477525,0.10444479868789565,0.07615265705927775,0.10501225614673824
0.1,3,239,0.005454350349692147,0.10444472556996018,0.0761543657457572,0.10501096937772993
0.1,3,240,0.005454337998275153,0.10444460731196371,0.07615151748437275,0.10501099330396262
0.1,3,241,0.0054543298563190954,0.10444452935715777,0.07615088595843346,0.105010561449482
0.1,3,242,0.005454320693330729,0.10444444162645257,0.07614943482383592,0.10500931403050869
0.1,3,243,0.005454311366964801,0.10444435233141906,0.07614969113637438,0.10500732395964307
0.1,3,244,0.00545430245972719,0.1044442670492468,0.07614956934854208,0.10500750110304215
0.1,3,245,0.005454294245898383,0.10444418840604185,0.07614827187482982,0.1050071879568539
0.1,3,246,0.005454281769678085,0.10444406895250764,0.07614526226740471,0.10500854848150555
0.1,3,247,0.005454274502336089,0.1044439993713003,0.07614438288018176,0.10500977421478372
0.1,3,248,0.005454262843459207,0.10444388774322035,0.07614350954676473,0.10500897986406316
0.1,3,249,0.005454256754007019,0.10444382943962768,0.0761411794262764,0.10500978803920408
0.1,3,250,0.005454250667894492,0.10444377116797815,0.07614212596056737,0.105009565061374
0.1,3,251,0.0054542446520439375,0.10444371356902184,0.07614120122494068,0.10501022920987814
0.1,3,252,0.005454239441219445,0.10444366367778798,0.07614079714864909,0.1050085055775537
0.1,3,253,0.005454234637046762,0.10444361768003597,0.0761386021568983,0.10500976665367191
0.1,3,254,0.0054542305443136966,0.10444357849397633,0.07613765671846377,0.10501097167018492
0.1,3,255,0.00545423113071411,0.10444358410849476,0.07613665116688949,0.10501168705210773
0.1,3,256,0.005454227251854233,0.10444354697016214,0.07613981245989494,0.10501169901615343
0.1,3,257,0.00545421490596121,0.1044434287637208,0.0761389678710951,0.1050114783522738
0.1,3,258,0.005454210019805992,0.10444338198091818,0.07613766941798451,0.10501225861959218
0.1,3,259,0.005454200143322114,0.10444328741783374,0.07613709913782792,0.10501127397804207
0.1,3,260,0.00545419661548344,0.1044432536402753,0.07613642524015192,0.10501278532747993
0.1,3,261,0.0054541937563412635,0.10444322626519408,0.0761352142315274,0.10501287999697365
0.1,3,262,0.0054541922130714295,0.10444321148903292,0.07613350716146323,0.10501292720059026
0.1,3,263,0.005454185620183243,0.10444314836487115,0.07613393398142053,0.10501330882211724
0.1,3,264,0.005454186128153344,0.1044431532284749,0.07613464602321748,0.10501410820518987
0.1,3,265,0.005454179080753536,0.10444308575251438,0.07613415025852992,0.10501251250793947
0.1,3,266,0.005454172847424779,0.1044430260709137,0.07613523191623568,0.10501086620052436
0.1,3,267,0.005454168932298521,0.1044429885851465,0.0761356712130799,0.10500990605633824
0.1,3,268,0.005454162993238356,0.10444293172099639,0.07613577674415413,0.10501111157196369
0.1,3,269,0.0054541623509754295,0.10444292557158125,0.07613553929017045,0.10500784708088638
0.1,3,270,0.005454159289369875,0.10444289625790618,0.07613447785172203,0.10500680685192834
0.1,3,271,0.005454155937149567,0.10444286416169911,0.07613395413682805,0.105009111159592
0.1,3,272,0.005454154788943155,0.10444285316806655,0.07613413663380923,0.10500800622947407
0.1,3,273,0.0054541492726683785,0.10444280035185172,0.0761336637360821,0.10500919160518947
0.1,3,274,0.005454148117292112,0.1044427892895638,0.07613497421714403,0.10500721762360697
0.1,3,275,0.005454142817566985,0.10444273854669826,0.07613371501032598,0.10500904103405564
0.1,3,276,0.005454142189932925,0.10444273253733766,0.07613017949175536,0.10501024155865045
0.1,3,277,0.00545414133127645,0.10444272431602357,0.07613032307690092,0.10500968963535787
0.1,3,278,0.005454141683239663,0.10444272768593955,0.07613191462580263,0.10500745559919682
0.1,3,279,0.005454142311356537,0.10444273369992321,0.07613112733864569,0.10500810576819952
0.1,3,280,0.0054541406243822175,0.10444271754777561,0.07613235231491326,0.10500860998947414
0.1,3,281,0.005454134496782444,0.10444265887828062,0.07613179892333949,0.10501004673239263
0.1,3,282,0.0054541321085066485,0.1044426360114168,0.07613120253123586,0.10501061218897109
0.1,3,283,0.005454129468994478,0.10444261073905112,0.07613092852340379,0.1050107101520862
0.1,3,284,0.005454124104646889,0.10444255937736195,0.07613041428946064,0.10501100906795162
0.1,3,285,0.005454123168406171,0.1044425504131929,0.07612965569647588,0.10501254600249682
0.1,3,286,0.005454120312978941,0.10444252307349666,0.0761291014501055,0.10501082216152048
0.1,3,287,0.005454118931685759,0.10444250984810503,0.07612908094979703,0.10501145188543862
0.1,3,288,0.00545411590228183,0.10444248084263251,0.07612966040663822,0.10501131035408263
0.1,3,289,0.005454113318327723,0.10444245610217832,0.07612925004634702,0.10501209081481974
0.1,3,290,0.005454112526650394,0.10444244852214442,0.07612829216026765,0.10501232727672537
0.1,3,291,0.005454113510394154,0.10444245794114723,0.07612708347750868,0.10501295112766974
0.1,3,292,0.005454112873036568,0.10444245183867112,0.0761281711529192,0.1050121539149208
0.1,3,293,0.005454112178630288,0.1044424451899733,0.07612814915277566,0.10501232599391497
0.1,3,294,0.005454114022444805,0.10444246284385297,0.076124955691782,0.10501472233712007
0.1,3,295,0.005454111903299851,0.10444244255378032,0.07612576853741061,0.105014165015913
0.1,3,296,0.005454111551982455,0.1044424391900386,0.07612616230492297,0.1050145088429749
0.1,3,297,0.0054541092185721365,0.10444241684844464,0.07612893811715297,0.10501368028070934
0.1,3,298,0.005454107797518126,0.10444240324234334,0.07612941862830658,0.10501239161155865
0.1,3,299,0.005454106398196937,0.10444238984432458,0.07612866279011499,0.10501246656270624
0.1,3,300,0.005454104997905377,0.10444237643701312,0.07613046822596208,0.10501150728458912
0.1,4,1,0.05232279678526944,0.32348971169194685,0.26907268143743485,0.32288604966164075
0.1,4,2,0.031376070525825694,0.2505037745257572,0.21314526358492583,0.2506588100799626
0.1,4,3,0.021284071344111682,0.20632048538190134,0.17785867148935505,0.2069157856111245
0.1,4,4,0.01642520470175198,0.18124681901623532,0.15635568138114062,0.18207958498738272
0.1,4,5,0.013735787922501465,0.16574551530887022,0.14227910638590224,0.1666407916539477
0.1,4,6,0.012052633970608816,0.15525871293173094,0.13254166208944346,0.15609510333642837
0.1,4,7,0.010906839334512542,0.1476945451566343,0.1252437754425088,0.14840631857645423
0.1,4,8,0.010086136061931292,0.1420291242100105,0.11958175068522721,0.14258494297075625
0.1,4,9,0.009466512611885324,0.13759733000233199,0.11498284855285788,0.13798484050145876
0.1,4,10,0.008982250058288661,0.13403171310021117,0.11120885180118355,0.13424845596784218
0.1,4,11,0.008595922593060867,0.13111767686365455,0.10811107466303764,0.13117093176269076
0.1,4,12,0.008275621419567433,0.12865163364347484,0.10548202405947689,0.1285483074458717
0.1,4,13,0.00801072215197094,0.12657584407754063,0.10324573274083683,0.12633232170073433
0.1,4,14,0.007785109790213411,0.12478068592705693,0.10131897536750441,0.12440901906153001
0.1,4,15,0.007591066012602095,0.12321579454438539,0.09963360971348029,0.12273155169222966
0.1,4,16,0.007421781225380422,0.12183415962184352,0.09813046777879597,0.12124283158456343
0.1,4,17,0.007273372832762436,0.12060989041336896,0.09678498928315105,0.11992465286718951
0.1,4,18,0.007142286680472986,0.1195180880074057,0.0955966417519715,0.11875103326096004
0.1,4,19,0.0070256711454557644,0.11853835788853972,0.09452434782977702,0.11769917749991035
0.1,4,20,0.006920355392984668,0.11764655025103514,0.09352527069707166,0.11674175533315514
0.1,4,21,0.006825800019696538,0.11684006179129261,0.09262900347724289,0.1158777617144769
0.1,4,22,0.006740198633242998,0.1161051130075071,0.09180755824741266,0.11509241892820343
0.1,4,23,0.006661780767333958,0.11542773295299495,0.0910577927011982,0.1143659602521093
0.1,4,24,0.006590401223295858,0.11480767590449567,0.09036116210768054,0.11370853166965447
0.1,4,25,0.006525175190232043,0.11423813015129443,0.08972008810221445,0.11310837919573369
0.1,4,26,0.006464435401030883,0.11370519250263712,0.08912387130551337,0.11254436634149498
0.1,4,27,0.006408735339883444,0.11321426888765783,0.08857011874693317,0.11202907166735873
0.1,4,28,0.006356885853473068,0.11275536220928092,0.08804209234025469,0.11154654142559904
0.1,4,29,0.006308742793387199,0.11232758159407866,0.08754745333075649,0.11109935730728492
0.1,4,30,0.006264109465213847,0.11192952662469226,0.08708492520793103,0.11068472710091679
0.1,4,31,0.00622282096361794,0.11156003732177522,0.0866591510951623,0.11029785291485855
0.1,4,32,0.006184014277286887,0.1112116385751679,0.08624978293373062,0.10993545872613149
0.1,4,33,0.0061481562684032945,0.11088873944998467,0.08585841157299544,0.10960407160299723
0.1,4,34,0.0061141179426135745,0.11058135414809836,0.08548746557122591,0.10928604616568989
0.1,4,35,0.0060824613111615826,0.11029470804314759,0.08513214405611748,0.10899070578637689
0.1,4,36,0.0060527924722287236,0.11002538318250679,0.08480753998094977,0.10871505258385139
0.1,4,37,0.006024821741783979,0.10977086810063934,0.08450093372095331,0.10845512332704443
0.1,4,38,0.005998710696878177,0.10953274119529902,0.08421204861548029,0.10821392800449978
0.1,4,39,0.005974149535670405,0.10930827540191461,0.08393696059091338,0.10798637117070715
0.1,4,40,0.005950833632307687,0.10909476277354185,0.08367230846767644,0.1077696713030722
0.1,4,41,0.005929003884108245,0.10889447997128454,0.08342421250599076,0.10756748996053286
0.1,4,42,0.005908100186251876,0.10870234759426198,0.08318623462658715,0.10737177048184902
0.1,4,43,0.0058886192168776785,0.10852298573922188,0.08295966381811039,0.10719138289121632
0.1,4,44,0.005869984564378844,0.10835113810550255,0.08274744851966027,0.10701929754106008
0.1,4,45,0.005852513152343906,0.1081897698707591,0.08254331050028284,0.10685920428193162
0.1,4,46,0.00583608818844863,0.1080378469652985,0.08234632472412103,0.1067066834833793
0.1,4,47,0.005820365770835905,0.10789222187753764,0.08215500670737994,0.1065630134093608
0.1,4,48,0.005805435676190866,0.1077537533099508,0.0819764956715831,0.10642464829088488
0.1,4,49,0.0057914417695116216,0.1076238056334343,0.0817994149716881,0.10629483629154188
0.1,4,50,0.005778168420434932,0.10750040391026382,0.08163116981848162,0.1061687756557774
0.1,4,51,0.005765433011824241,0.10738187008824386,0.08147305919062547,0.10604822079549184
0.1,4,52,0.005753362424828706,0.10726940313834794,0.08132087593198185,0.10593832050994512
0.1,4,53,0.0057420330600044655,0.10716373509732166,0.08118302815133804,0.10583497788852722
0.1,4,54,0.005731215020894052,0.10706273881135352,0.08105556872890023,0.10573318466860704
0.1,4,55,0.005720944190762458,0.1069667629758184,0.08091921346095744,0.10564057197288004
0.1,4,56,0.005710989473255973,0.10687365880567552,0.08079096562276823,0.10554890579605879
0.1,4,57,0.0057016637888603625,0.1067863641937524,0.08067158438054857,0.1054612976969529
0.1,4,58,0.005692609316036061,0.10670153997048085,0.08055457044359628,0.10537590100684438
0.1,4,59,0.00568433013042989,0.10662391974064628,0.08044608377745183,0.10530036531954329
0.1,4,60,0.005676356695909737,0.1065491125810979,0.08033862268337198,0.10522770983757553
0.1,4,61,0.005668730947501297,0.10647751826091081,0.08023595359024624,0.1051549541607774
0.1,4,62,0.005661308910233771,0.10640779022452981,0.08014274405130341,0.10508547563888043
0.1,4,63,0.0056543270133736275,0.10634215545467966,0.08004454606961801,0.1050223687495245
0.1,4,64,0.005647684450175728,0.10627967303464693,0.07995733436859728,0.10496039543033872
0.1,4,65,0.005641196651245184,0.10621861090454143,0.07986794990124169,0.10490070799498706
0.1,4,66,0.005635075498231457,0.10616096738661962,0.07978249317107021,0.10484275561200279
0.1,4,67,0.005629296441399318,0.10610651668393717,0.07969897381550985,0.10479090173347111
0.1,4,68,0.005623720652587668,0.10605395468899469,0.0796143536665304,0.10473770674667393
0.1,4,69,0.005618355196189709,0.10600335085448676,0.07953487843506567,0.10468872809080804
0.1,4,70,0.0056131986973236995,0.10595469500993053,0.0794550616791273,0.10464182909680392
0.1,4,71,0.0056082336125929996,0.10590782419248353,0.07938335169962571,0.10459330618582625
0.1,4,72,0.005603565189846537,0.10586373496005644,0.07930628499656567,0.10454895401194818
0.1,4,73,0.005599190863575359,0.10582240654582903,0.07924334421440969,0.10450961160571279
0.1,4,74,0.005594918184650044,0.10578202290228755,0.07917874888002054,0.10447192534685115
0.1,4,75,0.005590818859259291,0.10574326322995041,0.07911664177736888,0.10443499541220155
0.1,4,76,0.005586874584097461,0.10570595616234178,0.07905375706794832,0.10439802436167153
0.1,4,77,0.005583061973667463,0.10566988193111093,0.07899421918048849,0.1043640699847211
0.1,4,78,0.005579394281481804,0.10563516726433299,0.07893499318252668,0.10432641436320636
0.1,4,79,0.005575986159357331,0.10560289919654035,0.07888063067773428,0.10429623099732695
0.1,4,80,0.005572748199486063,0.10557223308698233,0.07882748638836883,0.10426638448854672
0.1,4,81,0.005569489196305287,0.10554135868279588,0.07877139122721666,0.1042394447075199
0.1,4,82,0.005566416031896832,0.10551223655952736,0.07871351345080531,0.10421123042689406
0.1,4,83,0.005563533665337719,0.10548491518068087,0.0786645693068162,0.10418412614238605
0.1,4,84,0.005560714420128098,0.10545818526912075,0.07860829875838653,0.10415873462216417
0.1,4,85,0.005558066546824477,0.10543307400265324,0.07855963537725487,0.10413385985044138
0.1,4,86,0.0055555056278601776,0.10540878168217463,0.0785140101678409,0.10410777357763755
0.1,4,87,0.005553036264947373,0.1053853525395951,0.07846450400176673,0.10408476122390962
0.1,4,88,0.005550648337220795,0.1053626910933922,0.07842273541971163,0.10406254335416976
0.1,4,89,0.005548412571834273,0.10534146924961957,0.07837741602659892,0.10404183466840967
0.1,4,90,0.005546230863077944,0.10532075638807332,0.07833676691194737,0.10402261059941822
0.1,4,91,0.005544169231483889,0.10530117977956267,0.0783018484115839,0.10400266784921813
0.1,4,92,0.00554214331773802,0.1052819387904499,0.0782642644261613,0.103983306898512
0.1,4,93,0.005540220763533651,0.10526367619966207,0.0782279265850509,0.10396699194779889
0.1,4,94,0.005538386605980469,0.1052462503463232,0.078190307568269,0.10394694555962823
0.1,4,95,0.005536635890380665,0.10522961456149751,0.07815635057205374,0.10393068039556404
0.1,4,96,0.0055349285440425096,0.10521338834998624,0.07811964152490011,0.10391445061534561
0.1,4,97,0.005533295136937483,0.10519786249670174,0.07808952960323697,0.10389836399237015
0.1,4,98,0.0055317631993269676,0.10518329904815657,0.07805606768911187,0.10388402162346437
0.1,4,99,0.00553025213734613,0.10516893207926123,0.07802318556196595,0.10386941484023003
0.1,4,100,0.00552887584174288,0.10515584474239062,0.0779938461044113,0.10385549817477889
0.1,4,101,0.005527496498834997,0.10514272679396323,0.07796142068158449,0.10384275176086137
0.1,4,102,0.0055261569150250565,0.1051299853992671,0.07793559576156409,0.10382996797284667
0.1,4,103,0.005524863985746064,0.10511768629251754,0.07790912787178123,0.10381904095306443
0.1,4,104,0.0055236609341270705,0.10510624086253938,0.0778843709331448,0.10380887879501036
0.1,4,105,0.0055224988699231715,0.10509518418960187,0.0778606382760628,0.10379760851505065
0.1,4,106,0.005521382268952666,0.10508455898896532,0.07783801734957282,0.10378767141075283
0.1,4,107,0.00552029330341937,0.10507419572301632,0.0778126174332446,0.10377639632601608
0.1,4,108,0.005519249502841378,0.10506426131507686,0.07778547225447228,0.10376813031215794
0.1,4,109,0.005518217515846353,0.10505443841976743,0.0777628273092768,0.10376037906976683
0.1,4,110,0.005517261876317472,0.10504534141329135,0.07773902407783492,0.10375109237578216
0.1,4,111,0.005516382166727107,0.1050369665091972,0.07772011144386423,0.1037421629505969
0.1,4,112,0.005515505841640932,0.10502862316188794,0.07770191098399917,0.10373467130195499
0.1,4,113,0.005514642357577282,0.10502040142350706,0.07768698174225812,0.10372816655908935
0.1,4,114,0.00551380034033328,0.1050123834634114,0.07766725663549066,0.1037201732638335
0.1,4,115,0.005513038552952565,0.10500512895047141,0.07764706796562361,0.10371359367420611
0.1,4,116,0.00551229598393802,0.104998056971908,0.07762595966670481,0.10370433186359605
0.1,4,117,0.005511605755554722,0.10499148304081357,0.07761332977435631,0.10369913714289619
0.1,4,118,0.0055108961500811675,0.10498472412766695,0.07759537964373676,0.10369253517326563
0.1,4,119,0.005510228218232723,0.1049783617535797,0.07757341262044946,0.10368773684565472
0.1,4,120,0.005509573840782099,0.1049721281177256,0.07755962236246085,0.10368120012642956
0.1,4,121,0.005508957430661339,0.10496625582215781,0.07754065837191308,0.10367603873141144
0.1,4,122,0.005508299199380124,0.10495998475019062,0.07752605564779214,0.10366762314235257
0.1,4,123,0.0055077399930155225,0.10495465680964826,0.0775107817811506,0.10366117954675298
0.1,4,124,0.005507197700953862,0.10494948976487557,0.0774948365727874,0.10365556040558085
0.1,4,125,0.005506646873029047,0.10494424112860169,0.07747775816447529,0.10365037887783286
0.1,4,126,0.005506170679094562,0.10493970344054306,0.07746617144374868,0.10364920925178671
0.1,4,127,0.005505686040576353,0.1049350850819339,0.07745083663422686,0.10364587794037837
0.1,4,128,0.00550523720867024,0.10493080776083104,0.07743714539423671,0.10363977277668303
0.1,4,129,0.005504776499204926,0.1049264170664845,0.07742458227574082,0.10363477111949553
0.1,4,130,0.005504343481663526,0.10492229011667184,0.07741017193389127,0.10363033200840256
0.1,4,131,0.005503901898821803,0.10491808136657668,0.07739321607803511,0.10362541034262045
0.1,4,132,0.005503498030021007,0.10491423192323344,0.07737884051765166,0.10362357485605798
0.1,4,133,0.005503103485079604,0.10491047121312155,0.0773703830276358,0.1036187587258883
0.1,4,134,0.005502751951504314,0.10490712036372282,0.07735759199457712,0.10361461228115558
0.1,4,135,0.005502389375326932,0.1049036641431264,0.07734371186600945,0.10361097533493539
0.1,4,136,0.005502038685949746,0.10490032112391025,0.07732638273140398,0.10360617273663107
0.1,4,137,0.005501689557495698,0.1048969928786874,0.07731436193248889,0.10360405378735288
0.1,4,138,0.005501380937057928,0.10489405070887413,0.07730222801284213,0.10360160403702026
0.1,4,139,0.0055010370546144365,0.10489077227873228,0.07729417255925698,0.1035971722719932
0.1,4,140,0.00550071627278784,0.10488771398774825,0.07728362776470825,0.10359512353159922
0.1,4,141,0.005500427245883874,0.10488495836757408,0.07727129397706693,0.10359309336348764
0.1,4,142,0.005500125242735729,0.10488207895284808,0.07726197887361733,0.10359012266081805
0.1,4,143,0.005499859400944643,0.10487954424905405,0.0772492934160447,0.10358915415050403
0.1,4,144,0.005499608428681552,0.10487715126452998,0.07724035612740825,0.10358737271551835
0.1,4,145,0.005499359972769415,0.1048747822192677,0.07722810134786769,0.10358301435426526
0.1,4,146,0.0054991190744603765,0.10487248518520362,0.07721931859843928,0.10357918726877995
0.1,4,147,0.005498891552253195,0.1048703156498844,0.0772076497068851,0.10357788474409683
0.1,4,148,0.005498668458532498,0.10486818829876388,0.07720015937138103,0.1035759769039021
0.1,4,149,0.005498450388900176,0.10486610881405084,0.07719236911405358,0.10357495875007523
0.1,4,150,0.005498240657121675,0.10486410879916613,0.07718655380963403,0.10357410650695195
0.1,4,151,0.005498035993811926,0.10486215708073075,0.07717779899735336,0.10357317702997214
0.1,4,152,0.005497849504486163,0.10486037864213693,0.07717051969709371,0.1035703412935782
0.1,4,153,0.005497668085168746,0.10485864852427525,0.07716368197109243,0.10356873852294755
0.1,4,154,0.00549749085349603,0.10485695831461095,0.07715753789863508,0.10356668511152035
0.1,4,155,0.0054973182850885025,0.10485531255104343,0.07715324032253482,0.10356587972455375
0.1,4,156,0.005497132761929028,0.104853543210795,0.07714518131164363,0.1035657145406704
0.1,4,157,0.005496988373678005,0.1048521661548106,0.07713309847200536,0.10356320412113401
0.1,4,158,0.0054968417719662545,0.10485076797016085,0.07712078109028558,0.10356218754914154
0.1,4,159,0.005496702130295457,0.10484943614817828,0.07711147257490748,0.1035607998998908
0.1,4,160,0.005496548758426698,0.10484797335596618,0.07710296798133065,0.10355667051731106
0.1,4,161,0.005496425373040849,0.10484679654658839,0.0770945222001659,0.10355592981889035
0.1,4,162,0.0054962826670665035,0.10484543544729549,0.07708816718267102,0.1035538653498948
0.1,4,163,0.005496163271933826,0.1048442966682864,0.0770832526947041,0.10355251176729915
0.1,4,164,0.0054960538261312804,0.10484325277414165,0.07707703045576929,0.1035528250118992
0.1,4,165,0.005495931620095458,0.10484208716060033,0.07707086101129285,0.1035504648132045
0.1,4,166,0.005495817212075645,0.10484099591357997,0.07706217923531451,0.10354807616827427
0.1,4,167,0.00549572170867707,0.10484008497399332,0.07705572199365583,0.10354843400719159
0.1,4,168,0.0054955932845225115,0.10483886001404738,0.07705116409259917,0.10354751724402014
0.1,4,169,0.005495489401731595,0.10483786912877995,0.07704446466996452,0.10354647170429518
0.1,4,170,0.005495389299490263,0.10483691429539753,0.07704139346696508,0.10354618390829949
0.1,4,171,0.005495285835150781,0.10483592738322851,0.07703680233292455,0.10354474929383804
0.1,4,172,0.005495197943906409,0.10483508901037294,0.07703014450670705,0.10354392738135562
0.1,4,173,0.005495099441442251,0.10483414941174704,0.07702394793651972,0.10354473617513368
0.1,4,174,0.005495019195365907,0.10483338395154386,0.07702233652692134,0.1035429652841576
0.1,4,175,0.0054949366949472115,0.10483259698154207,0.07701863047287522,0.10354228592930534
0.1,4,176,0.005494852911537305,0.10483179776706403,0.07701534881408713,0.10354250286140816
0.1,4,177,0.005494774893779115,0.10483105354597096,0.07701326299917213,0.10354235542179085
0.1,4,178,0.005494695536943797,0.10483029654583446,0.07700745604184824,0.10354174862038638
0.1,4,179,0.005494625373729268,0.1048296272408642,0.07699836246861357,0.10353976200131237
0.1,4,180,0.0054945538038716915,0.10482894451316098,0.07699624238172785,0.10353953464555606
0.1,4,181,0.0054944779606205165,0.1048282210153403,0.07699022985542871,0.10353628341579613
0.1,4,182,0.005494422547586709,0.10482769240603085,0.07698566747327694,0.1035364136058527
0.1,4,183,0.005494357229906132,0.10482706930851528,0.07698195570446943,0.10353521847699425
0.1,4,184,0.0054942989761259655,0.10482651359389919,0.07697375291061724,0.10353575604450155
0.1,4,185,0.005494239144207426,0.10482594282149267,0.07697122343602875,0.1035359220292773
0.1,4,186,0.005494186274418104,0.10482543846240859,0.07696522451347611,0.10353467272408276
0.1,4,187,0.0054941242940687,0.10482484718871476,0.07696386054371473,0.10353308938370652
0.1,4,188,0.005494063747180192,0.10482426958658184,0.07696027537368766,0.10353264250260039
0.1,4,189,0.005494008977420212,0.10482374709406464,0.07695183754626679,0.10353117284039154
0.1,4,190,0.005493960471665749,0.10482328435672819,0.0769474740858392,0.10352922100985021
0.1,4,191,0.005493912885852095,0.10482283039349867,0.07694140861761938,0.10352903074910053
0.1,4,192,0.0054938737713597285,0.10482245724423492,0.07693839863695634,0.10352777090636414
0.1,4,193,0.005493839964061564,0.10482213472412746,0.07693691349552646,0.1035300986867617
0.1,4,194,0.00549380493079702,0.10482180050730878,0.07693232390735243,0.10353014375249081
0.1,4,195,0.0054937634623694435,0.104821404897754,0.07693183408020718,0.10352970432949266
0.1,4,196,0.005493729973177912,0.10482108540916671,0.07692781801238718,0.10352924565372693
0.1,4,197,0.0054936901411691014,0.1048207054085127,0.07692473291716515,0.10352831083734962
0.1,4,198,0.005493654024347864,0.10482036084986412,0.07692346247763185,0.10352725988056256
0.1,4,199,0.00549361665311139,0.10482000432275693,0.07691963183403741,0.10352529681462821
0.1,4,200,0.005493582358736897,0.10481967714829976,0.07691821557682836,0.10352660931637933
0.1,4,201,0.005493556450641048,0.10481942997976136,0.07691823909872694,0.10352621732225628
0.1,4,202,0.005493532169488201,0.10481919833206321,0.07691948081017251,0.10352570537975436
0.1,4,203,0.005493498324003769,0.10481887543762115,0.0769120722015777,0.103525452592108
0.1,4,204,0.005493459035900442,0.10481850061797719,0.07690304475628695,0.10352361138364574
0.1,4,205,0.005493437329591771,0.10481829353306388,0.0768996814540149,0.10352018742061708
0.1,4,206,0.005493416315178904,0.10481809304866126,0.07689822530185761,0.10352206841259289
0.1,4,207,0.0054933849275414495,0.10481779359957401,0.076895851327071,0.10352355287153142
0.1,4,208,0.005493360426668749,0.1048175598520472,0.07689239544418716,0.10352189817378575
0.1,4,209,0.005493332428927782,0.10481729274244572,0.07688917593526862,0.10351981365195134
0.1,4,210,0.005493308568846861,0.10481706510723204,0.07688678041761023,0.10352085109614158
0.1,4,211,0.005493285642566712,0.10481684638040502,0.07688476676557339,0.10352025230805433
0.1,4,212,0.0054932619336214876,0.1048166201861278,0.07688206740519661,0.10352118955353092
0.1,4,213,0.005493238278793237,0.10481639450766504,0.07687854764622484,0.10352087119021422
0.1,4,214,0.005493217768089927,0.1048161988252763,0.07687560333873943,0.10352112625627845
0.1,4,215,0.005493202565069756,0.10481605378060897,0.07687270995817844,0.10351969839192134
0.1,4,216,0.005493183474890925,0.10481587165015539,0.0768710767574971,0.10351904720285696
0.1,4,217,0.0054931667076597015,0.10481571168159573,0.07686497174543576,0.10351717013233723
0.1,4,218,0.005493147582290553,0.10481552921481199,0.07686158073992351,0.1035156753752177
0.1,4,219,0.005493141688335946,0.10481547298310442,0.07686273527058728,0.10351687127409252
0.1,4,220,0.005493131186907578,0.10481537279337967,0.0768648130180107,0.10351687048210373
0.1,4,221,0.005493110776981324,0.10481517807055736,0.07685970233526832,0.1035187542978277
0.1,4,222,0.0054930905151020165,0.10481498475983304,0.07685456697337198,0.1035208476555301
0.1,4,223,0.0054930757146364724,0.10481484355411186,0.07685416473310003,0.10352153274700063
0.1,4,224,0.005493065210335505,0.10481474333637902,0.07685161295869049,0.10352152876358985
0.1,4,225,0.0054930529254148585,0.10481462613027687,0.07685095014212916,0.10352251234058382
0.1,4,226,0.0054930395839754625,0.10481449884415288,0.07684819693164549,0.103522312768191
0.1,4,227,0.0054930254022323285,0.10481436354080798,0.07684320936075359,0.10352152819681909
0.1,4,228,0.00549301605837697,0.10481427439406305,0.07683897153605292,0.10351830923081752
0.1,4,229,0.005493000773318319,0.10481412856402822,0.07683725677103342,0.10351886131626506
0.1,4,230,0.0054929911628430065,0.10481403687334065,0.07683497093274885,0.10351683755861912
0.1,4,231,0.005492977983265468,0.10481391113077947,0.07683351592334976,0.10351704500741331
0.1,4,232,0.005492970468032945,0.10481383943003848,0.07683630733227266,0.10351527752704646
0.1,4,233,0.005492963403793731,0.10481377203205437,0.076836063831883,0.10351338702777985
0.1,4,234,0.0054929517180704835,0.10481366054165348,0.07683216946630855,0.10351387766953181
0.1,4,235,0.005492938392538203,0.10481353340612273,0.07683037768069223,0.10351440665273161
0.1,4,236,0.005492927110933198,0.10481342577106426,0.07682798888356776,0.10351490919085833
0.1,4,237,0.005492914374973247,0.10481330426022496,0.0768265267696207,0.10351758986607179
0.1,4,238,0.005492905082304791,0.10481321560094214,0.07682293603184828,0.10351650147812609
0.1,4,239,0.005492900023332205,0.10481316733437841,0.07682244403576537,0.10351571080654198
0.1,4,240,0.005492896785006405,0.1048131364382004,0.0768203836914573,0.10351509046648683
0.1,4,241,0.005492889004530568,0.10481306220629724,0.07681925915595901,0.10351592236807715
0.1,4,242,0.005492880418155393,0.10481298028541496,0.07681804278807672,0.10351477083029025
0.1,4,243,0.005492876994699358,0.10481294762289016,0.07681744395894695,0.10351541965579249
0.1,4,244,0.005492874536218568,0.10481292416699925,0.07681682124672609,0.10351765986924234
0.1,4,245,0.005492875001589948,0.10481292860701821,0.07681618929560229,0.10351743740824636
0.1,4,246,0.005492865281271286,0.10481283586728571,0.07681991031121696,0.10351867556068915
0.1,4,247,0.005492859498045208,0.10481278069057426,0.07681571414474084,0.10351985122214441
0.1,4,248,0.005492852867763167,0.10481271743221972,0.07681397932007414,0.10351837842808718
0.1,4,249,0.005492843307844442,0.10481262622264974,0.07681092576763782,0.10351794603370648
0.1,4,250,0.00549284477472823,0.10481264021794537,0.07680542432689402,0.10351828347637591
0.1,4,251,0.005492841779861986,0.10481261164441984,0.07680174363100441,0.10351800748149324
0.1,4,252,0.005492825687819608,0.1048124581127607,0.07680484556228125,0.10351802374934295
0.1,4,253,0.005492822465756668,0.10481242737153518,0.07680170860405555,0.10351658516356217
0.1,4,254,0.005492819786290121,0.10481240180713465,0.07680338740129918,0.10351658506516145
0.1,4,255,0.005492811493081656,0.10481232268279962,0.07680154301097067,0.10351637379119447
0.1,4,256,0.005492814200120642,0.10481234851028425,0.07679700229621529,0.10351572177437314
0.1,4,257,0.005492809468521879,0.1048123033667506,0.07679977895139199,0.10351589537948945
0.1,4,258,0.005492802869358841,0.10481224040501033,0.07679911401619575,0.10351584737081035
0.1,4,259,0.0054927980135886555,0.10481219407672616,0.07679852348690284,0.10351564622634969
0.1,4,260,0.005492795091245827,0.104812166195016,0.0767938993804033,0.10351531410179604
0.1,4,261,0.005492790581570023,0.1048121231687444,0.07679326049631176,0.10351614398397305
0.1,4,262,0.005492782649288997,0.10481204748776733,0.07679594364904972,0.10351826544078167
0.1,4,263,0.005492777486343353,0.10481199822866992,0.07679671194906595,0.10351790862564766
0.1,4,264,0.0054927737893372625,0.10481196295592658,0.07679697901537258,0.10351829811633823
0.1,4,265,0.0054927724040117944,0.10481194973868004,0.07679597031468698,0.10351967275094208
0.1,4,266,0.005492768196972581,0.1048119095997452,0.07679472044680773,0.10351913214231637
0.1,4,267,0.005492766762665133,0.10481189591515967,0.07679248877178262,0.10351654599506604
0.1,4,268,0.005492765412368706,0.10481188303211336,0.07679783974685803,0.10351623399732603
0.1,4,269,0.005492766920899173,0.1048118974248551,0.0767990793498538,0.10351857895713204
0.1,4,270,0.005492767767722448,0.10481190550431232,0.0767975541433981,0.10351635523212664
0.1,4,271,0.005492768227584869,0.104811909891814,0.07679924941266428,0.10351869698780777
0.1,4,272,0.005492765816937268,0.10481188689206265,0.07679902826645042,0.10351991103091651
0.1,4,273,0.005492765749284562,0.10481188624659478,0.07680027784414976,0.10351817331103165
0.1,4,274,0.005492768860199157,0.10481191592752379,0.07680096884101847,0.10351776268776688
0.1,4,275,0.005492763784860756,0.10481186750421687,0.07680079999256338,0.10351631349096901
0.1,4,276,0.005492763148931503,0.10481186143687653,0.07680019815241082,0.10351480043272236
0.1,4,277,0.005492753280253358,0.1048117672807148,0.07679701648372346,0.10351601420936325
0.1,4,278,0.005492749301408926,0.10481172931889757,0.07679507266055091,0.10351810867340903
0.1,4,279,0.005492744627249738,0.10481168472312367,0.07679290293846608,0.10351742010804793
0.1,4,280,0.00549274266662443,0.1048116660169509,0.07679140428814463,0.10351718358449018
0.1,4,281,0.005492736771457964,0.10481160977160846,0.07678957300043052,0.10351878188795845
0.1,4,282,0.005492734453049347,0.10481158765183693,0.07678870426968373,0.103518126249206
0.1,4,283,0.005492741963128852,0.10481165930495377,0.07679187384495256,0.10351616659081188
0.1,4,284,0.0054927342081840975,0.10481158531559474,0.07678773617583469,0.103515892777422
0.1,4,285,0.005492728964571408,0.10481153528664111,0.07678584171621781,0.10351811506826444
0.1,4,286,0.005492727240477045,0.10481151883716831,0.07678133612323755,0.10351984281667137
0.1,4,287,0.005492727465958018,0.10481152098846784,0.07677881035399642,0.10351970422105013
0.1,4,288,0.005492727509024956,0.10481152139936674,0.0767780176108591,0.10351784897500962
0.1,4,289,0.00549272783790576,0.10481152453719733,0.07677906202960995,0.10351890695399404
0.1,4,290,0.005492726473086782,0.10481151151554663,0.07677480648278386,0.10351739361753873
0.1,4,291,0.005492727312739308,0.10481151952661795,0.07677373967659216,0.10351911277143881
0.1,4,292,0.00549272497400545,0.10481149721290552,0.07677138003511358,0.10351781635367391
0.1,4,293,0.005492721064941651,0.10481145991676341,0.0767719844621243,0.10351754726747639
0.1,4,294,0.005492719587838534,0.10481144582380814,0.07677182069140003,0.10351687883353614
0.1,4,295,0.005492716348119818,0.1048114149138329,0.07677234925985625,0.10351491101329388
0.1,4,296,0.005492715527087748,0.10481140708041037,0.07677340108332954,0.10351496713596656
0.1,4,297,0.005492712947452505,0.10481138246824631,0.07677331375709849,0.10351516672617796
0.1,4,298,0.005492710668389005,0.10481136072381662,0.0767746290072946,0.10351466400743238
0.1,4,299,0.005492709093891971,0.10481134570161735,0.07677657212662652,0.10351557517391947
0.1,4,300,0.005492705986304243,0.10481131605226836,0.07677482888733815,0.10351632800512024
0.1,5,1,0.032184158745667886,0.25370911984265715,0.2189036774029256,0.25826029811387685
0.1,5,2,0.02264802112407229,0.21282866876467696,0.18374951407124565,0.21676355020645113
0.1,5,3,0.017504519197869002,0.18710702390807782,0.16111210089776673,0.1902427739046323
0.1,5,4,0.014445824235911599,0.16997543490699824,0.14566701489363532,0.17238396039224502
0.1,5,5,0.012512318404873218,0.15819177225679734,0.13475585399154502,0.16000533520114635
0.1,5,6,0.01121339131982598,0.14975574326099136,0.12672989525753617,0.15110384981882058
0.1,5,7,0.010296185385357122,0.1435004208032654,0.12055907090372112,0.14448915134196974
0.1,5,8,0.009619716881714062,0.1387062859549924,0.11574701391307736,0.13941881860940147
0.1,5,9,0.009101066265129522,0.13491527908379777,0.1117999379843765,0.13541404515190023
0.1,5,10,0.008694651458676674,0.13186850616183285,0.10859478080865306,0.13220569348152036
0.1,5,11,0.008367780688045107,0.12936599775864682,0.10593140656114768,0.1295747615883607
0.1,5,12,0.008096950936246076,0.1272552626514603,0.10364354177526984,0.12736430186831693
0.1,5,13,0.007868861310837917,0.12545008019796494,0.10169204721092658,0.12548292296455613
0.1,5,14,0.007674688338801793,0.12389260138363221,0.09998202468771908,0.12386519186600223
0.1,5,15,0.007506764416445284,0.12252970592019947,0.09846417799097965,0.12245282970377132
0.1,5,16,0.007359224742967096,0.12131961706968165,0.09710101000074212,0.12119777138747612
0.1,5,17,0.007228492588891161,0.12023720380058046,0.09589647523884538,0.12007745191171094
0.1,5,18,0.007111678192270337,0.11926171382527033,0.09480502209299518,0.11906601610354699
0.1,5,19,0.007007106628206564,0.11838164239616347,0.09383246266973803,0.1181592941225147
0.1,5,20,0.006911945624134705,0.11757504517655695,0.09290820777152999,0.11731874026221167
0.1,5,21,0.006825223997576068,0.11683513168200794,0.09205383060255222,0.11655469758551448
0.1,5,22,0.0067457171804586585,0.11615263389573788,0.0912524241593831,0.11584518600729461
0.1,5,23,0.006672938312985267,0.11552435512034047,0.09052444188083002,0.11519332942361495
0.1,5,24,0.006605595477020012,0.1149399449888507,0.08983751485956447,0.1145885637135255
0.1,5,25,0.006543095631181897,0.11439489176691324,0.08920308005519227,0.11402114642829045
0.1,5,26,0.006485071372444772,0.11388653451962416,0.08859236573326457,0.11348318320947905
0.1,5,27,0.006431304680608319,0.11341344435831512,0.08804390384963957,0.11299065049216385
0.1,5,28,0.006381123009679651,0.11297011117706887,0.0875337889714829,0.11252846470444072
0.1,5,29,0.006334406294932445,0.11255581988446839,0.08704858400219878,0.11209517995444211
0.1,5,30,0.006290851959673603,0.11216819477618067,0.08658928485530692,0.11168964389953077
0.1,5,31,0.006249680249824679,0.11180053890589865,0.08613808209432736,0.1113032836428295
0.1,5,32,0.006210931855978032,0.11145341498561659,0.08572227023104856,0.11094068523540669
0.1,5,33,0.006174835276783945,0.11112907159500564,0.08532770393934279,0.11059630269899844
0.1,5,34,0.006140264440986174,0.11081754771683205,0.08495235729862627,0.11026768611029417
0.1,5,35,0.00610807915207108,0.1105267311745994,0.08460061021304824,0.10996124360376774
0.1,5,36,0.006077923609352601,0.11025355875755305,0.08427036880049574,0.10967453168818211
0.1,5,37,0.006049500584601386,0.10999545976631386,0.08395695409176622,0.10940196825116053
0.1,5,38,0.006022422490627928,0.10974900902174861,0.0836604272194196,0.1091413943723293
0.1,5,39,0.0059971282798657105,0.1095182932652414,0.08336459485134168,0.10889159056586481
0.1,5,40,0.005972794268417236,0.1092958761199821,0.08308701175315622,0.1086558143035402
0.1,5,41,0.00595015473925575,0.1090885396295665,0.08282255277311759,0.10843449812776934
0.1,5,42,0.00592893178834003,0.10889381789927315,0.08256565904733798,0.108223441818806
0.1,5,43,0.005908383557018552,0.10870495441348156,0.08233485269251725,0.10802033766670008
0.1,5,44,0.005889103831201184,0.10852745119278517,0.08210663384013199,0.10782752628525885
0.1,5,45,0.005870798879587334,0.10835865336545425,0.08188468383265092,0.10764638681359892
0.1,5,46,0.005853376006963252,0.10819774495767692,0.08167855634282191,0.10747590139035901
0.1,5,47,0.005837018181644145,0.108046454653951,0.08147691034634953,0.10731527203119352
0.1,5,48,0.005821476411055419,0.10790251536507774,0.08127706999949696,0.10715706924083775
0.1,5,49,0.005806469231127371,0.10776334470614181,0.08109357023999329,0.10700421543544099
0.1,5,50,0.005792285147805737,0.10763164170266787,0.08090919708317083,0.10686024732091079
0.1,5,51,0.005778912202716641,0.10750732256657348,0.08073468699174696,0.10672289483661364
0.1,5,52,0.005766186996935314,0.10738889138952236,0.08057447701275856,0.10659680316366842
0.1,5,53,0.005754033878980622,0.1072756624680605,0.08041741821497057,0.10647586883650588
0.1,5,54,0.005742516166285514,0.10716824311600441,0.08026898933132734,0.10636070448545791
0.1,5,55,0.005731505950367022,0.10706545615059063,0.08012546278867218,0.10625088984219835
0.1,5,56,0.005720874596268503,0.10696611235590928,0.0799903378189594,0.10614067260938034
0.1,5,57,0.00571101708591354,0.10687391717265293,0.07985813977155784,0.10603870980387123
0.1,5,58,0.005701494085203315,0.10678477499347289,0.07973894656839034,0.10594482496484214
0.1,5,59,0.005692520565243191,0.10670070820049125,0.07961422902161887,0.10585016231482848
0.1,5,60,0.005683936446697659,0.1066202274120409,0.07948833851739537,0.10575670421922573
0.1,5,61,0.005675770845511699,0.10654361403211081,0.07937699469963669,0.10567376969990316
0.1,5,62,0.005667980761399531,0.10647047253956875,0.07926411003313621,0.10559511710159938
0.1,5,63,0.005660466101574086,0.10639986937561612,0.07915828177806397,0.10551786074453759
0.1,5,64,0.005653226951402506,0.10633181039935798,0.07905694924437782,0.10544323109879258
0.1,5,65,0.00564640678392121,0.10626765061787345,0.07895813943153569,0.10537378791489121
0.1,5,66,0.005639828714826452,0.10620573162335875,0.07886031011574902,0.10530481941370652
0.1,5,67,0.005633595276488228,0.10614702328834501,0.07876456676758885,0.10523901991214113
0.1,5,68,0.005627602368340138,0.10609054970486427,0.07867170683699479,0.10517918263406316
0.1,5,69,0.005621983561609219,0.10603757411039937,0.07859152470742688,0.10512547970559763
0.1,5,70,0.005616481524094432,0.10598567378749292,0.07849709597246807,0.10506283485677993
0.1,5,71,0.00561131207419125,0.10593688757171649,0.07841491176224363,0.10500717467591951
0.1,5,72,0.005606407675371827,0.10589058197376976,0.07833499635160228,0.10495679795987156
0.1,5,73,0.0056017237151859516,0.10584633876696871,0.07825910276386501,0.10490736092282339
0.1,5,74,0.0055972658605311365,0.10580421409878848,0.07819477716238199,0.10486966787197982
0.1,5,75,0.00559301837025919,0.10576406166802776,0.07812183545239819,0.10482457281495278
0.1,5,76,0.005588850944404142,0.10572465128250971,0.0780496392014058,0.10477667325539262
0.1,5,77,0.005584849557390193,0.10568679725859983,0.07799028211734241,0.10473486610725509
0.1,5,78,0.005581041003750977,0.1056507548837298,0.07792983583816371,0.10469634673980602
0.1,5,79,0.005577466933061312,0.1056169203590155,0.07787256610840967,0.10466066672218442
0.1,5,80,0.005574033568866489,0.10558440764494054,0.07781207994191125,0.10462463646587095
0.1,5,81,0.005570621935541985,0.10555209079446967,0.07775519701588929,0.10458999976653248
0.1,5,82,0.0055673600552736645,0.10552118323136511,0.07769799681130417,0.1045555983578432
0.1,5,83,0.005564317098309862,0.10549234188612804,0.07763885749928083,0.10452260368340227
0.1,5,84,0.005561420706802336,0.10546488237135938,0.07758754663726945,0.10449520124562853
0.1,5,85,0.0055585774705368685,0.1054379198442085,0.0775339562247909,0.10446299654296919
0.1,5,86,0.005555878594332996,0.10541231990932555,0.07747685005758247,0.10443065865452257
0.1,5,87,0.005553255238917962,0.10538743035977262,0.07742768688040906,0.10440206090273889
0.1,5,88,0.005550727596779565,0.1053634433452093,0.07738188791125182,0.10438127761322123
0.1,5,89,0.005548356718572201,0.10534093903675058,0.07733175106593326,0.1043534561228913
0.1,5,90,0.0055460679102316435,0.10531920917127742,0.07728735636569495,0.10433016537366024
0.1,5,91,0.005543881682425938,0.10529844901446496,0.07725041150670882,0.10430947507220126
0.1,5,92,0.005541808158954303,0.10527875530185854,0.07721154763999843,0.10428663898886611
0.1,5,93,0.0055397887522739735,0.10525957203289374,0.0771736886458657,0.10426789591290865
0.1,5,94,0.005537844643560474,0.10524110075023421,0.07713433036540435,0.1042474572421548
0.1,5,95,0.005535950684691478,0.10522310283099884,0.0770985840898797,0.10422995467607754
0.1,5,96,0.005534178473227484,0.1052062590650146,0.07706408476239147,0.10421255985936385
0.1,5,97,0.0055324218819912665,0.1051895610979651,0.07703067464119574,0.10419131158067663
0.1,5,98,0.0055307488658274465,0.10517365512168383,0.07699565185577276,0.10417435284590768
0.1,5,99,0.005529110247768091,0.10515807384854566,0.07696089813957675,0.10415636286261844
0.1,5,100,0.005527589772498099,0.10514361390496428,0.07693338551796156,0.10414446262785274
0.1,5,101,0.005526147308817855,0.10512989402465747,0.07690821040649028,0.1041340095952423
0.1,5,102,0.005524745038414433,0.10511655472297818,0.0768800224526895,0.1041213723463283
0.1,5,103,0.005523394310665944,0.10510370412755152,0.07685045787321206,0.10410782369843077
0.1,5,104,0.005522096519547131,0.10509135568206483,0.07682059691181578,0.10409326032235111
0.1,5,105,0.005520835828681044,0.10507935885492492,0.07679555995292067,0.10407971984259522
0.1,5,106,0.005519688066519548,0.10506843547440448,0.07676767027947873,0.10406571027460743
0.1,5,107,0.005518509173496698,0.10505721463561365,0.07674046430927053,0.104051307183882
0.1,5,108,0.005517416195760425,0.10504681047761921,0.07671610604472899,0.10404114286802611
0.1,5,109,0.005516350335291583,0.10503666345892355,0.07669488335879909,0.10403041289149255
0.1,5,110,0.005515352734419946,0.10502716538515115,0.07666948162244604,0.10401685066533338
0.1,5,111,0.005514355402637173,0.10501766901466794,0.07664953788093265,0.10400959579192738
0.1,5,112,0.005513416115091676,0.10500872454316999,0.07662729855670478,0.1040002671783228
0.1,5,113,0.005512490170639704,0.10499990638700307,0.07660819462215367,0.10399172105161363
0.1,5,114,0.005511659219296622,0.10499199225937778,0.07658193150229685,0.10397846495809973
0.1,5,115,0.005510776511593473,0.10498358454152223,0.07656208343539193,0.10396825950584285
0.1,5,116,0.005510042092644254,0.10497658874858007,0.07653939351501406,0.10395725264509915
0.1,5,117,0.005509199739327689,0.1049685642402304,0.07652554535300436,0.10395115957973633
0.1,5,118,0.005508440631027069,0.10496133222312938,0.07650611563391391,0.10394463203716142
0.1,5,119,0.005507714413730498,0.10495441309188001,0.07649020149681594,0.10394029068909147
0.1,5,120,0.00550698636842809,0.10494747608616503,0.07647569596677797,0.10393493910487357
0.1,5,121,0.0055063216420966725,0.10494114199966258,0.07645905710678863,0.10392805010966598
0.1,5,122,0.005505667686659341,0.10493491017444424,0.0764486260780995,0.10392361444881187
0.1,5,123,0.005505041435748922,0.10492894201076194,0.07643237152843717,0.10391621741040107
0.1,5,124,0.005504439781853098,0.10492320793659617,0.07642327962147505,0.10391448281256636
0.1,5,125,0.0055038671605061994,0.10491775026663695,0.07640450635265048,0.10390756486527149
0.1,5,126,0.0055033396260021124,0.1049127220693669,0.07639123933179753,0.10390200588290753
0.1,5,127,0.005502797070254373,0.10490755044566023,0.07638175732378416,0.10390033740300084
0.1,5,128,0.005502311091848785,0.10490291789887243,0.07636687799980789,0.10389503992680256
0.1,5,129,0.005501799842384942,0.10489804423710618,0.07635470319598853,0.10389084089033782
0.1,5,130,0.00550133584488761,0.10489362082498259,0.07633590889414897,0.10388128164878328
0.1,5,131,0.005500908624534785,0.10488954785425271,0.07632084273422994,0.10387586388025145
0.1,5,132,0.005500476563200614,0.10488542857042263,0.076300782909088,0.10386699692597652
0.1,5,133,0.00550004693649775,0.10488133233800713,0.07628921348863939,0.10386282445114295
0.1,5,134,0.005499635064736568,0.10487740523808327,0.0762762332238829,0.10385645340364733
0.1,5,135,0.005499245351305952,0.10487368927720576,0.07626181185491426,0.10385125929777118
0.1,5,136,0.005498862153035058,0.10487003531071264,0.07624839079541933,0.1038469490564639
0.1,5,137,0.005498488161996016,0.10486646901651658,0.07623883550677936,0.1038451634156029
0.1,5,138,0.005498090530080371,0.10486267715522402,0.07623225479328935,0.1038429591445644
0.1,5,139,0.005497751607130619,0.10485944504078418,0.07621741481561647,0.10383647248526125
0.1,5,140,0.005497423363511511,0.10485631467404823,0.07621161375919269,0.1038344553167536
0.1,5,141,0.005497122979838764,0.10485344991786168,0.07620115399163777,0.10383071212475482
0.1,5,142,0.00549683232919895,0.10485067791100781,0.07619136434329028,0.10382831918317911
0.1,5,143,0.005496565026923949,0.10484812851857633,0.07617627100026655,0.1038214721322005
0.1,5,144,0.005496310764095628,0.10484570343219247,0.07616048970159714,0.10381075249649997
0.1,5,145,0.005496028010313303,0.10484300654133592,0.07615037547902981,0.10380775488743325
0.1,5,146,0.005495772871686599,0.10484057298285429,0.07614635946461767,0.10380660562520415
0.1,5,147,0.005495508824042054,0.10483805438906288,0.07614556396220498,0.10381098351776066
0.1,5,148,0.0054952681964699915,0.10483575913275003,0.07613781337362546,0.1038085785465945
0.1,5,149,0.00549504062037571,0.10483358832335855,0.07613500050975072,0.10380988650838481
0.1,5,150,0.005494835660658193,0.10483163320923883,0.07613145985851863,0.10381064098492399
0.1,5,151,0.005494618981251687,0.10482956626116209,0.07612491893033294,0.10381025272612235
0.1,5,152,0.005494422300280009,0.10482769004685745,0.07612318523277359,0.10381199462399748
0.1,5,153,0.00549422273463148,0.10482578628020378,0.07611300877329048,0.10380638675715502
0.1,5,154,0.005494028461838953,0.10482393297180709,0.07609818831730325,0.10380150686466794
0.1,5,155,0.005493839326112995,0.1048221286381172,0.07609214969829478,0.10379716613521076
0.1,5,156,0.005493658189713571,0.10482040058799214,0.07608581387522236,0.10379700088940139
0.1,5,157,0.005493488730716134,0.10481878391506108,0.0760813774157546,0.10379564170652442
0.1,5,158,0.005493327227533765,0.1048172431189999,0.0760744086584614,0.10379360639050844
0.1,5,159,0.005493177585518926,0.10481581546235211,0.07606739340898039,0.10379099265793718
0.1,5,160,0.00549301558117562,0.10481426984123507,0.07606052129789492,0.10378913286116635
0.1,5,161,0.005492865933603805,0.10481284209107017,0.07605703746948404,0.1037885531668317
0.1,5,162,0.005492719538003704,0.10481144534833688,0.0760523952249194,0.10378847725760522
0.1,5,163,0.0054925798180468985,0.10481011227974998,0.0760410354465135,0.10378430764817165
0.1,5,164,0.0054924691262140555,0.10480905615655602,0.0760279885779591,0.10377880537784484
0.1,5,165,0.005492336152711606,0.10480778742738162,0.0760202478101406,0.10377358614067211
0.1,5,166,0.005492202688957647,0.10480651400516713,0.07601425500525764,0.10377233958439805
0.1,5,167,0.005492075897261447,0.10480530422895062,0.07600919550456597,0.10377070220845083
0.1,5,168,0.005491951888379772,0.10480412099130236,0.07600463013050512,0.10377040958830247
0.1,5,169,0.005491827208991292,0.10480293134250866,0.07600405348174498,0.10377291741800185
0.1,5,170,0.00549170937453655,0.10480180699335818,0.07600024676246164,0.10377294677235274
0.1,5,171,0.005491597289559945,0.10480073749320608,0.075997330322977,0.10377384292224798
0.1,5,172,0.00549148468608111,0.10479966303458337,0.07600784407111942,0.10378002404359435
0.1,5,173,0.005491398757329871,0.10479884309790706,0.07600574288972635,0.10378180187075524
0.1,5,174,0.005491295092693625,0.10479785391594262,0.07600286090385877,0.10378050153686279
0.1,5,175,0.005491208979096481,0.10479703220126495,0.07599865355892532,0.1037820193287665
0.1,5,176,0.005491119227001778,0.10479617576039478,0.07599194438372404,0.10377897197945939
0.1,5,177,0.00549103092169223,0.10479533311834292,0.07598489608482169,0.10377472783624865
0.1,5,178,0.00549095376863482,0.10479459688967575,0.07598316815920884,0.10377509036225141
0.1,5,179,0.005490869960496139,0.1047937971494128,0.07597348740142766,0.10376880740794793
0.1,5,180,0.005490788027839761,0.10479301530006435,0.07596657794524705,0.10376614425854784
0.1,5,181,0.005490710792640066,0.10479227827125495,0.07596268137838204,0.10376547887836379
0.1,5,182,0.00549065054995472,0.10479170339253695,0.07595318272194966,0.10376277622520716
0.1,5,183,0.005490585682258714,0.10479108437513865,0.07594941174528771,0.10376202546817197
0.1,5,184,0.005490511755932027,0.10479037890886765,0.07594686772961223,0.10376074667267181
0.1,5,185,0.005490465922677795,0.10478994152758933,0.07594351789157547,0.10375929463218851
0.1,5,186,0.005490403171908972,0.1047893427015264,0.07594014704003203,0.10375992064580956
0.1,5,187,0.005490333293325087,0.10478867585121102,0.07594673321771164,0.1037604962955466
0.1,5,188,0.005490276877940691,0.10478813747691759,0.07594434585415498,0.10376120089439768
0.1,5,189,0.005490227259147301,0.10478766396048059,0.07593985598283291,0.10375690055749663
0.1,5,190,0.0054901650695105665,0.10478707047637668,0.07594576740216318,0.10376044822177258
0.1,5,191,0.005490116852840273,0.10478661033586566,0.07594394649930925,0.10375893596792175
0.1,5,192,0.005490080038040728,0.104786259004134,0.07595122543703364,0.10376608189931384
0.1,5,193,0.005490028588217611,0.10478576800517912,0.0759419047242753,0.10376337717812986
0.1,5,194,0.005489989842461258,0.10478539824289697,0.07594806073010105,0.10377100798035771
0.1,5,195,0.005489936861295862,0.10478489262575844,0.0759407939973431,0.10376873341406655
0.1,5,196,0.005489890906073089,0.10478445405758517,0.07593850576310822,0.10376763024119252
0.1,5,197,0.005489850264835629,0.10478406620126582,0.07593059089648989,0.10376653650092536
0.1,5,198,0.005489804056742582,0.10478362521637226,0.07592526124790759,0.1037634334310716
0.1,5,199,0.005489777189076104,0.10478336880513152,0.07592266785974623,0.1037638474340423
0.1,5,200,0.00548973922804697,0.10478300652345274,0.07592230397880971,0.10376426961646892
0.1,5,201,0.005489700078308555,0.10478263289599622,0.0759116743737993,0.10375930261826288
0.1,5,202,0.005489665686746954,0.10478230467733522,0.07590705965754405,0.10375691810629281
0.1,5,203,0.005489637829391274,0.1047820388176454,0.0759078468851147,0.10375855905015408
0.1,5,204,0.005489605151936272,0.10478172695595614,0.07590264416220495,0.10375636817541671
0.1,5,205,0.005489576169669288,0.10478145035901429,0.0759003840517856,0.1037567342847772
0.1,5,206,0.005489552113789427,0.1047812207772884,0.07589869160548626,0.10375779268353555
0.1,5,207,0.0054895305970481915,0.10478101542787406,0.07589900071397217,0.10376176897662549
0.1,5,208,0.005489502723936988,0.10478074941454645,0.07589653891222892,0.10376268759717039
0.1,5,209,0.0054894675241199025,0.10478041347618268,0.07588931246481131,0.1037591510272431
0.1,5,210,0.005489440503237239,0.104780155594819,0.07588606488245796,0.10375684691902103
0.1,5,211,0.005489422843188755,0.1047799870508558,0.075875736874541,0.10375297663669879
0.1,5,212,0.0054893997371828285,0.10477976653135689,0.07587413525386606,0.10375584718879334
0.1,5,213,0.005489372606016068,0.10477950759586598,0.07587668044652726,0.10375814030926571
0.1,5,214,0.005489360528310205,0.10477939232797835,0.07587456516002267,0.1037590550502445
0.1,5,215,0.005489343562661287,0.10477923041005109,0.07587187284708266,0.10375716346322224
0.1,5,216,0.005489334329009388,0.10477914228518372,0.07587260991842486,0.1037588022369369
0.1,5,217,0.0054893111872666035,0.10477892142283775,0.075871087260428,0.1037583538887793
0.1,5,218,0.0054892914309071375,0.10477873286986379,0.07587013565980483,0.10375653745667744
0.1,5,219,0.005489273356633613,0.10477856037027435,0.07586289337243464,0.10375247344242758
0.1,5,220,0.005489249096814417,0.10477832883582766,0.07587006261894651,0.10375619350433159
0.1,5,221,0.005489233291033941,0.10477817798600948,0.07586879154350534,0.10375609386156168
0.1,5,222,0.00548921438975707,0.10477799759259641,0.07587291866589332,0.10375764844349994
0.1,5,223,0.005489199361434481,0.10477785416236086,0.07586885425356353,0.10375684810349309
0.1,5,224,0.005489180439780044,0.10477767357390642,0.07587128887608212,0.10375993902605565
0.1,5,225,0.005489162895142693,0.10477750612743837,0.07586620071366472,0.10375678777562512
0.1,5,226,0.005489148109241801,0.10477736501021392,0.07587010051098658,0.1037632014610198
0.1,5,227,0.005489137479687996,0.10477726356121347,0.0758626090745691,0.10375872669379992
0.1,5,228,0.005489121381596909,0.1047771099200289,0.07585953772130123,0.10375580366191839
0.1,5,229,0.005489103398256628,0.10477693828564211,0.07586610898447724,0.10376112662941465
0.1,5,230,0.005489090687493602,0.10477681697296977,0.07585805728368049,0.10375457356253213
0.1,5,231,0.005489085990932107,0.10477677214852638,0.0758482278906761,0.10374997373497945
0.1,5,232,0.00548906903690579,0.10477661033747743,0.07584765929624683,0.10375058876027893
0.1,5,233,0.005489053486304265,0.10477646192064576,0.0758419519330782,0.10374803854924501
0.1,5,234,0.005489046460565344,0.10477639486607032,0.07583791738652887,0.10374594460580047
0.1,5,235,0.005489041189753459,0.10477634456072095,0.07583425085126547,0.10374178635051433
0.1,5,236,0.005489027306668103,0.1047762120585403,0.0758367629708706,0.10374323634568379
0.1,5,237,0.005489007903775558,0.10477602687423834,0.07583682628888565,0.10374520139962047
0.1,5,238,0.0054889899393723235,0.10477585541881607,0.07584263852739288,0.10374978678391912
0.1,5,239,0.005488978326441708,0.10477574458281562,0.07584313941254099,0.10375136155347503
0.1,5,240,0.005488967198363441,0.10477563837422744,0.07584065550809617,0.10375121572519791
0.1,5,241,0.005488956699436163,0.10477553817028251,0.07584032852022435,0.1037558170318443
0.1,5,242,0.005488947769947983,0.10477545294531523,0.07584203725995646,0.10375628395297223
0.1,5,243,0.005488938729043348,0.10477536665689458,0.0758388595559102,0.10375508541087082
0.1,5,244,0.0054889337439923795,0.10477531907842018,0.07583587986792938,0.1037544355234302
0.1,5,245,0.005488932875876118,0.10477531079291647,0.0758383702662658,0.10375412246821618
0.1,5,246,0.005488922819090774,0.10477521480856791,0.07583244497179088,0.103752594232053
0.1,5,247,0.005488917437192105,0.10477516344241229,0.07582979108770176,0.10375178315691962
0.1,5,248,0.005488914752515373,0.10477513781919233,0.07583213385862587,0.10375502310217484
0.1,5,249,0.005488909723037568,0.10477508981659303,0.07582983674620056,0.10375400286340163
0.1,5,250,0.005488897692329367,0.10477497499240329,0.07583149845241635,0.10375803169835318
0.1,5,251,0.005488894155588375,0.10477494123680886,0.07583047024033035,0.10375737373380015
0.1,5,252,0.005488886965378088,0.10477487261150059,0.07582638655129707,0.10375564648601003
0.1,5,253,0.005488878129704872,0.10477478828138831,0.07582623304686682,0.10375598852427093
0.1,5,254,0.0054888719823020255,0.10477472960883293,0.07582945254317655,0.10375827542383242
0.1,5,255,0.005488870899686122,0.10477471927603646,0.07582672746042785,0.10375849535806052
0.1,5,256,0.005488868591902647,0.10477469724988611,0.07582146783254011,0.10375588439377403
0.1,5,257,0.005488867559142027,0.10477468739291973,0.07581679782778583,0.10375229282236727
0.1,5,258,0.005488860381342031,0.10477461888589269,0.0758199086648374,0.10375435213405401
0.1,5,259,0.005488849916612952,0.1047745190073708,0.07582081195856755,0.10375580168766022
0.1,5,260,0.005488846379414175,0.10477448524726023,0.07582929250545223,0.1037611574190225
0.1,5,261,0.005488843842629086,0.10477446103539818,0.07582860418257932,0.10376027625689763
0.1,5,262,0.005488849161590772,0.10477451180120832,0.07583757548207759,0.10377106025455245
0.1,5,263,0.005488846170569442,0.10477448325398166,0.07583669622876277,0.10377167715936593
0.1,5,264,0.005488835758287299,0.10477438387590068,0.07583005625058888,0.10376801517336401
0.1,5,265,0.00548882882513913,0.10477431770371144,0.07582686276198698,0.10376671716190615
0.1,5,266,0.005488820027508248,0.10477423373624116,0.07582244051742809,0.10376224978098106
0.1,5,267,0.005488819734104751,0.10477423093590094,0.07582394618171819,0.10376562132051355
0.1,5,268,0.005488816490076151,0.1047741999738118,0.0758245829743607,0.10376421320613423
0.1,5,269,0.005488812489357449,0.10477416178960773,0.07582330280918148,0.10376343630796901
0.1,5,270,0.005488809990574792,0.10477413794037908,0.07582126449149862,0.10376509152786241
0.1,5,271,0.005488806087116434,0.10477410068443856,0.07582179013544978,0.10376821309774474
0.1,5,272,0.005488801557662553,0.10477405745376622,0.07581593075124733,0.10376402059741968
0.1,5,273,0.005488796993891455,0.10477401389554049,0.07581075446699682,0.10376190420661908
0.1,5,274,0.0054887955041608575,0.10477399967702729,0.07580623820451349,0.10376027667126907
0.1,5,275,0.0054887934847077735,0.10477398040265315,0.07580656029154693,0.10376159708698676
0.1,5,276,0.005488793005983165,0.10477397583353573,0.0758110270132028,0.10376350719761657
0.1,5,277,0.005488790802981405,0.10477395480730319,0.07581063134210238,0.10376123158394561
0.1,5,278,0.005488785086180186,0.10477390024409883,0.07580713362290524,0.10375976370810772
0.1,5,279,0.005488781314564279,0.10477386424642625,0.07580510207145293,0.10375868298393613
0.1,5,280,0.00548877919904371,0.1047738440551239,0.07579695175513139,0.1037534037264586
0.1,5,281,0.0054887784422413925,0.10477383683192472,0.07579301970740229,0.10375024079676663
0.1,5,282,0.005488782960137714,0.10477387995237854,0.07579041147382151,0.10375095622805061
0.1,5,283,0.005488777101110521,0.10477382403167808,0.0757939137427182,0.10375115629366453
0.1,5,284,0.005488774444165841,0.10477379867281554,0.07579357217689213,0.1037509385975512
0.1,5,285,0.005488770132743876,0.10477375752299692,0.07579315423643382,0.1037489711441612
0.1,5,286,0.00548877081728923,0.10477376405655406,0.07579260075718357,0.10374581893511661
0.1,5,287,0.005488765286203115,0.1047737112657857,0.07579638293520434,0.1037481189331991
0.1,5,288,0.005488762974970214,0.10477368920650083,0.07579272906818092,0.1037480220254036
0.1,5,289,0.005488760932450375,0.10477366971191164,0.07579708582457416,0.10374971775157185
0.1,5,290,0.005488762938036997,0.10477368885399614,0.07579214414760994,0.1037454807872842
0.1,5,291,0.005488761860909269,0.10477367857347826,0.07579471389032423,0.1037480348173056
0.1,5,292,0.005488758711032105,0.1047736485098434,0.07579567980837759,0.1037512208060018
0.1,5,293,0.0054887577146192825,0.10477363899969575,0.07580402889296764,0.10375716494169626
0.1,5,294,0.005488755811893482,0.10477362083934565,0.07579790205420799,0.10375338480998321
0.1,5,295,0.005488754797481373,0.1047736111574033,0.07579956905991139,0.10375742127857937
0.1,5,296,0.00548875420171487,0.10477360547117646,0.07580270542573818,0.10375760516491644
0.1,5,297,0.005488754448483677,0.10477360782643381,0.07580023110515455,0.10375507279427076
0.1,5,298,0.005488756032288799,0.10477362294288385,0.0758048947355846,0.10375746186692736
0.1,5,299,0.0054887554285869816,0.10477361718091995,0.07580384240850821,0.10375657067707793
0.1,5,300,0.005488751607834672,0.1047735807141731,0.07580093138668695,0.10375558174728812
0.2,1,1,0.029620363651792693,0.24339418091561965,0.2065227424334805,0.2432647589374435
0.2,1,2,0.01802646552138245,0.18987609392118035,0.1612690642849906,0.1902191039840058
0.2,1,3,0.01368043874711462,0.16541123750891062,0.13933884171684863,0.1656618443334014
0.2,1,4,0.011453530976134912,0.15135079105267282,0.12608311948513176,0.15161863267103123
0.2,1,5,0.010107526920168702,0.14217965339786634,0.11730576005824574,0.14257174145279083
0.2,1,6,0.009196326033685963,0.13561951211891277,0.11094494000995482,0.13617027641243873
0.2,1,7,0.0085411443326927,0.13069922978114829,0.10617592649619141,0.13141558117382998
0.2,1,8,0.008050439993536999,0.12688924299196522,0.1024140612420646,0.1277669263623121
0.2,1,9,0.007666368285124875,0.123825427801602,0.09938287494511323,0.12485490217663082
0.2,1,10,0.007361483807995868,0.12133823641371971,0.09689542535225742,0.12250745679504779
0.2,1,11,0.007112360441125467,0.11926743429055114,0.09489565832870124,0.12055506176178206
0.2,1,12,0.006905523883283316,0.1175204142545738,0.09321126192853742,0.11892251930712694
0.2,1,13,0.006731811141384772,0.11603285001571556,0.0917603953670442,0.11752758657837345
0.2,1,14,0.006584407324830066,0.11475545586010337,0.09050645179490817,0.11633677026403137
0.2,1,15,0.006456268231617247,0.11363334221624609,0.0893530911617255,0.11529214056037505
0.2,1,16,0.006346649376491083,0.11266454079692584,0.08835253969157186,0.1143942932006736
0.2,1,17,0.00625001864316366,0.11180356562439017,0.08743618393504457,0.1135935635281391
0.2,1,18,0.006165823804624619,0.1110479518462598,0.08661990939140227,0.11290091036049095
0.2,1,19,0.006091818136994598,0.11037951020904738,0.08587451855684951,0.1122816095896528
0.2,1,20,0.006026513719580407,0.10978628074199806,0.08519578381456541,0.11172188477095918
0.2,1,21,0.005968780955700808,0.10925915024107416,0.08457701179560209,0.11123367000133734
0.2,1,22,0.00591746658810106,0.10878847906006463,0.0840309627122425,0.11079494609035212
0.2,1,23,0.00587130117489978,0.10836328875500023,0.08353316014678906,0.11040703470847686
0.2,1,24,0.005830245695705089,0.1079837552199875,0.08307745524349308,0.11005534407559808
0.2,1,25,0.005793221273906267,0.10764033885032383,0.0826860523901806,0.10974813995186496
0.2,1,26,0.005760180483914304,0.10733294446640607,0.08231967160644757,0.10946752557706657
0.2,1,27,0.005730164168391462,0.10705292306510329,0.08197239366308057,0.10920777841309738
0.2,1,28,0.00570312025820611,0.10680000241766018,0.08165442364246284,0.10897739321412317
0.2,1,29,0.005678412163307753,0.10656840210219681,0.08136120436830237,0.10876300707398791
0.2,1,30,0.005656441508658453,0.1063620374819743,0.08108531361537706,0.10857597319101185
0.2,1,31,0.005636206309120587,0.10617161870406411,0.08083899642777882,0.1084020974068851
0.2,1,32,0.005617855200615612,0.10599863395926962,0.08061363134714289,0.10824930979508159
0.2,1,33,0.005601155610739155,0.10584097137440826,0.0803961167303169,0.10810315600395393
0.2,1,34,0.005585874228365297,0.10569649216852277,0.08019526642425558,0.10797256806120487
0.2,1,35,0.005571888449828866,0.10556408906279507,0.08001197858237828,0.1078528007789601
0.2,1,36,0.005559366950402805,0.10544540720584092,0.07985295847186254,0.10774507370911975
0.2,1,37,0.0055478300912495575,0.10533593965261388,0.07969688958873118,0.10764738977920757
0.2,1,38,0.005537256595437617,0.10523551297387794,0.07955140304838176,0.10755686553763993
0.2,1,39,0.005527477659127915,0.10514254761159171,0.0794176248760017,0.10747672447106306
0.2,1,40,0.005518638865836415,0.10505844912082431,0.07929396020514194,0.10739774434855845
0.2,1,41,0.00551059314160543,0.10498183787308574,0.07917529683005042,0.10732856399214212
0.2,1,42,0.005502979898633606,0.10490929318829297,0.07907045562753955,0.10727029456741823
0.2,1,43,0.005495992273426857,0.10484266567983529,0.07896913503895936,0.10721633240022282
0.2,1,44,0.005489629806028173,0.10478196224568591,0.07884806697685107,0.10715554985618139
0.2,1,45,0.005483822366793025,0.10472652354387617,0.07875366393193317,0.10710542223189612
0.2,1,46,0.005478564539343729,0.10467630619527735,0.07867320335153882,0.10706082411463695
0.2,1,47,0.005473744446187794,0.10463024845796548,0.07859835770314906,0.107020775664687
0.2,1,48,0.005469118476523509,0.10458602656687468,0.07852664829555298,0.10698481340809414
0.2,1,49,0.005464920347452494,0.10454587842141357,0.07845294029943801,0.10694652267736868
0.2,1,50,0.0054609006421225065,0.1045074221490752,0.07838695210888359,0.10691902590261171
0.2,1,51,0.005457288103774912,0.1044728491405773,0.07832866050299832,0.10689644827809806
0.2,1,52,0.005453906774762444,0.10444047850103373,0.07826231503946876,0.10686910897290039
0.2,1,53,0.005450834455083172,0.10441105741331397,0.07821330750352512,0.10684155874288404
0.2,1,54,0.005448095922320755,0.10438482573938375,0.07815272291991573,0.10681972596166142
0.2,1,55,0.00544560078756415,0.10436091976946303,0.07809694263797456,0.10680115719311498
0.2,1,56,0.0054431742588099,0.10433766586242861,0.07805945345283943,0.10678369478676183
0.2,1,57,0.0054409618637978364,0.10431645952387222,0.07803144729694912,0.10676813049857446
0.2,1,58,0.005438809424293326,0.10429582373511728,0.07799479664205138,0.1067546064019432
0.2,1,59,0.005436893753638533,0.10427745445338156,0.07794176687629101,0.10673558203343997
0.2,1,60,0.005435114613262778,0.10426039145584269,0.07790317587505952,0.10672766191304103
0.2,1,61,0.005433476117515036,0.10424467485214807,0.07786327523230423,0.10671593945459847
0.2,1,62,0.0054319651441422385,0.10423017935456351,0.07783242286222622,0.10670262404051507
0.2,1,63,0.005430539609226992,0.10421650166098449,0.07778967760563558,0.1066915480823828
0.2,1,64,0.005429229414725661,0.10420392904997067,0.07775707039209195,0.10667822544792631
0.2,1,65,0.005427958567252253,0.10419173256311898,0.0777194807179223,0.1066684063380401
0.2,1,66,0.0054268430210308504,0.10418102534560553,0.07769372963099716,0.10665958258633468
0.2,1,67,0.005425811899547476,0.10417112747347487,0.07766309103763376,0.10665312714727813
0.2,1,68,0.005424885818089679,0.10416223709281286,0.07763051292840872,0.10664780117977998
0.2,1,69,0.005424013574961932,0.1041538628660688,0.0775998879926473,0.1066414588217647
0.2,1,70,0.005423145697586169,0.10414552988569571,0.0775731115947349,0.10663335881689337
0.2,1,71,0.005422421522973758,0.10413857616631561,0.077551944930029,0.10662452763142417
0.2,1,72,0.005421666345435406,0.10413132425389976,0.07751794645323168,0.10661661866305161
0.2,1,73,0.005421035061599283,0.10412526169570267,0.07751007997858421,0.10661461948263681
0.2,1,74,0.00542042022416235,0.10411935674179273,0.0774882272996783,0.10660892580562113
0.2,1,75,0.005419806262107376,0.10411345986093609,0.07746986651763937,0.10660753537600876
0.2,1,76,0.005419327856210614,0.10410886471584074,0.07745407559422285,0.10660591997978064
0.2,1,77,0.0054187863449924505,0.1041036631919593,0.07743354926227554,0.10660101429425443
0.2,1,78,0.005418368445072564,0.10409964884736704,0.07742705403546295,0.1065999203322998
0.2,1,79,0.005417937859908662,0.10409551248645316,0.07741037684933706,0.10660170344739567
0.2,1,80,0.005417552020208893,0.1040918058274415,0.07739574322712746,0.10660247808782317
0.2,1,81,0.005417167431138807,0.10408811105153946,0.07737439444092466,0.1065968130405836
0.2,1,82,0.005416810852579967,0.10408468525753409,0.07736488959313048,0.10659674565964482
0.2,1,83,0.005416465795973022,0.10408137005221466,0.07736286897861268,0.10659671420934337
0.2,1,84,0.0054162148655272436,0.10407895911784709,0.07734703386312343,0.10659237324987715
0.2,1,85,0.005415918278559179,0.10407610944457117,0.07733249757942841,0.10658930168853978
0.2,1,86,0.005415634011777075,0.10407337807313717,0.07732111397006695,0.1065877904271186
0.2,1,87,0.005415381625989806,0.10407095296949871,0.07730903888543363,0.10658529590774428
0.2,1,88,0.005415139719931386,0.10406862850956945,0.07729907870358672,0.10658489475195135
0.2,1,89,0.005414973367677875,0.10406703001121802,0.07730163787584339,0.10659096206950286
0.2,1,90,0.005414785776308964,0.10406522739425465,0.0772775851767353,0.10659040132175299
0.2,1,91,0.005414608433021717,0.10406352322520813,0.07727102622320955,0.10659333382053836
0.2,1,92,0.005414428415007416,0.10406179332499912,0.07726301926703745,0.10659229129065996
0.2,1,93,0.00541428770537017,0.10406044114234929,0.07724475214295837,0.10658840149082112
0.2,1,94,0.005414147156998355,0.10405909049187731,0.07723787350349057,0.10658544307878516
0.2,1,95,0.005414015822797117,0.1040578283724691,0.07722894267934981,0.10658349716725295
0.2,1,96,0.00541389142747873,0.10405663292148877,0.07723652646823366,0.10658330201843601
0.2,1,97,0.005413755515153166,0.10405532677526091,0.077237707602199,0.10658337033495745
0.2,1,98,0.005413652303735641,0.10405433488073086,0.07723494787116895,0.10658538950088904
0.2,1,99,0.005413542856327277,0.10405328304601712,0.0772194767779533,0.10658644033954606
0.2,1,100,0.005413431339549006,0.10405221131286933,0.07720847337744126,0.10658426337527929
0.2,1,101,0.00541334388932863,0.10405137086390193,0.07720249409671438,0.10658485518539643
0.2,1,102,0.005413241901631526,0.10405039069250557,0.07719752051740256,0.10658710777309853
0.2,1,103,0.0054131765238861545,0.10404976236288245,0.07719382366861785,0.10658484924953009
0.2,1,104,0.005413122745333943,0.10404924550744174,0.07720925559580409,0.10659111207142034
0.2,1,105,0.005413070895587712,0.10404874718695764,0.07720700382302581,0.10659517486440498
0.2,1,106,0.005413005477733386,0.10404811846192497,0.07719730053498902,0.10659350685434842
0.2,1,107,0.005412953488613459,0.10404761879652469,0.07719403664247297,0.1065932524362574
0.2,1,108,0.005412885578219382,0.1040469661087663,0.07718257257494737,0.10659469802292301
0.2,1,109,0.005412813415337097,0.10404627254579664,0.0771683614901267,0.10658916386893671
0.2,1,110,0.005412764061647774,0.10404579820105928,0.07716232568452819,0.10659075199478951
0.2,1,111,0.005412722965819807,0.10404540322205308,0.07716400086355352,0.10659334638118602
0.2,1,112,0.005412673373629508,0.10404492658106408,0.0771735740618281,0.10659497687612562
0.2,1,113,0.005412631153714175,0.1040445207948422,0.07717019456305603,0.10659615337713246
0.2,1,114,0.005412582472981843,0.10404405291011921,0.07715067048177299,0.1065929006754207
0.2,1,115,0.00541255345585509,0.10404377401704622,0.07715239371727918,0.10659253261344734
0.2,1,116,0.005412530387275408,0.10404355229686661,0.07714952372923758,0.10659469373043676
0.2,1,117,0.005412514996865758,0.1040434043739992,0.07714790412991937,0.10659413327278622
0.2,1,118,0.00541248912131253,0.10404315567410025,0.07715287577399875,0.1065942164249725
0.2,1,119,0.005412468422077086,0.10404295672535538,0.07715534211220157,0.10659328359444309
0.2,1,120,0.0054124493522407285,0.10404277343708912,0.07714908836757682,0.10659188893275216
0.2,1,121,0.00541241172036297,0.10404241174024148,0.07713184046156123,0.1065903566209433
0.2,1,122,0.00541241994651539,0.1040424908055876,0.07710954174455904,0.10659373072958242
0.2,1,123,0.005412377929274132,0.10404208695786654,0.07711446792953733,0.10659654120036839
0.2,1,124,0.0054123546290271544,0.10404186300741788,0.07712150683798415,0.10659756145973884
0.2,1,125,0.005412341232470384,0.10404173424612245,0.07711024616929327,0.1065940537161522
0.2,1,126,0.005412313332717053,0.10404146608652776,0.07711886946972851,0.106598052304343
0.2,1,127,0.005412302066725256,0.10404135780280126,0.07710809041983524,0.10659527616729371
0.2,1,128,0.005412292017816399,0.10404126121704214,0.07711174578897725,0.10659863142229088
0.2,1,129,0.0054122806552746785,0.10404115200510497,0.07710383622173478,0.10659847508192175
0.2,1,130,0.005412266552886195,0.10404101645876203,0.07710120724777722,0.10659915290600884
0.2,1,131,0.005412264200690113,0.10404099385040604,0.07710870624418009,0.10659925471320073
0.2,1,132,0.00541225710814337,0.10404092567968982,0.07709977925014447,0.1065987348997304
0.2,1,133,0.0054122695440997496,0.10404104520908802,0.07709004594569249,0.10659917135398236
0.2,1,134,0.005412239185423216,0.10404075341348905,0.07708862611903314,0.10659554963868687
0.2,1,135,0.005412234438065566,0.1040407077836898,0.07708184080355734,0.10659481083078465
0.2,1,136,0.005412211302304155,0.10404048541124897,0.07709542604666554,0.10659722063547213
0.2,1,137,0.0054122029714311235,0.10404040533784097,0.07709497177622732,0.10659646396427988
0.2,1,138,0.005412194372071851,0.10404032268377345,0.07710218269214138,0.1065969325069329
0.2,1,139,0.005412199338897652,0.10404037042319343,0.07710374841946527,0.10660190843352572
0.2,1,140,0.005412201499897914,0.10404039119397729,0.07710878503090694,0.10660547963011217
0.2,1,141,0.005412221412046511,0.10404058258243762,0.07711830012319144,0.10660383292795153
0.2,1,142,0.005412180929465896,0.10404019347796212,0.07710698366936682,0.1066005548203658
0.2,1,143,0.00541215790365538,0.10403997216123599,0.07710151958485471,0.10660033413682922
0.2,1,144,0.005412158459920478,0.10403997750788374,0.07709711124081889,0.10660073699528656
0.2,1,145,0.0054121710875966005,0.10404009888111987,0.07710168423604898,0.10660301546045589
0.2,1,146,0.005412191022174547,0.10404029048570124,0.07711494195253144,0.10660739652739107
0.2,1,147,0.005412170162569728,0.10404008999005843,0.07710419796089818,0.10660709324720567
0.2,1,148,0.005412166598229382,0.10404005573075575,0.07710853296457827,0.10660591408811847
0.2,1,149,0.005412144163224218,0.10403984009238208,0.07710272513137822,0.10660449753803598
0.2,1,150,0.005412136356804815,0.10403976505937348,0.0770921407005073,0.10660424077358933
0.2,1,151,0.00541213600641401,0.10403976169151878,0.077096036320703,0.1066062418329595
0.2,1,152,0.0054121327503678296,0.104039730395343,0.07708621297887151,0.10660627997393646
0.2,1,153,0.005412130586094441,0.10403970959296686,0.07708042022592941,0.10660199191509583
0.2,1,154,0.005412126612179707,0.10403967139682542,0.07707909621875535,0.10660189489114592
0.2,1,155,0.005412115352558139,0.10403956317245992,0.07707835744779715,0.1065969783814947
0.2,1,156,0.0054121123829727205,0.10403953462960819,0.07707105382904572,0.10659758348964439
0.2,1,157,0.0054121087347915415,0.10403949956426685,0.07707122034325316,0.10659351511460013
0.2,1,158,0.005412106434269653,0.10403947745225994,0.07707631467242147,0.10659526278784634
0.2,1,159,0.005412106158220809,0.10403947479895127,0.07707904751999045,0.10659714366193378
0.2,1,160,0.005412104028961914,0.10403945433307418,0.0770747708907946,0.10659684234052534
0.2,1,161,0.005412112482048643,0.10403953558189928,0.07706853135953054,0.10659523516511281
0.2,1,162,0.005412124623876259,0.10403965228581129,0.07706048859737621,0.10659459287745969
0.2,1,163,0.005412124266288827,0.10403964884878097,0.0770572209687712,0.10659240855001041
0.2,1,164,0.0054121300938103885,0.10403970486127292,0.07705591797791067,0.10658945176839427
0.2,1,165,0.005412123598511754,0.10403964243029436,0.0770522268553811,0.10659155229350119
0.2,1,166,0.0054121098231069515,0.10403951002486461,0.07705749465866234,0.10659027780820786
0.2,1,167,0.005412108403556389,0.10403949638052262,0.07705236048066084,0.10659116174661161
0.2,1,168,0.0054121192301903485,0.10403960044319997,0.07704964119086069,0.10658736665138005
0.2,1,169,0.005412105460553699,0.10403946809315875,0.07705496744168654,0.10659173636854122
0.2,1,170,0.005412120013832394,0.10403960797535133,0.07704413031922122,0.10659069215340983
0.2,1,171,0.0054121017424732555,0.10403943235594142,0.07705480042804368,0.1065939226912963
0.2,1,172,0.005412105522670027,0.10403946869020456,0.07705809239542241,0.10659201897999379
0.2,1,173,0.005412114645709643,0.10403955637842409,0.0770746979606437,0.10659430665838701
0.2,1,174,0.005412095833933405,0.1040393755645756,0.07706754603235953,0.10660007426913008
0.2,1,175,0.00541209748353752,0.10403939142014933,0.07706168284416845,0.10660083201895892
0.2,1,176,0.0054120985004032385,0.10403940119400187,0.077070637346873,0.10660634170389423
0.2,1,177,0.005412100228988105,0.10403941780871426,0.07705787322451901,0.10660222569547588
0.2,1,178,0.005412094827127224,0.10403936588741036,0.07706201188302703,0.10660493294423472
0.2,1,179,0.005412094410974157,0.10403936188745255,0.07707122774236976,0.10660598790790295
0.2,1,180,0.005412095211186559,0.10403936957889123,0.07706660525774738,0.10660666551191741
0.2,1,181,0.0054121010246430765,0.10403942545634397,0.07706168243661045,0.10660660461367413
0.2,1,182,0.005412102571062564,0.10403944032012633,0.0770750997482979,0.10660600528814083
0.2,1,183,0.005412113533429538,0.10403954568748883,0.07707592316066332,0.10660542743213557
0.2,1,184,0.0054121213637386,0.10403962095027644,0.07707658076503078,0.10660662396969874
0.2,1,185,0.005412114786889827,0.10403955773540972,0.07707345425790114,0.10660607408127028
0.2,1,186,0.0054121393838168115,0.10403979415412942,0.07705636793495926,0.10660687489712713
0.2,1,187,0.005412157232763052,0.10403996571282645,0.07705198606850934,0.10660837772483255
0.2,1,188,0.0054121389991519915,0.10403979045684388,0.07705408008731233,0.10660373241488692
0.2,1,189,0.005412133486602429,0.10403973747181823,0.07706223852682022,0.10660612992322124
0.2,1,190,0.005412109175992139,0.10403950380496957,0.07707189352874058,0.10660829210024636
0.2,1,191,0.0054121158655175495,0.10403956810288621,0.07707538456849261,0.10661012334603419
0.2,1,192,0.0054121160765563045,0.10403957013133325,0.07707653893215151,0.10661126512448828
0.2,1,193,0.005412112717740184,0.10403953784730288,0.07707760199554911,0.1066088616119019
0.2,1,194,0.005412114786547206,0.10403955773211654,0.07707498418336496,0.10660838268663315
0.2,1,195,0.0054121021720382086,0.1040394364848081,0.07706802663846943,0.10660705884029158
0.2,1,196,0.005412098595911154,0.10403940211199941,0.07705993219844415,0.10660350026960606
0.2,1,197,0.005412108220477116,0.10403949462081327,0.07706862623869187,0.10660444874917852
0.2,1,198,0.005412122416196151,0.10403963106620621,0.07707253200948562,0.10660366641155647
0.2,1,199,0.005412135864720877,0.10403976032960549,0.0770763030957278,0.10660561375671875
0.2,1,200,0.005412157838949781,0.1040399715393058,0.07707989239358809,0.10660704617472519
0.2,1,201,0.005412139522957727,0.1040397954915111,0.07707655443055464,0.1066078055582608
0.2,1,202,0.005412115055058826,0.10403956031297736,0.0770612702459691,0.10660668250438883
0.2,1,203,0.005412110724094325,0.10403951868491439,0.07705285956784133,0.10660480334369364
0.2,1,204,0.005412111224655646,0.10403952349617569,0.07704964437793539,0.10660477044470225
0.2,1,205,0.005412099760633982,0.10403941330701535,0.07704697193807834,0.10660122996136077
0.2,1,206,0.005412096859039686,0.10403938541763581,0.07705405662461008,0.10660240236115996
0.2,1,207,0.005412091953319665,0.10403933826509726,0.07705527370131043,0.10659906826781579
0.2,1,208,0.005412086848798741,0.10403928920171207,0.07705523618344422,0.10659797854238451
0.2,1,209,0.005412106654084331,0.1040394795650606,0.0770634178709444,0.10659566806485472
0.2,1,210,0.005412119688458884,0.1040396048479509,0.077070749230764,0.10659688838337471
0.2,1,211,0.0054121004126419184,0.10403941957394724,0.07706794823275366,0.10660068594976992
0.2,1,212,0.005412098592315676,0.1040394020774406,0.07706317399676423,0.10659957437135434
0.2,1,213,0.005412106684766327,0.10403947985996784,0.07706276384695201,0.10660100797109702
0.2,1,214,0.005412095448780739,0.10403937186258612,0.07705855658095279,0.10660091327480213
0.2,1,215,0.005412091709416677,0.10403933592076295,0.07705590285960415,0.10660154652760145
0.2,1,216,0.0054121024850194354,0.10403943949310218,0.07706661294219387,0.10660629436119723
0.2,1,217,0.005412091656028086,0.1040393354076052,0.07705805365673517,0.10660174350194133
0.2,1,218,0.005412090478456328,0.10403932408908016,0.07704959950091596,0.1065987068832305
0.2,1,219,0.005412087453681239,0.10403929501569337,0.07704546580189929,0.10659906938338652
0.2,1,220,0.005412100991265966,0.10403942513553183,0.07703404036653469,0.10659707363910813
0.2,1,221,0.005412091383400049,0.10403933278717284,0.0770445419450147,0.10660045592495683
0.2,1,222,0.005412092678174601,0.10403934523222069,0.07704109446274313,0.10660228011561712
0.2,1,223,0.005412110333377868,0.10403951492945233,0.07703344490039327,0.10660418755570822
0.2,1,224,0.005412098458962827,0.10403940079568727,0.07704080509509405,0.10660460500598229
0.2,1,225,0.005412116964731135,0.10403957866822736,0.07702472878869329,0.10660107748807897
0.2,1,226,0.005412108478825455,0.10403949710398887,0.07702985908989947,0.10660104241490398
0.2,1,227,0.005412092075557111,0.1040393394400129,0.07704057533527071,0.10660106588479007
0.2,1,228,0.005412104079212449,0.10403945481606917,0.07703351528582049,0.10659785277143613
0.2,1,229,0.005412090019618253,0.10403931967884308,0.07704138975753094,0.10660267591810935
0.2,1,230,0.005412102720601727,0.1040394417574578,0.07703979272712781,0.10660614716578075
0.2,1,231,0.005412093669019434,0.1040393547559714,0.07704472627648341,0.10660650056532393
0.2,1,232,0.005412087886082997,0.10403929917183215,0.07704438580715679,0.10660366327075474
0.2,1,233,0.005412092118965822,0.10403933985724652,0.07704178755897428,0.10660418060848185
0.2,1,234,0.005412102351257182,0.10403943820741424,0.07704357049354438,0.10660965948852048
0.2,1,235,0.005412098187847081,0.10403939818979233,0.07704508594516897,0.10660763424961332
0.2,1,236,0.005412100550243364,0.10403942089653676,0.07703174152513795,0.10659862968802797
0.2,1,237,0.005412087660026431,0.10403929699903236,0.07704469116639345,0.10660039636289242
0.2,1,238,0.005412088979662688,0.104039309683049,0.07704747306362122,0.10659922998251237
0.2,1,239,0.00541209856905271,0.10403940185384296,0.07705855778687687,0.10660054330067141
0.2,1,240,0.005412094970521371,0.10403936726567853,0.07703917507354868,0.10659979757858716
0.2,1,241,0.00541210454020218,0.10403945924698167,0.07703414431013973,0.10659966177251497
0.2,1,242,0.0054120923139517356,0.10403934173140213,0.07704304546866379,0.10660285865714003
0.2,1,243,0.005412096982460166,0.10403938660392194,0.07704283092389902,0.10660122569085052
0.2,1,244,0.005412093870520158,0.10403935669274544,0.07704711571812946,0.10659739688519176
0.2,1,245,0.0054120939643034285,0.10403935759416653,0.0770449824357991,0.10660202866714327
0.2,1,246,0.0054121036773091815,0.10403945095308012,0.07706807979275705,0.10660806285733072
0.2,1,247,0.005412101542811003,0.10403943043683969,0.07705995156095163,0.10661061351774115
0.2,1,248,0.005412097091726006,0.10403938765415727,0.07704742875939448,0.10660585693512227
0.2,1,249,0.00541215844702006,0.10403997738388893,0.07703624097722286,0.10660010027911822
0.2,1,250,0.005412165850488387,0.10404004854370635,0.07703245166403372,0.1065964212964906
0.2,1,251,0.0054121152936800745,0.10403956260653996,0.07704013418267466,0.10660153318533942
0.2,1,252,0.005412108780485405,0.10403950000346412,0.07704514419029791,0.106603365862468
0.2,1,253,0.005412107152776566,0.10403948435835854,0.0770480205704283,0.10660373013123907
0.2,1,254,0.005412097690123588,0.1040393934058017,0.07706509206827926,0.10660420762470937
0.2,1,255,0.005412106425441338,0.10403947736740451,0.07706483750994471,0.1066106366944097
0.2,1,256,0.00541209664650765,0.10403938337483215,0.07706515424639161,0.10660749007790268
0.2,1,257,0.005412102060070281,0.10403943540860149,0.07705552625024593,0.1066078191788338
0.2,1,258,0.005412098193378,0.10403939824295409,0.0770614004420994,0.10660679708928572
0.2,1,259,0.005412096023223287,0.10403937738398175,0.07706073443078947,0.10660348719909504
0.2,1,260,0.005412095872056957,0.10403937593100947,0.07705636345164672,0.10660060130487793
0.2,1,261,0.005412142276619734,0.10403982195889931,0.07706785093656862,0.10660227252862724
0.2,1,262,0.005412149923504697,0.10403989545847013,0.07707186621203929,0.10660139178305797
0.2,1,263,0.005412144868146716,0.10403984686788727,0.07706735718853673,0.10659735558333179
0.2,1,264,0.005412119249207428,0.10403960062598691,0.07705793142093609,0.10659542340958253
0.2,1,265,0.00541210872717523,0.1040394994910609,0.07704624101220751,0.10659326288161945
0.2,1,266,0.005412111455804353,0.10403952571791504,0.07705486752038228,0.10659384912695663
0.2,1,267,0.005412097772201414,0.10403939419471275,0.07704423003003931,0.1065941040281
0.2,1,268,0.005412106107607283,0.1040394743124674,0.07704030489330468,0.10659449534147124
0.2,1,269,0.005412093605657269,0.10403935414695027,0.07704794011351104,0.10659670012069142
0.2,1,270,0.005412091808135525,0.10403933686962374,0.07705240482843297,0.10659976277637734
0.2,1,271,0.005412092516611791,0.1040393436793196,0.07705258654903573,0.10660054994098749
0.2,1,272,0.00541209384804961,0.10403935647676422,0.07705107793207022,0.10660069856208339
0.2,1,273,0.005412097503813277,0.10403939161503471,0.07705179674480436,0.10659874901411477
0.2,1,274,0.0054121106095538,0.10403951758398153,0.07705267942536122,0.10660072212228609
0.2,1,275,0.005412109460122473,0.10403950653595463,0.07705786631062322,0.10660140502274057
0.2,1,276,0.0054121057300450925,0.1040394706834391,0.07705905979896048,0.1066071628919006
0.2,1,277,0.005412098842751186,0.10403940448456235,0.07705740059759551,0.10660534711528565
0.2,1,278,0.0054120951367298085,0.10403936886323185,0.07705314083983578,0.10660203723371146
0.2,1,279,0.005412090057852268,0.1040393200463389,0.07704913189514058,0.10660247898441559
0.2,1,280,0.005412097660305696,0.10403939311919977,0.07705560444977022,0.10660483098984294
0.2,1,281,0.005412091322007475,0.1040393321970828,0.07704967725806187,0.10660273647083164
0.2,1,282,0.005412094043762888,0.10403935835791077,0.07705009950565092,0.10660660509548908
0.2,1,283,0.005412099943078745,0.10403941506062733,0.0770439912189891,0.10660560434109319
0.2,1,284,0.005412102985749695,0.10403944430599094,0.07704838528843548,0.10660954846423377
0.2,1,285,0.005412099608355582,0.10403941184335465,0.07705202452582725,0.10660947307747218
0.2,1,286,0.0054121045847296744,0.10403945967496828,0.077054662710194,0.10660661540636526
0.2,1,287,0.005412089794959579,0.10403931751947991,0.07705263941592998,0.10659985893282029
0.2,1,288,0.00541208896665446,0.10403930955801716,0.07705216224167198,0.10659689234776813
0.2,1,289,0.005412089013088193,0.10403931000432666,0.077047974942581,0.10659597837237408
0.2,1,290,0.005412087495340687,0.10403929541611369,0.07705140204593758,0.10660027292923875
0.2,1,291,0.005412092528548381,0.10403934379405111,0.07704861645760563,0.10659542895475972
0.2,1,292,0.0054120881110647275,0.10403930133430085,0.07704566364241797,0.10659797990783872
0.2,1,293,0.005412100816508434,0.10403942345580769,0.07704169838649873,0.10659429155137605
0.2,1,294,0.005412124551118461,0.1040396515864837,0.07703474049996036,0.10658927470685693
0.2,1,295,0.005412121588999989,0.10403962311542646,0.07703213982564018,0.10659014436117692
0.2,1,296,0.0054121301144705114,0.10403970505985213,0.07703672070157884,0.10658971300852133
0.2,1,297,0.00541211502532561,0.10403956002718975,0.07704388689063667,0.10659215988358371
0.2,1,298,0.005412123839834127,0.10403964474981763,0.07704151610202302,0.10659357631262635
0.2,1,299,0.0054121239467173525,0.10403964577714932,0.0770439006064671,0.10659486491787064
0.2,1,300,0.005412112461744296,0.10403953538673937,0.07704843413303879,0.10659547487602701
0.2,2,1,0.03490412041316322,0.26421249180598266,0.22010122836503565,0.2626729724215104
0.2,2,2,0.022754149218849627,0.21332674102816845,0.17771738956119376,0.2135594187269322
0.2,2,3,0.017470259154509477,0.18692383023311648,0.1552401777946839,0.18822540566580945
0.2,2,4,0.01454579715581943,0.1705625818039785,0.14106441948754223,0.17237197325988865
0.2,2,5,0.01265746758881076,0.15910667860784952,0.13103993421343418,0.1611126449840678
0.2,2,6,0.01132554806513433,0.15050281103776322,0.12344609679144382,0.15252882313034585
0.2,2,7,0.010336075156204227,0.1437781287693245,0.11748995875777159,0.14574272552856352
0.2,2,8,0.009573968264708332,0.1383760692078535,0.11268378345129988,0.14023356292215983
0.2,2,9,0.008972844672261063,0.13396152188043448,0.10871794484784507,0.13570105183261227
0.2,2,10,0.008489420478759791,0.13030288161633105,0.10537099922076036,0.13191980936173417
0.2,2,11,0.008095312389486397,0.12724238593712708,0.10249653028039833,0.12874510635628017
0.2,2,12,0.00776822486974668,0.12464529569740432,0.10002969986897871,0.12603894074318756
0.2,2,13,0.00749260594650378,0.12241410005798989,0.09785864837131376,0.12370938677075324
0.2,2,14,0.0072578315227865885,0.12048096549070803,0.09597934882791477,0.12167380846200293
0.2,2,15,0.007058790064852086,0.118817423510629,0.09434395567208155,0.11992320169688558
0.2,2,16,0.006885754277949629,0.11735207094848926,0.0928420620955206,0.11838570111365192
0.2,2,17,0.006735876804362172,0.11606788362300893,0.09150293259506598,0.11702586472997288
0.2,2,18,0.006604970918619227,0.11493451108017319,0.09031984553221531,0.11582057374367646
0.2,2,19,0.006489313447769119,0.1139237766909886,0.08926723880945309,0.11474659819763074
0.2,2,20,0.006387741892425635,0.1130286856724932,0.08832092980123292,0.1137970913011081
0.2,2,21,0.0062995046223014725,0.11224530834116384,0.08747120076472362,0.11296253616413097
0.2,2,22,0.006220277137909869,0.11153723268854997,0.0867137801530483,0.112200323514362
0.2,2,23,0.006149744904192174,0.11090306491880352,0.08603175663228164,0.11151384459940668
0.2,2,24,0.006087118300835247,0.11033692311130709,0.08537278140106458,0.11090806308009309
0.2,2,25,0.006031198315713837,0.10982894259450772,0.08480069092152218,0.11036063438098995
0.2,2,26,0.0059811181127069546,0.10937200841812272,0.0842542107052835,0.10986807146186793
0.2,2,27,0.005936157652083615,0.108960154662919,0.08374123064906148,0.10942338083068875
0.2,2,28,0.005895694887979022,0.10858816591119883,0.08326456256949608,0.10901647242228515
0.2,2,29,0.005859181776256512,0.10825139053385423,0.08284128878569982,0.10865492903422005
0.2,2,30,0.0058261769596400954,0.10794606949435533,0.08243974730044852,0.10832235027087744
0.2,2,31,0.005796197139959052,0.10766798168405546,0.08205017597882341,0.1080213716184477
0.2,2,32,0.005768874076254155,0.10741391042368913,0.08169927360010232,0.10774407530347842
0.2,2,33,0.005743932954113216,0.10718146252140073,0.0813857477280583,0.10749290396645228
0.2,2,34,0.005721396809557737,0.10697099428871115,0.0810933011108672,0.10725528968135113
0.2,2,35,0.005700924074916564,0.10677943692412471,0.08081850854852649,0.1070422379411636
0.2,2,36,0.005682261090879204,0.10660451295211854,0.08056322187022477,0.10684552519249192
0.2,2,37,0.005665244523340867,0.10644476993578282,0.08031634622924244,0.10666397507047137
0.2,2,38,0.005650255605908566,0.1063038626382745,0.0801020407911563,0.10650211910355539
0.2,2,39,0.0056362674103757095,0.10617219419768727,0.07990028341560211,0.10635691589945702
0.2,2,40,0.005623443945961601,0.10605134554508586,0.07970829152957762,0.1062149369437123
0.2,2,41,0.005611420898603378,0.10593791482376248,0.07953347781619256,0.10609048060670714
0.2,2,42,0.0056006251868392495,0.10583595973807058,0.07937822479993507,0.10597096261205322
0.2,2,43,0.0055905856462532275,0.10574105774251766,0.07922589637848369,0.10586248238405764
0.2,2,44,0.005581524651349377,0.10565533258051273,0.07906919020632777,0.1057617039605501
0.2,2,45,0.005573206242026822,0.10557657166272091,0.07893692868178123,0.10566702515092061
0.2,2,46,0.005565540011026717,0.10550393368047199,0.0788052735555933,0.10558324819855167
0.2,2,47,0.0055585115804763895,0.10543729492429507,0.0786915653980555,0.10550314227130876
0.2,2,48,0.005551965716041984,0.1053751936277413,0.07857784641348414,0.10543361342564059
0.2,2,49,0.005545934807484752,0.10531794536055811,0.07848456157807554,0.10535846438417297
0.2,2,50,0.005540486699692362,0.1052662025504137,0.07839235459840713,0.10530177813791886
0.2,2,51,0.005535313087459248,0.10521704317703713,0.07830280616769966,0.10524171401091034
0.2,2,52,0.005530604956360447,0.10517228680941046,0.07822234069297906,0.1051878097156122
0.2,2,53,0.005526281640529729,0.10513117178581935,0.07814892328108544,0.1051419931399211
0.2,2,54,0.00552228542569362,0.10509315320889007,0.07807583858625534,0.10510262828907688
0.2,2,55,0.005518650226498189,0.10505855725735233,0.0780095085815856,0.10505835447172
0.2,2,56,0.005515251463623948,0.1050262011464182,0.07796214039175847,0.10502185860658374
0.2,2,57,0.005512111039133229,0.10499629554544511,0.07790465491282476,0.10498330331581948
0.2,2,58,0.0055091920698576565,0.10496849117575861,0.07783533112113997,0.10495142251302836
0.2,2,59,0.00550650189194038,0.10494285961360478,0.07777429410185187,0.10492033799978909
0.2,2,60,0.005503993906213668,0.10491895830795946,0.07771453724403302,0.10488124070397113
0.2,2,61,0.005501726437641959,0.10489734446249781,0.07766567576002002,0.10485753316688823
0.2,2,62,0.005499614099786473,0.10487720533830479,0.0776216264144885,0.10482813858230436
0.2,2,63,0.005497675465447226,0.10485871890736818,0.07758151117790192,0.10480786941450382
0.2,2,64,0.005495724787810439,0.10484011434379914,0.07754267147613877,0.10478127927358631
0.2,2,65,0.0054940071472479165,0.10482372963454331,0.07749885349208566,0.1047562369386084
0.2,2,66,0.005492390539451179,0.10480830634497611,0.07747236581608716,0.10473127408791512
0.2,2,67,0.005490871437316322,0.1047938112420416,0.07743217389844367,0.10471600408075388
0.2,2,68,0.005489643023698706,0.1047820883901319,0.07740939193108418,0.10468900198724493
0.2,2,69,0.005488381334961252,0.10477004662556233,0.0773817262527912,0.10467400096052067
0.2,2,70,0.0054872232796989474,0.10475899273760651,0.07735200975643174,0.10465904359746911
0.2,2,71,0.00548612846369802,0.10474854140939643,0.07732421536557912,0.10464466679876336
0.2,2,72,0.005485070211214431,0.10473843813246816,0.07729469134733369,0.10463165798151892
0.2,2,73,0.005484113641328176,0.10472930479410408,0.07726790226972341,0.10461815001788001
0.2,2,74,0.005483199506950462,0.10472057588602597,0.07723517600910133,0.10460544294397406
0.2,2,75,0.005482340876088735,0.10471237630852176,0.07719777888089141,0.10459342006762322
0.2,2,76,0.005481575935924557,0.10470507089844844,0.07718341766903752,0.10458218105831205
0.2,2,77,0.005480896327750119,0.10469858000708623,0.07716797837903766,0.1045743015220606
0.2,2,78,0.005480269662619277,0.10469259441449788,0.07714363690836416,0.1045608431171424
0.2,2,79,0.005479632307982866,0.10468650637004624,0.07712234316565682,0.10455907343971793
0.2,2,80,0.0054790267368550255,0.10468072159528731,0.077106302110985,0.10455039730788136
0.2,2,81,0.005478525599976818,0.10467593419670844,0.07709047402077857,0.10454006568428809
0.2,2,82,0.005478031237863759,0.10467121130343107,0.07707283127428197,0.10452992384771016
0.2,2,83,0.005477561305678593,0.1046667216041335,0.07705796567903218,0.10452069400601412
0.2,2,84,0.005477101362305855,0.10466232715075521,0.07703444653709844,0.10451370418302927
0.2,2,85,0.005476678521252726,0.10465828702260253,0.07702180076711879,0.10450740557922776
0.2,2,86,0.0054762957480027335,0.10465462959661874,0.07700766334646826,0.10450505536257988
0.2,2,87,0.005476007829544688,0.1046518784307734,0.07699224697250301,0.10450189962034526
0.2,2,88,0.005475677716890749,0.10464872399499908,0.07697766622331743,0.1044941236281465
0.2,2,89,0.005475374433679359,0.10464582584775524,0.07696707748671935,0.10449055867344374
0.2,2,90,0.005475066000719813,0.10464287840765671,0.07696649548638004,0.10448816305167527
0.2,2,91,0.005474811960243667,0.10464045068943145,0.07694851590671466,0.10448819325283995
0.2,2,92,0.00547458497222091,0.1046382814482435,0.07693658795214993,0.10448151947771206
0.2,2,93,0.00547439237160744,0.10463644079963194,0.07692284675379994,0.10447863060452692
0.2,2,94,0.00547419771566232,0.10463458047569475,0.0769041248770226,0.10447442175916757
0.2,2,95,0.005473993492977006,0.10463262868701145,0.07689731162249012,0.10447093840727167
0.2,2,96,0.005473811317259243,0.10463088757397829,0.07689665769190161,0.10446947351542156
0.2,2,97,0.0054736434152003605,0.10462928285332324,0.07688810342753195,0.10446834343214688
0.2,2,98,0.005473458588891522,0.10462751635102041,0.07687838900044783,0.10446640845763523
0.2,2,99,0.0054733087813960395,0.10462608452385132,0.07686251389850417,0.10445714405335368
0.2,2,100,0.005473169961563846,0.1046247576968649,0.07685549003575455,0.10445468949070025
0.2,2,101,0.005473027101834771,0.10462339223935316,0.07685618016052051,0.10444870111334885
0.2,2,102,0.005472923200347829,0.10462239913467697,0.0768450010054445,0.10444599266571578
0.2,2,103,0.005472812200541918,0.10462133817287865,0.07682946344971812,0.10444492500031134
0.2,2,104,0.005472690861600283,0.10462017837492232,0.07682579157705839,0.10444344421720772
0.2,2,105,0.0054726128612821116,0.10461943281515257,0.07681904365739028,0.10443644024372825
0.2,2,106,0.005472535175630686,0.10461869025781852,0.07681970780788433,0.10442991680920048
0.2,2,107,0.005472443806024329,0.1046178168958264,0.07680877298137366,0.10442801613879571
0.2,2,108,0.005472356726407544,0.10461698453317744,0.07679652109294785,0.10443278831552628
0.2,2,109,0.0054722812942570075,0.10461626349910426,0.07679505107443504,0.10443376683093387
0.2,2,110,0.005472216599003104,0.10461564509195653,0.0767941800919643,0.10442957460683026
0.2,2,111,0.0054721642959173825,0.10461514513604024,0.07678202851531846,0.10442662791966145
0.2,2,112,0.005472110592327651,0.1046146317904685,0.0767842759486756,0.10442603329261083
0.2,2,113,0.005472054900693001,0.10461409943877546,0.07677131754187642,0.104427292633456
0.2,2,114,0.005472023349295845,0.10461379784039813,0.07675646471778341,0.10442321065046399
0.2,2,115,0.005471972879481688,0.10461331539992114,0.07675649552224889,0.10442124410012574
0.2,2,116,0.00547191638445452,0.10461277536185071,0.07675883959776864,0.10441970587012607
0.2,2,117,0.005471880057836354,0.10461242811288106,0.0767565348038625,0.10441945791812667
0.2,2,118,0.0054718253679952485,0.10461190532626054,0.07675442347094003,0.10441679070693209
0.2,2,119,0.005471795045718748,0.10461161547092893,0.07675277701265663,0.10442402397418324
0.2,2,120,0.005471752788256272,0.10461121152396881,0.07675091827166099,0.10441786030708768
0.2,2,121,0.005471720076337814,0.10461089882357205,0.07674260307766799,0.10441591393280271
0.2,2,122,0.005471704406856522,0.1046107490352356,0.07673693407364561,0.1044173124130442
0.2,2,123,0.005471667937397988,0.10461040041408873,0.07674616535287344,0.10441573438438506
0.2,2,124,0.005471648354585536,0.10461021321635414,0.07673941929920718,0.10441628133973326
0.2,2,125,0.005471621031089381,0.10460995202263866,0.07673831660187158,0.10441076147614543
0.2,2,126,0.005471605507401635,0.10460980362663563,0.07673185753812405,0.10441141789906215
0.2,2,127,0.005471598272726156,0.10460973446793713,0.07672058813854156,0.10441568905395673
0.2,2,128,0.005471569910173194,0.10460946334030391,0.07672243713525802,0.10441183800805115
0.2,2,129,0.005471564475999787,0.10460941139304615,0.0767095479783117,0.10440745093752063
0.2,2,130,0.005471531025402909,0.10460909162594721,0.07672478715779803,0.1044088961713724
0.2,2,131,0.0054715297849054125,0.10460907976753656,0.07671783987353643,0.10441055870512796
0.2,2,132,0.005471505849492028,0.1046088509591041,0.07671543889986372,0.10440922873365581
0.2,2,133,0.005471494069792409,0.10460873835194084,0.07671229456869791,0.10440936363677554
0.2,2,134,0.005471472479417214,0.10460853196003865,0.07671819975899317,0.10441188851714209
0.2,2,135,0.005471454514992583,0.10460836022988396,0.07671788851471613,0.10440973196459732
0.2,2,136,0.005471437489435259,0.1046081974745312,0.07672243348799077,0.10441056452087288
0.2,2,137,0.005471438758494371,0.10460820960607606,0.07671185591397248,0.10440903196774091
0.2,2,138,0.005471442563199676,0.10460824597707082,0.07670369568246538,0.10441025851843379
0.2,2,139,0.005471445292029746,0.10460827206325268,0.0767003489815591,0.10441386786204028
0.2,2,140,0.0054714337776997244,0.10460816199226258,0.07670142486415263,0.10441253532445961
0.2,2,141,0.005471432723012026,0.10460815190999243,0.07670417627283173,0.10441313677256377
0.2,2,142,0.005471405157139329,0.10460788839412952,0.07670936129752531,0.10441179193450284
0.2,2,143,0.005471390342220835,0.10460774677069413,0.07670770085717805,0.10440799868011877
0.2,2,144,0.0054713884218842886,0.1046077284131941,0.0767009203403694,0.10440937736372212
0.2,2,145,0.005471413614574983,0.10460796924302644,0.07669944817384008,0.10441630742479571
0.2,2,146,0.005471403272750413,0.10460787038029608,0.07670047312873118,0.1044172134898867
0.2,2,147,0.005471387104860219,0.10460771582307128,0.0767010750339193,0.10441356196103116
0.2,2,148,0.005471381336092775,0.10460766067638426,0.07670905233597661,0.10441245108467194
0.2,2,149,0.0054713706146927365,0.10460755818479596,0.07669982308277846,0.10441162529534828
0.2,2,150,0.005471354392806423,0.10460740311093114,0.07669632295202648,0.10440605234435327
0.2,2,151,0.005471355685210212,0.10460741546573275,0.07669768630749556,0.10440793456212988
0.2,2,152,0.0054713539992932575,0.10460739934912117,0.07669410496319491,0.1044042042052731
0.2,2,153,0.00547133122792303,0.10460718166476936,0.07668735758644589,0.104400579072217
0.2,2,154,0.005471325838683192,0.10460713014592449,0.07668079886302692,0.10440284444086491
0.2,2,155,0.005471326826545774,0.10460713958947328,0.07668377372576086,0.10440584866942336
0.2,2,156,0.005471328537048919,0.10460715594115844,0.07668702693154728,0.10440843285217499
0.2,2,157,0.005471304684725022,0.10460692792281993,0.07668944898983611,0.10439989021499664
0.2,2,158,0.005471308428003569,0.10460696370704552,0.07669206742617629,0.10440171781746789
0.2,2,159,0.0054713153207455656,0.10460702959883304,0.07669462506903135,0.10440332214764535
0.2,2,160,0.00547129963039221,0.10460687960542757,0.07668903003483216,0.10440035212171951
0.2,2,161,0.005471313405311631,0.10460701128807409,0.07670260412518325,0.1043978442385147
0.2,2,162,0.005471329653560484,0.10460716661453444,0.07670928788963118,0.10439235009164512
0.2,2,163,0.005471323631774073,0.10460710904880292,0.07670537222947507,0.10438924201062644
0.2,2,164,0.00547132778653377,0.104607148766552,0.07669797955074674,0.10438348646797756
0.2,2,165,0.005471306958637214,0.10460694966050023,0.07669326582568076,0.10438531758685062
0.2,2,166,0.005471291798819391,0.10460680473869174,0.07668517417050215,0.10438616114287742
0.2,2,167,0.005471299282639117,0.10460687628104681,0.07667136335040693,0.10438945931669273
0.2,2,168,0.005471302926804238,0.10460691111780558,0.07666455575585472,0.10439146296806469
0.2,2,169,0.005471302200040226,0.10460690417023367,0.07667077034710053,0.10438895472946308
0.2,2,170,0.005471286730564439,0.10460675628815225,0.07667830324479852,0.10439057401237507
0.2,2,171,0.005471287892397713,0.10460676739482692,0.0766827046015589,0.10438944191456179
0.2,2,172,0.005471289020633625,0.10460677818032275,0.07668586812450079,0.10438809143302345
0.2,2,173,0.005471284088353302,0.10460673102963597,0.07667016459450297,0.10438578901611917
0.2,2,174,0.0054712952655802454,0.10460683787955972,0.0766550313710676,0.10438864782650255
0.2,2,175,0.005471302417326475,0.10460690624740296,0.07665648012228243,0.1043815947534339
0.2,2,176,0.00547131917119019,0.10460706640748693,0.07664730584608084,0.10438759678586398
0.2,2,177,0.005471308950037882,0.10460696869748097,0.07665306693051266,0.10438489065715707
0.2,2,178,0.005471316439280532,0.10460704029156481,0.07664363641925288,0.10438543735039278
0.2,2,179,0.0054713369398513775,0.1046072362683517,0.07663565491570677,0.10438658873419998
0.2,2,180,0.005471308254925941,0.10460696205249381,0.07665240936600211,0.10439298177377161
0.2,2,181,0.0054713087230883455,0.10460696652793584,0.07665360148690978,0.1043893039135281
0.2,2,182,0.0054712972490107425,0.10460685684036915,0.07665988153179293,0.10439331894015087
0.2,2,183,0.005471278817447449,0.10460668064179696,0.0766692650898796,0.10439072526056406
0.2,2,184,0.005471279827843883,0.10460669030080134,0.07667468495670945,0.10438756944803675
0.2,2,185,0.005471278971828624,0.10460668211762214,0.07667720696800484,0.10439100252905563
0.2,2,186,0.005471283730111614,0.10460672760498355,0.07668653117392632,0.10439215341345093
0.2,2,187,0.005471282902494523,0.10460671969328283,0.07667280050933169,0.10439058825179494
0.2,2,188,0.005471282657983753,0.1046067173558539,0.07667542004492965,0.10438991322918197
0.2,2,189,0.005471280837445174,0.10460669995220358,0.07667412765767022,0.10438874752160592
0.2,2,190,0.005471274934945397,0.10460664352655043,0.07666875450056071,0.10439407296678974
0.2,2,191,0.005471274992927978,0.104606644080842,0.0766740368609337,0.10439232147386356
0.2,2,192,0.005471281438055915,0.10460670569381214,0.07666808682438334,0.10439708010984626
0.2,2,193,0.005471293209038732,0.10460681821983434,0.07666294818939501,0.10439987969914538
0.2,2,194,0.005471297883544953,0.10460686290626398,0.07665933850347471,0.10440021563879279
0.2,2,195,0.005471288348699707,0.10460677175689638,0.0766650850866894,0.10439793625260188
0.2,2,196,0.00547128733996666,0.10460676211380085,0.07666883948357822,0.10440040763988917
0.2,2,197,0.00547129043198422,0.10460679167228312,0.07666579948534932,0.10439897903069782
0.2,2,198,0.005471285396087889,0.10460674353107345,0.07667607110213405,0.10440085539360437
0.2,2,199,0.005471282971254895,0.10460672035060553,0.07667307396645841,0.10439928677404112
0.2,2,200,0.005471280860800151,0.10460670017546822,0.07666841755221959,0.10439804170535993
0.2,2,201,0.005471288799875616,0.10460677606996227,0.07666544364856771,0.10439496037863018
0.2,2,202,0.005471289780076772,0.10460678544030279,0.07665818529171296,0.1043969231932026
0.2,2,203,0.005471280808087269,0.10460669967155325,0.07666680708121222,0.10439021668839076
0.2,2,204,0.005471299997147404,0.10460688311146073,0.07666908573652034,0.1043806341364671
0.2,2,205,0.0054713057496379195,0.10460693810295682,0.07666873103374475,0.10437860633282321
0.2,2,206,0.005471294549515596,0.10460683103426464,0.07667162548090226,0.104381930688266
0.2,2,207,0.0054712907742139,0.1046067949438649,0.07667051517297375,0.10438262659513547
0.2,2,208,0.005471289841095982,0.1046067860236226,0.07667260687288933,0.10438037018387633
0.2,2,209,0.005471280472900847,0.10460669646729934,0.07666504823737993,0.10438407070585556
0.2,2,210,0.005471292216416939,0.10460680873076034,0.07665531120417747,0.10438675772544798
0.2,2,211,0.005471277799473462,0.10460667091035315,0.0766589521979888,0.10438788078182676
0.2,2,212,0.0054712805496503715,0.10460669720099541,0.07666524477947062,0.10438676397100724
0.2,2,213,0.005471291938149231,0.10460680607063033,0.07666392331744873,0.10438211000563705
0.2,2,214,0.005471293848717096,0.10460682433490748,0.0766610830900107,0.10438406350093019
0.2,2,215,0.005471299840480859,0.10460688161379116,0.07666444697929096,0.10438183899718388
0.2,2,216,0.005471318146557307,0.10460705661242273,0.07666534011225139,0.10437815585405788
0.2,2,217,0.005471305500601858,0.10460693572227281,0.07666288699563345,0.1043795560333806
0.2,2,218,0.0054712995063420115,0.10460687841955721,0.07667556568913866,0.10438306904418944
0.2,2,219,0.005471287370279578,0.10460676240358056,0.07667840069131208,0.10439182821115697
0.2,2,220,0.005471285463886598,0.10460674417920288,0.07667640726765935,0.10438847251921153
0.2,2,221,0.005471276388320838,0.10460665742026974,0.07666646956178008,0.10439415581302738
0.2,2,222,0.00547127724157299,0.10460666557703663,0.07666459499171827,0.10439190519512413
0.2,2,223,0.005471278971399452,0.10460668211351942,0.07666920291681703,0.10438736718165559
0.2,2,224,0.005471283267598031,0.10460672318353186,0.07667196032409511,0.10438995102496253
0.2,2,225,0.0054712767901213466,0.10460666126133027,0.07666938378161206,0.10438946393575103
0.2,2,226,0.005471274492863078,0.10460663930041036,0.07666538038366257,0.10439337903208265
0.2,2,227,0.0054712786099220005,0.10460667865793274,0.07666343770096487,0.10439645663291745
0.2,2,228,0.005471272063717137,0.10460661607868918,0.07666347222780175,0.10439125387595459
0.2,2,229,0.005471273588343503,0.10460663065354417,0.07665929914085727,0.10439251347927915
0.2,2,230,0.005471277658708419,0.10460666956469285,0.07665905277705413,0.10439128337383723
0.2,2,231,0.0054712905528155045,0.10460679282738292,0.07667820452216662,0.10439340125503134
0.2,2,232,0.005471299583048496,0.10460687915284057,0.07667761364525322,0.1043942041358452
0.2,2,233,0.0054713040654836885,0.1046069220031226,0.07667057202653324,0.1043960669546493
0.2,2,234,0.005471283798762636,0.10460672826126087,0.07667623576416259,0.10439541586215725
0.2,2,235,0.0054712834270293255,0.10460672470763364,0.07667402941381513,0.10439656961652298
0.2,2,236,0.005471297901850841,0.10460686308126099,0.07667262199919898,0.10439835294480082
0.2,2,237,0.005471284592524931,0.10460673584932216,0.07667727667747762,0.10439295031129599
0.2,2,238,0.005471281473282592,0.10460670603056567,0.07667956162495738,0.10439250152680853
0.2,2,239,0.0054712872677501285,0.10460676142343886,0.07667207812116796,0.10439558248146862
0.2,2,240,0.005471299533371452,0.10460687867794786,0.07668320849008552,0.10438985561804426
0.2,2,241,0.005471292155366198,0.10460680814713924,0.07667406086367938,0.10439411329465767
0.2,2,242,0.005471293120177024,0.10460681737035138,0.07667273388180576,0.10439343792400488
0.2,2,243,0.005471278218660234,0.10460667491761923,0.07666947929264613,0.10439156735634945
0.2,2,244,0.005471281544453618,0.10460670671093339,0.07667275107698962,0.10438558312474967
0.2,2,245,0.005471294318615038,0.10460682882694645,0.0766750692734848,0.10438191691231033
0.2,2,246,0.005471277818705491,0.10460667109420403,0.07666971864995276,0.10438559163043835
0.2,2,247,0.005471276764241426,0.10460666101392804,0.07665714787667154,0.10438642898424262
0.2,2,248,0.005471277257880201,0.10460666573292737,0.07665663212708625,0.10438170252937565
0.2,2,249,0.00547127142998006,0.10460661002040034,0.07665682758437607,0.10438468852982123
0.2,2,250,0.005471275528217593,0.10460664919800837,0.07665327094114696,0.10438114123146269
0.2,2,251,0.005471279316200966,0.1046066854096904,0.07665148594584495,0.10438161166055475
0.2,2,252,0.0054712831185361665,0.10460672175855781,0.07665154097678877,0.1043853327228578
0.2,2,253,0.005471279944311906,0.10460669141419116,0.07666215387905531,0.10438354751039647
0.2,2,254,0.0054712778655840915,0.10460667154234563,0.07666511578134487,0.10438553181135829
0.2,2,255,0.005471279098981516,0.1046066833331553,0.07666364346775016,0.10438448207861616
0.2,2,256,0.005471313225922141,0.10460700957318435,0.07667110958996727,0.10437739487387439
0.2,2,257,0.005471314528567513,0.10460702202593776,0.07667316299393788,0.10437748981766308
0.2,2,258,0.005471291269613866,0.1046067996796945,0.07666984502091703,0.10438196741584721
0.2,2,259,0.005471286260865247,0.10460675179801011,0.0766678880112926,0.10438497288978488
0.2,2,260,0.005471289170582534,0.10460677961377583,0.07667361420076271,0.10438802559325792
0.2,2,261,0.005471287210225421,0.10460676087352501,0.07667139389768912,0.10438781712364599
0.2,2,262,0.005471298952647058,0.10460687312645434,0.0766768675946514,0.1043885039308864
0.2,2,263,0.005471300970697419,0.10460689241820942,0.07667993600386652,0.10439568976320644
0.2,2,264,0.005471300860684412,0.10460689136652912,0.07668226997528572,0.10439881484421674
0.2,2,265,0.0054713017140360105,0.10460689952422843,0.07668461737750497,0.1044030814585745
0.2,2,266,0.0054712975839414065,0.1046068600421732,0.07668180955431113,0.10440148233871509
0.2,2,267,0.0054712975675169405,0.10460685988516184,0.07667775112108968,0.10439890018966758
0.2,2,268,0.005471314903348331,0.10460702560868779,0.07668153486116408,0.10439649893764524
0.2,2,269,0.0054713072641023805,0.10460695258062325,0.07667928187940386,0.10439852271186885
0.2,2,270,0.005471312208094212,0.1046069998431674,0.07668267864863705,0.10439775440085218
0.2,2,271,0.005471318306642949,0.10460705814277495,0.07668264697352387,0.10439262227885235
0.2,2,272,0.005471298339695144,0.10460686726687826,0.0766724266613354,0.10439106056658631
0.2,2,273,0.00547128555990107,0.10460674509706408,0.07667420334251522,0.10439763249710889
0.2,2,274,0.005471303720212326,0.10460691870246754,0.0766828851896009,0.104397879659296
0.2,2,275,0.005471327763747871,0.10460714854872846,0.07668935349338689,0.10440015542233885
0.2,2,276,0.005471333296073802,0.10460720143540599,0.07669260799876033,0.10440015711087049
0.2,2,277,0.00547130088142212,0.1046068915647733,0.07667967894053786,0.10439360773064932
0.2,2,278,0.005471308131537701,0.10460696087295243,0.07668320395689601,0.10438516283263352
0.2,2,279,0.0054712897190677436,0.10460678485708032,0.07667776128389672,0.10438672599134169
0.2,2,280,0.00547128845909343,0.10460677281221738,0.07667572841818317,0.10438410594595868
0.2,2,281,0.005471306794552037,0.10460694809191248,0.07667661700255007,0.10437860943329541
0.2,2,282,0.005471288055841358,0.10460676895728457,0.07667031916897189,0.10437995784117321
0.2,2,283,0.005471274053803419,0.1046066351031656,0.07666565447276871,0.10438649941072543
0.2,2,284,0.0054712732261528365,0.10460662719113772,0.07666135193511514,0.10438568872623485
0.2,2,285,0.0054712780797449324,0.1046066735896418,0.07665781055700545,0.1043900767933772
0.2,2,286,0.005471286476497618,0.10460675385937199,0.07665138150962086,0.10438880555794498
0.2,2,287,0.005471279216933045,0.10460668446072693,0.07665623480332666,0.10438947301512752
0.2,2,288,0.005471276437788898,0.10460665789316564,0.07666299024938317,0.10439075009685758
0.2,2,289,0.005471275576374019,0.1046066496583656,0.076662922247358,0.1043897235308151
0.2,2,290,0.005471277583553934,0.10460666884624455,0.07665907373418827,0.10438804942793227
0.2,2,291,0.005471293349130921,0.1046068195590605,0.07664738418565577,0.1043915107109906
0.2,2,292,0.005471298858423243,0.10460687222571224,0.07664343104590329,0.10438970353327225
0.2,2,293,0.005471351563047666,0.1046073760596992,0.0766309669028549,0.10439503872620806
0.2,2,294,0.0054713245574089095,0.10460711789748257,0.07664034473400265,0.10439469874179162
0.2,2,295,0.0054713395220521155,0.10460726095307261,0.07663730888507213,0.10440068669624351
0.2,2,296,0.00547128908676825,0.10460677881254399,0.0766492001580634,0.10439530713962858
0.2,2,297,0.005471296648905512,0.10460685110360136,0.07665631477775094,0.10440011791501792
0.2,2,298,0.005471297409416769,0.10460685837378703,0.0766606505523414,0.10440400085257524
0.2,2,299,0.005471278636467599,0.10460667891169854,0.07666330534451296,0.10439553476865625
0.2,2,300,0.005471296129061363,0.10460684613409739,0.07666929005669884,0.10439003951543116
0.2,3,1,0.026669340158022786,0.23095168394286622,0.19739241677555952,0.22850309339796723
0.2,3,2,0.017253569325770456,0.18576097182008094,0.15690909742401682,0.18312047143859655
0.2,3,3,0.013432243394910219,0.1639038949806271,0.13645901776712394,0.16162203428881677
0.2,3,4,0.011380067382574615,0.15086462396847455,0.12384941186184908,0.14895560804204372
0.2,3,5,0.010096900655553047,0.14210489545088195,0.1152080119697511,0.1405105707063812
0.2,3,6,0.009218346153746847,0.13578178194254814,0.10890534622185806,0.13445020406382333
0.2,3,7,0.008576106619567524,0.13096645845076155,0.10416171688833299,0.1298498368725089
0.2,3,8,0.00809040586770259,0.12720381965729324,0.10036662937508117,0.12626684037286373
0.2,3,9,0.007706358292324683,0.1241479624667653,0.09728838663950846,0.12336110785572858
0.2,3,10,0.007400794869425969,0.12166178421695097,0.09471315954371833,0.12099993459543912
0.2,3,11,0.007151040503689893,0.11959130824344964,0.0925518169802215,0.11903658147276104
0.2,3,12,0.006941805667169543,0.11782873730265926,0.09069610259803783,0.11737322969165892
0.2,3,13,0.0067650972813367615,0.11631936452144812,0.08912895760997046,0.1159462990077004
0.2,3,14,0.0066150021595510165,0.115021755851239,0.08777348647326728,0.11472105062728116
0.2,3,15,0.0064868332957337405,0.11390200433472399,0.08660303184204605,0.11366662766806629
0.2,3,16,0.006376030652308573,0.1129250251477375,0.08557721252757973,0.11275713534033487
0.2,3,17,0.006279269750270952,0.11206488968692159,0.08468324469606547,0.1119478105987299
0.2,3,18,0.006194274224263325,0.11130385639557441,0.08390388190607316,0.1112331160131224
0.2,3,19,0.006120664868629961,0.11064054291831689,0.08323234641775332,0.11061045727829515
0.2,3,20,0.006055242596224236,0.11004764964527172,0.08260250013499217,0.11005980732247904
0.2,3,21,0.005997366949945967,0.10952047251492268,0.0820571393935503,0.10956621232418468
0.2,3,22,0.005946115002611373,0.10905150161837637,0.08156269187320887,0.10912920758435242
0.2,3,23,0.005900010119501358,0.10862789806952318,0.08109904792666915,0.10874579488027411
0.2,3,24,0.0058586060468953675,0.10824607195547899,0.0806869405532786,0.10839542856854485
0.2,3,25,0.005822239830171258,0.10790959021487626,0.08033187977059962,0.10807839239019865
0.2,3,26,0.0057895715100411095,0.10760642648133158,0.07999998166240443,0.10780621157743005
0.2,3,27,0.005759842666095439,0.10732979703787238,0.07969799943954915,0.10755586385474758
0.2,3,28,0.005733039368439722,0.10707977744130515,0.07942707435675489,0.10732880673464343
0.2,3,29,0.0057086778459596475,0.10685202708381014,0.07919370360426169,0.10711713016615729
0.2,3,30,0.005686654053619965,0.10664571302795031,0.07897574221681367,0.10692482289382166
0.2,3,31,0.0056666117643406734,0.10645761376567364,0.07877602458181003,0.10674984768242893
0.2,3,32,0.005648474241069935,0.1062871040255584,0.07859445260898656,0.10659580531457324
0.2,3,33,0.005632279205819936,0.10613462400008714,0.07842133859567335,0.10646640258386215
0.2,3,34,0.005617206653797659,0.10599251533761862,0.07827156699413088,0.10633855198836131
0.2,3,35,0.005603535485655368,0.10586345437076355,0.07812444871778361,0.10621678130392039
0.2,3,36,0.005591492701353931,0.10574963547316776,0.07798766744679542,0.10611793056274531
0.2,3,37,0.005580344828881135,0.10564416528025705,0.07786832201663935,0.10602077233222233
0.2,3,38,0.005570230745513464,0.10554838459695595,0.07776836340565471,0.10592703539197001
0.2,3,39,0.005560996059453379,0.10546085586086791,0.0776564338952856,0.10584907676243782
0.2,3,40,0.005552434423222971,0.10537964151792291,0.07754864794189677,0.10577984707481941
0.2,3,41,0.005544837835510605,0.10530752903292911,0.07745543691706769,0.10572565730992353
0.2,3,42,0.005537650681894422,0.10523925771207646,0.07736841214270747,0.1056649259010396
0.2,3,43,0.005530969495153268,0.10517575286303653,0.07728859250145924,0.10560779658114579
0.2,3,44,0.005524825555608815,0.10511732070033762,0.07721808765684529,0.1055584145946531
0.2,3,45,0.005519471463981157,0.10506637391650249,0.07714886649575205,0.10551275292703172
0.2,3,46,0.0055143255648943705,0.10501738489311539,0.07708496701880362,0.10547239728006563
0.2,3,47,0.005509638539250087,0.10497274445540697,0.0770235936566156,0.10543161381515283
0.2,3,48,0.005505269804268123,0.10493111839933969,0.07696362603053696,0.10540003108278478
0.2,3,49,0.005501353076011707,0.10489378509722783,0.07691393115027484,0.10536621716664055
0.2,3,50,0.005497628340858849,0.10485826949610459,0.07686673659227042,0.1053319120253603
0.2,3,51,0.005494429616093092,0.10482775983577147,0.07682724091658752,0.1053065667567194
0.2,3,52,0.0054913551090014015,0.1047984266007978,0.07677767035298612,0.10528662481770402
0.2,3,53,0.00548849004345035,0.10477108421172657,0.07673836806245149,0.10526150911883213
0.2,3,54,0.005485932544170698,0.1047466710131706,0.0767001288722975,0.10523923284109318
0.2,3,55,0.005483496682579122,0.10472341364355081,0.07666010771019856,0.10522291581347396
0.2,3,56,0.005481328803260742,0.10470271059777528,0.0766263630737878,0.10520905932011855
0.2,3,57,0.005479327686839705,0.10468359648808122,0.07660141023303334,0.105191542461564
0.2,3,58,0.005477474185662251,0.1046658892444167,0.07657475456258576,0.10517543029240095
0.2,3,59,0.005475793617868846,0.1046498315131835,0.07655200228477776,0.10515963385133434
0.2,3,60,0.005474220479226982,0.10463479802844733,0.07652843135078852,0.10514650954691084
0.2,3,61,0.005472758100719725,0.10462082107037514,0.07650223629256021,0.10513937101554179
0.2,3,62,0.005471342043237366,0.10460728505450627,0.07648337500554007,0.10512506304099299
0.2,3,63,0.005470118841941957,0.10459559113023796,0.0764663002144724,0.10511221094336798
0.2,3,64,0.005468953161211365,0.10458444589145524,0.07644095963009019,0.1051096735364433
0.2,3,65,0.005467852372199032,0.10457392000110766,0.07642782333509703,0.10510017582926814
0.2,3,66,0.005466830588186816,0.10456414861879587,0.07641050959390709,0.10509021044904084
0.2,3,67,0.005465869852486904,0.10455496021219561,0.07639669269813643,0.10507967950795405
0.2,3,68,0.005464995333090953,0.1045465956699782,0.07637733575751203,0.10507654593424554
0.2,3,69,0.005464209416369633,0.10453907801745367,0.07635620881743006,0.10507387772720193
0.2,3,70,0.005463501965931711,0.10453231046840696,0.07634135769416674,0.10506995251419741
0.2,3,71,0.00546282089888489,0.10452579489183414,0.07633421482558986,0.10506547530290673
0.2,3,72,0.005462212456176834,0.10451997374833993,0.0763235543359252,0.10505695579373726
0.2,3,73,0.005461617601826075,0.10451428229506315,0.07630937442563478,0.1050591702856089
0.2,3,74,0.005461050145688215,0.10450885269380977,0.07630707173828147,0.10505063847782145
0.2,3,75,0.005460500892768898,0.10450359699808326,0.07629664609574216,0.10504355564457414
0.2,3,76,0.0054600220280969,0.10449901461829102,0.07628321711674535,0.10503967897030415
0.2,3,77,0.005459610499008465,0.10449507642954729,0.07627054651979731,0.10504018131847138
0.2,3,78,0.005459234722738378,0.1044914802530654,0.07625827681069912,0.10504294352698096
0.2,3,79,0.005458834470274007,0.10448764970343631,0.07625123165485093,0.10504038928110758
0.2,3,80,0.005458483683619744,0.10448429244264178,0.07624638354469142,0.10503601672682322
0.2,3,81,0.005458148135853206,0.10448108092715357,0.07624491526568156,0.10502741781829575
0.2,3,82,0.005457843573147159,0.10447816588308927,0.07623652006520353,0.1050216779911978
0.2,3,83,0.005457560475730303,0.10447545621561366,0.0762218811348412,0.10502583865626276
0.2,3,84,0.005457339138059047,0.1044733376327094,0.07622062057181424,0.1050248285642816
0.2,3,85,0.005457086018930148,0.10447091479383291,0.07621674023479617,0.1050223523161965
0.2,3,86,0.005456848449192725,0.10446864074154238,0.07621601284728195,0.10501926864043556
0.2,3,87,0.0054566614719217975,0.10446685093293276,0.07621149562047859,0.10501989218177064
0.2,3,88,0.0054564830287007265,0.10446514278648861,0.07621130814344718,0.10501761647611074
0.2,3,89,0.005456283250812431,0.10446323038095683,0.07620530534415555,0.10501544468590489
0.2,3,90,0.005456164135758406,0.1044620901165433,0.07620159255700587,0.10501281919698867
0.2,3,91,0.005456107535650248,0.10446154829074905,0.07620298980415839,0.10500389536303703
0.2,3,92,0.00545592508083392,0.10445980165435811,0.07619726360056306,0.10500808169368356
0.2,3,93,0.0054557605044249615,0.10445822614255865,0.07619000957630659,0.10501161979639399
0.2,3,94,0.005455653183475801,0.10445719873207208,0.07618641058446282,0.10501680863853413
0.2,3,95,0.005455552546716706,0.10445623530184023,0.07618318659286082,0.10501685938751172
0.2,3,96,0.005455468977501821,0.1044554352583131,0.07618101739891919,0.10501729197621891
0.2,3,97,0.005455356468341925,0.10445435815074376,0.07618471472937705,0.10501037262450008
0.2,3,98,0.0054552695687638715,0.10445352620916032,0.07617701003860229,0.10501072027800851
0.2,3,99,0.0054551726193608156,0.10445259804677733,0.07617070317111974,0.10501057425387003
0.2,3,100,0.005455120119861284,0.10445209543002269,0.07617197991349116,0.10501162481566835
0.2,3,101,0.005455071975656921,0.10445163450762196,0.07617222347847805,0.105009263220123
0.2,3,102,0.005454984426584481,0.10445079632616001,0.07617241711610924,0.10501220882761442
0.2,3,103,0.0054549253657745584,0.10445023088317765,0.07617260010755292,0.10500646188800625
0.2,3,104,0.005454870237419865,0.10444970308641251,0.07617132637029721,0.10500339498621143
0.2,3,105,0.005454812400541659,0.10444914935547976,0.07617173899090943,0.10499718083761693
0.2,3,106,0.005454748013866812,0.10444853291326606,0.0761654409719174,0.10499914191476493
0.2,3,107,0.005454680576857313,0.10444788726304916,0.07616372475165646,0.10500123500075195
0.2,3,108,0.0054546415477810225,0.10444751359205276,0.07616263181121972,0.10499827464124625
0.2,3,109,0.005454579187970626,0.10444691654587632,0.07615828731533424,0.10500599367507793
0.2,3,110,0.005454539503395601,0.10444653659548124,0.07615757190736931,0.10500500096991516
0.2,3,111,0.005454515987029722,0.10444631144305405,0.07616254554249505,0.10501259824247114
0.2,3,112,0.005454480220214605,0.10444596900038416,0.07616440605897251,0.10501211662424964
0.2,3,113,0.00545443692888013,0.10444555451411161,0.07615614317388984,0.10500707992062322
0.2,3,114,0.005454410584009415,0.10444530227836402,0.0761541326038531,0.10500591613127752
0.2,3,115,0.005454404251104615,0.10444524164464952,0.07615071448740889,0.10500916780534643
0.2,3,116,0.005454376447955891,0.104444975445982,0.07615215537983361,0.10500880246032174
0.2,3,117,0.0054543481261188345,0.1044447042804836,0.07614909242387516,0.10500651422103131
0.2,3,118,0.005454315267276589,0.10444438967485606,0.07614298007756179,0.10500552124155145
0.2,3,119,0.005454290051160836,0.1044441482435549,0.07614258349342573,0.105008677811535
0.2,3,120,0.005454291383128173,0.10444416099646905,0.07614041933217482,0.10501297877521878
0.2,3,121,0.005454276148164529,0.10444401512929814,0.07614019739204932,0.10501117179620895
0.2,3,122,0.005454256650302886,0.10444382844670992,0.07614128667102109,0.10501128211714006
0.2,3,123,0.005454254161667851,0.10444380461920995,0.07614434683046636,0.10500857104072155
0.2,3,124,0.005454244262093515,0.10444370983542776,0.07614737311844469,0.10500727897565344
0.2,3,125,0.005454228200267639,0.10444355605079367,0.07614463897464982,0.10500595952594602
0.2,3,126,0.005454211147883721,0.10444339278177171,0.07614116665944332,0.10500596825176176
0.2,3,127,0.005454244111531422,0.10444370839386566,0.07614470640837706,0.10499913726747476
0.2,3,128,0.005454253443804334,0.10444379774600629,0.07614032406179289,0.10499828603394419
0.2,3,129,0.005454221936194031,0.10444349607509346,0.07613910223076023,0.10499867499917545
0.2,3,130,0.005454197336361079,0.10444326054237371,0.07613395498429876,0.10499817166232653
0.2,3,131,0.005454207794066015,0.10444336067042286,0.07613386829341023,0.10499687096829133
0.2,3,132,0.005454187257519203,0.1044431640416854,0.07613009936766213,0.10499823865047485
0.2,3,133,0.005454202349651721,0.10444330854249803,0.0761335941922589,0.10499567558541709
0.2,3,134,0.005454215302483122,0.10444343256024403,0.07613296992364461,0.10499491393709208
0.2,3,135,0.005454216213720993,0.1044434412849461,0.07613754760213522,0.10499373310312074
0.2,3,136,0.0054542033789125545,0.10444331839722974,0.07614051851930856,0.1049957898359323
0.2,3,137,0.005454173725866527,0.10444303448164007,0.0761348971900628,0.10499755808557601
0.2,3,138,0.005454182587683826,0.10444311932993793,0.07612850398243061,0.10499459211255917
0.2,3,139,0.005454198714089787,0.10444327373354195,0.07613135958340043,0.10499264536474627
0.2,3,140,0.005454175484497628,0.10444305131982336,0.0761301086723654,0.10499527499593812
0.2,3,141,0.0054541550164586864,0.10444285534643992,0.07613214350432361,0.10499836039739842
0.2,3,142,0.005454145814333937,0.1044427672396125,0.07613196821005562,0.10500261964589482
0.2,3,143,0.00545412146556405,0.10444253410908844,0.07612995401837537,0.10500721968545164
0.2,3,144,0.005454118720754106,0.10444250782850922,0.0761302742135056,0.10500991314688601
0.2,3,145,0.005454116418645919,0.10444248578663684,0.0761292908835962,0.10501234650434878
0.2,3,146,0.005454120888093459,0.1044425285800134,0.07613760726947384,0.10501336558729352
0.2,3,147,0.0054541290158827286,0.10444260640067088,0.07613879626974142,0.10500822870430657
0.2,3,148,0.005454139519037633,0.10444270696451365,0.07614237467159654,0.10500605408793065
0.2,3,149,0.005454133038711558,0.10444264491778785,0.07614275084145222,0.10500917121549187
0.2,3,150,0.005454111279881258,0.10444243658476432,0.07613751348710666,0.1050141108938532
0.2,3,151,0.0054541136876102795,0.10444245963792963,0.07613359200510267,0.1050171566197214
0.2,3,152,0.005454109492257888,0.10444241946889096,0.07612939998300318,0.105017127751621
0.2,3,153,0.00545412198017975,0.10444253903635003,0.07612683036436417,0.10501937348191456
0.2,3,154,0.005454112876998287,0.1044424518766032,0.07612879911161151,0.10501615513753595
0.2,3,155,0.005454104551774269,0.1044423721654604,0.07613013413639458,0.10501287780744432
0.2,3,156,0.005454108328710083,0.10444240832832305,0.07613164471169463,0.10501483016636984
0.2,3,157,0.005454108255594715,0.10444240762826865,0.07613410858625771,0.10500978709177496
0.2,3,158,0.005454115990556806,0.10444248168783433,0.07613103139785435,0.10500622096887352
0.2,3,159,0.005454118143585699,0.10444250230232613,0.07612795186921678,0.10501165104540006
0.2,3,160,0.005454107992153483,0.10444240510590977,0.07612520428079222,0.10500936097574416
0.2,3,161,0.005454118251113211,0.104442503331864,0.07612129732659398,0.10500859964936443
0.2,3,162,0.005454111958660239,0.10444244308383675,0.07612244893981299,0.10500889402216221
0.2,3,163,0.005454120510554994,0.10444252496521705,0.07611788352572146,0.10501366056954287
0.2,3,164,0.0054541029378012,0.10444235671221902,0.07611857422220134,0.10501020923860009
0.2,3,165,0.005454099481563772,0.10444232361991734,0.07612208045880485,0.10501120032582233
0.2,3,166,0.005454102265093246,0.10444235027126923,0.07612229805372586,0.1050146445181887
0.2,3,167,0.005454099815505391,0.1044423268172956,0.07612532488476799,0.1050119986244518
0.2,3,168,0.005454104892181817,0.10444237542474621,0.07612579880157493,0.10501418205075408
0.2,3,169,0.005454107535720623,0.10444240073572249,0.07612457771902074,0.10501697768145768
0.2,3,170,0.0054541354252460655,0.10444266776797752,0.07612217181577809,0.10502369419148797
0.2,3,171,0.005454109624568162,0.10444242073571602,0.07612249901142709,0.10501804487507653
0.2,3,172,0.0054541029639757705,0.1044423569628316,0.07612474627051645,0.10501518950964336
0.2,3,173,0.005454099056867695,0.10444231955359566,0.07612718622400459,0.1050138454375147
0.2,3,174,0.005454114469972975,0.10444246712877837,0.07612076848276186,0.10501542502731614
0.2,3,175,0.0054541020803829466,0.10444234850273089,0.07612083256003774,0.10501540287611738
0.2,3,176,0.005454095555237357,0.10444228602666027,0.0761212935464873,0.10501083206234617
0.2,3,177,0.005454095901928664,0.10444228934611366,0.07612164825454532,0.10500816063370634
0.2,3,178,0.005454110021657525,0.10444242453770905,0.07611612476780531,0.10501102585053716
0.2,3,179,0.0054541028180455035,0.104442355565599,0.07611868605854001,0.105009442720127
0.2,3,180,0.0054541085285786765,0.10444241024199581,0.07611665066176301,0.10500213394036766
0.2,3,181,0.00545410146707827,0.10444234263054683,0.07611675618261729,0.10500555468655044
0.2,3,182,0.005454099897623679,0.10444232760355046,0.07612144588610183,0.10500939460294538
0.2,3,183,0.005454098238434681,0.10444231171737517,0.07612222232848877,0.10500838937484985
0.2,3,184,0.00545409325122398,0.1044422639664995,0.0761263114885993,0.10500961306122583
0.2,3,185,0.005454096690537144,0.10444229689677592,0.07612867931770531,0.10501548771296507
0.2,3,186,0.005454097415471587,0.10444230383778008,0.07612533136410417,0.10501562403760947
0.2,3,187,0.005454100246656686,0.10444233094542353,0.07612565084842023,0.10501928162602091
0.2,3,188,0.00545410382329713,0.10444236519054066,0.07612445481232909,0.10501911100931809
0.2,3,189,0.005454113556836134,0.10444245838581294,0.07612284896397407,0.10502058109599795
0.2,3,190,0.0054541009090975975,0.10444233728807105,0.07612265580126172,0.10501794427615606
0.2,3,191,0.00545410173733988,0.10444234521821004,0.07612378327496382,0.10501865925372555
0.2,3,192,0.00545410353135399,0.1044423623952847,0.07612216526672572,0.10501737357622794
0.2,3,193,0.005454099468244696,0.10444232349239169,0.07612487377214708,0.10501734096351945
0.2,3,194,0.005454103829392044,0.10444236524889738,0.07613151163322814,0.10501537395362062
0.2,3,195,0.005454117797269445,0.1044424989864705,0.07612963996322608,0.10501950449149773
0.2,3,196,0.005454151021605941,0.10444281709726085,0.07612496113090164,0.10502345974465058
0.2,3,197,0.00545414384637198,0.10444274839711927,0.07613221327800711,0.10501619691390193
0.2,3,198,0.005454124179293057,0.10444256009207221,0.07613055856512525,0.10500920590441688
0.2,3,199,0.005454128305846333,0.10444259960233021,0.07612993759659688,0.10500764427097602
0.2,3,200,0.005454105750003074,0.10444238363809086,0.07612842002365956,0.10501141241747822
0.2,3,201,0.005454111536424356,0.10444243904107521,0.07612989759326191,0.10500879379123172
0.2,3,202,0.0054541054449968466,0.1044423807177608,0.07612748668676707,0.1050073287299729
0.2,3,203,0.005454108191384025,0.10444240701347346,0.07612190914911703,0.10500968170372305
0.2,3,204,0.005454130304245435,0.10444261873627485,0.07611603690711304,0.1050158655561914
0.2,3,205,0.0054541073280568175,0.10444239874741308,0.07611757771288864,0.10501281187412814
0.2,3,206,0.0054541090699015025,0.10444241542497476,0.0761177449540435,0.105009664359998
0.2,3,207,0.005454105882064507,0.10444238490253377,0.07611880496805107,0.10501105767983665
0.2,3,208,0.005454110792420827,0.10444243191750015,0.07612064111920049,0.10500742226545261
0.2,3,209,0.005454101400165769,0.10444234198988232,0.0761193919223055,0.10501272749475414
0.2,3,210,0.005454094551268582,0.10444227641399417,0.07611783348947375,0.10501152488380887
0.2,3,211,0.005454099291251994,0.10444232179774629,0.07612131331543606,0.10500869807432439
0.2,3,212,0.0054540999609670356,0.1044423282100417,0.07612091805701655,0.1050110919929958
0.2,3,213,0.00545412041837788,0.10444252408265399,0.07612111783964397,0.10501681565395969
0.2,3,214,0.0054541072738320635,0.10444239822822975,0.07612427814960694,0.10501381355066942
0.2,3,215,0.005454095653956165,0.10444228697185987,0.07612643187867166,0.10501104808983422
0.2,3,216,0.005454096218923241,0.1044422923812307,0.07612723386597706,0.1050083366815649
0.2,3,217,0.00545409034442442,0.10444223613485513,0.07612682271673367,0.10501113697121589
0.2,3,218,0.005454100676702898,0.10444233506297049,0.07612859842772714,0.10501598174061967
0.2,3,219,0.005454106145272535,0.1044423874226603,0.07613283741903629,0.10501283287376845
0.2,3,220,0.00545409489866005,0.10444227974015169,0.07612573059840713,0.10501016866135142
0.2,3,221,0.005454092938434801,0.10444226097164692,0.07612235871424361,0.10500821792347244
0.2,3,222,0.005454100973245068,0.10444233790226135,0.07612345352621115,0.10500647696684583
0.2,3,223,0.005454116963509878,0.10444249100351713,0.07612404809582482,0.10500066860833504
0.2,3,224,0.005454104257841317,0.10444236935115286,0.07612108350155213,0.10500361449250191
0.2,3,225,0.0054540997208770755,0.10444232591126143,0.07611931032104384,0.1050046816257364
0.2,3,226,0.005454105865087087,0.1044423847399808,0.07612193570308937,0.10500347919907936
0.2,3,227,0.0054540937644907755,0.10444226888085853,0.07612116756846551,0.10500699203966161
0.2,3,228,0.005454096335709713,0.10444229349942209,0.07612322030455011,0.10500876396807843
0.2,3,229,0.005454095181618447,0.10444228244938394,0.07612595768463412,0.10500814994593766
0.2,3,230,0.005454093141976949,0.10444226292049545,0.0761249599611258,0.10501403640941545
0.2,3,231,0.005454094919261983,0.10444227993740833,0.07612982678987402,0.10501385040768577
0.2,3,232,0.005454097605727277,0.10444230565941444,0.07613076630738262,0.10501585717553076
0.2,3,233,0.005454099629845307,0.10444232503966298,0.07612705729669475,0.10501713001670025
0.2,3,234,0.005454106585440622,0.10444239163711852,0.0761233130996069,0.10501866379486692
0.2,3,235,0.005454122850975575,0.10444254737390864,0.07612219060523906,0.10502023487700358
0.2,3,236,0.0054541076326582675,0.10444240166386703,0.07612751907152172,0.10501843164497351
0.2,3,237,0.005454119460211361,0.10444251490855015,0.07612620377631535,0.10501995888949406
0.2,3,238,0.005454115782563864,0.10444247969637512,0.07613382474748316,0.10501555072056003
0.2,3,239,0.005454117679465649,0.10444249785854079,0.07613791901410942,0.10501212404476061
0.2,3,240,0.005454097820058079,0.10444230771155988,0.0761305421085602,0.10501373693576091
0.2,3,241,0.005454098736368275,0.10444231648492171,0.07612868989325415,0.10501310210131222
0.2,3,242,0.0054540969746314635,0.10444229961688381,0.07612687809478726,0.10501109411209571
0.2,3,243,0.005454099157534658,0.10444232051744788,0.07612914113905321,0.10500614149223222
0.2,3,244,0.005454101155320193,0.10444233964556895,0.07612987588995115,0.10500631671308393
0.2,3,245,0.005454103288038725,0.10444236006562399,0.07612756860591263,0.10500620621951844
0.2,3,246,0.005454089432388885,0.10444222740241502,0.07612139258869048,0.1050104852245316
0.2,3,247,0.005454092739686774,0.10444225906870049,0.07612044548069703,0.10501345344540657
0.2,3,248,0.005454089575366236,0.10444222877137616,0.0761200482545761,0.10501143029530477
0.2,3,249,0.005454092658470053,0.1044422582910773,0.07611646334748824,0.1050126922031179
0.2,3,250,0.005454100604351252,0.10444233437022797,0.07611927546635482,0.10501209722432998
0.2,3,251,0.005454103204220987,0.10444235926309772,0.07611780590236968,0.10501435174905499
0.2,3,252,0.00545410781768493,0.10444240343543354,0.07611899989512969,0.10500932483364553
0.2,3,253,0.005454107206821899,0.10444239758663049,0.07611553276517811,0.10501196513162778
0.2,3,254,0.005454103848998312,0.10444236543662071,0.07611576617131442,0.10501407068138682
0.2,3,255,0.005454116991193866,0.10444249126858154,0.07611402314985749,0.10501560926029833
0.2,3,256,0.005454122931529969,0.10444254814518812,0.07612184894660191,0.10501575663295491
0.2,3,257,0.00545410494705596,0.10444237595014737,0.076119994513626,0.10501634669625824
0.2,3,258,0.005454106655528815,0.10444239230818887,0.07611819118094403,0.10501755292099596
0.2,3,259,0.005454091656519004,0.10444224869772772,0.07611783037058906,0.10501512273671634
0.2,3,260,0.005454092889464153,0.10444226050276921,0.07611806028777744,0.10501748656085211
0.2,3,261,0.005454092936593755,0.10444226095401951,0.07611683862424888,0.10501725775466794
0.2,3,262,0.005454097745866546,0.10444230700120087,0.0761145482766336,0.1050167275243552
0.2,3,263,0.005454092355235698,0.10444225538770883,0.07611657683471601,0.10501637750327186
0.2,3,264,0.005454095310836053,0.1044422836865994,0.07611848218167509,0.10501765692344639
0.2,3,265,0.005454094139802704,0.1044422724743454,0.07611828239279947,0.10501424405105517
0.2,3,266,0.005454088432506736,0.10444221782887164,0.0761208595552518,0.10501114523759125
0.2,3,267,0.005454090520101058,0.10444223781690105,0.07612206926231951,0.1050093733126839
0.2,3,268,0.005454090445540712,0.10444223710301032,0.0761224961593994,0.10501244276554762
0.2,3,269,0.005454102881576283,0.10444235617388457,0.07612206382067933,0.1050052437745396
0.2,3,270,0.005454102316519819,0.10444235076366118,0.07612019183433766,0.1050038210329622
0.2,3,271,0.005454099495024287,0.10444232374879722,0.076119638697466,0.10500932596340916
0.2,3,272,0.0054541030523918435,0.10444235780938539,0.07612034942222652,0.1050074804378077
0.2,3,273,0.005454093159642403,0.1044422630896363,0.07611961751080668,0.10501097501175713
0.2,3,274,0.005454107301765349,0.10444239849568134,0.0761229143366759,0.10500643682866953
0.2,3,275,0.005454100040825954,0.10444232897466385,0.07612009272242765,0.10501092576053749
0.2,3,276,0.005454098974704486,0.10444231876691062,0.0761132970432946,0.10501411449071406
0.2,3,277,0.005454103574961045,0.10444236281280737,0.07611416439047486,0.1050129854939445
0.2,3,278,0.005454105814803648,0.10444238425853412,0.07611832096161443,0.1050081995358375
0.2,3,279,0.005454113792173408,0.10444246063908498,0.0761171760068532,0.1050108409221765
0.2,3,280,0.00545411727778322,0.10444249401257344,0.0761203713584126,0.105011568627769
0.2,3,281,0.005454106880457713,0.10444239446180573,0.07612037991870717,0.10501387705743491
0.2,3,282,0.0054541078504486895,0.10444240374913524,0.07611940653854847,0.10501474490205535
0.2,3,283,0.0054541043878124995,0.10444237059558252,0.07611951208716608,0.1050145631914642
0.2,3,284,0.0054540917404884755,0.10444224950170765,0.07611945227047857,0.10501446579928234
0.2,3,285,0.005454099789204425,0.10444232656547273,0.07611842633243941,0.10501773091877517
0.2,3,286,0.005454096372236858,0.10444229384915728,0.07611706900904296,0.1050135761134142
0.2,3,287,0.005454099214059116,0.10444232105865052,0.0761180876532773,0.10501502658607165
0.2,3,288,0.005454092289038144,0.10444225475388919,0.07612015559302944,0.10501305420137219
0.2,3,289,0.005454092140060182,0.10444225332747453,0.07611962309791771,0.10501495559340719
0.2,3,290,0.005454091298404945,0.10444224526890396,0.07611869140609659,0.10501503722967356
0.2,3,291,0.005454094021623628,0.10444227134282008,0.0761162663550031,0.10501578436531563
0.2,3,292,0.005454090997733945,0.1044422423900784,0.0761188786472601,0.10501434975087459
0.2,3,293,0.005454092432518639,0.1044422561276674,0.07611857432182542,0.10501634757923055
0.2,3,294,0.005454104287560377,0.1044423696357027,0.07611281699901727,0.10501987745844099
0.2,3,295,0.005454096626445673,0.10444229628312156,0.07611540894090517,0.10501842565315747
0.2,3,296,0.00545409952937605,0.10444232407770378,0.07611606964873306,0.10501858245254064
0.2,3,297,0.0054540996529647235,0.1044423252610236,0.07612250357699707,0.10501594798160932
0.2,3,298,0.005454095780245069,0.10444228818103392,0.07612435199542009,0.1050121255633643
0.2,3,299,0.005454095766556254,0.1044422880499681,0.07612315848619676,0.10501191045489695
0.2,3,300,0.005454103135084019,0.10444235860113481,0.0761271486394879,0.10500966652382501
0.2,4,1,0.031389951003960775,0.2505591786543082,0.21319139274973242,0.250711781261182
0.2,4,2,0.01644462446722267,0.1813539327790973,0.1564558016863848,0.1821872521840218
0.2,4,3,0.012037187810162348,0.15515919444339962,0.13243750697563964,0.1559975145170972
0.2,4,4,0.010079661103221121,0.14198352794054048,0.11953688203374814,0.14252904689292925
0.2,4,5,0.008983945036000819,0.13404435859819552,0.11121673361292864,0.1342584233471417
0.2,4,6,0.008280268517245922,0.12868775013377087,0.10551707659617925,0.12858550852365544
0.2,4,7,0.0077881204867771515,0.1248048115000151,0.10133387443933002,0.12443608745590913
0.2,4,8,0.007426541875244328,0.12187322819425378,0.09814457730303,0.12128958907465269
0.2,4,9,0.007146842304946226,0.11955619854232759,0.09560895198008608,0.11879953821715745
0.2,4,10,0.006924174333360857,0.11767900690744171,0.09354835067410408,0.11678207386745472
0.2,4,11,0.006742924327680055,0.11612858672764476,0.09183813644655044,0.1151227655799873
0.2,4,12,0.006592158365887942,0.11482297998125586,0.09036504294674398,0.11372634281165844
0.2,4,13,0.006465135092118483,0.11371134589053533,0.08912468237156267,0.11255335181020364
0.2,4,14,0.006358193512833595,0.11276695892710413,0.088039136163611,0.11156041254740115
0.2,4,15,0.006265081472228457,0.11193821038616311,0.08708372358993026,0.11070201554889869
0.2,4,16,0.006184716525071197,0.11121795291292856,0.08624718518570933,0.10994770532325562
0.2,4,17,0.0061145728170451915,0.11058546755379019,0.08549885099037051,0.10929084398306624
0.2,4,18,0.0060531844065754336,0.11002894534235465,0.08481512625740217,0.10872021209655529
0.2,4,19,0.005999003466659285,0.10953541406010464,0.0842091862910709,0.10821583645622006
0.2,4,20,0.0059510444980534725,0.10909669562414319,0.08365331528397654,0.10776851021217448
0.2,4,21,0.005908415580474972,0.10870524900367022,0.0831759358314368,0.10737257517398248
0.2,4,22,0.0058705692389655895,0.10835653408046594,0.08273094617079166,0.10702062207252944
0.2,4,23,0.005836599692031089,0.10804258134671801,0.0823291919895802,0.10669827270424195
0.2,4,24,0.005805844839357368,0.10775755044874923,0.08196006700217102,0.10641718996771198
0.2,4,25,0.005778560648321738,0.10750405246614415,0.0816241326752424,0.10617107035576873
0.2,4,26,0.005753444963506718,0.10727017258778619,0.08132632146319746,0.10593512214789275
0.2,4,27,0.005731017895295963,0.10706089757979767,0.08105104516988003,0.10573129744352917
0.2,4,28,0.00571076606185532,0.10687156835992742,0.08078331476492999,0.10554191072245021
0.2,4,29,0.005692235991555789,0.10669804113999272,0.08053927219036536,0.10537188451240082
0.2,4,30,0.00567557016818109,0.1065417304926205,0.08032374102968752,0.10521980174496852
0.2,4,31,0.005660653527295306,0.10640163088313362,0.08013257836152644,0.10507719568819854
0.2,4,32,0.005646726195519033,0.10627065630284808,0.07994163608457164,0.10494481103852428
0.2,4,33,0.005634445475178074,0.10615503261907157,0.07975153093591789,0.10483671761293475
0.2,4,34,0.0056230048735761914,0.10604720527742531,0.07958372912376664,0.10472754075447602
0.2,4,35,0.005612616578021109,0.10594920082776565,0.07942042899910345,0.10463041117700789
0.2,4,36,0.005603125386702768,0.10585958045167917,0.07928349422411339,0.10454408846713423
0.2,4,37,0.0055943424049888,0.10577657968556933,0.07916037409954017,0.10446403135408586
0.2,4,38,0.0055863360472205754,0.10570086137038406,0.07904375686442897,0.10439184514250964
0.2,4,39,0.005579126375546618,0.10563263109046009,0.07892880631156472,0.10432622368089497
0.2,4,40,0.005572461608129462,0.10556951840497769,0.07881159211428725,0.10426558536630978
0.2,4,41,0.005566422450858506,0.10551229739569228,0.07870659256126819,0.10421082152491035
0.2,4,42,0.0055606820695567015,0.10545787850660283,0.078599254728755,0.1041560207760563
0.2,4,43,0.005555506709677858,0.1054087919452439,0.0785037972452379,0.10410814496989561
0.2,4,44,0.0055506410026020395,0.10536262148031474,0.07842480415548649,0.10406541795151932
0.2,4,45,0.005546262256109845,0.10532105445835457,0.07834997361975575,0.10402848121272099
0.2,4,46,0.005542279745010741,0.10528323461036654,0.07828120494962429,0.1039908473917533
0.2,4,47,0.005538540815569413,0.10524771556256614,0.07820932484234913,0.10396040267236749
0.2,4,48,0.00553512320998891,0.10521523853500414,0.07814353751303198,0.10392887223377527
0.2,4,49,0.005531982581399199,0.10518538473950836,0.07807220634460604,0.10389860756292982
0.2,4,50,0.0055290870006148695,0.10515785277966519,0.07800533133557312,0.10386478647321541
0.2,4,51,0.005526376038105834,0.10513206968480963,0.07794450272939066,0.10383386222930552
0.2,4,52,0.005523864213091091,0.10510817487799025,0.07788521855054525,0.10381379453951967
0.2,4,53,0.0055216421150512335,0.10508703169327063,0.07784444061236358,0.10379703637256436
0.2,4,54,0.005519568967150112,0.10506730192738473,0.07781159833205531,0.10377362202803304
0.2,4,55,0.005517632897174954,0.1050488733606882,0.07775672585847992,0.10376055908533742
0.2,4,56,0.005515748927970996,0.10503093761336224,0.07771285403255335,0.10374320380967532
0.2,4,57,0.005514101239465482,0.10501524879240616,0.07767260154902024,0.10372435437465102
0.2,4,58,0.0055124957375094815,0.10499995940484436,0.07763315533728461,0.10370541342157583
0.2,4,59,0.005511194474608496,0.10498756568859473,0.07760059174466423,0.10369568923969172
0.2,4,60,0.005509923424517709,0.10497545831781549,0.07755776025700013,0.10368624781190937
0.2,4,61,0.0055087790410419425,0.10496455631347129,0.07752514308260926,0.10366879830395015
0.2,4,62,0.0055075905430308075,0.1049532328518832,0.07750172050663269,0.10365633655459072
0.2,4,63,0.005506531437407234,0.1049431411518374,0.07746135385751973,0.10364996603429766
0.2,4,64,0.005505567439067722,0.10493395483891496,0.07743839054574345,0.10363997817696967
0.2,4,65,0.00550462952204244,0.10492501629299317,0.07741195619917517,0.10363119239989253
0.2,4,66,0.005503774327682532,0.10491686544767273,0.07738648901677611,0.10362098905152356
0.2,4,67,0.005503000996096534,0.1049094942900454,0.07735972049084627,0.10361741835728923
0.2,4,68,0.0055022754283291985,0.10490257793142357,0.07733008287001386,0.10360761046293425
0.2,4,69,0.00550158889089111,0.10489603320327333,0.07730601675826435,0.1036028827166283
0.2,4,70,0.0055009337437977954,0.10488978733697381,0.07727925132555563,0.1035968253162144
0.2,4,71,0.005500320721436364,0.1048839427313482,0.07726527502241064,0.10358616082240196
0.2,4,72,0.00549977655514331,0.10487875433226036,0.07723613463651982,0.10357908935571174
0.2,4,73,0.005499312533272495,0.10487432987411643,0.07722689958677409,0.10357794584978137
0.2,4,74,0.005498841998999629,0.10486984312946815,0.07721073891757217,0.10357703797693153
0.2,4,75,0.005498405100135884,0.10486567694089315,0.0771929637050039,0.10357592671272067
0.2,4,76,0.005497996385667586,0.10486177936376614,0.07717168605750359,0.10357083540335217
0.2,4,77,0.005497608272347613,0.10485807810891457,0.07715381262030588,0.10356998239623275
0.2,4,78,0.0054972238036898186,0.10485441148268221,0.07713706749446991,0.10355794938376227
0.2,4,79,0.005496914224877598,0.10485145897771378,0.07712554541873617,0.10355764078346587
0.2,4,80,0.005496639668099629,0.10484884041418512,0.07711547416059532,0.1035547322872245
0.2,4,81,0.005496316951525493,0.10484576244680081,0.07709805177354606,0.10355731878585389
0.2,4,82,0.0054960541411598115,0.10484325577889893,0.07707430209786625,0.10355471656715802
0.2,4,83,0.005495806662854245,0.10484089529238336,0.07706746929196026,0.10355075344909515
0.2,4,84,0.005495591810226605,0.1048388459515518,0.07704435755417148,0.10355057178452545
0.2,4,85,0.00549539048087925,0.10483692556422332,0.07703385166167616,0.10354654786347361
0.2,4,86,0.005495177536829121,0.10483489435134774,0.0770264240807065,0.1035388796275612
0.2,4,87,0.005494989784812954,0.1048331034054888,0.07701172535589543,0.10353774204054761
0.2,4,88,0.005494806784364433,0.10483135775486678,0.07700666578431847,0.10353656501113068
0.2,4,89,0.005494664756741684,0.10483000292608681,0.07698999475264844,0.10353575322417403
0.2,4,90,0.005494526861835083,0.1048286875033269,0.07697942899691397,0.10353643807400503
0.2,4,91,0.005494391087337252,0.1048273922916835,0.07697722680685658,0.10353581557622481
0.2,4,92,0.00549425915500024,0.10482613371674299,0.07696920165491022,0.10353317886599687
0.2,4,93,0.0054941492912038,0.1048250856541868,0.07696375101290628,0.10353503213286237
0.2,4,94,0.005494039064366812,0.10482403411781872,0.07695124822703421,0.10352674766257157
0.2,4,95,0.00549394743527766,0.10482315999126968,0.07694582965940319,0.1035256646670643
0.2,4,96,0.0054938499798175625,0.1048222302740937,0.076933924130143,0.10352428114993494
0.2,4,97,0.005493757537048444,0.10482134836996178,0.07692972996539865,0.10352211040495782
0.2,4,98,0.0054936853016583275,0.10482065923908633,0.07692088228626268,0.10352161517501526
0.2,4,99,0.00549360833495847,0.10481992496618638,0.07690807464668986,0.10352015645953394
0.2,4,100,0.005493567517654402,0.10481953556140575,0.07690404822488948,0.1035169945186569
0.2,4,101,0.0054935040708107424,0.10481893026367653,0.07688989798233607,0.10351729541720457
0.2,4,102,0.005493439549258207,0.10481831470938852,0.07688823286282927,0.1035161215162911
0.2,4,103,0.0054933742918391315,0.10481769213104371,0.07688710163904,0.10351754858780926
0.2,4,104,0.0054933193431514985,0.10481716789869394,0.07688369378220328,0.1035196407760118
0.2,4,105,0.005493273645619656,0.10481673192405548,0.07688091656012862,0.10351776382795133
0.2,4,106,0.005493232938608927,0.10481634355966561,0.07687888786536931,0.1035181709280752
0.2,4,107,0.005493195000377739,0.10481598160946391,0.07687210786692421,0.10351686000208078
0.2,4,108,0.0054931609515308615,0.10481565676492097,0.07685802274458617,0.10352131505142366
0.2,4,109,0.005493131877433912,0.10481537938140482,0.07685398638922211,0.10352516867384169
0.2,4,110,0.005493091539666839,0.10481499453481681,0.07684990147106249,0.10352328080525551
0.2,4,111,0.005493062494129098,0.10481471742202139,0.0768511305638472,0.1035205915921537
0.2,4,112,0.0054930411679346754,0.1048145139561757,0.07685147978731251,0.10352241300276872
0.2,4,113,0.0054930260689669,0.10481436990190705,0.0768588115720751,0.10352545337850345
0.2,4,114,0.0054930000591857,0.104814121750704,0.07685296094524804,0.1035239753719298
0.2,4,115,0.005492988902490097,0.10481401530797393,0.07684522854070107,0.10352528040997039
0.2,4,116,0.005492954827654951,0.10481369020938965,0.07683513245377965,0.10351965757339382
0.2,4,117,0.005492946092686474,0.10481360687130727,0.07684217495907465,0.10352155144740581
0.2,4,118,0.005492926080899569,0.10481341594375759,0.07683923238981265,0.10352099178091967
0.2,4,119,0.005492905715513366,0.1048132216422467,0.07682796347746726,0.1035233712653114
0.2,4,120,0.0054928862390640765,0.10481303582154346,0.07683119851493102,0.10352146507245644
0.2,4,121,0.0054928743218448884,0.10481292212170108,0.07682250401678872,0.10352337048360018
0.2,4,122,0.005492849374783229,0.10481268410629725,0.07682258924978169,0.10351895750098364
0.2,4,123,0.005492839505500252,0.10481258994510394,0.07681855490560635,0.10351685894187804
0.2,4,124,0.005492830471410328,0.10481250375227498,0.07681594743746112,0.1035151493396932
0.2,4,125,0.005492813545955035,0.10481234226898123,0.07681072961453671,0.103514588132646
0.2,4,126,0.005492814955684632,0.10481235571901465,0.07681542838452453,0.10352178255477346
0.2,4,127,0.005492813880683474,0.10481234546257873,0.07681255152430043,0.103523673115218
0.2,4,128,0.005492814950907372,0.10481235567343548,0.07681160485927982,0.10351885045356411
0.2,4,129,0.005492805997904752,0.10481227025405711,0.07681192626523345,0.1035173362673613
0.2,4,130,0.0054928031265097715,0.104812242858454,0.07680856288170944,0.10351545603107508
0.2,4,131,0.0054927778368785655,0.10481200157308862,0.076799385475996,0.10351451554274088
0.2,4,132,0.005492772212540879,0.10481194791187576,0.07679566394158205,0.10351907640604255
0.2,4,133,0.0054927646298775015,0.10481187556644048,0.07680229060873585,0.10351510012455305
0.2,4,134,0.005492768002253126,0.10481190774194625,0.07679977836679612,0.10351355332426966
0.2,4,135,0.005492758140795776,0.10481181365471905,0.07679470370450331,0.10351404731960372
0.2,4,136,0.005492757527356577,0.10481180780195118,0.07678279029111458,0.10351117835909086
0.2,4,137,0.00549274542493264,0.10481169233375291,0.07678216183780738,0.10351484521951891
0.2,4,138,0.005492751046949585,0.10481174597295463,0.07677951301246938,0.10351577499986915
0.2,4,139,0.00549273627015137,0.10481160498867832,0.07678573510734844,0.10351275539468226
0.2,4,140,0.0054927288442465725,0.10481153413862973,0.07678501972982002,0.10351532938943075
0.2,4,141,0.005492731600675862,0.10481156043753821,0.07678015720435175,0.10351656901370648
0.2,4,142,0.005492723073335721,0.10481147907873184,0.07678281578311635,0.10351602919161358
0.2,4,143,0.005492748182093391,0.10481171863960051,0.07677563170816872,0.10352048105423323
0.2,4,144,0.0054927368233770296,0.1048116102669645,0.07677793125528337,0.10352128393300937
0.2,4,145,0.005492721522365646,0.10481146428101887,0.07677310816113474,0.10351608906148839
0.2,4,146,0.005492711532670314,0.10481136896988145,0.07677334162594453,0.10351202318931836
0.2,4,147,0.005492717149909962,0.10481142256366872,0.07676847639436825,0.10351383747617489
0.2,4,148,0.005492709115346891,0.10481134590631772,0.07677106905387353,0.10351505184432233
0.2,4,149,0.005492710486114799,0.10481135898474744,0.07677274575217011,0.10351727049788303
0.2,4,150,0.005492712423489947,0.10481137746914643,0.07677678266903479,0.1035207067399257
0.2,4,151,0.005492730889347022,0.1048115536507977,0.07677424243369185,0.10352275228138652
0.2,4,152,0.0054927091729361395,0.10481134645577395,0.07677562779468101,0.10351955334512143
0.2,4,153,0.005492710317363725,0.10481135737470176,0.07677588370152098,0.10352061087603201
0.2,4,154,0.005492706775420933,0.10481132358119453,0.07677862354808686,0.1035194291568947
0.2,4,155,0.0054927179819675865,0.10481143050228431,0.07678484938833215,0.10352156986663501
0.2,4,156,0.005492723672284073,0.10481148479326179,0.07678300398708487,0.10352531401116447
0.2,4,157,0.005492702524681201,0.10481128302507513,0.07676991662736286,0.10352203563947317
0.2,4,158,0.005492712011581286,0.10481137353914685,0.07675937870029365,0.10352261061525113
0.2,4,159,0.005492709699650027,0.10481135148112562,0.07675590269771043,0.1035210602821834
0.2,4,160,0.005492705643206522,0.10481131277878855,0.07675290525584849,0.10351507742409231
0.2,4,161,0.005492716677358658,0.1048114180550827,0.07675026825474857,0.10351742773650789
0.2,4,162,0.005492701980763089,0.1048112778355754,0.07675146929736827,0.10351551387177299
0.2,4,163,0.005492697399907701,0.10481123412981741,0.07675582493942919,0.10351477677207511
0.2,4,164,0.005492698559101614,0.10481124518964188,0.07675721765692863,0.1035180618158404
0.2,4,165,0.005492691900436528,0.1048111816595589,0.07675732613019427,0.10351544158379784
0.2,4,166,0.005492699854193872,0.10481125754606584,0.07674985699106254,0.1035135249074136
0.2,4,167,0.005492706335092217,0.1048113193800385,0.07675044712367161,0.10351699002917196
0.2,4,168,0.005492696934315697,0.1048112296876217,0.07675382594962203,0.1035176771333832
0.2,4,169,0.005492693341568821,0.1048111954093533,0.07675298770570904,0.10351738555764911
0.2,4,170,0.005492693804548209,0.10481119982662358,0.07675700121995088,0.10351937432997897
0.2,4,171,0.005492692466118103,0.10481118705670786,0.07675593815402525,0.10351831547328609
0.2,4,172,0.005492699270920768,0.10481125198108042,0.07675210313379802,0.1035183836977188
0.2,4,173,0.005492709510272783,0.10481134967428654,0.07675017295069739,0.10352212060595395
0.2,4,174,0.0054926992372005745,0.1048112516593574,0.07675631627312408,0.10351968142180831
0.2,4,175,0.005492696402782613,0.10481122461628442,0.07676041657078456,0.10351987164466228
0.2,4,176,0.0054927016417133205,0.10481127460071574,0.07676318690648201,0.10352214216857397
0.2,4,177,0.00549270674464275,0.10481132328754132,0.07676829587552668,0.10352381290744919
0.2,4,178,0.005492702715644825,0.10481128484705093,0.07676432532221196,0.10352357844170579
0.2,4,179,0.005492686324778332,0.1048111284623759,0.07675400795757265,0.1035195129704456
0.2,4,180,0.005492689948593055,0.10481116303708356,0.07676010587702548,0.10352055468129534
0.2,4,181,0.00549268373418483,0.10481110374559396,0.07675647497316672,0.1035150768525845
0.2,4,182,0.005492688961268094,0.10481115361704682,0.07675553297992697,0.10351784143232787
0.2,4,183,0.005492684531838081,0.10481111135598249,0.07675769792334981,0.1035159746619611
0.2,4,184,0.005492687487050857,0.10481113955158447,0.0767476941212765,0.10351826195248158
0.2,4,185,0.005492684960782012,0.10481111544852495,0.0767519154487205,0.10351956136777825
0.2,4,186,0.005492692762797346,0.10481118988731447,0.07674697118165028,0.10351818625305322
0.2,4,187,0.005492691975048995,0.10481118237143397,0.07675251291021495,0.10351625209742069
0.2,4,188,0.005492683655512291,0.10481110299498132,0.07675254698337972,0.10351710724946633
0.2,4,189,0.005492680675125698,0.10481107455918671,0.07674192936397925,0.10351508698793042
0.2,4,190,0.005492681588328694,0.10481108327203469,0.07674178857400309,0.10351204678734177
0.2,4,191,0.005492681857344115,0.10481108583870424,0.07673827683927385,0.10351297331911431
0.2,4,192,0.005492682499576012,0.10481109196622285,0.07674032398615417,0.10351150890178495
0.2,4,193,0.005492680658231794,0.10481107439800237,0.0767459198570851,0.10351788623098311
0.2,4,194,0.005492686466195051,0.1048111298116288,0.07674421217946725,0.10351846436415404
0.2,4,195,0.005492681706784892,0.10481108440222238,0.07674985263115391,0.10351855727258448
0.2,4,196,0.005492684125362703,0.10481110747781175,0.07674877931717118,0.10351807670580938
0.2,4,197,0.005492682126832793,0.10481108840988908,0.07674760690406664,0.10351750574639493
0.2,4,198,0.005492695655025287,0.10481121748195932,0.07675287936991076,0.10351613859920666
0.2,4,199,0.005492690090566224,0.10481116439164508,0.07675263079216223,0.10351246030963124
0.2,4,200,0.005492698020203808,0.10481124004803882,0.07675489888596554,0.10351615536201274
0.2,4,201,0.005492714333313407,0.10481139569067294,0.07676043781049047,0.10351599207301936
0.2,4,202,0.005492734198601117,0.1048115852241642,0.07676856118436114,0.103516557650236
0.2,4,203,0.005492710831630506,0.10481136228129569,0.07675859676771696,0.10351599623542539
0.2,4,204,0.0054926802254745034,0.10481107026907514,0.07674396496190786,0.10351302473746232
0.2,4,205,0.005492693612020853,0.10481119798972678,0.0767441099236702,0.10350666848026574
0.2,4,206,0.005492686700346885,0.10481113204566474,0.07674660147705624,0.10351120653052254
0.2,4,207,0.005492680120026132,0.10481106926299466,0.07674869293014411,0.10351511652236271
0.2,4,208,0.005492687817894971,0.10481114270815838,0.07674688577556857,0.10351280647072947
0.2,4,209,0.005492693387523018,0.1048111958478007,0.0767465265254375,0.10350862449114269
0.2,4,210,0.00549268429206427,0.10481110906830697,0.07674737007071136,0.10351245611387198
0.2,4,211,0.005492685196297853,0.10481111769557515,0.07674738893873567,0.10351117034021239
0.2,4,212,0.005492682588629491,0.10481109281587986,0.07674746194632073,0.1035134012551446
0.2,4,213,0.00549268442292053,0.10481111031680306,0.07674532524422956,0.1035131825539554
0.2,4,214,0.005492686825103445,0.10481113323596349,0.07674461448104469,0.10351445953609305
0.2,4,215,0.005492704347492058,0.10481130041643466,0.07674520903104508,0.1035111096929749
0.2,4,216,0.0054927089840180795,0.10481134465331585,0.07674654891386908,0.10351036335449611
0.2,4,217,0.005492705450941283,0.10481131094439458,0.07673734082735176,0.10350682362351862
0.2,4,218,0.0054927063861206415,0.10481131986689836,0.07673447190844108,0.1035046653274335
0.2,4,219,0.00549271322451307,0.10481138511166685,0.0767429627673176,0.10350827743364367
0.2,4,220,0.005492730369815287,0.10481154869398016,0.07675334916265777,0.10350901822740832
0.2,4,221,0.005492697285142181,0.10481123303484394,0.07674438879407113,0.10351449603839943
0.2,4,222,0.005492699579030876,0.10481125492074672,0.07673613203663057,0.10351969622961793
0.2,4,223,0.005492696555034401,0.10481122606891306,0.076738886315428,0.10352032660394667
0.2,4,224,0.005492694068131165,0.10481120234145933,0.07673849450022947,0.1035195185446644
0.2,4,225,0.005492694069690602,0.10481120235633785,0.0767424048713431,0.1035213189875737
0.2,4,226,0.005492689825012844,0.10481116185800865,0.07674156989163655,0.10351973034404958
0.2,4,227,0.0054926912742395105,0.1048111756850338,0.07673501939987058,0.10351783187026455
0.2,4,228,0.0054927008492439335,0.1048112670397981,0.07673093336213971,0.1035116585518234
0.2,4,229,0.005492690833519342,0.104811171480137,0.07673339235402642,0.10351356162656306
0.2,4,230,0.00549269303671825,0.10481119250078448,0.07673207758378042,0.10350929279995603
0.2,4,231,0.005492693684567905,0.10481119868189567,0.0767340261259568,0.10351011402537336
0.2,4,232,0.005492695050672413,0.10481121171585045,0.0767431720252079,0.10350728260005769
0.2,4,233,0.005492711487402599,0.10481136853798446,0.07674594769033684,0.10350439109128379
0.2,4,234,0.005492701007935032,0.10481126855386334,0.07674063029004775,0.10350583508081654
0.2,4,235,0.005492694517849502,0.1048112066322061,0.07673905640486887,0.10350776823621079
0.2,4,236,0.005492690267663096,0.10481116608132071,0.07673715027212707,0.10350946997743998
0.2,4,237,0.005492690529621667,0.10481116858065907,0.07673779450689819,0.10351613512862748
0.2,4,238,0.005492685081537093,0.10481111660064588,0.07673333938650571,0.10351343869672372
0.2,4,239,0.0054926854678686255,0.10481112028662441,0.07673618775515345,0.103510758113783
0.2,4,240,0.0054926908358079556,0.10481117150197258,0.07673430946772951,0.10351013167350734
0.2,4,241,0.005492685851935033,0.10481112395099132,0.076733458911237,0.10351284422826754
0.2,4,242,0.0054926877082170315,0.10481114166172441,0.07673447804015981,0.10351075823045595
0.2,4,243,0.0054926862877849435,0.10481112810942303,0.0767373954177996,0.10351241718683303
0.2,4,244,0.005492687503572674,0.10481113970921864,0.07673872075731197,0.10351725230290967
0.2,4,245,0.005492690590727705,0.10481116916366981,0.07673885537706346,0.10351546318932531
0.2,4,246,0.005492690881806926,0.10481117194084728,0.07675075339062586,0.1035175618718672
0.2,4,247,0.005492691124785763,0.10481117425910048,0.0767446189986238,0.10352054923015136
0.2,4,248,0.005492684820222058,0.10481111410744624,0.07674177530085431,0.10351631301714977
0.2,4,249,0.005492684513659942,0.10481111118254535,0.07673813533017523,0.10351461406048573
0.2,4,250,0.005492707325126135,0.10481132882590635,0.07672917859078503,0.10351646539412483
0.2,4,251,0.005492723744742423,0.1048114854845825,0.07672452638895191,0.10351618277977759
0.2,4,252,0.005492688673466354,0.10481115087113922,0.07673554814343062,0.10351565026219912
0.2,4,253,0.005492691473042923,0.10481117758181063,0.07673235885829414,0.10351344147040108
0.2,4,254,0.005492689395378792,0.10481115775888358,0.07674237236062938,0.10351340516326642
0.2,4,255,0.005492685838204827,0.10481112381999182,0.07673967930804958,0.10351295349349464
0.2,4,256,0.005492701311414074,0.10481127144934436,0.07673033971970969,0.10351166359508648
0.2,4,257,0.005492693527459082,0.10481119718292585,0.07674024301383943,0.10351224530323468
0.2,4,258,0.005492685969240601,0.10481112507020045,0.07673954572034367,0.10351235264033869
0.2,4,259,0.0054926863127248106,0.10481112834737359,0.07674041567669569,0.10351185593221243
0.2,4,260,0.005492694529204798,0.10481120674054657,0.07673179209000985,0.10351216381297743
0.2,4,261,0.005492699955229948,0.10481125851004698,0.07673125629942623,0.10351456334640852
0.2,4,262,0.005492692583971733,0.10481118818114538,0.07673987446386976,0.10351879516331211
0.2,4,263,0.0054926866627645265,0.10481113168709254,0.07674508989460367,0.10351777995344864
0.2,4,264,0.005492685720930876,0.10481112270108432,0.07674811907860463,0.10351822480082122
0.2,4,265,0.005492691876054545,0.10481118142693122,0.07674807979988804,0.10352168596322807
0.2,4,266,0.005492688485467859,0.10481114907745129,0.07674681204065395,0.1035201706905157
0.2,4,267,0.005492689064684503,0.1048111546037396,0.0767423546686748,0.10351454277808529
0.2,4,268,0.005492705042139523,0.10481130704403531,0.07675540810532566,0.10351410222742599
0.2,4,269,0.005492704843267087,0.10481130514660227,0.07675833445940615,0.10352034751842008
0.2,4,270,0.005492717437252627,0.1048114253051892,0.07675709204119936,0.10351468455854526
0.2,4,271,0.005492723839613778,0.10481148638974432,0.07676176402339178,0.10352047658025296
0.2,4,272,0.005492718075634998,0.10481143139595984,0.0767607109216949,0.10352216438514701
0.2,4,273,0.005492730929008498,0.10481155402920518,0.07676418915336315,0.10351753183001963
0.2,4,274,0.00549274607672947,0.10481169855249432,0.07676737916441344,0.10351686098625187
0.2,4,275,0.005492740907740649,0.10481164923557541,0.07676695344692282,0.10351361313778647
0.2,4,276,0.005492737606143507,0.10481161773528264,0.07676452640300212,0.10351093763730734
0.2,4,277,0.005492697985294659,0.10481123971497197,0.07675786973380574,0.10351374104370614
0.2,4,278,0.005492691649439099,0.10481117926480074,0.07675430525796216,0.1035187487069251
0.2,4,279,0.0054926890453999505,0.10481115441974628,0.0767520623847323,0.10351670488867441
0.2,4,280,0.005492684104107917,0.1048111072750204,0.07674918986704848,0.10351649781113319
0.2,4,281,0.0054926839137686215,0.1048111054589982,0.0767468242367453,0.10352046076126918
0.2,4,282,0.0054926824522147895,0.10481109151435061,0.07674729096638488,0.1035183566288986
0.2,4,283,0.005492707089609499,0.1048113265788531,0.0767562063421436,0.10351375689015854
0.2,4,284,0.005492688401163065,0.1048111482731018,0.07674794458943189,0.10351317133338954
0.2,4,285,0.0054926841897204644,0.10481110809184745,0.07674640477703776,0.10351904607846132
0.2,4,286,0.0054926987171900294,0.10481124669795727,0.07673877106145138,0.10352297065479231
0.2,4,287,0.005492696137836723,0.1048112220884455,0.07673687193832744,0.10352130493755644
0.2,4,288,0.0054926912054865055,0.10481117502906363,0.07673809430827112,0.10351618028748298
0.2,4,289,0.005492692046497586,0.10481118305312259,0.07674199613976775,0.10351853476772545
0.2,4,290,0.005492691566777404,0.10481117847612824,0.07673600699031641,0.10351546534153437
0.2,4,291,0.0054926948933014435,0.10481121021437968,0.07673665680450888,0.10351882609262922
0.2,4,292,0.005492694309448129,0.10481120464385599,0.07673419688964991,0.1035170353581274
0.2,4,293,0.005492689101329256,0.10481115495336607,0.07673707786549024,0.10351666771184567
0.2,4,294,0.005492689088436195,0.10481115483035378,0.07673799163468392,0.10351504145535444
0.2,4,295,0.005492689039047471,0.10481115435913747,0.07674072013671268,0.10351092564586174
0.2,4,296,0.005492697226203857,0.10481123247251563,0.07674596816665501,0.10351153296476755
0.2,4,297,0.005492692319146303,0.10481118565445487,0.07674684873897486,0.10351264715501206
0.2,4,298,0.005492694748017558,0.10481120882823132,0.07674994500330572,0.10351133990625928
0.2,4,299,0.00549269466294777,0.10481120801658352,0.07675396965205912,0.10351398845182058
0.2,4,300,0.0054926826478367535,0.10481109338077485,0.07674878274102809,0.10351634234194385
0.2,5,1,0.02259054446680181,0.21255843651477027,0.18350480722087809,0.21648146706373395
0.2,5,2,0.014393481002987603,0.1696672095779712,0.1453592493763215,0.17205814926820046
0.2,5,3,0.011190266742389259,0.14960124827279522,0.12659695801573287,0.1509433737346096
0.2,5,4,0.009599632522023706,0.13856141253627366,0.11559560653768867,0.13926824421330825
0.2,5,5,0.008681946125158359,0.13177212243231387,0.10849366160304247,0.13210756419239114
0.2,5,6,0.008085938062809784,0.1271686916092934,0.10355880196729096,0.12727640241774424
0.2,5,7,0.00766710344539906,0.1238313647296117,0.09992327312948687,0.12380025302585732
0.2,5,8,0.007352518750691334,0.12126432905592092,0.09706749784257354,0.12113680255487098
0.2,5,9,0.007106036076692345,0.11921439574726153,0.09475943753707416,0.11901007735095753
0.2,5,10,0.006907188551333109,0.11753457832768287,0.09285965549823653,0.11727694002186624
0.2,5,11,0.006743324534383945,0.11613203291412706,0.09122536458760334,0.11581836259228949
0.2,5,12,0.006602690487063046,0.11491466822876047,0.08978710766948751,0.11455050202383357
0.2,5,13,0.006482207289184194,0.1138613831743159,0.08857106552428338,0.11346543500742402
0.2,5,14,0.006379121629837967,0.11295239377576703,0.08751704246505185,0.11252122637045733
0.2,5,15,0.006288893344907837,0.11215073200748925,0.08658296390983394,0.11168829066517262
0.2,5,16,0.006209768073264788,0.1114429726206618,0.08571278161793094,0.11093975657615504
0.2,5,17,0.006139439811296979,0.11081010613925951,0.08494891193214008,0.11027225228326576
0.2,5,18,0.0060769747668215105,0.11024495241798157,0.08425019081610122,0.10966649790524813
0.2,5,19,0.006021656689904659,0.1097420310537823,0.08366227621057071,0.10913899942935623
0.2,5,20,0.0059723779771391336,0.10929206720653731,0.0830788944679511,0.10864152403498913
0.2,5,21,0.00592868795022439,0.10889157864797801,0.08256486122572289,0.10821896825300327
0.2,5,22,0.005889224926854621,0.1085285669937148,0.08208534721871215,0.10782446581175886
0.2,5,23,0.005853869112581904,0.10820230230990378,0.08167277558441953,0.10747599577634356
0.2,5,24,0.005821986265639788,0.10790724040248446,0.08128310359592886,0.10716271737866834
0.2,5,25,0.0057929376181135445,0.10763770359974746,0.08091827529733088,0.10687129317405826
0.2,5,26,0.005766533688451105,0.10739211971509925,0.08056355248665925,0.10658507080858627
0.2,5,27,0.005743063723624674,0.10717335231879867,0.0802646187621959,0.10635399156970594
0.2,5,28,0.005721784480226947,0.10697461830010843,0.07998639533941322,0.10614311918541687
0.2,5,29,0.00570251624115108,0.10679434667763159,0.07973923299298608,0.10594994157078967
0.2,5,30,0.005685062686482903,0.10663078998565942,0.07950880516323217,0.10577516613874402
0.2,5,31,0.005668922546398581,0.10647931767623778,0.07927638182663337,0.10561223772100373
0.2,5,32,0.005654263294301334,0.1063415562637799,0.07907038759742792,0.10546775897301222
0.2,5,33,0.0056410132936520144,0.10621688466201609,0.07887197054453966,0.10532676888888541
0.2,5,34,0.005628428775029894,0.10609833905419909,0.07869112344506526,0.10520007602695346
0.2,5,35,0.0056172228654469926,0.10599266828839618,0.07852237507289866,0.1050869023962796
0.2,5,36,0.00560711679034672,0.10589727843855781,0.0783639973061134,0.10498821395930248
0.2,5,37,0.005597784286979924,0.10580911385112271,0.07821611974283271,0.10489205838864096
0.2,5,38,0.005589143158965389,0.10572741516716834,0.0780876906195918,0.1048063929394298
0.2,5,39,0.005581373224066988,0.1056538993512969,0.07794314079663206,0.10471546885208009
0.2,5,40,0.005573965541228723,0.10558376334672602,0.07782260188884128,0.10464311702565536
0.2,5,41,0.00556746500146777,0.10552217777763848,0.0777101217839033,0.1045766896015252
0.2,5,42,0.005561594495983629,0.105466530197818,0.0775905973769551,0.10450798627748235
0.2,5,43,0.005555855765828094,0.10541210334518607,0.07750328928618795,0.10445035339968405
0.2,5,44,0.005550797680063526,0.105364108500604,0.0774026130587197,0.1043904580406038
0.2,5,45,0.005546071430947691,0.10531924260027406,0.07731041087447603,0.10434029452471937
0.2,5,46,0.005541709095395461,0.10527781433327214,0.07723142534117997,0.1042996466961658
0.2,5,47,0.005537808914189866,0.105240761249526,0.07715133642060155,0.10426446699491794
0.2,5,48,0.00553417265456447,0.10520620375780575,0.07706822609028775,0.10422106202408014
0.2,5,49,0.005530718382877116,0.10517336528681695,0.0770059866020688,0.1041805946352278
0.2,5,50,0.005527508723606929,0.1051428430622544,0.07693602224467813,0.10414579995144532
0.2,5,51,0.005524660830967223,0.10511575363347991,0.07686527219486287,0.10410745432972152
0.2,5,52,0.0055219936225158524,0.10509037655766443,0.07681561948314801,0.10408551964576304
0.2,5,53,0.005519514945463034,0.10506678776343202,0.07676577604107945,0.1040657864153803
0.2,5,54,0.005517265163857004,0.1050453727096725,0.07672194184117001,0.10404533123398152
0.2,5,55,0.005515142321442495,0.10502516195124381,0.07668132826740313,0.1040281299716308
0.2,5,56,0.005513137856390555,0.10500607464704655,0.07663651202388103,0.10399991055681802
0.2,5,57,0.005511396784007811,0.10498949265529205,0.07658820252934598,0.10397667498462806
0.2,5,58,0.0055097668274404436,0.10497396655781321,0.07655561380142428,0.1039660498658688
0.2,5,59,0.005508266054416306,0.10495966896304795,0.07651354247590067,0.10394576432845348
0.2,5,60,0.005506865489501777,0.10494632427581041,0.07645602025951931,0.10391678251869349
0.2,5,61,0.005505582775148301,0.10493410098865193,0.07642833875151413,0.10390527470346668
0.2,5,62,0.005504366803426989,0.10492251239297493,0.07639467512632235,0.10389707359788597
0.2,5,63,0.005503228406841087,0.1049116619527218,0.07637031605007398,0.10388629276856405
0.2,5,64,0.005502160081242114,0.10490147836176679,0.07634667604401957,0.10387543678636411
0.2,5,65,0.005501180993687346,0.10489214454559832,0.07632250535833063,0.10386879577754185
0.2,5,66,0.00550024857146828,0.10488325482619501,0.07629390636499804,0.10385690429233554
0.2,5,67,0.005499419369616289,0.10487534857740678,0.07626198433182682,0.10384306883687139
0.2,5,68,0.0054986226636524835,0.10486775160794173,0.07623675765217176,0.10383940841795619
0.2,5,69,0.005497946637704749,0.10486130494805745,0.07623174686959967,0.10384314191639797
0.2,5,70,0.005497259996302918,0.1048547566522656,0.07619011612423686,0.10382326877232291
0.2,5,71,0.005496667292061826,0.10484910387849604,0.076173248188196,0.10381372894361715
0.2,5,72,0.005496137039971732,0.1048440464687598,0.07615435613601297,0.10381196824596155
0.2,5,73,0.00549563390976739,0.10483924751511134,0.07613774304832775,0.10380624132899657
0.2,5,74,0.00549517272756446,0.10483484847668222,0.07613984264455617,0.10381965497735059
0.2,5,75,0.005494777574720602,0.1048310791198927,0.07611557903479137,0.10381297252789183
0.2,5,76,0.005494347009723845,0.10482697181282921,0.07608917717739141,0.10379815470624254
0.2,5,77,0.005493935222724625,0.1048230434849573,0.07608943583829117,0.10379275803892342
0.2,5,78,0.005493578075814195,0.10481963628838058,0.07608374649524297,0.10379213314979889
0.2,5,79,0.00549327671950105,0.10481676125029861,0.07608388220599305,0.10379552729947886
0.2,5,80,0.005492976606460935,0.10481389799507444,0.07606266193731577,0.1037885547995062
0.2,5,81,0.005492662554751373,0.1048109016729784,0.07604959499256773,0.10378423105879517
0.2,5,82,0.0054923694839328855,0.10480810544927224,0.07603784445610859,0.1037821566692333
0.2,5,83,0.005492141159635229,0.10480592692815831,0.07601461104798095,0.10377691007598697
0.2,5,84,0.0054919181169938635,0.10480379875742925,0.07601246834654359,0.10378257713604226
0.2,5,85,0.00549169509675773,0.10480167075727113,0.07599937475533441,0.1037747822911205
0.2,5,86,0.00549152226017828,0.10480002156658443,0.07597227953694397,0.10376308098953772
0.2,5,87,0.005491341869954027,0.10479830027203711,0.07596299471001249,0.10375607928275717
0.2,5,88,0.005491120815095633,0.10479619091451399,0.0759681042221318,0.10376856152328337
0.2,5,89,0.005490977659918846,0.10479482487144913,0.0759466696485175,0.10375974964979086
0.2,5,90,0.0054908240295930685,0.10479335885057858,0.07593755837829483,0.10375891465963613
0.2,5,91,0.005490667964982167,0.10479186957948758,0.0759482008906027,0.10376412716322074
0.2,5,92,0.005490554579302014,0.10479078756552997,0.07594643730758063,0.10376013459892641
0.2,5,93,0.005490432202292695,0.10478961973681071,0.0759461249766612,0.1037642612280923
0.2,5,94,0.005490317934093613,0.1047885292777183,0.07593702592031742,0.10376241792420221
0.2,5,95,0.005490202203778976,0.1047874248541205,0.07594057662259192,0.10376814341623053
0.2,5,96,0.005490115399012892,0.10478659646169343,0.07593925274670532,0.1037693202122024
0.2,5,97,0.005490019775742645,0.1047856839052229,0.07593351137465033,0.10376071235308353
0.2,5,98,0.0054899220125765175,0.10478475091898169,0.0759204973523348,0.10375930061105637
0.2,5,99,0.005489826094455594,0.10478383553254379,0.075908284169819,0.10375505460748134
0.2,5,100,0.005489744789241562,0.10478305959687914,0.07591299476511452,0.10376285881525146
0.2,5,101,0.005489687441003199,0.1047825122909658,0.07592012998543483,0.10377293099859596
0.2,5,102,0.005489632357715816,0.10478198659803903,0.07591358575691018,0.10377450618328957
0.2,5,103,0.005489572700034378,0.1047814172459447,0.07590256701039425,0.1037724032981063
0.2,5,104,0.005489513099189337,0.1047808484331878,0.07588748880054351,0.10376635994321175
0.2,5,105,0.005489448306703766,0.10478023006945314,0.07588599394727015,0.10376311632585461
0.2,5,106,0.005489425855144472,0.10478001579637666,0.07587732963190788,0.10375955358187713
0.2,5,107,0.005489371421458103,0.10477949629062074,0.07587065291662612,0.10375517835974836
0.2,5,108,0.005489337477745195,0.10477917233634933,0.07586720398114354,0.10375746886465814
0.2,5,109,0.00548929363192709,0.1047787538762233,0.07586919535176978,0.10375740908439493
0.2,5,110,0.005489259838546758,0.10477843135442291,0.07585938158283888,0.10375021464539384
0.2,5,111,0.005489226250530003,0.10477811079161528,0.07586022751339384,0.10375624278386338
0.2,5,112,0.005489201047139908,0.1047778702507348,0.07585749104764039,0.10375864159044049
0.2,5,113,0.005489162577281476,0.10477750309376031,0.0758589978795809,0.10376042142387401
0.2,5,114,0.00548916322312513,0.1047775092577136,0.07583895745295244,0.10374821479406691
0.2,5,115,0.005489113711551212,0.10477703671655553,0.07584075824846576,0.10374694769085663
0.2,5,116,0.005489128518882372,0.10477717803875396,0.07583083337760177,0.10374010810126859
0.2,5,117,0.005489059868057782,0.10477652282890268,0.07584532231936048,0.10374683980013209
0.2,5,118,0.005489033067778721,0.10477626704343614,0.07584032878991327,0.10374930005870626
0.2,5,119,0.005489012240392222,0.10477606826362805,0.07584115477326828,0.10375581694861258
0.2,5,120,0.005488983852418546,0.10477579732379559,0.07584382641795306,0.10375902277964873
0.2,5,121,0.005488970650892426,0.104775671325861,0.07584177648350561,0.10375780209115767
0.2,5,122,0.0054889546968256205,0.10477551905694021,0.07585146709541443,0.10376176857752728
0.2,5,123,0.005488943038372246,0.10477540778610452,0.07584515147982354,0.10375658381951827
0.2,5,124,0.005488938102918264,0.10477536068101377,0.07585935513790733,0.10376902679408376
0.2,5,125,0.005488913255299573,0.10477512352939101,0.07584634780528682,0.10376494988950576
0.2,5,126,0.005488907025103619,0.10477506406682478,0.07584617998473538,0.1037649445665969
0.2,5,127,0.005488905479451011,0.10477504931472006,0.07585372266911226,0.10377274089979889
0.2,5,128,0.005488891209876942,0.10477491312214907,0.07584782869768686,0.103771224167986
0.2,5,129,0.005488883228124786,0.1047748369421283,0.07584808514271588,0.10377299064674231
0.2,5,130,0.005488867060311061,0.10477468263193224,0.07583341460334755,0.10376045243967327
0.2,5,131,0.005488855800760761,0.10477457516745903,0.07582337493536166,0.1037571501110818
0.2,5,132,0.005488857573468158,0.10477459208670925,0.07580615506315197,0.1037483655849521
0.2,5,133,0.005488838265760034,0.10477440780801421,0.07581077832410406,0.10375145243058756
0.2,5,134,0.005488840237274942,0.10477442662477272,0.07580672142804046,0.10374663429165393
0.2,5,135,0.0054888448440463,0.10477447059323469,0.07579771871239792,0.10374171140400246
0.2,5,136,0.005488843781744377,0.1047744604542956,0.07579581318774874,0.10374283765205049
0.2,5,137,0.005488819519320607,0.10477422888592984,0.07580347906086708,0.10375075385890224
0.2,5,138,0.005488802833808978,0.1047740696337503,0.0758094035498222,0.10375262735762936
0.2,5,139,0.005488808475177648,0.10477412347691244,0.07579971975772129,0.10374599794830466
0.2,5,140,0.005488799986632731,0.1047740424593108,0.07580519384530128,0.1037476653617155
0.2,5,141,0.005488798165403346,0.10477402507686097,0.0758007165241106,0.10374545080419846
0.2,5,142,0.005488792760827585,0.10477397349368386,0.07579990314714039,0.10374803611865858
0.2,5,143,0.005488804249696891,0.10477408314747394,0.07578888157074753,0.10374138074717318
0.2,5,144,0.005488866026933659,0.10477467276907773,0.07577396618028429,0.10372468402331954
0.2,5,145,0.005488844352762697,0.10477446590427171,0.07577017523896999,0.10372526125987529
0.2,5,146,0.005488818697661076,0.10477422104373839,0.0757811958767572,0.10373176992130757
0.2,5,147,0.005488771780897595,0.10477377325359238,0.07579654196687918,0.10374869392667768
0.2,5,148,0.0054887733784012285,0.10477378850076223,0.07579362440381644,0.10374804532293379
0.2,5,149,0.0054887671489716565,0.10477372904475298,0.07579893650236949,0.1037539716741581
0.2,5,150,0.005488782668994631,0.10477387717360306,0.07580752060676678,0.10376155951281679
0.2,5,151,0.0054887749222146025,0.10477380323549014,0.07580064662201345,0.1037595364087081
0.2,5,152,0.005488775638895107,0.10477381007575422,0.07580929081062242,0.10376612714061267
0.2,5,153,0.0054887602178407355,0.10477366289140354,0.07579937248857561,0.10375692010853857
0.2,5,154,0.005488766908810607,0.10477372675256529,0.07578118760332506,0.10374999435217735
0.2,5,155,0.005488763055233926,0.10477368997256827,0.07578104469466282,0.10374433144385918
0.2,5,156,0.0054887599091918236,0.10477365994553997,0.07578366427094797,0.1037507286579718
0.2,5,157,0.0054887535827592765,0.10477359956362363,0.07578765919579662,0.10375153828089843
0.2,5,158,0.005488754842575396,0.10477361158779816,0.07578371625280428,0.10374946452276762
0.2,5,159,0.005488761606148345,0.10477367614194269,0.07578188083926114,0.10374785067613286
0.2,5,160,0.005488759399198923,0.104773655077972,0.07577858453921836,0.1037472186780546
0.2,5,161,0.005488755903859124,0.10477362171710133,0.07578093640488703,0.10374855859250234
0.2,5,162,0.005488755666416773,0.1047736194508596,0.07578266515470553,0.10375174402440519
0.2,5,163,0.005488764446076516,0.1047737032472988,0.07577136978768913,0.10374555898565188
0.2,5,164,0.005488808347264126,0.10477412225606211,0.07575663068374246,0.10373634789846879
0.2,5,165,0.005488806628910653,0.10477410585550853,0.07575361741860931,0.1037289355050462
0.2,5,166,0.005488794465231319,0.10477398976111695,0.07575656743118801,0.1037333677829321
0.2,5,167,0.005488785961800132,0.10477390860133197,0.07575724069522898,0.10373279292389172
0.2,5,168,0.005488767788889182,0.10477373515236708,0.0757594461818504,0.10373628994861077
0.2,5,169,0.0054887495629919215,0.10477356119739294,0.07577022071458714,0.1037458595074407
0.2,5,170,0.005488746578782613,0.10477353271492389,0.07577225782868947,0.1037478472517943
0.2,5,171,0.005488748780177497,0.1047735537259045,0.07577377323149648,0.1037511502814706
0.2,5,172,0.005488741736948927,0.10477348650253963,0.07580229072531973,0.10376614644112175
0.2,5,173,0.005488744100831628,0.1047735090643778,0.07580439013829661,0.10377000767228395
0.2,5,174,0.005488752036784907,0.10477358480824168,0.07580976965355202,0.10377213647807129
0.2,5,175,0.005488753670533533,0.10477360040137527,0.07580567561394513,0.10377433290100534
0.2,5,176,0.005488747033953515,0.10477353705925475,0.07579963213730402,0.1037691136471802
0.2,5,177,0.005488738870947451,0.10477345914827334,0.07579080222584635,0.10375971362157785
0.2,5,178,0.005488738214420873,0.10477345288211966,0.07579288067778558,0.10376057120190624
0.2,5,179,0.0054887418832655676,0.10477348789904407,0.07578054367532909,0.10374890902592396
0.2,5,180,0.00548873479378002,0.10477342023414164,0.07577974001766971,0.10374895771640177
0.2,5,181,0.0054887321860616735,0.10477339534501756,0.07577859160674577,0.10374977504616387
0.2,5,182,0.005488735207200857,0.10477342417999765,0.07576493775844739,0.10374517279794625
0.2,5,183,0.0054887414656734695,0.10477348391337829,0.07576240212874899,0.10374372494527222
0.2,5,184,0.005488740585950767,0.10477347551695293,0.07576254249797112,0.10374246441812522
0.2,5,185,0.005488753792510393,0.10477360156556988,0.0757628735701601,0.1037406480144965
0.2,5,186,0.0054887448547698186,0.1047735162602632,0.07576366745122476,0.1037439807376838
0.2,5,187,0.005488739689370729,0.10477346695963372,0.07578347897952409,0.10374625647934622
0.2,5,188,0.0054887375447877215,0.10477344649087117,0.07578420064308646,0.10374857538654023
0.2,5,189,0.005488750584222156,0.10477357094441475,0.07578023992430817,0.10374105116558731
0.2,5,190,0.005488763148285609,0.10477369086068897,0.07579910297132975,0.10375158467459573
0.2,5,191,0.005488763844100217,0.10477369750180832,0.07579845785529929,0.1037485063481744
0.2,5,192,0.005488785033477289,0.10477389974108331,0.0758136104909001,0.10376334164827729
0.2,5,193,0.005488746470857267,0.10477353168484173,0.07579475782607141,0.103753981199242
0.2,5,194,0.0054887758006492374,0.10477381161959545,0.07581412653570262,0.1037730331247997
0.2,5,195,0.005488748345382975,0.1047735495760545,0.07579968275411118,0.10376548801079002
0.2,5,196,0.005488743548756833,0.10477350379515647,0.07579914997627286,0.10376193583552912
0.2,5,197,0.005488735142697054,0.10477342356434721,0.07578512762416681,0.10375793802357457
0.2,5,198,0.005488739464274715,0.10477346481122704,0.07577989117088177,0.10375219081324931
0.2,5,199,0.005488733037926794,0.10477340347556524,0.07578440508281287,0.10375648596434055
0.2,5,200,0.005488734167486457,0.1047734142565418,0.07578938768468362,0.10375810481259164
0.2,5,201,0.005488732979848751,0.10477340292124478,0.07577075885201524,0.10374668364206573
0.2,5,202,0.0054887361150554375,0.10477343284492914,0.07577050766859554,0.10374467380933927
0.2,5,203,0.005488731926121253,0.10477339286404018,0.07577897277895017,0.10374987901858887
0.2,5,204,0.005488733584570037,0.10477340869295068,0.07576929599686338,0.10374381797529468
0.2,5,205,0.005488729246059746,0.1047733672844368,0.07577318044139321,0.10374778877337501
0.2,5,206,0.005488733293957265,0.10477340591922422,0.07577851337382964,0.1037541765252974
0.2,5,207,0.005488743821339153,0.10477350639679053,0.07578348216562882,0.10376308531274295
0.2,5,208,0.005488740308909311,0.10477347287275832,0.0757831113068363,0.10376468272371948
0.2,5,209,0.005488733807899522,0.10477341082449804,0.07577205316694036,0.10375675725528753
0.2,5,210,0.005488729899573252,0.10477337352183762,0.07576924640843248,0.10375221666410399
0.2,5,211,0.005488758852968529,0.10477364986453921,0.07574999135868235,0.10374280769008963
0.2,5,212,0.005488755900158669,0.10477362168178275,0.07575137397034269,0.10374924491560931
0.2,5,213,0.005488738654937006,0.10477345708658281,0.07576460882311553,0.10375677674709659
0.2,5,214,0.005488750346279721,0.10477356867339893,0.07576595664819995,0.1037595657732727
0.2,5,215,0.005488739730554848,0.10477346735271147,0.07576535753386812,0.10375509284931625
0.2,5,216,0.005488748209761102,0.10477354828162595,0.0757740350170528,0.10376013666998092
0.2,5,217,0.005488749179506754,0.10477355753725989,0.07577754729044392,0.10376092227798724
0.2,5,218,0.005488736795844152,0.10477343934265165,0.07577819442363591,0.10375584172960779
0.2,5,219,0.005488737539098834,0.10477344643657413,0.07576349534145786,0.10374555996304712
0.2,5,220,0.005488728689439356,0.10477336197182331,0.07578464091318611,0.10375550955654803
0.2,5,221,0.005488732349505403,0.10477339690499114,0.0757820025564896,0.10375389443388483
0.2,5,222,0.005488735925152399,0.10477343103241775,0.0757940878036304,0.1037589469647539
0.2,5,223,0.005488728260162873,0.10477335787463217,0.07578744189610703,0.10375766269918639
0.2,5,224,0.005488736504328588,0.10477343656030938,0.07579422090670396,0.10376288275704411
0.2,5,225,0.00548873721833338,0.10477344337505931,0.07578337820349407,0.10375452532334695
0.2,5,226,0.005488744425326022,0.10477351216148117,0.07579722458455841,0.10377075813201544
0.2,5,227,0.005488734493225474,0.10477341736552716,0.07578149610136592,0.1037587914030463
0.2,5,228,0.0054887394080694665,0.10477346427478158,0.07577899204007754,0.10375294230228334
0.2,5,229,0.005488742486117143,0.10477349365290003,0.07579759296838123,0.10376508318869593
0.2,5,230,0.005488738201713287,0.10477345276083333,0.07577886544848512,0.10374895888112402
0.2,5,231,0.005488757345024715,0.10477363547214266,0.07575982352535246,0.10374027006690377
0.2,5,232,0.005488748834925808,0.1047735542484439,0.07576107655234669,0.10374145158727945
0.2,5,233,0.005488749589117064,0.10477356144674156,0.07575432916995457,0.10373847099776087
0.2,5,234,0.005488758237159257,0.10477364398701858,0.07575257302308598,0.10373710630549315
0.2,5,235,0.005488784132185652,0.10477389113882954,0.07574893077902639,0.10372952212899605
0.2,5,236,0.0054887609619713494,0.10477366999367112,0.0757611156755829,0.10373482705828907
0.2,5,237,0.005488740192274306,0.10477347175954708,0.07576546972526588,0.10374172382336706
0.2,5,238,0.005488741409718198,0.10477348337931881,0.07578103683477741,0.10375215078773092
0.2,5,239,0.005488742592299275,0.10477349466634464,0.07578301805341989,0.1037547958370377
0.2,5,240,0.005488737161871889,0.10477344283616806,0.0757772099549492,0.10375211559997972
0.2,5,241,0.005488731145571593,0.10477338541415557,0.07577838109507769,0.10376186411919551
0.2,5,242,0.005488733426288683,0.10477340718224909,0.07578206225588069,0.10376073217704171
0.2,5,243,0.005488731773999541,0.10477339141212849,0.07577444250288416,0.10375583544899854
0.2,5,244,0.00548873327733202,0.10477340576054613,0.07577079569153937,0.10375458501244285
0.2,5,245,0.005488739036471576,0.10477346072810209,0.07578029873300245,0.10375589447678406
0.2,5,246,0.0054887301304787335,0.1047733757256941,0.07576830141366932,0.10375142846288486
0.2,5,247,0.005488740281134983,0.104773472607669,0.07576578691880641,0.10374986096127169
0.2,5,248,0.005488755874689446,0.10477362143869463,0.07577454624788998,0.10375758475628635
0.2,5,249,0.005488753848218111,0.104773602097266,0.07577264878534529,0.10375474697468393
0.2,5,250,0.005488736165643817,0.10477343332776508,0.07577752915463214,0.10376233653330447
0.2,5,251,0.005488740894571321,0.10477347846255101,0.07577609238412686,0.10376010720560215
0.2,5,252,0.005488736279391858,0.10477343441342235,0.07576517589747425,0.10375352010991806
0.2,5,253,0.005488730674920412,0.1047733809220683,0.07576642307771597,0.10375402122550362
0.2,5,254,0.0054887335244367345,0.104773408119014,0.07577811949188909,0.10376045119944552
0.2,5,255,0.00548873033343057,0.10477337766274952,0.07577532990184124,0.10376193564219352
0.2,5,256,0.005488748035900426,0.10477354662223118,0.07576542368096789,0.10375617418064392
0.2,5,257,0.005488767622487482,0.10477373356416657,0.0757577284085179,0.1037478419889779
0.2,5,258,0.005488747298796014,0.1047735395870161,0.07577028361928656,0.10375538227177525
0.2,5,259,0.005488736137991337,0.10477343306383863,0.07577141863768688,0.10375712118639539
0.2,5,260,0.005488745007106535,0.10477351771422523,0.07579290676095941,0.10377050253707297
0.2,5,261,0.0054887482060455494,0.10477354824616325,0.07579020774200448,0.10376642592759383
0.2,5,262,0.005488806322123171,0.10477410292742353,0.07581216523478072,0.10379033052372168
0.2,5,263,0.005488801947790121,0.10477406117727919,0.07580905569059425,0.1037895238247357
0.2,5,264,0.005488758183689112,0.10477364347667893,0.07579253556527155,0.10377737921925738
0.2,5,265,0.005488747641175345,0.10477354285481946,0.07578636700602381,0.10377315450604666
0.2,5,266,0.0054887404785345486,0.10477347449172952,0.07577753603423178,0.10376286152526087
0.2,5,267,0.005488753235001942,0.10477359624449227,0.07578243607359632,0.10376973550594373
0.2,5,268,0.005488754546719406,0.10477360876403376,0.07578696266043529,0.10376686381021843
0.2,5,269,0.005488747282100141,0.1047735394276641,0.07578599150438353,0.10376511132696425
0.2,5,270,0.005488744863998306,0.10477351634834355,0.07578411851251467,0.10376941721270506
0.2,5,271,0.00548874720542545,0.10477353869585058,0.07578628167138847,0.10377595530170101
0.2,5,272,0.0054887417292529194,0.10477348642908586,0.07577582370043799,0.1037667664831953
0.2,5,273,0.005488734458133295,0.10477341703059316,0.0757671378765001,0.10376238030007542
0.2,5,274,0.005488737741489346,0.10477344836827072,0.07576027470835184,0.1037588622303889
0.2,5,275,0.005488737437963458,0.10477344547129733,0.07576296600862314,0.10376129084715092
0.2,5,276,0.005488749058795312,0.10477355638514245,0.0757756814699438,0.10376751082455109
0.2,5,277,0.005488735617735172,0.10477342809830335,0.07577586962595607,0.10376182944495835
0.2,5,278,0.0054887317113930115,0.10477339081458624,0.07577039679723539,0.10375868042568176
0.2,5,279,0.005488727991584904,0.10477335531121358,0.07576544446165455,0.10375530836453101
0.2,5,280,0.00548873924448276,0.10477346271344438,0.07574850432110966,0.10374333447669692
0.2,5,281,0.005488754303569318,0.10477360644331489,0.07574420730730284,0.10373772997585473
0.2,5,282,0.0054887604011756,0.10477366464122174,0.07574262191343939,0.10374147762555308
0.2,5,283,0.0054887475541784796,0.10477354202448708,0.07575250721029701,0.10374240091655398
0.2,5,284,0.0054887431961020226,0.1047735004292786,0.07575528611396969,0.10374384652199738
0.2,5,285,0.005488739847274188,0.10477346846672767,0.07575575246810044,0.10374000663791248
0.2,5,286,0.0054887520062917175,0.10477358451720278,0.07575571485766967,0.10373426170211643
0.2,5,287,0.005488746452091366,0.10477353150573256,0.07576258223979895,0.10373915297419879
0.2,5,288,0.005488740914468253,0.10477347865245529,0.07575537684492863,0.10373973246573312
0.2,5,289,0.005488733859770413,0.1047734113195749,0.07576879693321868,0.10374575187633882
0.2,5,290,0.005488748388141171,0.10477354998415556,0.07575511425434235,0.10373495883444804
0.2,5,291,0.005488738877892614,0.10477345921456076,0.07576271333111827,0.10374207926528714
0.2,5,292,0.005488730108776173,0.10477337551855598,0.07576876942455812,0.10375151248837787
0.2,5,293,0.0054887492476229476,0.1047735581873876,0.07579046162758508,0.10376663695270898
0.2,5,294,0.005488726413897167,0.10477334025311179,0.07577178128828371,0.10375479823162709
0.2,5,295,0.00548872985985544,0.10477337314275455,0.0757768230289733,0.10376271877463884
0.2,5,296,0.005488735367289783,0.10477342570795117,0.07578547957055072,0.10376349387375508
0.2,5,297,0.00548873992458232,0.10477346920458748,0.07577786649303456,0.10375579593311957
0.2,5,298,0.005488749632046616,0.10477356185647804,0.07578822572743606,0.10376061983457421
0.2,5,299,0.005488750282102073,0.10477356806086231,0.07578509340910701,0.10375732760932403
0.2,5,300,0.005488740492721728,0.10477347462713764,0.07577793662583912,0.10375409811802555
